user_id,fold
220343,train
195068,train
189543,train
200142,train
187110,train
205863,train
123920,train
212328,train
183465,train
173253,train
224372,train
192210,train
222036,train
194917,train
201437,train
191968,train
102617,train
175240,train
118580,train
136966,train
168134,train
180961,train
194707,train
166264,train
181822,train
186470,train
205500,train
181520,train
223025,train
221186,train
124225,train
120555,train
179537,train
118233,train
223836,train
176165,train
182552,train
177474,train
183651,train
175681,train
190006,train
173584,train
197676,train
135894,train
212353,train
206486,train
180579,train
204608,train
123010,train
175250,train
200053,train
205998,train
187892,train
184344,train
200558,train
211937,train
138090,train
178583,train
185230,train
197383,train
207577,train
180094,train
219438,train
221364,train
219390,train
227013,train
175823,train
205394,train
200756,train
182034,train
225290,train
125676,train
177556,train
179887,train
188766,train
200818,train
185386,train
214421,train
194975,train
185641,train
179608,train
206746,train
218471,train
205731,train
224273,train
181765,train
199650,train
217926,train
181222,train
184828,train
118583,train
146605,train
119525,train
181731,train
177677,train
189740,train
218754,train
219077,train
222854,train
187208,train
179131,train
176948,train
190177,train
119755,train
197724,train
122859,train
181230,train
218115,train
139366,train
195194,train
226810,train
185699,train
204572,train
182164,train
226420,train
183793,train
195824,train
184673,train
201668,train
201342,train
197278,train
227459,train
178715,train
118674,train
209266,train
174845,train
205363,train
172322,train
96442,train
88027,train
97522,train
196540,train
169732,train
222988,train
220320,train
176803,train
205198,train
125461,train
174524,train
221293,train
194624,train
185474,train
200129,train
177628,train
183077,train
181681,train
222732,train
186496,train
184107,train
186471,train
190636,train
182404,train
205410,train
177745,train
184504,train
183647,train
183226,train
152812,train
192063,train
225968,train
221226,train
220485,train
209410,train
177785,train
180049,train
209046,train
173194,train
209119,train
207925,train
144068,train
180415,train
195283,train
200202,train
118643,train
123687,train
197031,train
219946,train
180838,train
220664,train
190926,train
133687,train
199499,train
221563,train
173268,train
200782,train
200549,train
175440,train
177760,train
221089,train
212318,train
192752,train
125847,train
209693,train
193732,train
225840,train
168150,train
200598,train
190044,train
166817,train
219408,train
173760,train
168131,train
177991,train
176754,train
197532,train
205458,train
206945,train
187179,train
190776,train
224043,train
127729,train
211365,train
154738,train
193109,train
198370,train
214066,train
176196,train
173791,train
183438,train
172919,train
200542,train
148782,train
185837,train
222368,train
123151,train
171410,train
197200,train
200402,train
211776,train
185211,train
186465,train
222972,train
198406,train
145759,train
177320,train
202267,train
204669,train
206317,train
203715,train
179240,train
193375,train
136960,train
145371,train
190134,train
124350,train
144067,train
226293,train
186546,train
174241,train
196788,train
194732,train
135763,train
188130,train
190172,train
220415,train
210587,train
196815,train
127582,train
177783,train
190321,train
207144,train
181206,train
185382,train
127338,train
193198,train
174022,train
196619,train
222634,train
196848,train
212562,train
169055,train
199760,train
223945,train
227608,train
179871,train
194586,train
208693,train
199612,train
179531,train
223735,train
222651,train
134650,train
176058,train
169268,train
201443,train
223775,train
188762,train
180137,train
187159,train
189297,train
219220,train
188450,train
178067,train
227682,train
200599,train
152064,train
222627,train
223713,train
190135,train
207843,train
192418,train
171851,train
137257,train
176584,train
211515,train
218982,train
184516,train
130173,train
204970,train
213509,train
174554,train
194043,train
220432,train
198802,train
175074,train
177582,train
183608,train
222157,train
119662,train
223687,train
174804,train
128818,train
175743,train
175627,train
213640,train
152993,train
221377,train
226395,train
224584,train
171858,train
192736,train
203490,train
193351,train
122184,train
193985,train
193492,train
208546,train
189511,train
179592,train
203449,train
174445,train
224527,train
193317,train
192495,train
184054,train
199208,train
224068,train
224535,train
176867,train
218698,train
192251,train
226014,train
185766,train
171147,train
175863,train
212480,train
224598,train
192061,train
199216,train
179700,train
165979,train
180057,train
196109,train
176887,train
186483,train
191995,train
127134,train
212506,train
199994,train
181364,train
215535,train
172956,train
193676,train
200150,train
202968,train
192108,train
193500,train
118529,train
183690,train
221279,train
190910,train
119879,train
219157,train
203507,train
201559,train
180796,train
190595,train
145462,train
193666,train
205671,train
202412,train
194151,train
219028,train
177826,train
174423,train
171111,train
207678,train
123679,train
196551,train
223851,train
176779,train
172880,train
179110,train
198629,train
180641,train
122140,train
201297,train
203519,train
168212,train
220483,train
184028,train
185836,train
198547,train
220330,train
217180,train
211655,train
174678,train
224517,train
203141,train
100027,train
219496,train
202514,train
220154,train
181624,train
190154,train
202955,train
202017,train
225861,train
222949,train
180895,train
185161,train
220840,train
222675,train
179484,train
190586,train
179421,train
169041,train
195172,train
219596,train
190854,train
196717,train
189226,train
175784,train
190212,train
179054,train
219465,train
180905,train
220522,train
172271,train
222965,train
217971,train
181035,train
205915,train
207676,train
175749,train
184775,train
183137,train
199724,train
202082,train
189101,train
188837,train
130512,train
219418,train
200499,train
180594,train
224496,train
211264,train
187184,train
166048,train
219638,train
192409,train
200779,train
182663,train
220207,train
170577,train
182589,train
210374,train
175851,train
167862,train
188404,train
203831,train
202037,train
117904,train
207919,train
202967,train
185184,train
184175,train
196639,train
176670,train
150754,train
186074,train
187832,train
173171,train
185693,train
185556,train
201673,train
206334,train
222766,train
174725,train
207546,train
190787,train
203445,train
173088,train
220267,train
206813,train
210930,train
205420,train
188080,train
226651,train
194154,train
227540,train
182549,train
203308,train
227732,train
189409,train
137268,train
226980,train
188089,train
175068,train
193982,train
198410,train
188966,train
180683,train
130781,train
169220,train
129857,train
121656,train
190701,train
221383,train
224529,train
225348,train
171090,train
175607,train
187034,train
222402,train
222281,train
188437,train
209628,train
183565,train
184209,train
93796,train
187394,train
190580,train
184841,train
180502,train
196664,train
123671,train
127909,train
223531,train
222938,train
140019,train
174644,train
176372,train
172668,train
205620,train
200747,train
122631,train
178341,train
194622,train
223521,train
168205,train
176377,train
193610,train
204555,train
188881,train
205608,train
183422,train
131019,train
214310,train
222441,train
172759,train
184641,train
173567,train
139593,train
214360,train
189736,train
202163,train
122619,train
225155,train
212294,train
168192,train
222939,train
179117,train
182435,train
93655,train
185378,train
199718,train
204666,train
105580,train
120026,train
210373,train
169095,train
220175,train
197894,train
100566,train
197004,train
176827,train
172434,train
200925,train
130472,train
181701,train
195965,train
184724,train
127331,train
180831,train
206635,train
198456,train
199239,train
185303,train
188779,train
145789,train
202446,train
175785,train
170990,train
177684,train
178261,train
185716,train
197541,train
190192,train
196880,train
172769,train
178562,train
174298,train
176681,train
220797,train
199702,train
213203,train
197290,train
182616,train
184386,train
184125,train
168207,train
224487,train
223117,train
224773,train
121026,train
175331,train
196890,train
173030,train
172394,train
190208,train
223367,train
118438,train
223037,train
176005,train
188739,train
208958,train
125211,train
181692,train
198796,train
203336,train
184752,train
133703,train
227730,train
220388,train
213668,train
166896,train
220096,train
225068,train
134426,train
206716,train
207720,train
193367,train
177008,train
181697,train
178750,train
225192,train
220503,train
201150,train
176062,train
213631,train
171717,train
171578,train
209053,train
187101,train
220130,train
125228,train
194836,train
186438,train
226939,train
196950,train
142851,train
172962,train
176918,train
183560,train
174889,train
194985,train
199105,train
195533,train
179623,train
96379,train
188054,train
192038,train
179753,train
175235,train
183092,train
127294,train
201715,train
190575,train
122260,train
218967,train
180312,train
222022,train
171519,train
178132,train
227175,train
208694,train
198422,train
90827,train
220709,train
199870,train
185784,train
182331,train
208518,train
182856,train
206644,train
177915,train
172967,train
186937,train
208571,train
204980,train
204082,train
120993,train
152816,train
182320,train
222942,train
184749,train
178452,train
188159,train
184847,train
185769,train
200301,train
193279,train
119483,train
181108,train
201369,train
177887,train
200476,train
187655,train
202003,train
202824,train
200592,train
143308,train
196839,train
185417,train
225142,train
206628,train
224612,train
196963,train
202853,train
223591,train
170609,train
207354,train
174659,train
181615,train
207935,train
195092,train
175451,train
199226,train
195827,train
227200,train
219506,train
184580,train
127299,train
201447,train
219068,train
190968,train
130556,train
219245,train
221876,train
200422,train
186820,train
219879,train
102033,train
106647,train
198816,train
174796,train
190755,train
227228,train
187230,train
186876,train
200191,train
98746,train
182582,train
184153,train
174265,train
123192,train
146388,train
179455,train
138688,train
169078,train
218910,train
221292,train
176757,train
190140,train
222691,train
121619,train
223923,train
196471,train
212727,train
191620,train
220285,train
219658,train
199552,train
188235,train
118626,train
99609,train
185369,train
173125,train
189106,train
118599,train
184816,train
173600,train
201940,train
222983,train
172375,train
177316,train
125006,train
227300,train
203399,train
227102,train
175541,train
185861,train
130980,train
180691,train
191318,train
134610,train
168946,train
199786,train
174891,train
199692,train
211218,train
167881,train
211643,train
176581,train
212181,train
187825,train
197193,train
223610,train
208551,train
227688,train
183557,train
175689,train
92807,train
204668,train
196529,train
165995,train
212005,train
227779,train
180464,train
177022,train
179853,train
145373,train
178310,train
118525,train
195855,train
187053,train
104339,train
222567,train
203298,train
184931,train
223424,train
141639,train
220617,train
187714,train
188442,train
193839,train
193353,train
175048,train
200607,train
183386,train
175090,train
108392,train
125435,train
183729,train
182363,train
173475,train
175421,train
181549,train
145447,train
192269,train
171548,train
220594,train
175507,train
175757,train
219750,train
218605,train
153145,train
184226,train
224511,train
201198,train
139716,train
225937,train
183566,train
184891,train
182318,train
179625,train
171908,train
192684,train
118458,train
193472,train
187395,train
221206,train
137349,train
188583,train
222586,train
121847,train
224657,train
222966,train
196999,train
173244,train
179330,train
172389,train
96370,train
180103,train
224604,train
166820,train
173576,train
191228,train
195285,train
121848,train
172547,train
91422,train
201620,train
172391,train
125499,train
180418,train
105397,train
183009,train
142820,train
199521,train
179407,train
222126,train
175282,train
203667,train
184806,train
126766,train
179352,train
172102,train
203043,train
196737,train
190955,train
191616,train
224074,train
205723,train
175082,train
126456,train
178396,train
192417,train
226719,train
188021,train
184299,train
198512,train
187545,train
195820,train
122870,train
173678,train
225053,train
223127,train
227202,train
179651,train
181499,train
199217,train
179943,train
199484,train
177040,train
198842,train
190176,train
185186,train
152990,train
167867,train
188248,train
208665,train
183543,train
210371,train
194979,train
193044,train
173916,train
227098,train
196425,train
206541,train
220199,train
208099,train
173105,train
127182,train
197220,train
201311,train
225364,train
184930,train
227286,train
203325,train
98923,train
206774,train
202304,train
199228,train
225361,train
172262,train
200931,train
205921,train
205469,train
180757,train
180443,train
172066,train
187404,train
223583,train
140109,train
205441,train
222385,train
179351,train
185248,train
223822,train
203459,train
145302,train
223250,train
186891,train
221129,train
145259,train
205325,train
180790,train
74601,train
186998,train
199176,train
123683,train
184076,train
196701,train
172104,train
219456,train
183549,train
225999,train
168610,train
173937,train
167879,train
187961,train
180513,train
185048,train
206565,train
226907,train
190594,train
183963,train
144213,train
126909,train
202834,train
175773,train
221546,train
219607,train
197969,train
169185,train
181189,train
179687,train
93571,train
187042,train
225037,train
200405,train
226281,train
222362,train
185414,train
197537,train
203161,train
183503,train
220300,train
174455,train
133681,train
188121,train
193420,train
182747,train
189574,train
190453,train
196731,train
193989,train
193738,train
214976,train
167896,train
199600,train
127898,train
173237,train
225040,train
176157,train
209287,train
200866,train
193842,train
185335,train
170723,train
175058,train
193021,train
186904,train
182754,train
173211,train
200594,train
171870,train
176594,train
179803,train
183993,train
176188,train
121859,train
190530,train
181827,train
193313,train
133649,train
184130,train
192509,train
183676,train
201294,train
205454,train
227216,train
195134,train
203556,train
121754,train
224680,train
198505,train
174792,train
122050,train
166905,train
196990,train
196816,train
192565,train
222643,train
185159,train
196834,train
223216,train
119044,train
178769,train
181541,train
223364,train
222597,train
213209,train
143376,train
222754,train
222317,train
167889,train
212354,train
185175,train
220918,train
202507,train
187762,train
224314,train
203705,train
227787,train
205495,train
207924,train
204803,train
122623,train
142844,train
201956,train
198045,train
199533,train
215055,train
186797,train
224118,train
184699,train
203748,train
201147,train
119314,train
223419,train
187603,train
203157,train
200304,train
211524,train
185868,train
197081,train
178498,train
180480,train
174739,train
92802,train
127888,train
224269,train
202787,train
187002,train
172818,train
214569,train
193495,train
167717,train
173718,train
200215,train
206957,train
171783,train
187678,train
187951,train
203294,train
198439,train
222315,train
177459,train
124088,train
205490,train
184391,train
177812,train
179649,train
185297,train
188158,train
200102,train
221896,train
173606,train
211775,train
175794,train
227835,train
192703,train
222104,train
139605,train
177480,train
190800,train
220494,train
220152,train
143095,train
184652,train
187111,train
222146,train
199439,train
137331,train
220834,train
206775,train
192638,train
178743,train
222357,train
193312,train
118566,train
189216,train
194806,train
180705,train
185237,train
191962,train
178160,train
178620,train
187387,train
220547,train
201663,train
184879,train
219822,train
197356,train
205882,train
185251,train
204813,train
223761,train
118779,train
178664,train
226984,train
174773,train
127283,train
202992,train
225858,train
196247,train
221535,train
172881,train
178046,train
226058,train
130649,train
131038,train
181756,train
224034,train
219812,train
227209,train
202363,train
183472,train
224423,train
175358,train
193099,train
128320,train
96957,train
179978,train
193667,train
223509,train
200941,train
168439,train
227235,train
178363,train
195828,train
222049,train
206326,train
186367,train
206715,train
222511,train
183302,train
185068,train
218778,train
226399,train
192714,train
99597,train
182982,train
137903,train
180924,train
225139,train
221088,train
194739,train
173918,train
185304,train
176540,train
202455,train
92763,train
189517,train
222526,train
177017,train
207963,train
192121,train
176500,train
198507,train
195497,train
200298,train
186360,train
169359,train
177926,train
180543,train
209476,train
180022,train
219972,train
197395,train
199784,train
126571,train
176716,train
150832,train
187828,train
204083,train
169248,train
118561,train
224981,train
183300,train
221734,train
177562,train
195300,train
196261,train
172922,train
186943,train
187238,train
180783,train
179008,train
191699,train
223447,train
222424,train
174081,train
181418,train
192209,train
199464,train
206379,train
202499,train
219111,train
175998,train
181523,train
101712,train
122490,train
207275,train
206713,train
222525,train
185877,train
183197,train
192041,train
199846,train
221552,train
120129,train
221657,train
208839,train
193722,train
223674,train
131736,train
125990,train
179728,train
96944,train
183817,train
223222,train
200424,train
201001,train
187917,train
178476,train
172763,train
227530,train
197514,train
186859,train
174438,train
176235,train
135254,train
197142,train
175542,train
182712,train
220924,train
178933,train
199706,train
130977,train
197355,train
198654,train
222510,train
178270,train
137954,train
223144,train
177739,train
177909,train
184135,train
226902,train
196813,train
185893,train
182871,train
185347,train
207934,train
224222,train
199647,train
223511,train
180597,train
199707,train
208508,train
173078,train
182698,train
173717,train
222639,train
180521,train
199224,train
209991,train
222575,train
153069,train
193580,train
196823,train
222253,train
84060,train
187362,train
219648,train
174645,train
172577,train
117886,train
205898,train
173136,train
221980,train
176768,train
199407,train
174095,train
223503,train
189113,train
226209,train
190224,train
186260,train
219163,train
220146,train
224485,train
220520,train
185989,train
200900,train
194823,train
173930,train
192984,train
223823,train
227271,train
174088,train
120340,train
137383,train
174675,train
134192,train
119334,train
127326,train
189610,train
203389,train
185359,train
174287,train
184228,train
173258,train
205877,train
199687,train
171969,train
175215,train
205059,train
208170,train
222944,train
176335,train
204776,train
201269,train
173311,train
169755,train
172913,train
195856,train
201189,train
169606,train
182015,train
182645,train
219558,train
200393,train
179754,train
185400,train
189789,train
219811,train
125490,train
198209,train
183636,train
183968,train
196277,train
118742,train
221801,train
205548,train
192938,train
173031,train
177659,train
202204,train
197399,train
191723,train
172678,train
168715,train
137974,train
177781,train
122487,train
199174,train
185462,train
125546,train
176032,train
185907,train
189966,train
219414,train
207733,train
225253,train
184682,train
193775,train
195859,train
176906,train
207688,train
187260,train
123676,train
190207,train
193428,train
199539,train
225843,train
205769,train
127890,train
189790,train
118428,train
134420,train
219181,train
186363,train
187027,train
82852,train
173236,train
182419,train
203266,train
179010,train
203529,train
182361,train
196271,train
181958,train
192977,train
139065,train
120001,train
188833,train
165887,train
205465,train
195156,train
182327,train
178359,train
121615,train
183991,train
222071,train
169108,train
179996,train
171369,train
196190,train
222666,train
195749,train
100564,train
208485,train
206651,train
174284,train
191802,train
151467,train
184995,train
185538,train
173603,train
226975,train
221126,train
177425,train
223869,train
212467,train
220364,train
221152,train
227679,train
176828,train
121534,train
173179,train
125007,train
176454,train
172362,train
94782,train
138928,train
188077,train
205806,train
178259,train
176264,train
197134,train
207308,train
171349,train
178795,train
119553,train
221663,train
173569,train
167795,train
206634,train
186833,train
180743,train
203815,train
177768,train
176036,train
190655,train
209636,train
193488,train
188755,train
174721,train
203165,train
205160,train
193804,train
201110,train
127563,train
175336,train
175191,train
183824,train
184579,train
190454,train
219582,train
146725,train
175136,train
178865,train
212213,train
146471,train
204656,train
190230,train
204800,train
225872,train
133669,train
198637,train
171354,train
181441,train
197125,train
199178,train
173256,train
205388,train
222496,train
172001,train
186065,train
205199,train
131271,train
215080,train
184583,train
177651,train
214392,train
178797,train
205764,train
192782,train
76592,train
191764,train
178690,train
103654,train
187878,train
227804,train
200450,train
183437,train
198622,train
145724,train
180935,train
101704,train
185817,train
192047,train
118618,train
184056,train
175415,train
172909,train
221706,train
196101,train
188428,train
122608,train
177764,train
225019,train
201325,train
187505,train
195183,train
177482,train
198508,train
172940,train
174630,train
190681,train
202703,train
120288,train
165931,train
208176,train
201460,train
182118,train
203461,train
180768,train
183364,train
206736,train
174147,train
196465,train
221632,train
101933,train
202189,train
127099,train
205496,train
192343,train
124946,train
200915,train
221700,train
178234,train
129856,train
170180,train
219325,train
208705,train
196631,train
193633,train
127906,train
225302,train
221793,train
120748,train
200802,train
219002,train
177471,train
199372,train
170470,train
225050,train
176367,train
220732,train
200439,train
204570,train
195552,train
176177,train
193626,train
173267,train
143467,train
171835,train
220825,train
227775,train
225511,train
201972,train
205870,train
183956,train
182111,train
192292,train
174096,train
196697,train
197188,train
227559,train
134374,train
176853,train
193574,train
122757,train
122687,train
222286,train
184829,train
172474,train
199680,train
221508,train
177281,train
225257,train
206371,train
223196,train
205049,train
191500,train
208951,train
205795,train
200886,train
190927,train
137098,train
192580,train
180975,train
119342,train
171145,train
181689,train
171070,train
222125,train
222968,train
211428,train
180042,train
201988,train
228146,train
175452,train
209676,train
176858,train
200197,train
220921,train
188808,train
211592,train
223089,train
219651,train
103641,train
179950,train
175329,train
220323,train
172447,train
196882,train
168170,train
184601,train
184842,train
176349,train
181804,train
224573,train
219586,train
178271,train
186257,train
119726,train
195094,train
92678,train
124851,train
186555,train
187763,train
179347,train
198791,train
192517,train
206050,train
184270,train
200022,train
210380,train
197715,train
175924,train
183710,train
196525,train
124354,train
208172,train
211910,train
220142,train
186993,train
220674,train
222581,train
168687,train
185860,train
219491,train
219484,train
123280,train
184667,train
191305,train
205579,train
186402,train
202697,train
144982,train
196545,train
178621,train
173514,train
189704,train
122349,train
183731,train
206401,train
209264,train
172775,train
199042,train
178472,train
176657,train
187051,train
186654,train
203460,train
180530,train
177890,train
173715,train
102347,train
143472,train
178887,train
181938,train
180235,train
197135,train
93549,train
177639,train
222704,train
176017,train
186291,train
125608,train
178477,train
177737,train
174080,train
226820,train
194696,train
125618,train
227297,train
127207,train
220292,train
177832,train
209291,train
128824,train
170912,train
181064,train
224465,train
189136,train
191329,train
178936,train
205606,train
192731,train
226946,train
187857,train
190353,train
207174,train
223120,train
208482,train
200461,train
188052,train
221268,train
189154,train
181582,train
168909,train
208183,train
208676,train
175348,train
187942,train
227195,train
184092,train
179255,train
176826,train
211309,train
191623,train
221553,train
187761,train
120531,train
152065,train
191693,train
187341,train
185670,train
202474,train
195985,train
206154,train
191158,train
176488,train
188312,train
195619,train
184003,train
176635,train
120408,train
196981,train
200472,train
186475,train
180726,train
225934,train
178167,train
195151,train
168592,train
224645,train
173742,train
215009,train
188102,train
122827,train
148324,train
175011,train
176134,train
223415,train
224189,train
174571,train
181101,train
210599,train
176442,train
119365,train
127660,train
195321,train
119556,train
197673,train
186509,train
198408,train
199131,train
212278,train
206557,train
199223,train
182125,train
97508,train
200601,train
194128,train
205878,train
184746,train
189735,train
194603,train
181196,train
126218,train
180369,train
183134,train
198626,train
122995,train
205424,train
175351,train
187083,train
170986,train
222110,train
209265,train
124317,train
197396,train
211733,train
174871,train
221756,train
205557,train
217805,train
196615,train
222565,train
222300,train
181113,train
206182,train
188971,train
182214,train
84854,train
208983,train
218933,train
128826,train
166220,train
171869,train
204592,train
227457,train
194618,train
205811,train
208195,train
179652,train
188324,train
181301,train
193343,train
175158,train
227124,train
186423,train
225091,train
184743,train
171943,train
178385,train
192708,train
120486,train
181811,train
222473,train
194138,train
220826,train
177797,train
180623,train
194932,train
176242,train
180483,train
165916,train
219952,train
170956,train
173472,train
219834,train
187075,train
173724,train
198540,train
174729,train
176281,train
176655,train
186021,train
211499,train
190429,train
187405,train
214610,train
210610,train
186388,train
188969,train
221022,train
193791,train
185352,train
176374,train
178858,train
189967,train
145260,train
179664,train
221733,train
150418,train
225038,train
200229,train
205423,train
197001,train
195938,train
127516,train
130319,train
105850,train
173515,train
195754,train
173362,train
182322,train
118600,train
204819,train
173436,train
195067,train
188225,train
201982,train
174454,train
146459,train
137423,train
173148,train
197939,train
185478,train
182497,train
172553,train
181842,train
181957,train
202089,train
193185,train
207804,train
175920,train
127569,train
201383,train
173595,train
171025,train
184688,train
200233,train
211650,train
190347,train
181239,train
188489,train
193748,train
186836,train
173046,train
185567,train
177535,train
179533,train
225940,train
179541,train
179007,train
201234,train
173112,train
203636,train
184674,train
219970,train
222443,train
199260,train
146401,train
218895,train
227471,train
176721,train
206351,train
220565,train
124493,train
180642,train
222585,train
134647,train
207847,train
197145,train
125420,train
120886,train
174083,train
184194,train
199641,train
118443,train
193661,train
208561,train
102126,train
181743,train
184346,train
211372,train
176148,train
194772,train
207483,train
219116,train
174433,train
208187,train
204078,train
196507,train
142871,train
186090,train
223387,train
182626,train
227736,train
194643,train
200203,train
176493,train
119759,train
187899,train
120895,train
176206,train
126574,train
166599,train
172908,train
222067,train
205587,train
223232,train
175923,train
184319,train
203413,train
206853,train
182032,train
193534,train
140060,train
190041,train
174400,train
171375,train
125507,train
177212,train
96404,train
223940,train
206227,train
203728,train
223563,train
199704,train
181729,train
200978,train
118694,train
208087,train
121835,train
201555,train
223862,train
203142,train
187748,train
179305,train
197006,train
175880,train
206516,train
174575,train
208581,train
178428,train
215748,train
178489,train
220282,train
180436,train
125619,train
199462,train
225803,train
223030,train
197818,train
220179,train
200843,train
183836,train
130634,train
119679,train
213913,train
173677,train
183969,train
185223,train
204579,train
179764,train
186073,train
221937,train
227264,train
205586,train
199998,train
220076,train
221709,train
198594,train
126229,train
134727,train
192702,train
178031,train
201779,train
214454,train
225811,train
219097,train
219391,train
197886,train
198780,train
169143,train
189851,train
206346,train
181815,train
211657,train
175587,train
213223,train
217770,train
122005,train
102076,train
192119,train
227180,train
177243,train
175072,train
223783,train
117890,train
175233,train
182399,train
145408,train
200856,train
174521,train
203160,train
185705,train
174537,train
201349,train
117823,train
188427,train
212499,train
186756,train
226636,train
184907,train
216664,train
186415,train
220382,train
171316,train
204879,train
196721,train
199323,train
173156,train
166856,train
185456,train
188714,train
197466,train
177105,train
129865,train
179523,train
146491,train
194960,train
219429,train
209038,train
202284,train
200907,train
226727,train
176265,train
174413,train
198828,train
203130,train
117910,train
192512,train
175746,train
180690,train
200552,train
185539,train
199505,train
174876,train
183656,train
218672,train
221567,train
185547,train
201365,train
220618,train
174409,train
203814,train
167647,train
209397,train
224237,train
172508,train
138662,train
222047,train
137336,train
197955,train
227250,train
176350,train
203143,train
193362,train
188792,train
201184,train
146383,train
225178,train
187894,train
201318,train
220438,train
121346,train
176277,train
211836,train
200761,train
173274,train
181819,train
193980,train
145241,train
198995,train
222353,train
168902,train
181249,train
180616,train
216368,train
175474,train
175115,train
180570,train
183069,train
124802,train
185859,train
227805,train
127543,train
222468,train
193759,train
221823,train
118667,train
173614,train
175788,train
131280,train
219819,train
173591,train
191166,train
175657,train
169821,train
227219,train
222442,train
131291,train
199269,train
221671,train
100563,train
93515,train
171925,train
169304,train
173163,train
188905,train
195054,train
219346,train
212452,train
185351,train
181338,train
96948,train
207276,train
202516,train
187924,train
140512,train
176728,train
203223,train
223518,train
208317,train
171930,train
212579,train
219664,train
208621,train
221438,train
183947,train
222395,train
181691,train
202002,train
195928,train
214977,train
206498,train
173698,train
221250,train
121408,train
180503,train
195144,train
176181,train
173707,train
183055,train
221399,train
199466,train
185667,train
172830,train
175419,train
196064,train
220504,train
216780,train
182036,train
142963,train
212115,train
175730,train
174407,train
176489,train
179987,train
140015,train
221813,train
89785,train
186995,train
227658,train
176703,train
183934,train
182092,train
189536,train
223501,train
179884,train
171102,train
212459,train
178480,train
125257,train
224679,train
137409,train
191339,train
209951,train
186992,train
183299,train
124956,train
201267,train
192644,train
206820,train
183202,train
226096,train
120315,train
218741,train
200644,train
211440,train
177670,train
176136,train
103656,train
188754,train
175221,train
174447,train
211648,train
178103,train
192391,train
200722,train
134724,train
188229,train
181191,train
190330,train
174323,train
209710,train
184776,train
89826,train
205580,train
186118,train
220176,train
214587,train
207461,train
171688,train
190180,train
136919,train
127690,train
176373,train
194177,train
200869,train
214961,train
130798,train
182749,train
219248,train
214642,train
176672,train
181542,train
180647,train
220863,train
227033,train
186720,train
122883,train
189045,train
190587,train
224080,train
118624,train
222832,train
183699,train
193441,train
224518,train
126428,train
175107,train
188409,train
222236,train
223057,train
175006,train
184203,train
184700,train
206321,train
208171,train
218608,train
134563,train
125500,train
171918,train
193789,train
187904,train
195786,train
212023,train
182718,train
189900,train
137266,train
206512,train
98832,train
219383,train
133682,train
178492,train
224431,train
221729,train
93469,train
211822,train
219841,train
145313,train
188742,train
196862,train
183686,train
177784,train
181229,train
206327,train
179655,train
137939,train
222387,train
176053,train
189028,train
190793,train
172765,train
187756,train
123174,train
179247,train
177545,train
186801,train
193291,train
227536,train
175127,train
179140,train
197872,train
181657,train
176467,train
174959,train
137722,train
143373,train
171048,train
202303,train
197799,train
176773,train
198446,train
194528,train
174337,train
211501,train
180825,train
187377,train
219865,train
200264,train
225550,train
196577,train
125819,train
210616,train
217940,train
181063,train
133519,train
196765,train
96828,train
190070,train
223790,train
183379,train
175666,train
145660,train
180364,train
191065,train
207585,train
199187,train
171611,train
124221,train
197544,train
177032,train
185288,train
184927,train
205885,train
203593,train
200438,train
223645,train
197116,train
183854,train
178752,train
189909,train
178596,train
196614,train
133583,train
172669,train
223183,train
196716,train
118431,train
173509,train
131294,train
220460,train
192498,train
203409,train
177595,train
175967,train
212926,train
188701,train
185511,train
196625,train
176092,train
181606,train
200911,train
190848,train
222947,train
171356,train
176896,train
177525,train
175091,train
185146,train
211523,train
171762,train
118756,train
193119,train
209360,train
184762,train
185264,train
183973,train
193453,train
194872,train
179767,train
168174,train
223700,train
224061,train
174965,train
206515,train
205727,train
185342,train
166877,train
219495,train
189585,train
198011,train
225104,train
188006,train
174603,train
199371,train
195218,train
225538,train
181226,train
177653,train
207950,train
202447,train
179758,train
188743,train
181623,train
182890,train
188790,train
179902,train
197611,train
226279,train
183987,train
221227,train
179589,train
176057,train
220211,train
183353,train
125800,train
142795,train
183996,train
214349,train
202236,train
180493,train
194766,train
173168,train
206232,train
126333,train
189104,train
218769,train
184129,train
200661,train
223549,train
179630,train
180608,train
198056,train
179383,train
192632,train
174550,train
185243,train
198327,train
171986,train
125455,train
208092,train
196222,train
145389,train
172767,train
176726,train
206767,train
138024,train
209876,train
222147,train
200146,train
215771,train
181648,train
217961,train
181913,train
199489,train
125042,train
221796,train
203347,train
212322,train
203407,train
120304,train
227652,train
181335,train
191700,train
206682,train
184608,train
168675,train
218894,train
183228,train
196741,train
189361,train
222620,train
118442,train
224220,train
227324,train
198786,train
215636,train
173272,train
197288,train
214383,train
182119,train
117637,train
202678,train
168414,train
178885,train
197598,train
185849,train
189534,train
220477,train
185721,train
219380,train
168710,train
182532,train
195346,train
222574,train
192389,train
179883,train
201942,train
183065,train
184541,train
132085,train
189778,train
184137,train
173266,train
198811,train
122939,train
176580,train
183143,train
172883,train
204208,train
225648,train
223605,train
188421,train
169145,train
175443,train
189054,train
175642,train
222764,train
222181,train
223751,train
190593,train
182636,train
221466,train
202327,train
200306,train
209473,train
171403,train
227293,train
175450,train
189490,train
196604,train
182518,train
186384,train
181088,train
137412,train
178628,train
181028,train
221694,train
108824,train
138520,train
189897,train
189100,train
101941,train
166278,train
184592,train
173006,train
210565,train
174669,train
189625,train
185480,train
137139,train
181539,train
180249,train
172824,train
130795,train
187824,train
194703,train
119522,train
211737,train
180537,train
223113,train
220829,train
179891,train
179367,train
133596,train
184172,train
199165,train
227444,train
207210,train
188175,train
192775,train
224772,train
186096,train
187758,train
145831,train
197191,train
221471,train
178309,train
180302,train
192785,train
186513,train
188037,train
220488,train
208542,train
118743,train
179167,train
192762,train
190280,train
187259,train
205684,train
183474,train
178488,train
123986,train
189464,train
193535,train
180073,train
221114,train
147353,train
223665,train
206130,train
179940,train
205851,train
175708,train
169757,train
179818,train
176420,train
175687,train
202742,train
183441,train
171074,train
195781,train
195152,train
121549,train
172887,train
124226,train
125556,train
184497,train
200309,train
167711,train
178565,train
227123,train
127733,train
223944,train
146462,train
211734,train
212457,train
173208,train
189370,train
201411,train
223357,train
137313,train
175921,train
181461,train
220527,train
199261,train
126498,train
221439,train
194729,train
183590,train
175705,train
223436,train
221997,train
173335,train
223646,train
188040,train
180707,train
188053,train
184858,train
202281,train
219886,train
222378,train
197540,train
195866,train
224343,train
138678,train
222700,train
178328,train
179390,train
207102,train
185207,train
182367,train
204703,train
184803,train
194661,train
201195,train
192093,train
173777,train
223223,train
181112,train
177743,train
138094,train
212312,train
221280,train
211307,train
145383,train
181162,train
191965,train
214352,train
178698,train
174914,train
227663,train
121239,train
179102,train
175577,train
183068,train
188228,train
202688,train
170963,train
202485,train
221754,train
176406,train
176508,train
119500,train
221575,train
224930,train
186455,train
183952,train
212469,train
176879,train
223934,train
200671,train
221867,train
196984,train
181537,train
185596,train
220181,train
222488,train
190673,train
133614,train
122102,train
149810,train
183326,train
174520,train
183985,train
168558,train
174427,train
178975,train
203218,train
188218,train
183970,train
195288,train
200847,train
172945,train
205873,train
197643,train
146460,train
197758,train
178465,train
184281,train
198701,train
185530,train
166823,train
184121,train
179524,train
183479,train
171994,train
210617,train
188403,train
196833,train
175772,train
208663,train
176443,train
120884,train
122618,train
222787,train
202493,train
178391,train
227104,train
223372,train
168009,train
174594,train
179819,train
119606,train
197403,train
222523,train
118652,train
168982,train
175915,train
173478,train
179246,train
181216,train
174851,train
179849,train
190226,train
227672,train
188607,train
171988,train
181266,train
117863,train
123672,train
181703,train
177464,train
200351,train
208495,train
201528,train
125459,train
174746,train
200848,train
198767,train
181096,train
196924,train
198518,train
183551,train
201010,train
219615,train
118235,train
192759,train
199204,train
205451,train
221795,train
208487,train
227366,train
220727,train
175054,train
153009,train
176619,train
184873,train
173934,train
170958,train
183383,train
185772,train
209309,train
93510,train
224116,train
165988,train
201400,train
166947,train
187925,train
181921,train
174492,train
203444,train
221494,train
125045,train
177493,train
223718,train
198541,train
186983,train
181899,train
223539,train
182467,train
214643,train
227309,train
222302,train
202091,train
185423,train
187494,train
183512,train
182855,train
197185,train
176929,train
223073,train
184491,train
199331,train
96408,train
188503,train
174394,train
220104,train
185778,train
193937,train
118066,train
133702,train
174958,train
193368,train
187354,train
214953,train
175937,train
174807,train
182620,train
169297,train
173939,train
206818,train
118731,train
176386,train
204872,train
192812,train
196448,train
204976,train
167891,train
201265,train
139117,train
180472,train
202931,train
173332,train
186467,train
176905,train
195114,train
212024,train
225424,train
226336,train
195282,train
145444,train
217759,train
178469,train
185787,train
199031,train
166867,train
143317,train
197924,train
205564,train
184954,train
137317,train
189505,train
223877,train
182362,train
137136,train
193352,train
105297,train
186521,train
219261,train
181787,train
77966,train
187271,train
184295,train
227675,train
129992,train
223769,train
206734,train
211381,train
181164,train
92800,train
200894,train
184440,train
215767,train
173504,train
200891,train
176193,train
199519,train
179682,train
183713,train
175003,train
181661,train
179672,train
212232,train
178682,train
194747,train
120316,train
197348,train
204665,train
212478,train
218445,train
218182,train
181504,train
175569,train
221258,train
221747,train
130119,train
173947,train
223525,train
184204,train
202355,train
209638,train
202817,train
194726,train
189777,train
219024,train
172931,train
195165,train
177795,train
205459,train
214872,train
181079,train
187309,train
185488,train
219571,train
135256,train
172356,train
176617,train
188894,train
189783,train
179451,train
202731,train
185395,train
178850,train
221090,train
192103,train
220774,train
126162,train
216102,train
186359,train
168153,train
206019,train
219426,train
123285,train
185263,train
185209,train
183514,train
222399,train
203435,train
151662,train
173120,train
224923,train
200272,train
208633,train
96403,train
211361,train
227358,train
182756,train
182480,train
177721,train
188809,train
211527,train
190246,train
180466,train
184288,train
183614,train
189649,train
200017,train
105459,train
205440,train
221140,train
173670,train
216064,train
190567,train
180500,train
222671,train
225903,train
152116,train
227890,train
172065,train
137944,train
179585,train
191326,train
200584,train
193782,train
211700,train
172792,train
173505,train
205637,train
117935,train
188777,train
224614,train
204865,train
126014,train
121241,train
183154,train
175408,train
184978,train
179492,train
179568,train
182836,train
208775,train
207552,train
173943,train
221961,train
223239,train
129870,train
135747,train
184040,train
200257,train
190159,train
182012,train
175255,train
212511,train
94210,train
195618,train
222698,train
182029,train
228210,train
176331,train
203506,train
209148,train
173995,train
186366,train
188785,train
125495,train
188535,train
208484,train
150916,train
169224,train
216942,train
167897,train
179085,train
176310,train
150893,train
202266,train
171847,train
221524,train
218437,train
211444,train
191140,train
183682,train
124015,train
185719,train
137141,train
177983,train
193925,train
127534,train
201621,train
200571,train
177239,train
203205,train
185426,train
174330,train
175037,train
199207,train
221378,train
174218,train
172513,train
210980,train
176426,train
96368,train
117897,train
126072,train
198231,train
212566,train
222561,train
227693,train
178828,train
193619,train
221668,train
201463,train
198781,train
209904,train
173944,train
176319,train
176429,train
168183,train
167886,train
177403,train
193221,train
209939,train
203735,train
121888,train
92717,train
211644,train
197180,train
195291,train
189583,train
185000,train
171965,train
169214,train
137253,train
188237,train
182703,train
203119,train
190637,train
177015,train
168643,train
180722,train
221212,train
200123,train
173143,train
180976,train
211422,train
182892,train
192796,train
213756,train
219609,train
190577,train
189318,train
152526,train
198425,train
220563,train
214695,train
185842,train
179176,train
137977,train
175789,train
174784,train
207679,train
211666,train
188163,train
221024,train
215411,train
180881,train
180945,train
174626,train
178624,train
178955,train
211802,train
203583,train
193519,train
122689,train
183432,train
206400,train
200665,train
169175,train
213609,train
189744,train
181883,train
181984,train
222991,train
187877,train
90430,train
175733,train
180447,train
222309,train
206954,train
175871,train
221147,train
171143,train
177588,train
177278,train
180621,train
177216,train
179618,train
205772,train
174307,train
152976,train
196513,train
173859,train
205416,train
189924,train
217820,train
203487,train
173452,train
194679,train
195839,train
190158,train
173451,train
227525,train
176771,train
129854,train
169801,train
222088,train
118617,train
199966,train
92710,train
197285,train
211324,train
198396,train
192700,train
183180,train
137340,train
227746,train
190696,train
197496,train
203148,train
207912,train
118774,train
219262,train
221255,train
167697,train
202803,train
173184,train
105824,train
174836,train
180572,train
169141,train
184974,train
97280,train
137306,train
178645,train
183324,train
204965,train
183921,train
202752,train
223984,train
199307,train
201149,train
223867,train
200173,train
172891,train
126914,train
178821,train
203398,train
186270,train
220979,train
200938,train
186515,train
179288,train
176468,train
226555,train
226586,train
211558,train
185323,train
186356,train
210391,train
191496,train
172063,train
188696,train
197388,train
186450,train
223977,train
133610,train
137898,train
222050,train
227079,train
143483,train
180107,train
220715,train
172475,train
179633,train
182250,train
185498,train
130717,train
192604,train
183139,train
220155,train
198561,train
175381,train
197976,train
203304,train
196550,train
187254,train
211645,train
180097,train
222481,train
172820,train
178355,train
180112,train
194182,train
196719,train
208672,train
219820,train
207480,train
181312,train
211413,train
208383,train
177342,train
225955,train
122088,train
180605,train
228050,train
118467,train
198815,train
102037,train
226729,train
122108,train
130568,train
224771,train
184048,train
198451,train
181849,train
174297,train
193605,train
188095,train
185343,train
203328,train
192366,train
181326,train
155770,train
221243,train
180851,train
220113,train
194642,train
220350,train
186258,train
190630,train
172961,train
127617,train
194614,train
142797,train
192818,train
205677,train
182876,train
131281,train
170161,train
203227,train
179915,train
192862,train
188963,train
200755,train
222427,train
221831,train
209975,train
189429,train
177753,train
227745,train
127924,train
183680,train
225066,train
202794,train
119590,train
201554,train
192794,train
178985,train
180433,train
185403,train
203419,train
199516,train
92677,train
181510,train
182027,train
122766,train
183986,train
178863,train
221789,train
189311,train
172540,train
178745,train
179650,train
195158,train
180015,train
190155,train
183384,train
220369,train
189137,train
171945,train
181857,train
211640,train
176625,train
126048,train
130770,train
219576,train
224187,train
188426,train
173140,train
152980,train
186416,train
153270,train
191711,train
189600,train
185421,train
173758,train
169480,train
94128,train
171953,train
184355,train
175335,train
179881,train
171768,train
175525,train
176878,train
222453,train
123741,train
222479,train
191679,train
196849,train
174441,train
186968,train
208548,train
172825,train
191143,train
182678,train
222451,train
200769,train
214623,train
214736,train
182192,train
174240,train
220185,train
180389,train
188509,train
176671,train
208265,train
221647,train
199322,train
197692,train
121365,train
203423,train
127545,train
187188,train
225100,train
127671,train
218551,train
190025,train
126088,train
180694,train
207460,train
218743,train
184321,train
183623,train
176197,train
125433,train
219566,train
222994,train
192740,train
221982,train
179397,train
223744,train
220584,train
179638,train
221493,train
178981,train
198590,train
208870,train
183403,train
182413,train
177642,train
129849,train
176337,train
223993,train
181124,train
219813,train
127172,train
183344,train
184143,train
137945,train
175744,train
222482,train
188305,train
176060,train
206779,train
120462,train
123244,train
189372,train
170782,train
126219,train
203255,train
194627,train
172204,train
203302,train
221326,train
223636,train
141152,train
174140,train
183580,train
174098,train
105830,train
193498,train
145192,train
173167,train
137097,train
121628,train
220056,train
189149,train
181992,train
120290,train
186765,train
176016,train
174880,train
145399,train
224944,train
177267,train
190145,train
179135,train
219698,train
186823,train
166925,train
137982,train
97396,train
227056,train
203536,train
221788,train
121617,train
179794,train
178093,train
179146,train
193549,train
168148,train
179960,train
179574,train
208645,train
205858,train
194106,train
176191,train
189786,train
188157,train
224055,train
185886,train
103525,train
183728,train
219036,train
189706,train
212249,train
190346,train
180625,train
221872,train
182060,train
205775,train
187147,train
187827,train
218901,train
100013,train
176519,train
134419,train
219370,train
183067,train
207682,train
167756,train
182675,train
179059,train
183289,train
178746,train
189797,train
191966,train
198420,train
175437,train
211363,train
220650,train
184486,train
185459,train
119594,train
133621,train
186966,train
187797,train
217631,train
184988,train
222649,train
105579,train
196818,train
189206,train
227839,train
175455,train
179333,train
190527,train
181869,train
206342,train
195661,train
184352,train
118057,train
133683,train
198145,train
180682,train
225823,train
172404,train
196694,train
181747,train
223234,train
206897,train
186958,train
181252,train
183356,train
224700,train
222326,train
152923,train
198417,train
188579,train
147706,train
221464,train
214630,train
185145,train
184624,train
219421,train
187668,train
211743,train
227278,train
207854,train
179442,train
198405,train
124072,train
175640,train
97304,train
193406,train
146475,train
168120,train
187522,train
213486,train
192771,train
203670,train
171878,train
181373,train
221320,train
204563,train
205597,train
120145,train
200127,train
178386,train
189145,train
120788,train
196743,train
187417,train
191970,train
195184,train
224492,train
127542,train
174843,train
192331,train
203534,train
207806,train
222886,train
171352,train
182044,train
180713,train
178945,train
145303,train
166917,train
200608,train
173127,train
192802,train
186537,train
220695,train
201500,train
187351,train
202491,train
227240,train
227259,train
224005,train
219613,train
185692,train
203416,train
184889,train
185880,train
203380,train
187382,train
184415,train
122444,train
212360,train
176186,train
181257,train
136040,train
179875,train
205904,train
200225,train
222013,train
174527,train
205393,train
137300,train
177904,train
168189,train
185052,train
120934,train
223131,train
203819,train
193720,train
173672,train
201907,train
181616,train
202207,train
184404,train
202305,train
197389,train
214725,train
203201,train
181429,train
214457,train
220508,train
174425,train
199201,train
203521,train
188827,train
215008,train
189893,train
185887,train
185435,train
192383,train
176785,train
182301,train
179480,train
211118,train
185286,train
173015,train
190772,train
182500,train
181695,train
219878,train
194945,train
189356,train
118435,train
187831,train
211457,train
224462,train
211443,train
187647,train
184214,train
183442,train
92680,train
190342,train
179225,train
125501,train
181380,train
96983,train
119671,train
190952,train
94134,train
173039,train
195088,train
208233,train
219183,train
182359,train
172010,train
187063,train
169332,train
212856,train
190056,train
219676,train
199034,train
203530,train
172636,train
220778,train
186109,train
183350,train
201354,train
177523,train
123677,train
183305,train
118385,train
177594,train
124784,train
223617,train
196562,train
193542,train
174705,train
211429,train
184447,train
197072,train
176710,train
215034,train
227374,train
185840,train
166946,train
225541,train
177735,train
186389,train
205476,train
122248,train
127149,train
226158,train
196616,train
150795,train
190285,train
199934,train
96359,train
184964,train
202282,train
120439,train
130000,train
197227,train
180153,train
180005,train
180866,train
210981,train
144366,train
227781,train
176756,train
122065,train
179653,train
221905,train
105458,train
82110,train
122792,train
192793,train
177794,train
171355,train
191095,train
173319,train
175791,train
168156,train
185789,train
200078,train
178585,train
220173,train
191637,train
183635,train
193579,train
188902,train
197224,train
120457,train
130121,train
189258,train
183189,train
125012,train
184007,train
198286,train
176151,train
205381,train
118746,train
118693,train
224484,train
203268,train
227681,train
188733,train
186526,train
185269,train
92687,train
197995,train
146280,train
124701,train
187593,train
195087,train
147005,train
185562,train
188717,train
93657,train
179594,train
206815,train
224682,train
126145,train
201458,train
125548,train
198363,train
224969,train
224475,train
78401,train
197596,train
185879,train
169150,train
222260,train
180053,train
200401,train
221376,train
219876,train
211771,train
198797,train
182240,train
220353,train
185765,train
219608,train
186288,train
178039,train
178695,train
183084,train
211547,train
221496,train
192706,train
201774,train
176588,train
172771,train
180037,train
181127,train
187571,train
174584,train
194648,train
176889,train
211370,train
184956,train
199678,train
187365,train
202041,train
168171,train
179896,train
120384,train
182297,train
186033,train
100571,train
181099,train
171718,train
177741,train
226284,train
118403,train
184072,train
184910,train
171112,train
220319,train
219817,train
178710,train
192788,train
150195,train
118668,train
189781,train
174661,train
226022,train
184960,train
176109,train
175586,train
197320,train
227035,train
171967,train
185340,train
169183,train
188817,train
173766,train
178602,train
211386,train
146389,train
210512,train
201541,train
199794,train
190951,train
222664,train
172272,train
172746,train
145251,train
221437,train
222955,train
204693,train
174270,train
188325,train
182808,train
222306,train
137975,train
175989,train
179641,train
192494,train
208296,train
227613,train
223691,train
193365,train
194258,train
171872,train
176035,train
177891,train
205491,train
187054,train
188804,train
221249,train
190956,train
199253,train
184768,train
186112,train
183434,train
120896,train
183873,train
196655,train
179991,train
191234,train
85969,train
207913,train
180016,train
188522,train
203555,train
190365,train
173508,train
223846,train
216932,train
182059,train
194998,train
201609,train
187676,train
183389,train
225003,train
178778,train
174283,train
208664,train
181544,train
202471,train
209099,train
179396,train
105620,train
121433,train
223833,train
219683,train
146373,train
226976,train
184243,train
179937,train
89056,train
197704,train
199035,train
193490,train
228148,train
145407,train
196940,train
191067,train
186223,train
222030,train
178175,train
220693,train
206833,train
170840,train
191625,train
205883,train
175948,train
222733,train
226418,train
222862,train
175236,train
181245,train
181465,train
196997,train
92810,train
175630,train
202797,train
193587,train
199942,train
178459,train
191702,train
177816,train
188962,train
193613,train
177240,train
184058,train
172232,train
184108,train
169933,train
176831,train
193653,train
200557,train
96437,train
173769,train
182407,train
198376,train
179473,train
188771,train
194669,train
180412,train
129995,train
128814,train
220487,train
176699,train
206580,train
201622,train
224128,train
206549,train
199434,train
222381,train
173587,train
201579,train
172502,train
220593,train
187791,train
180873,train
151626,train
176913,train
174732,train
175449,train
183737,train
211349,train
225546,train
200563,train
178379,train
203244,train
185481,train
200567,train
127095,train
226773,train
127663,train
172142,train
221260,train
127300,train
173106,train
227372,train
175390,train
180392,train
179058,train
219402,train
221158,train
196390,train
206493,train
211441,train
184790,train
196920,train
177472,train
156777,train
221662,train
187870,train
203426,train
177652,train
181136,train
205396,train
224267,train
105749,train
222720,train
171610,train
185704,train
210620,train
131570,train
122767,train
186796,train
166003,train
175522,train
137382,train
188663,train
198936,train
209239,train
212531,train
209637,train
220636,train
176822,train
133234,train
176694,train
221888,train
180377,train
176460,train
217833,train
218461,train
204772,train
221643,train
205058,train
171140,train
198234,train
176600,train
184297,train
187095,train
186301,train
174139,train
219455,train
219180,train
137312,train
173786,train
194237,train
151464,train
218177,train
183989,train
188757,train
177111,train
190666,train
200625,train
137418,train
228043,train
193618,train
190289,train
223557,train
205460,train
198659,train
204984,train
189492,train
221191,train
199163,train
177751,train
138170,train
179691,train
182649,train
209413,train
135019,train
204923,train
206487,train
193600,train
173927,train
180638,train
205360,train
176548,train
200861,train
202895,train
221664,train
208488,train
222076,train
180675,train
189539,train
206568,train
117918,train
193399,train
183420,train
224365,train
118634,train
177446,train
178544,train
221891,train
225842,train
169566,train
205408,train
213000,train
185813,train
189522,train
178026,train
214429,train
199599,train
183443,train
181159,train
222531,train
192132,train
197190,train
222580,train
209401,train
139360,train
118685,train
190272,train
183490,train
170982,train
176283,train
203305,train
184791,train
196515,train
155029,train
182386,train
184719,train
199478,train
227087,train
200752,train
102810,train
176104,train
179735,train
182963,train
195240,train
224051,train
188710,train
210248,train
174872,train
129421,train
124856,train
221886,train
201995,train
190876,train
179118,train
178702,train
195782,train
174418,train
165877,train
212533,train
167705,train
198237,train
199365,train
220543,train
195852,train
199251,train
211364,train
180655,train
165984,train
181138,train
221386,train
136962,train
150822,train
190173,train
219013,train
209052,train
222845,train
146415,train
168605,train
187195,train
199039,train
201334,train
182466,train
142605,train
220404,train
199606,train
117916,train
224276,train
171358,train
131146,train
180918,train
173223,train
207211,train
198608,train
177104,train
222579,train
192643,train
181813,train
180592,train
179122,train
186639,train
192212,train
198544,train
213202,train
179481,train
166881,train
195290,train
172596,train
199370,train
179905,train
193069,train
173294,train
197636,train
105692,train
179166,train
169358,train
100562,train
226264,train
182861,train
201572,train
195040,train
105393,train
125021,train
121435,train
122044,train
224471,train
182001,train
169236,train
194088,train
200027,train
200093,train
205924,train
172456,train
175965,train
174011,train
184650,train
143314,train
177772,train
184999,train
223570,train
179885,train
206499,train
200751,train
183672,train
75241,train
219816,train
127303,train
172760,train
144220,train
200124,train
198717,train
180739,train
175163,train
224364,train
199590,train
200204,train
182634,train
175456,train
224888,train
219493,train
194049,train
223587,train
212252,train
200947,train
223441,train
196397,train
212247,train
221893,train
182784,train
174999,train
168781,train
197397,train
176077,train
182579,train
199196,train
188115,train
181406,train
184489,train
205822,train
191315,train
180163,train
202150,train
194735,train
143421,train
223754,train
220580,train
194976,train
178786,train
96953,train
187363,train
205711,train
179529,train
188699,train
223533,train
215772,train
178475,train
183450,train
186315,train
209418,train
220539,train
207177,train
227103,train
181834,train
183402,train
223213,train
181555,train
166002,train
148037,train
188033,train
223743,train
219515,train
181998,train
183421,train
177308,train
180539,train
171566,train
118710,train
199203,train
203391,train
190275,train
173126,train
174212,train
178495,train
193926,train
138490,train
183153,train
200974,train
214260,train
226163,train
193822,train
212416,train
179138,train
176742,train
190022,train
213482,train
179721,train
221485,train
212293,train
188769,train
188141,train
184596,train
176582,train
168155,train
197129,train
184783,train
204559,train
123208,train
206586,train
227126,train
176591,train
176213,train
200192,train
206778,train
178268,train
134958,train
219555,train
172009,train
185210,train
212076,train
176088,train
118411,train
220136,train
186383,train
219376,train
221370,train
186991,train
181665,train
178692,train
226589,train
199241,train
178442,train
192756,train
178395,train
191528,train
178050,train
219372,train
172028,train
191497,train
189852,train
168144,train
175261,train
127735,train
222347,train
214733,train
189434,train
175990,train
179485,train
190188,train
221721,train
177823,train
177865,train
199537,train
224181,train
199969,train
177860,train
189024,train
195853,train
181679,train
207920,train
175457,train
199734,train
199591,train
129985,train
224352,train
181179,train
185141,train
192810,train
200984,train
219569,train
227265,train
197341,train
188716,train
190147,train
146463,train
173035,train
174357,train
193570,train
195768,train
190741,train
197077,train
219646,train
169184,train
218133,train
127093,train
210970,train
143309,train
224441,train
137304,train
191490,train
157693,train
227562,train
206743,train
224341,train
126770,train
122624,train
178611,train
196123,train
221011,train
185464,train
199730,train
170301,train
176167,train
188813,train
200582,train
181923,train
186914,train
175177,train
174717,train
171300,train
171160,train
220495,train
227386,train
193698,train
173394,train
221093,train
172325,train
182048,train
182117,train
222118,train
193718,train
126906,train
227495,train
221394,train
183193,train
97404,train
175005,train
179914,train
194091,train
174976,train
221944,train
165915,train
125878,train
109579,train
179543,train
211514,train
183637,train
177776,train
210576,train
222480,train
185200,train
202059,train
186108,train
127537,train
223439,train
220981,train
204658,train
187268,train
202005,train
141594,train
178413,train
201005,train
191588,train
212362,train
177426,train
196827,train
173765,train
121862,train
223919,train
117820,train
212470,train
222622,train
198751,train
179218,train
172869,train
130561,train
226294,train
209202,train
206546,train
221314,train
130570,train
171438,train
120560,train
200429,train
120309,train
224063,train
193398,train
122813,train
222009,train
176361,train
178481,train
193654,train
185668,train
118578,train
131273,train
221048,train
183581,train
185367,train
220373,train
182446,train
122009,train
227247,train
178474,train
180277,train
181905,train
187520,train
129572,train
202454,train
192885,train
169120,train
177666,train
166103,train
177957,train
189298,train
100315,train
225138,train
217929,train
206043,train
175320,train
223699,train
176416,train
184992,train
223238,train
177645,train
193719,train
193184,train
171130,train
167726,train
219553,train
220419,train
166893,train
184827,train
202178,train
203631,train
126077,train
203632,train
131290,train
199240,train
174469,train
203271,train
170597,train
199751,train
201502,train
204838,train
205682,train
173506,train
201649,train
191688,train
181655,train
217861,train
207954,train
174050,train
181155,train
184167,train
181574,train
211827,train
189631,train
223231,train
204550,train
180817,train
180596,train
171565,train
186252,train
224649,train
179893,train
218990,train
187955,train
186946,train
193342,train
167709,train
225990,train
195155,train
210156,train
214061,train
93614,train
178147,train
227018,train
178473,train
206121,train
123442,train
176139,train
178503,train
203350,train
200474,train
171574,train
198401,train
173596,train
200163,train
180914,train
174343,train
203122,train
183309,train
140013,train
192768,train
176119,train
192974,train
209166,train
137303,train
176435,train
219808,train
176149,train
189541,train
211550,train
136909,train
188693,train
203253,train
176113,train
172822,train
199404,train
176413,train
177499,train
219978,train
200392,train
207582,train
208515,train
214730,train
120894,train
201510,train
180407,train
219448,train
195027,train
168025,train
169100,train
128809,train
177835,train
205771,train
217909,train
182182,train
219580,train
195070,train
205728,train
201182,train
198810,train
122997,train
176004,train
206149,train
195803,train
181115,train
192746,train
189309,train
171541,train
179309,train
189903,train
208095,train
174463,train
123281,train
223175,train
173933,train
194868,train
184127,train
214639,train
125494,train
221139,train
181106,train
224505,train
126768,train
171990,train
180818,train
118571,train
220717,train
220190,train
220416,train
176565,train
194090,train
181908,train
166595,train
126580,train
221372,train
204787,train
203245,train
194720,train
199250,train
204664,train
181846,train
174636,train
227886,train
139344,train
166084,train
176411,train
179226,train
169501,train
171545,train
224652,train
176389,train
212235,train
119354,train
171196,train
177875,train
120744,train
192805,train
200295,train
170146,train
126004,train
221023,train
192874,train
212453,train
209936,train
209642,train
184799,train
187804,train
181966,train
206482,train
199011,train
172568,train
219575,train
104306,train
197909,train
186813,train
223994,train
186851,train
177360,train
184384,train
204616,train
225052,train
170945,train
176691,train
181605,train
201486,train
174692,train
184709,train
170309,train
195307,train
200084,train
200715,train
175876,train
179001,train
138118,train
189215,train
218380,train
179981,train
195907,train
219519,train
190792,train
199145,train
221873,train
186124,train
196579,train
131037,train
222478,train
182858,train
121407,train
173055,train
173447,train
195003,train
177793,train
181492,train
191492,train
222724,train
188390,train
213294,train
173364,train
137347,train
186650,train
178512,train
177498,train
193632,train
203442,train
212398,train
175032,train
126157,train
175683,train
173323,train
198449,train
223746,train
195723,train
176159,train
142462,train
135367,train
185662,train
222607,train
182157,train
176597,train
221711,train
148609,train
182016,train
191498,train
138127,train
200922,train
194959,train
223960,train
172273,train
195312,train
176462,train
174069,train
222859,train
138645,train
199735,train
200430,train
224192,train
225351,train
222391,train
188455,train
176345,train
122875,train
224353,train
176491,train
220187,train
177495,train
184038,train
204788,train
195051,train
183508,train
223058,train
178989,train
189306,train
212160,train
173691,train
222265,train
171543,train
227024,train
196893,train
199457,train
135798,train
166189,train
147061,train
196090,train
92718,train
205200,train
177725,train
200646,train
118691,train
215971,train
155768,train
186369,train
130714,train
185942,train
171890,train
216563,train
122244,train
199465,train
177514,train
199092,train
191284,train
180734,train
175427,train
200649,train
180388,train
205455,train
203551,train
134533,train
207263,train
126090,train
183999,train
170392,train
224182,train
219006,train
190619,train
188904,train
217835,train
182025,train
194885,train
211306,train
195186,train
125474,train
226760,train
131030,train
175714,train
196549,train
217723,train
202898,train
204068,train
180397,train
221539,train
105696,train
192053,train
174311,train
127564,train
196500,train
227181,train
218968,train
145454,train
201263,train
222502,train
194233,train
197219,train
175685,train
119598,train
214312,train
212229,train
175614,train
169336,train
214498,train
183753,train
196885,train
202075,train
173658,train
202350,train
211425,train
221330,train
175487,train
187817,train
223776,train
222033,train
198210,train
157443,train
126105,train
192642,train
196832,train
196559,train
174762,train
182421,train
176332,train
184781,train
199257,train
175762,train
221521,train
197947,train
175339,train
181974,train
183570,train
178438,train
176371,train
225023,train
200234,train
183941,train
197144,train
220827,train
193689,train
182075,train
133679,train
181081,train
196232,train
181195,train
183555,train
226376,train
181092,train
219382,train
93551,train
179242,train
199964,train
178491,train
209258,train
185214,train
203186,train
223243,train
198047,train
201465,train
184936,train
202633,train
206340,train
181736,train
195785,train
122136,train
180730,train
209319,train
184861,train
110698,train
219546,train
174859,train
122107,train
215777,train
192125,train
175239,train
214443,train
147486,train
172421,train
186988,train
184540,train
183409,train
218105,train
93787,train
146395,train
176804,train
223804,train
201569,train
216805,train
174985,train
185825,train
183702,train
206680,train
176499,train
185552,train
178573,train
180361,train
177859,train
202477,train
169092,train
222838,train
197238,train
168005,train
185820,train
127891,train
188222,train
138138,train
182070,train
184302,train
180055,train
222571,train
224283,train
223586,train
220105,train
223053,train
187602,train
217186,train
224058,train
207060,train
183429,train
184754,train
192342,train
184723,train
121880,train
211798,train
187263,train
187504,train
133652,train
202014,train
127941,train
181200,train
180044,train
189116,train
209140,train
186334,train
190349,train
223661,train
175636,train
166864,train
172915,train
185990,train
218241,train
226413,train
219610,train
183483,train
185844,train
224019,train
186327,train
192649,train
173873,train
187853,train
224449,train
181781,train
217837,train
152983,train
208545,train
179703,train
187340,train
204716,train
213613,train
176001,train
176357,train
180662,train
186649,train
180222,train
194610,train
224664,train
179454,train
221397,train
182519,train
218950,train
167701,train
221337,train
199986,train
180332,train
223724,train
193426,train
177329,train
125018,train
195286,train
188411,train
207547,train
190014,train
194733,train
218733,train
182115,train
189133,train
220050,train
218995,train
202202,train
210622,train
182919,train
174495,train
221025,train
150768,train
227769,train
173926,train
210297,train
217678,train
216157,train
175942,train
166908,train
221240,train
185606,train
223035,train
210997,train
185845,train
183652,train
203123,train
208405,train
184630,train
173661,train
221986,train
220126,train
193314,train
178705,train
187384,train
209923,train
211380,train
127298,train
186906,train
173562,train
187273,train
189742,train
179752,train
185691,train
177276,train
191786,train
131394,train
153130,train
152523,train
167729,train
212539,train
138765,train
169106,train
176573,train
190770,train
226334,train
199177,train
168136,train
188474,train
179431,train
199146,train
179096,train
205443,train
203270,train
173130,train
202768,train
130762,train
175078,train
196704,train
197552,train
227486,train
168492,train
206816,train
127104,train
208264,train
222652,train
199761,train
211458,train
206824,train
219579,train
173771,train
138168,train
168015,train
180614,train
179205,train
197553,train
222959,train
214987,train
181409,train
223667,train
201287,train
187246,train
200213,train
96973,train
181878,train
144728,train
191537,train
175200,train
134076,train
186866,train
223159,train
225528,train
205602,train
225143,train
187064,train
190509,train
152142,train
174134,train
225292,train
212672,train
209542,train
219661,train
194206,train
223679,train
172943,train
188047,train
221836,train
226998,train
190222,train
202746,train
169936,train
125281,train
209623,train
174210,train
176155,train
224533,train
197106,train
186825,train
176248,train
179211,train
174104,train
200550,train
182601,train
199309,train
205347,train
221381,train
216934,train
169099,train
175287,train
187675,train
176329,train
207443,train
218755,train
166958,train
210613,train
188164,train
208249,train
86306,train
206341,train
184695,train
193107,train
204992,train
178604,train
197997,train
173722,train
176621,train
182544,train
201562,train
175716,train
203403,train
223887,train
198415,train
122704,train
199759,train
177817,train
188178,train
187112,train
220666,train
221728,train
178032,train
186391,train
220581,train
199258,train
225114,train
220496,train
211793,train
198624,train
176863,train
172917,train
174610,train
182475,train
118622,train
218994,train
227827,train
211912,train
179810,train
172637,train
196710,train
188745,train
182809,train
134783,train
201996,train
223520,train
180515,train
198503,train
93680,train
204781,train
117497,train
206572,train
133571,train
198166,train
181097,train
96025,train
174677,train
137033,train
178582,train
206825,train
137408,train
96419,train
137137,train
137421,train
183493,train
224197,train
130773,train
219637,train
125053,train
166957,train
173328,train
188166,train
174882,train
174734,train
175291,train
200168,train
140341,train
184736,train
211350,train
226266,train
188236,train
222085,train
174949,train
201201,train
171839,train
221939,train
173468,train
149807,train
227513,train
172494,train
223954,train
179577,train
198565,train
227370,train
195169,train
227552,train
199032,train
77866,train
126728,train
227567,train
220120,train
224590,train
194718,train
193496,train
177177,train
184186,train
134718,train
176476,train
167681,train
224936,train
177462,train
198050,train
201122,train
122355,train
178618,train
184839,train
181027,train
192755,train
227674,train
192201,train
124677,train
134188,train
118682,train
180770,train
186066,train
227482,train
188523,train
184747,train
225802,train
223885,train
191689,train
146295,train
183648,train
122829,train
174339,train
180001,train
175112,train
172871,train
185764,train
203508,train
227047,train
200098,train
118177,train
121556,train
215014,train
169166,train
214966,train
136537,train
184774,train
221415,train
175865,train
130118,train
224638,train
203217,train
121361,train
218727,train
181018,train
202488,train
196794,train
219877,train
167347,train
187348,train
207580,train
175024,train
122628,train
204709,train
210972,train
196061,train
121234,train
222992,train
184011,train
122770,train
198328,train
206765,train
186811,train
178660,train
227738,train
194147,train
189093,train
52535,train
221310,train
201208,train
221639,train
178839,train
209618,train
140243,train
176725,train
180566,train
189746,train
176187,train
174058,train
185706,train
207392,train
199555,train
188819,train
131786,train
175317,train
205992,train
207347,train
204713,train
219778,train
201893,train
205794,train
203541,train
202172,train
121366,train
221860,train
173900,train
174946,train
127668,train
201167,train
175319,train
203292,train
202802,train
188111,train
200851,train
223710,train
193848,train
184684,train
193978,train
185245,train
217938,train
192963,train
202701,train
93512,train
175928,train
221155,train
24586,train
200533,train
185614,train
174120,train
184755,train
171544,train
214375,train
226979,train
209987,train
207826,train
188662,train
178430,train
175034,train
197546,train
207713,train
190059,train
221275,train
201584,train
176007,train
195037,train
133688,train
185542,train
152973,train
143172,train
186846,train
181020,train
92806,train
195110,train
210811,train
201355,train
201923,train
190234,train
194282,train
203697,train
184811,train
227648,train
187236,train
155831,train
111301,train
186381,train
199607,train
165997,train
187559,train
119823,train
181836,train
178269,train
220493,train
187858,train
179686,train
123008,train
182477,train
220318,train
170977,train
133722,train
179216,train
196266,train
220566,train
209862,train
221203,train
214964,train
202707,train
202046,train
97523,train
188177,train
120283,train
198435,train
182538,train
178941,train
199509,train
173683,train
186324,train
97525,train
186461,train
186490,train
223683,train
214439,train
209200,train
183779,train
205060,train
172403,train
194144,train
205485,train
174555,train
201004,train
180421,train
224356,train
188703,train
175122,train
135792,train
174810,train
222618,train
198692,train
221375,train
195000,train
175309,train
193838,train
178184,train
127098,train
193591,train
175305,train
213478,train
201315,train
192035,train
176996,train
203009,train
176732,train
205865,train
203775,train
196657,train
121964,train
197167,train
189538,train
181532,train
205404,train
181122,train
127296,train
182050,train
220780,train
123207,train
174798,train
179928,train
176789,train
174712,train
187014,train
208835,train
168161,train
118473,train
202496,train
181255,train
168158,train
202043,train
201506,train
171773,train
180649,train
182527,train
192898,train
197783,train
177900,train
227337,train
218438,train
180333,train
184728,train
96985,train
189703,train
184418,train
197085,train
181055,train
182672,train
184120,train
178346,train
222308,train
171889,train
203524,train
224478,train
179593,train
199726,train
197283,train
133577,train
182371,train
200899,train
193470,train
183639,train
129753,train
214735,train
202975,train
224125,train
200021,train
189606,train
175140,train
183410,train
169177,train
128808,train
130461,train
176752,train
195778,train
177088,train
216365,train
177138,train
177837,train
196898,train
184305,train
190133,train
122990,train
224599,train
223594,train
180653,train
223884,train
188061,train
212456,train
175469,train
197679,train
211555,train
172939,train
126774,train
195327,train
219525,train
196253,train
179895,train
184061,train
119491,train
198771,train
173654,train
187010,train
187305,train
209541,train
176466,train
182757,train
208184,train
198386,train
194841,train
212569,train
176168,train
182417,train
175018,train
170335,train
206554,train
196630,train
123686,train
192593,train
195783,train
224546,train
218472,train
222278,train
206480,train
175276,train
174640,train
180531,train
180735,train
199200,train
199364,train
174490,train
129989,train
185874,train
188711,train
182166,train
203250,train
121962,train
174599,train
204660,train
187913,train
123283,train
187148,train
211642,train
181361,train
203265,train
222683,train
202278,train
194876,train
225345,train
178974,train
196961,train
172530,train
191626,train
221083,train
210785,train
170153,train
200238,train
224227,train
171968,train
188105,train
188494,train
97505,train
196229,train
207333,train
199695,train
140110,train
178700,train
176256,train
187606,train
223998,train
192645,train
195822,train
222280,train
175597,train
199764,train
177668,train
194084,train
127280,train
198498,train
178201,train
227488,train
202065,train
119909,train
201906,train
197010,train
222124,train
148274,train
172642,train
176238,train
223856,train
172904,train
143942,train
216535,train
187006,train
215769,train
203713,train
181644,train
181365,train
201215,train
203466,train
138078,train
190013,train
226359,train
205531,train
138927,train
181156,train
176872,train
193914,train
212657,train
177163,train
147917,train
188487,train
197201,train
212355,train
172220,train
205683,train
205521,train
213578,train
172103,train
222428,train
175891,train
222194,train
177992,train
191678,train
184196,train
125877,train
189822,train
196532,train
181069,train
182233,train
174822,train
185723,train
184454,train
209317,train
224193,train
211815,train
203237,train
179475,train
176595,train
220381,train
178870,train
173439,train
206504,train
203470,train
185120,train
190953,train
199315,train
219507,train
199999,train
221163,train
96960,train
202036,train
199676,train
220766,train
206781,train
188889,train
193730,train
202814,train
204066,train
223413,train
205801,train
176658,train
198837,train
177510,train
202168,train
178668,train
200421,train
172171,train
204540,train
180978,train
221385,train
211411,train
225508,train
171146,train
138799,train
181919,train
197550,train
180274,train
192098,train
188830,train
186427,train
182444,train
174426,train
205296,train
184169,train
140156,train
193017,train
172168,train
96978,train
185536,train
223304,train
137021,train
221858,train
220474,train
169660,train
208263,train
225296,train
222002,train
219795,train
168294,train
138176,train
177484,train
122041,train
221382,train
223350,train
214696,train
205785,train
227853,train
180000,train
209396,train
181556,train
197685,train
183504,train
93525,train
196520,train
133626,train
209151,train
180342,train
200451,train
223068,train
175194,train
119906,train
173340,train
224190,train
178483,train
177770,train
223048,train
221846,train
221790,train
181887,train
201548,train
182543,train
224562,train
183787,train
208235,train
193110,train
211382,train
172267,train
184273,train
212461,train
173326,train
202352,train
176907,train
205659,train
198287,train
140267,train
189051,train
174969,train
177874,train
125419,train
200121,train
222590,train
222174,train
209874,train
145465,train
176303,train
206560,train
201580,train
174327,train
209691,train
219335,train
227836,train
222115,train
184702,train
175459,train
172927,train
197111,train
192299,train
172541,train
200961,train
177824,train
199616,train
179863,train
221617,train
197505,train
214638,train
177715,train
145307,train
195656,train
221339,train
180868,train
123366,train
206581,train
180095,train
203603,train
220128,train
207467,train
202755,train
180651,train
173915,train
187308,train
223061,train
208631,train
182045,train
181973,train
100570,train
192091,train
182583,train
93467,train
187049,train
222505,train
175475,train
213632,train
203546,train
205361,train
227362,train
121537,train
183558,train
178630,train
171148,train
208182,train
171078,train
222644,train
221942,train
206668,train
201162,train
203465,train
176944,train
224549,train
187669,train
190963,train
197130,train
193850,train
171952,train
201216,train
127684,train
167401,train
190048,train
180188,train
198424,train
195117,train
181553,train
181211,train
196828,train
179590,train
193814,train
208082,train
179857,train
202635,train
125029,train
178586,train
172238,train
201488,train
185796,train
126734,train
203604,train
201359,train
166146,train
178868,train
195549,train
206494,train
130768,train
178431,train
197394,train
180043,train
183475,train
176448,train
178398,train
211232,train
181638,train
214740,train
182641,train
222592,train
124855,train
185373,train
205048,train
190183,train
176780,train
124073,train
222684,train
211351,train
200631,train
140023,train
221892,train
184148,train
219538,train
181217,train
181684,train
218610,train
201279,train
226051,train
204812,train
200562,train
218998,train
224251,train
216225,train
173609,train
202268,train
98683,train
203651,train
220507,train
93808,train
179129,train
219207,train
188764,train
181464,train
188502,train
224158,train
154292,train
185354,train
126221,train
226416,train
221761,train
227793,train
153056,train
103500,train
198427,train
175026,train
186312,train
173222,train
186355,train
189221,train
179378,train
104764,train
197387,train
193707,train
196463,train
184996,train
145401,train
210706,train
177302,train
228040,train
182464,train
187358,train
120343,train
175442,train
178025,train
167303,train
185278,train
196608,train
222703,train
187661,train
203410,train
224304,train
219463,train
171759,train
191229,train
178435,train
194716,train
224659,train
204801,train
101944,train
178390,train
185653,train
199716,train
222637,train
223428,train
179954,train
174320,train
223733,train
199769,train
195798,train
149076,train
227253,train
123229,train
171158,train
185821,train
223087,train
190179,train
202272,train
225337,train
179465,train
210262,train
195324,train
227049,train
178462,train
222259,train
199335,train
197754,train
203738,train
184670,train
207801,train
200597,train
212676,train
172660,train
183907,train
172953,train
125575,train
167852,train
195035,train
183097,train
122864,train
196479,train
145253,train
172979,train
177424,train
184950,train
197392,train
199474,train
142835,train
204774,train
204039,train
205734,train
188816,train
175881,train
179401,train
203544,train
199498,train
173144,train
183014,train
179435,train
212056,train
199723,train
204630,train
192559,train
181838,train
189103,train
175540,train
223861,train
170449,train
146386,train
186956,train
186313,train
176713,train
171621,train
191628,train
172514,train
219347,train
171529,train
177864,train
182104,train
227650,train
201435,train
189322,train
180510,train
181210,train
172572,train
184840,train
183641,train
192765,train
195098,train
137259,train
126763,train
182019,train
205402,train
172929,train
122096,train
171576,train
198574,train
209978,train
129850,train
137308,train
180666,train
26046,train
221171,train
177862,train
182535,train
200932,train
227100,train
182869,train
180637,train
211487,train
199783,train
177555,train
200785,train
194652,train
194150,train
221755,train
219614,train
174998,train
185510,train
176450,train
174238,train
124996,train
197484,train
222057,train
176596,train
176587,train
117850,train
171405,train
186358,train
176979,train
173165,train
183080,train
145396,train
178686,train
184548,train
226260,train
166945,train
140016,train
203200,train
177214,train
201542,train
170606,train
175345,train
188059,train
180010,train
170143,train
125206,train
182122,train
214659,train
223165,train
205784,train
201206,train
200583,train
227822,train
192784,train
174663,train
189901,train
198368,train
167903,train
198536,train
176185,train
173906,train
178497,train
197919,train
174680,train
140112,train
203274,train
175308,train
142860,train
155465,train
178740,train
183400,train
179223,train
129842,train
225969,train
177381,train
191168,train
224210,train
175966,train
189572,train
202451,train
202053,train
178643,train
204836,train
177289,train
173751,train
183498,train
199561,train
182818,train
130718,train
138129,train
197654,train
206831,train
220147,train
179864,train
124676,train
175201,train
120519,train
192863,train
125665,train
221371,train
183250,train
144935,train
175575,train
195284,train
198935,train
211446,train
201403,train
197000,train
168138,train
194003,train
125806,train
194524,train
179726,train
96416,train
199381,train
134719,train
223678,train
205828,train
227606,train
173663,train
180554,train
184366,train
122621,train
184883,train
211731,train
204698,train
192042,train
210339,train
220342,train
183804,train
217962,train
175162,train
181879,train
179702,train
202211,train
174785,train
202984,train
177357,train
169756,train
200989,train
176019,train
200166,train
212471,train
189595,train
220720,train
198657,train
175856,train
176271,train
196931,train
183285,train
183470,train
203096,train
186016,train
179919,train
193360,train
227550,train
180882,train
222435,train
221637,train
203329,train
188549,train
198398,train
179232,train
188041,train
201410,train
222553,train
181026,train
199535,train
138131,train
198043,train
189007,train
126596,train
166830,train
192749,train
173462,train
186814,train
152994,train
214493,train
192276,train
213212,train
187087,train
219114,train
181471,train
219796,train
192414,train
125887,train
183877,train
179111,train
186517,train
206592,train
203475,train
194926,train
174646,train
189190,train
227331,train
194884,train
165998,train
212593,train
103143,train
203199,train
185568,train
184904,train
187072,train
222097,train
172115,train
191486,train
189850,train
202837,train
177872,train
221791,train
180857,train
175729,train
222619,train
182737,train
180917,train
184750,train
193569,train
176926,train
199147,train
220202,train
183214,train
201246,train
178622,train
173240,train
210977,train
191322,train
224971,train
171121,train
181253,train
210996,train
214717,train
208931,train
175497,train
187895,train
222163,train
174957,train
172268,train
174740,train
224500,train
195313,train
192724,train
197503,train
203633,train
191622,train
188193,train
178580,train
179751,train
192773,train
172946,train
184195,train
175400,train
210253,train
200901,train
223786,train
222432,train
224675,train
184154,train
180509,train
224070,train
213331,train
208674,train
220189,train
201672,train
176882,train
182162,train
203213,train
124847,train
167338,train
181076,train
100587,train
152972,train
180168,train
80510,train
173556,train
185513,train
197524,train
132048,train
134646,train
180324,train
203093,train
223999,train
125611,train
182586,train
188433,train
198492,train
172310,train
219436,train
188129,train
223012,train
207173,train
177322,train
184490,train
196256,train
150755,train
193328,train
214447,train
196698,train
192809,train
221329,train
168137,train
175723,train
154836,train
138110,train
155762,train
187816,train
166814,train
176497,train
170426,train
186888,train
227747,train
166962,train
171884,train
177766,train
184864,train
201286,train
191571,train
176427,train
186433,train
202177,train
165929,train
187764,train
221680,train
188117,train
221519,train
128885,train
178463,train
210916,train
225259,train
181928,train
184801,train
186268,train
121863,train
212721,train
181779,train
175721,train
176631,train
178861,train
192574,train
175231,train
216464,train
212595,train
183601,train
177587,train
188578,train
211384,train
180435,train
186382,train
176066,train
175742,train
121648,train
139275,train
219392,train
188582,train
122763,train
182536,train
197933,train
181391,train
184920,train
227356,train
223676,train
177223,train
199139,train
193668,train
174955,train
192699,train
133630,train
203480,train
200662,train
121752,train
191964,train
195566,train
224476,train
201326,train
196734,train
194898,train
208085,train
173317,train
186076,train
178209,train
175232,train
208874,train
207937,train
226724,train
176659,train
190359,train
199538,train
186354,train
197671,train
191148,train
175645,train
172044,train
183646,train
196636,train
179241,train
186551,train
147468,train
175634,train
184202,train
177242,train
183726,train
170953,train
134237,train
224309,train
137343,train
173464,train
198181,train
126799,train
221550,train
224973,train
200255,train
194268,train
199171,train
199247,train
221208,train
190166,train
201958,train
223556,train
203566,train
122772,train
211105,train
192507,train
93782,train
222885,train
217829,train
199781,train
118730,train
205776,train
175301,train
222710,train
183912,train
126148,train
169147,train
185410,train
203822,train
227521,train
177244,train
215012,train
214952,train
171072,train
199876,train
197973,train
221172,train
226328,train
181920,train
153363,train
180573,train
205599,train
208648,train
187698,train
174111,train
203820,train
223624,train
155771,train
207551,train
227456,train
220978,train
198412,train
178674,train
180695,train
120338,train
170445,train
179082,train
226720,train
207674,train
222834,train
201574,train
219008,train
173318,train
227553,train
219447,train
210809,train
220389,train
201981,train
225288,train
124084,train
171131,train
214606,train
195093,train
179490,train
199459,train
193004,train
181906,train
184979,train
176215,train
219833,train
175646,train
181832,train
188402,train
223076,train
187567,train
182087,train
184332,train
197109,train
218725,train
177293,train
143330,train
201710,train
122777,train
220035,train
175458,train
172981,train
124080,train
220345,train
193736,train
223799,train
227518,train
224030,train
185763,train
205846,train
114418,train
187357,train
211992,train
204987,train
182378,train
186822,train
221363,train
216296,train
186809,train
181075,train
202289,train
211391,train
206467,train
121548,train
137142,train
222264,train
171580,train
200172,train
189582,train
198729,train
110595,train
205876,train
220904,train
193873,train
166873,train
218212,train
201121,train
221517,train
206419,train
130982,train
222224,train
142382,train
218442,train
211744,train
182598,train
178968,train
222982,train
186477,train
202293,train
209696,train
218405,train
188208,train
197938,train
201986,train
199620,train
178880,train
179224,train
172949,train
207719,train
141648,train
207348,train
216557,train
175325,train
205516,train
187106,train
189951,train
179736,train
190017,train
183535,train
122820,train
85334,train
120305,train
171854,train
102036,train
184911,train
172363,train
123166,train
219422,train
183660,train
175778,train
198661,train
172965,train
196580,train
174049,train
198790,train
181733,train
185786,train
222006,train
203742,train
190326,train
206490,train
182302,train
168623,train
224668,train
179080,train
189303,train
138708,train
131272,train
175950,train
124637,train
183128,train
205107,train
168151,train
211518,train
206865,train
216566,train
227244,train
173041,train
201282,train
174801,train
189002,train
177731,train
165980,train
142761,train
127310,train
142803,train
196803,train
171059,train
201392,train
218756,train
206963,train
181664,train
126759,train
173045,train
221929,train
207270,train
193650,train
212230,train
183330,train
191157,train
140355,train
223194,train
214371,train
120607,train
211447,train
211356,train
221918,train
195796,train
201571,train
182176,train
128316,train
184721,train
172632,train
197322,train
202233,train
222589,train
209474,train
223964,train
117905,train
175752,train
176627,train
193456,train
199180,train
122282,train
127333,train
181324,train
193022,train
183424,train
181641,train
177234,train
184387,train
218965,train
218762,train
171144,train
177720,train
219087,train
219803,train
209976,train
192968,train
200532,train
180852,train
179360,train
181609,train
223622,train
185555,train
197338,train
217942,train
183697,train
206539,train
119558,train
167863,train
124082,train
125010,train
199369,train
183268,train
223694,train
179388,train
180496,train
171912,train
193990,train
220548,train
173862,train
214746,train
152296,train
226717,train
109406,train
180529,train
127036,train
186326,train
186869,train
184314,train
176391,train
198407,train
184208,train
183446,train
183417,train
126765,train
173448,train
178605,train
202093,train
209399,train
203586,train
177655,train
185485,train
182492,train
179897,train
184287,train
201561,train
169136,train
207911,train
184636,train
195517,train
177591,train
203578,train
221832,train
222945,train
183349,train
150796,train
141711,train
180622,train
131287,train
184962,train
211121,train
133648,train
200317,train
222394,train
200140,train
214372,train
168644,train
190184,train
208350,train
200171,train
223107,train
177885,train
125415,train
187410,train
224526,train
221630,train
181260,train
177617,train
125585,train
198301,train
208222,train
177235,train
227462,train
180230,train
201331,train
222048,train
185544,train
177912,train
185404,train
182868,train
185578,train
182717,train
192033,train
120479,train
199237,train
189810,train
226156,train
137419,train
173571,train
202009,train
160780,train
173432,train
184906,train
138506,train
175934,train
218435,train
206139,train
227373,train
190899,train
184505,train
188149,train
179986,train
203140,train
195813,train
222497,train
182746,train
176629,train
179491,train
198818,train
200431,train
175999,train
175622,train
93794,train
190803,train
193547,train
190639,train
210979,train
187113,train
171151,train
179161,train
209902,train
178814,train
203478,train
195322,train
224545,train
179444,train
120888,train
148271,train
204786,train
199374,train
226982,train
193682,train
146396,train
183276,train
207916,train
222240,train
184612,train
176848,train
176216,train
198513,train
178757,train
187055,train
193460,train
199529,train
220145,train
175311,train
185105,train
178030,train
118736,train
127712,train
190080,train
226417,train
184122,train
176576,train
199531,train
196641,train
199935,train
204754,train
195311,train
223801,train
209644,train
122610,train
168179,train
205063,train
183133,train
137947,train
223996,train
152817,train
179302,train
218814,train
202205,train
223811,train
226723,train
153259,train
179376,train
225992,train
174313,train
207099,train
201446,train
176908,train
120460,train
181600,train
174978,train
188001,train
176846,train
175620,train
227397,train
178802,train
209543,train
175565,train
222192,train
187158,train
214440,train
185187,train
179079,train
175159,train
175617,train
201941,train
198615,train
169181,train
178980,train
167690,train
207397,train
187058,train
200195,train
192504,train
184285,train
201558,train
197294,train
183706,train
183021,train
179800,train
178647,train
214728,train
178502,train
223469,train
163713,train
171861,train
184093,train
177762,train
199663,train
194292,train
227485,train
198180,train
173523,train
192511,train
138699,train
225845,train
196903,train
169970,train
197876,train
206454,train
219064,train
184455,train
189292,train
105381,train
199511,train
171413,train
224059,train
218317,train
194070,train
188560,train
222363,train
145311,train
175174,train
179631,train
185660,train
224000,train
209858,train
198801,train
203601,train
215885,train
178023,train
188034,train
192652,train
193540,train
196575,train
125462,train
199655,train
183522,train
224507,train
175939,train
182021,train
197386,train
184220,train
192407,train
150775,train
203269,train
121626,train
222625,train
119785,train
185468,train
122881,train
188784,train
200134,train
206631,train
185143,train
218440,train
172768,train
198101,train
186552,train
195751,train
172525,train
171989,train
189741,train
221305,train
208341,train
193984,train
200292,train
200497,train
190143,train
182447,train
118479,train
176946,train
227643,train
197868,train
223193,train
188253,train
220832,train
214607,train
195107,train
198691,train
137393,train
176144,train
120369,train
185499,train
216415,train
183556,train
188192,train
183063,train
207655,train
186828,train
138103,train
130766,train
184168,train
145113,train
183387,train
180091,train
227262,train
124329,train
211736,train
226593,train
184109,train
223709,train
176046,train
226835,train
205419,train
179375,train
224049,train
224173,train
196897,train
189427,train
222238,train
183246,train
185776,train
193414,train
210611,train
123372,train
175445,train
135195,train
173113,train
176346,train
188840,train
197690,train
184435,train
173772,train
174821,train
178493,train
201926,train
187062,train
188787,train
203456,train
221829,train
122725,train
223032,train
221966,train
179698,train
177335,train
179482,train
137034,train
184941,train
120307,train
182009,train
195969,train
174932,train
221752,train
222751,train
198445,train
194121,train
167845,train
179231,train
174354,train
211806,train
186020,train
176563,train
178578,train
193940,train
176170,train
194649,train
181576,train
200545,train
175288,train
188110,train
201684,train
223062,train
188133,train
176598,train
181494,train
179358,train
188297,train
172388,train
204834,train
222863,train
176267,train
181080,train
174158,train
152069,train
196729,train
176233,train
194535,train
184924,train
209674,train
219790,train
175318,train
184235,train
182339,train
220692,train
182834,train
185419,train
201451,train
193931,train
193979,train
175946,train
205555,train
177813,train
221166,train
218775,train
219589,train
178206,train
192392,train
182086,train
200540,train
175539,train
221018,train
173692,train
172732,train
188826,train
186285,train
187392,train
139597,train
181353,train
176897,train
184698,train
193592,train
223368,train
169170,train
221906,train
184876,train
182650,train
183915,train
183255,train
181839,train
191306,train
203708,train
93790,train
181366,train
189094,train
185549,train
184556,train
206242,train
195005,train
189934,train
198981,train
126335,train
129302,train
221095,train
188326,train
201610,train
224011,train
189121,train
186971,train
110507,train
174329,train
202077,train
177353,train
168757,train
200413,train
185353,train
170157,train
183408,train
171528,train
120333,train
173192,train
175711,train
223411,train
118465,train
145471,train
125424,train
221884,train
198707,train
182715,train
119995,train
227695,train
169090,train
200853,train
184558,train
220124,train
202344,train
206768,train
220689,train
194251,train
191554,train
186902,train
222171,train
171841,train
185636,train
195773,train
183909,train
204031,train
188815,train
223876,train
177431,train
220121,train
184351,train
184923,train
224298,train
177364,train
177340,train
179545,train
125034,train
204917,train
184866,train
172033,train
172432,train
222601,train
214612,train
174769,train
208197,train
181650,train
182537,train
212082,train
171959,train
177636,train
225841,train
227002,train
186110,train
209629,train
178845,train
120759,train
184901,train
214389,train
211656,train
173761,train
219652,train
180540,train
187391,train
126791,train
187867,train
209926,train
172753,train
181972,train
205493,train
183741,train
100516,train
127324,train
166600,train
178265,train
174160,train
132631,train
207922,train
178360,train
189853,train
179372,train
197223,train
225865,train
174525,train
196056,train
137028,train
166952,train
224301,train
195018,train
174271,train
188851,train
222728,train
177324,train
138924,train
208403,train
177733,train
224041,train
178449,train
206819,train
175344,train
189647,train
208920,train
182555,train
146414,train
198457,train
221803,train
219520,train
189257,train
176809,train
176336,train
180568,train
126337,train
129289,train
181711,train
188366,train
125891,train
186478,train
175869,train
222185,train
178157,train
222648,train
182304,train
212302,train
178238,train
193602,train
180926,train
167310,train
194712,train
208322,train
226397,train
179791,train
222926,train
109943,train
185139,train
203573,train
178931,train
100568,train
131137,train
189374,train
173622,train
189314,train
183066,train
181346,train
190489,train
199303,train
190762,train
222250,train
169700,train
196569,train
211783,train
191535,train
204804,train
195038,train
200852,train
123441,train
190930,train
179918,train
224272,train
221989,train
192648,train
133607,train
219765,train
127281,train
96947,train
212455,train
171882,train
211970,train
196808,train
196821,train
204780,train
181147,train
180478,train
225536,train
223695,train
176950,train
221742,train
200010,train
181047,train
137508,train
201608,train
129859,train
179683,train
202740,train
171993,train
196923,train
221655,train
184448,train
180800,train
181608,train
222779,train
176599,train
124352,train
220424,train
126781,train
137038,train
220966,train
181223,train
176325,train
213483,train
169697,train
205929,train
175146,train
187744,train
97524,train
172755,train
212663,train
177576,train
203463,train
221465,train
212571,train
131345,train
222578,train
207579,train
219915,train
178576,train
172978,train
220967,train
139873,train
189102,train
179781,train
190005,train
127337,train
221710,train
193846,train
109617,train
184696,train
227045,train
207836,train
177736,train
183388,train
185162,train
198631,train
227538,train
181830,train
145255,train
181761,train
171612,train
193781,train
210372,train
201367,train
124363,train
173216,train
174462,train
195615,train
184969,train
199941,train
178508,train
186401,train
179313,train
202708,train
133684,train
176643,train
187555,train
227564,train
173602,train
219411,train
137026,train
142875,train
221995,train
222211,train
196110,train
122657,train
221718,train
178835,train
225289,train
177580,train
181571,train
227541,train
144570,train
174921,train
222861,train
176696,train
206620,train
134658,train
194997,train
189262,train
181715,train
120268,train
185140,train
176578,train
225254,train
185570,train
223103,train
185119,train
213629,train
122309,train
181379,train
180827,train
199458,train
193673,train
184555,train
166538,train
188173,train
182983,train
222025,train
214423,train
142865,train
200887,train
221322,train
130125,train
183397,train
188167,train
199410,train
183003,train
166914,train
212029,train
219584,train
219919,train
222012,train
209619,train
208626,train
176227,train
208393,train
169263,train
173463,train
223198,train
196093,train
145196,train
206037,train
190167,train
123271,train
192719,train
189359,train
200546,train
121627,train
191717,train
201989,train
184073,train
222501,train
126052,train
150901,train
175531,train
221440,train
177616,train
179130,train
184701,train
204785,train
181048,train
227399,train
168652,train
136961,train
176824,train
182161,train
207573,train
172571,train
180807,train
166888,train
174155,train
201967,train
186031,train
172674,train
181643,train
100561,train
205324,train
226160,train
221562,train
227334,train
222970,train
220608,train
181710,train
221270,train
190152,train
189313,train
209121,train
180051,train
192307,train
205622,train
206382,train
182777,train
216787,train
198046,train
121040,train
184349,train
142847,train
220554,train
184139,train
184155,train
200122,train
220903,train
200090,train
208704,train
220688,train
179627,train
212257,train
194601,train
204028,train
176321,train
189916,train
223997,train
182865,train
188448,train
177563,train
221815,train
123238,train
190227,train
174078,train
208981,train
197401,train
137305,train
194730,train
185650,train
225064,train
97514,train
208079,train
96429,train
198460,train
197888,train
199683,train
134409,train
150770,train
222123,train
185366,train
175783,train
208406,train
125488,train
212476,train
190078,train
188974,train
211938,train
177326,train
179931,train
193785,train
185156,train
226034,train
179222,train
219650,train
177528,train
175327,train
124238,train
185741,train
175383,train
145781,train
175914,train
209074,train
137894,train
198392,train
201412,train
220324,train
195089,train
191042,train
190077,train
218989,train
176823,train
189357,train
205561,train
180752,train
189531,train
184955,train
225057,train
122049,train
206949,train
211606,train
205559,train
196978,train
167994,train
181835,train
194982,train
176028,train
188871,train
192806,train
222129,train
173764,train
185634,train
183738,train
124237,train
178706,train
214958,train
187808,train
212668,train
219250,train
193806,train
186642,train
178951,train
183568,train
171749,train
183694,train
179994,train
204823,train
222327,train
180821,train
193464,train
125502,train
142876,train
189315,train
219547,train
199667,train
176633,train
222962,train
187240,train
189371,train
181840,train
175222,train
185365,train
184126,train
183743,train
187067,train
205907,train
125613,train
219348,train
201377,train
191233,train
184637,train
173471,train
200620,train
219016,train
185208,train
209540,train
179626,train
121558,train
188206,train
222277,train
172277,train
222610,train
174698,train
173921,train
182007,train
223432,train
193599,train
186484,train
224694,train
123168,train
197930,train
188329,train
179356,train
222761,train
176976,train
208019,train
225976,train
220612,train
202862,train
204069,train
175208,train
177669,train
174639,train
126758,train
205412,train
179243,train
180658,train
185235,train
182760,train
200254,train
177273,train
186316,train
180192,train
220352,train
174412,train
145455,train
223190,train
120341,train
186647,train
208876,train
169124,train
205038,train
193919,train
200458,train
186544,train
220070,train
171901,train
182406,train
168218,train
214278,train
197183,train
211237,train
221628,train
187352,train
178382,train
127902,train
172773,train
126081,train
173714,train
133622,train
173814,train
199569,train
126163,train
199044,train
206352,train
187029,train
221690,train
207336,train
187767,train
170591,train
146096,train
142861,train
187386,train
218740,train
179679,train
200425,train
185374,train
183762,train
221835,train
186989,train
223171,train
145304,train
119954,train
220583,train
172385,train
185135,train
198800,train
184496,train
142867,train
227245,train
186357,train
201350,train
176138,train
180885,train
121941,train
185253,train
211182,train
226162,train
205902,train
206857,train
176388,train
186978,train
175249,train
187344,train
221648,train
221247,train
171758,train
190743,train
214455,train
211335,train
174398,train
186418,train
127662,train
161001,train
121725,train
127315,train
121925,train
216031,train
145458,train
198564,train
173563,train
131126,train
185277,train
190641,train
178563,train
128065,train
227548,train
222235,train
220541,train
172114,train
21421,train
186269,train
181794,train
223608,train
194930,train
189594,train
183264,train
126761,train
208045,train
212656,train
184825,train
198575,train
178837,train
186004,train
194045,train
176230,train
200596,train
168020,train
220057,train
215752,train
126016,train
170224,train
196113,train
201993,train
194830,train
151487,train
182388,train
199132,train
187805,train
190756,train
183709,train
183654,train
218381,train
200462,train
209120,train
169597,train
187847,train
192737,train
127535,train
203723,train
138680,train
179639,train
185168,train
221178,train
175226,train
177672,train
176156,train
179040,train
212305,train
220441,train
203619,train
195041,train
174033,train
119368,train
223881,train
200211,train
186843,train
127772,train
178598,train
178642,train
196315,train
181873,train
204869,train
222084,train
193425,train
223992,train
186111,train
172859,train
177218,train
202097,train
225051,train
227220,train
124353,train
170184,train
176842,train
182102,train
175624,train
175651,train
203378,train
176078,train
189435,train
222668,train
189214,train
176624,train
201722,train
193582,train
208963,train
178683,train
120448,train
206190,train
222444,train
195743,train
185608,train
140352,train
225080,train
171934,train
219969,train
219587,train
181963,train
181722,train
204030,train
181918,train
184027,train
223810,train
208096,train
179725,train
202792,train
134725,train
120575,train
209135,train
211354,train
192879,train
227251,train
205449,train
200281,train
219364,train
132832,train
182510,train
214495,train
185974,train
223500,train
177680,train
181559,train
182106,train
222961,train
183983,train
175567,train
123290,train
177648,train
168191,train
182443,train
143322,train
220180,train
183746,train
128309,train
180380,train
181579,train
200786,train
183967,train
222960,train
125431,train
191710,train
183645,train
197708,train
219696,train
145370,train
122285,train
222254,train
177279,train
183827,train
205082,train
183123,train
186518,train
196586,train
145202,train
179785,train
226005,train
195776,train
222400,train
198053,train
176366,train
179666,train
105672,train
210261,train
221705,train
217959,train
175227,train
181371,train
181792,train
223722,train
185864,train
186029,train
168132,train
197511,train
223028,train
224029,train
192861,train
186419,train
219699,train
213297,train
177339,train
198782,train
195170,train
216057,train
199232,train
102041,train
226004,train
219690,train
183959,train
130055,train
181735,train
175076,train
220538,train
222831,train
213654,train
224905,train
181904,train
181489,train
190146,train
190797,train
200909,train
203477,train
220675,train
221086,train
224037,train
137088,train
199725,train
222889,train
173875,train
206320,train
222956,train
186468,train
131134,train
176202,train
220270,train
202857,train
227935,train
172801,train
183390,train
193563,train
177315,train
190065,train
93682,train
205820,train
133606,train
187370,train
185601,train
151034,train
180699,train
183609,train
175123,train
223108,train
176729,train
205489,train
227454,train
222940,train
199785,train
184485,train
181182,train
206179,train
167880,train
202296,train
186013,train
119627,train
202007,train
148272,train
173853,train
194086,train
209641,train
212573,train
186060,train
138140,train
178362,train
118725,train
171972,train
120300,train
173924,train
217979,train
194714,train
117928,train
199501,train
204997,train
193664,train
175485,train
200983,train
197901,train
182135,train
190352,train
201532,train
181446,train
183795,train
211985,train
225008,train
188958,train
212356,train
183745,train
183365,train
166068,train
205610,train
212279,train
204771,train
223619,train
214357,train
223655,train
92779,train
220286,train
184836,train
120521,train
177822,train
127112,train
185490,train
202449,train
216652,train
179578,train
199937,train
174293,train
176445,train
126755,train
142621,train
179759,train
197992,train
125848,train
208651,train
197921,train
182429,train
177884,train
201291,train
224291,train
180884,train
185276,train
129999,train
179787,train
199584,train
169152,train
205552,train
97400,train
194152,train
146409,train
145258,train
186019,train
186350,train
223717,train
182554,train
172934,train
175096,train
172823,train
189473,train
225868,train
208394,train
182084,train
176705,train
200235,train
131564,train
219597,train
217823,train
205397,train
182295,train
178551,train
133604,train
181583,train
193020,train
173621,train
222183,train
122097,train
198609,train
134654,train
206189,train
217976,train
219539,train
227785,train
192780,train
190378,train
214291,train
222492,train
192319,train
192369,train
172900,train
87898,train
185390,train
176240,train
178825,train
180419,train
183087,train
203288,train
179720,train
172401,train
185348,train
176575,train
204880,train
179023,train
127145,train
179009,train
175409,train
181660,train
201406,train
222549,train
183919,train
195301,train
180473,train
222860,train
208637,train
193920,train
177841,train
173023,train
187796,train
200221,train
170612,train
189609,train
227458,train
141902,train
195983,train
188287,train
129493,train
216556,train
177233,train
187872,train
194710,train
195790,train
196290,train
152946,train
227208,train
188449,train
184312,train
122761,train
196851,train
170943,train
181046,train
205106,train
177505,train
126922,train
171134,train
188584,train
221423,train
178785,train
185370,train
182438,train
189830,train
192381,train
195861,train
126455,train
174150,train
182839,train
205080,train
226405,train
183776,train
227230,train
179929,train
186887,train
169448,train
195568,train
180822,train
200463,train
201186,train
133680,train
183913,train
138698,train
131707,train
205635,train
176011,train
125820,train
198468,train
188327,train
174787,train
207635,train
199731,train
191525,train
224632,train
193810,train
176457,train
150378,train
185558,train
167171,train
199586,train
221843,train
183361,train
118681,train
195319,train
166924,train
96982,train
201185,train
182391,train
194719,train
203300,train
175734,train
187496,train
175432,train
208564,train
187274,train
215751,train
200503,train
222070,train
202180,train
181831,train
226553,train
188970,train
126002,train
188968,train
223246,train
178851,train
219588,train
182099,train
196487,train
133631,train
179570,train
121624,train
219516,train
198472,train
197286,train
184824,train
172811,train
128820,train
177299,train
176849,train
185652,train
176387,train
209884,train
220869,train
132086,train
180431,train
202411,train
200638,train
200428,train
220397,train
187611,train
186963,train
175463,train
184294,train
219806,train
221017,train
123977,train
189964,train
197113,train
198770,train
202959,train
223126,train
203646,train
127187,train
140085,train
192122,train
219912,train
223912,train
204707,train
209537,train
156345,train
179742,train
208534,train
223507,train
195160,train
126150,train
176305,train
217897,train
200493,train
219961,train
181530,train
200527,train
86323,train
206465,train
176312,train
181543,train
126671,train
146399,train
172747,train
197892,train
173684,train
177006,train
214445,train
222040,train
175105,train
188055,train
193465,train
192284,train
178594,train
180460,train
180461,train
176740,train
172411,train
187771,train
122695,train
222450,train
179941,train
219719,train
196573,train
179930,train
193942,train
222556,train
186272,train
189896,train
214430,train
176143,train
187710,train
178558,train
186385,train
125984,train
181231,train
212887,train
193487,train
201685,train
188429,train
182993,train
222937,train
180118,train
179294,train
173091,train
200167,train
142384,train
181305,train
181139,train
194961,train
195325,train
177551,train
227267,train
188018,train
194071,train
220737,train
150835,train
206947,train
208101,train
221523,train
180319,train
183304,train
222785,train
188885,train
194723,train
174127,train
219745,train
227270,train
93578,train
205497,train
181604,train
176282,train
119532,train
192602,train
222506,train
203104,train
204577,train
179119,train
173516,train
120629,train
184653,train
185793,train
123347,train
181402,train
220134,train
123284,train
93681,train
207109,train
173735,train
208792,train
168157,train
193597,train
171954,train
185792,train
145308,train
221222,train
175765,train
184041,train
228175,train
196673,train
168465,train
207858,train
185863,train
221246,train
122765,train
122464,train
220294,train
150802,train
210819,train
218898,train
202462,train
105831,train
199126,train
202291,train
184018,train
184378,train
192631,train
118601,train
212723,train
190073,train
125496,train
180526,train
212488,train
178368,train
180922,train
177496,train
219533,train
185690,train
177906,train
193403,train
208777,train
208081,train
207686,train
205415,train
217836,train
145445,train
206563,train
185703,train
219397,train
137032,train
161961,train
168211,train
200174,train
127097,train
222909,train
207497,train
220087,train
220160,train
188165,train
221511,train
138671,train
178446,train
189701,train
150892,train
211603,train
141644,train
227656,train
176383,train
198514,train
175949,train
197529,train
123286,train
191123,train
176279,train
179598,train
181917,train
177280,train
166868,train
207453,train
202902,train
207555,train
173711,train
179743,train
212306,train
175544,train
205612,train
206675,train
186878,train
175229,train
182599,train
188704,train
166869,train
176734,train
222659,train
121642,train
125565,train
185767,train
213661,train
222560,train
205008,train
208624,train
207280,train
177663,train
172957,train
176183,train
223460,train
183971,train
188884,train
183561,train
166936,train
194098,train
203542,train
176075,train
189826,train
181575,train
224768,train
201368,train
201439,train
169146,train
190758,train
174775,train
198361,train
198764,train
173659,train
176807,train
218973,train
178824,train
144177,train
189465,train
220804,train
182563,train
211777,train
198184,train
220125,train
200035,train
219693,train
206587,train
178590,train
172235,train
224236,train
200145,train
196237,train
190850,train
92809,train
211999,train
182204,train
194687,train
174944,train
186554,train
193552,train
129994,train
173733,train
185274,train
182047,train
189032,train
188160,train
173269,train
190669,train
190254,train
175025,train
182383,train
190314,train
200391,train
211661,train
122989,train
206503,train
172464,train
122352,train
204922,train
201514,train
184158,train
223693,train
213217,train
131284,train
206561,train
209907,train
198364,train
179712,train
179676,train
200125,train
105674,train
131122,train
199450,train
173651,train
189491,train
173676,train
169939,train
184156,train
176851,train
211782,train
122877,train
203514,train
211833,train
223880,train
175087,train
176706,train
210652,train
186378,train
221897,train
184021,train
226777,train
174401,train
221963,train
178677,train
199618,train
189012,train
225651,train
214364,train
175782,train
153053,train
119991,train
175143,train
181036,train
172589,train
184494,train
219242,train
142673,train
182761,train
177397,train
223930,train
98747,train
195409,train
203533,train
207188,train
180519,train
125234,train
178397,train
169080,train
177788,train
209286,train
215746,train
127578,train
199772,train
130077,train
201382,train
220192,train
150164,train
172749,train
179762,train
136970,train
206683,train
214711,train
184050,train
177767,train
184279,train
186497,train
185855,train
138675,train
137258,train
178962,train
180154,train
174363,train
182046,train
196578,train
205001,train
178197,train
178246,train
199703,train
177662,train
180550,train
185697,train
181425,train
225372,train
184998,train
175337,train
134330,train
142938,train
126226,train
185560,train
200210,train
200918,train
218948,train
181916,train
171530,train
176178,train
200407,train
177671,train
177868,train
201390,train
196524,train
120391,train
202751,train
210425,train
187770,train
211304,train
183576,train
173207,train
222464,train
220560,train
189832,train
180013,train
208198,train
209056,train
126558,train
198221,train
181754,train
193571,train
225007,train
219688,train
173373,train
222106,train
176622,train
186498,train
208199,train
197653,train
199454,train
180842,train
95451,train
172848,train
168580,train
197542,train
218728,train
189375,train
224495,train
190791,train
200824,train
173887,train
200258,train
192556,train
195004,train
188850,train
202341,train
167316,train
206773,train
201274,train
122707,train
202299,train
165933,train
176419,train
137983,train
172670,train
228149,train
199554,train
102061,train
186469,train
205871,train
202445,train
203112,train
228197,train
218908,train
200414,train
217913,train
177561,train
174528,train
175724,train
187826,train
184851,train
198789,train
122176,train
182013,train
204614,train
194773,train
193290,train
224159,train
187142,train
187802,train
192625,train
225942,train
221646,train
223567,train
125808,train
197865,train
217184,train
180241,train
226385,train
199686,train
204694,train
183895,train
182585,train
178838,train
175722,train
182509,train
176359,train
197515,train
181892,train
175533,train
181723,train
183194,train
183482,train
197920,train
200588,train
224294,train
188843,train
186802,train
202336,train
179793,train
199141,train
180495,train
123382,train
189049,train
222673,train
170002,train
184114,train
168789,train
221542,train
207155,train
222401,train
189019,train
172282,train
120805,train
205611,train
202710,train
193993,train
178065,train
213634,train
222099,train
183618,train
181602,train
222452,train
222829,train
224493,train
179142,train
179439,train
184686,train
202171,train
192058,train
223064,train
183140,train
209906,train
125547,train
177898,train
177779,train
128251,train
189798,train
212474,train
206784,train
221418,train
203127,train
212304,train
185333,train
182165,train
193665,train
211045,train
219396,train
175766,train
202298,train
222738,train
224300,train
192786,train
189857,train
173701,train
195513,train
168440,train
133600,train
187697,train
182514,train
185257,train
125162,train
134644,train
121728,train
196269,train
124890,train
177520,train
225408,train
214685,train
182637,train
193656,train
179538,train
125996,train
196516,train
181769,train
184224,train
210258,train
218941,train
175036,train
223078,train
136910,train
220898,train
209049,train
200526,train
220719,train
168142,train
172941,train
184766,train
184157,train
207917,train
211739,train
183135,train
173261,train
223181,train
179693,train
122243,train
181599,train
200029,train
205524,train
184376,train
219883,train
174196,train
222014,train
98744,train
220348,train
185534,train
195862,train
222094,train
193047,train
220454,train
194164,train
212590,train
222894,train
173822,train
227436,train
206900,train
176760,train
189114,train
227788,train
175503,train
177303,train
182098,train
205358,train
125559,train
124783,train
186287,train
206230,train
195857,train
189800,train
129875,train
176437,train
178593,train
193589,train
209924,train
205692,train
140010,train
188748,train
225402,train
206128,train
221735,train
175035,train
178330,train
199536,train
201415,train
146500,train
176039,train
198759,train
197932,train
197114,train
181851,train
218543,train
219798,train
120481,train
200289,train
174087,train
92799,train
180618,train
212226,train
221556,train
227539,train
181882,train
182999,train
195791,train
198203,train
173858,train
176022,train
203375,train
181962,train
187822,train
218944,train
220407,train
93783,train
180969,train
172785,train
195801,train
222205,train
178217,train
227455,train
173706,train
105472,train
200014,train
197272,train
218909,train
204996,train
172868,train
176316,train
212510,train
201777,train
180092,train
186472,train
181933,train
171764,train
125584,train
221845,train
197181,train
214700,train
212089,train
220621,train
198755,train
198978,train
122893,train
198464,train
185219,train
168496,train
173445,train
171408,train
181663,train
181333,train
218893,train
184242,train
221281,train
172222,train
212661,train
211305,train
153072,train
211528,train
126587,train
182101,train
196528,train
212876,train
193594,train
90020,train
178515,train
149343,train
208365,train
187599,train
187339,train
186102,train
208344,train
188044,train
124343,train
212589,train
92684,train
134732,train
198551,train
226414,train
179104,train
172907,train
172499,train
207339,train
221650,train
120388,train
201973,train
180640,train
198201,train
184082,train
172372,train
120417,train
190016,train
105457,train
190142,train
176883,train
183088,train
188879,train
179816,train
219662,train
122856,train
205763,train
186769,train
226155,train
216040,train
173012,train
174331,train
218771,train
206188,train
192770,train
183089,train
169127,train
145306,train
172853,train
200587,train
203503,train
224313,train
138079,train
199661,train
178956,train
174402,train
201670,train
180559,train
118430,train
178995,train
171958,train
188875,train
195823,train
204576,train
186271,train
224284,train
203481,train
189808,train
187250,train
129898,train
208213,train
177787,train
194911,train
186449,train
185194,train
224509,train
188300,train
215329,train
192056,train
126078,train
180819,train
96974,train
221954,train
221170,train
185203,train
198495,train
202749,train
155138,train
222467,train
196462,train
187962,train
171582,train
123922,train
123940,train
92685,train
204768,train
224130,train
178904,train
221530,train
205720,train
173042,train
153279,train
195239,train
201484,train
175841,train
196988,train
181440,train
182881,train
205933,train
108822,train
227099,train
179822,train
182052,train
197563,train
225093,train
176895,train
166833,train
204798,train
220910,train
132241,train
109129,train
203483,train
201624,train
219063,train
211298,train
178685,train
182507,train
120293,train
182414,train
185256,train
179418,train
227509,train
175570,train
185384,train
174961,train
203712,train
221991,train
220158,train
167707,train
145405,train
185843,train
192416,train
200508,train
174106,train
120151,train
223021,train
191614,train
174068,train
126349,train
146474,train
199222,train
195528,train
181368,train
175806,train
211846,train
196891,train
175629,train
157159,train
219503,train
145411,train
125816,train
219736,train
171897,train
220340,train
184929,train
183891,train
177537,train
173819,train
191557,train
219730,train
217816,train
131572,train
222016,train
125542,train
185729,train
178040,train
180532,train
185022,train
93795,train
179645,train
89475,train
201495,train
222197,train
188485,train
198374,train
172218,train
176777,train
227743,train
203383,train
188802,train
224139,train
216532,train
182826,train
174811,train
146387,train
122613,train
176089,train
176097,train
177791,train
200609,train
215205,train
183221,train
193347,train
170978,train
191973,train
201327,train
171992,train
214692,train
192395,train
219606,train
145388,train
189974,train
176433,train
169172,train
177773,train
190139,train
191237,train
78952,train
174881,train
123921,train
222658,train
125256,train
197195,train
222788,train
191167,train
181959,train
173755,train
212514,train
176328,train
205645,train
217907,train
211247,train
221941,train
182700,train
181089,train
187862,train
180709,train
199540,train
183371,train
221098,train
190583,train
108732,train
223750,train
224155,train
174122,train
184419,train
184459,train
214724,train
206339,train
200717,train
224211,train
194702,train
175727,train
181267,train
143312,train
202737,train
187356,train
212554,train
189762,train
205456,train
176354,train
174396,train
204715,train
125428,train
198000,train
212662,train
186538,train
209873,train
187301,train
197136,train
209124,train
124955,train
184734,train
178441,train
227009,train
168214,train
125506,train
187673,train
220123,train
181243,train
178579,train
120483,train
98073,train
202639,train
227466,train
137089,train
214732,train
137329,train
194851,train
176040,train
140064,train
202300,train
214702,train
183681,train
177494,train
222332,train
206496,train
175083,train
207860,train
205392,train
178819,train
207463,train
208194,train
226097,train
178964,train
96970,train
189177,train
201570,train
218242,train
105773,train
214621,train
214366,train
179876,train
188364,train
186414,train
171955,train
173151,train
127730,train
122865,train
225869,train
180491,train
177896,train
203455,train
224470,train
185709,train
123187,train
148491,train
225021,train
210618,train
208086,train
224205,train
175855,train
205598,train
224157,train
199373,train
172971,train
185819,train
167902,train
167348,train
201557,train
222957,train
166815,train
189999,train
184177,train
227322,train
197342,train
222010,train
220609,train
187116,train
174863,train
205056,train
190149,train
188770,train
174227,train
173265,train
172582,train
181307,train
203155,train
177925,train
177372,train
221197,train
127670,train
210566,train
202068,train
201998,train
223838,train
118408,train
176158,train
172952,train
225129,train
203337,train
195527,train
195116,train
227217,train
201908,train
178775,train
181495,train
172039,train
138126,train
177927,train
176021,train
174625,train
200198,train
175546,train
205576,train
175198,train
175684,train
227543,train
185526,train
199733,train
150903,train
179272,train
179690,train
147916,train
215565,train
122892,train
211746,train
198229,train
179870,train
169025,train
215781,train
175886,train
172899,train
221298,train
184339,train
207459,train
203208,train
220284,train
220110,train
171792,train
211456,train
180860,train
173117,train
180654,train
218458,train
122699,train
121242,train
190457,train
125005,train
177577,train
193427,train
174467,train
218616,train
194713,train
181183,train
222654,train
184067,train
201324,train
96448,train
171950,train
177486,train
181645,train
185982,train
225529,train
187003,train
220694,train
122882,train
227526,train
178221,train
223173,train
171071,train
175691,train
224336,train
173945,train
221130,train
198382,train
211246,train
183342,train
172413,train
222633,train
206543,train
120887,train
225124,train
200863,train
176579,train
184201,train
218464,train
180576,train
175692,train
195794,train
194542,train
153381,train
134765,train
176686,train
176280,train
169531,train
186262,train
196100,train
166183,train
184160,train
181524,train
222122,train
178623,train
200175,train
227017,train
195838,train
199715,train
179536,train
176318,train
193792,train
175925,train
184570,train
219395,train
197117,train
173923,train
204580,train
176678,train
222486,train
184792,train
208174,train
175864,train
191551,train
180501,train
208354,train
168197,train
130565,train
203653,train
200137,train
175677,train
186519,train
222564,train
176042,train
192386,train
223879,train
206836,train
174434,train
215450,train
179159,train
154278,train
176424,train
224912,train
185985,train
175718,train
219260,train
186503,train
184983,train
176298,train
220723,train
204070,train
180362,train
175603,train
193603,train
197205,train
212282,train
173746,train
190685,train
196105,train
176412,train
188899,train
188148,train
179617,train
189580,train
144947,train
201676,train
177763,train
142901,train
181061,train
170192,train
167689,train
176843,train
127114,train
172241,train
120332,train
187007,train
220027,train
193223,train
221908,train
201721,train
186059,train
181806,train
212890,train
222466,train
188753,train
188718,train
225255,train
195099,train
122832,train
155151,train
179882,train
179923,train
198658,train
178053,train
194067,train
193113,train
182405,train
121940,train
214284,train
209035,train
176937,train
131022,train
171400,train
222018,train
196652,train
220913,train
192067,train
179235,train
219960,train
196742,train
226482,train
126000,train
193983,train
184845,train
122047,train
218688,train
221826,train
172109,train
183073,train
191153,train
184942,train
187807,train
173577,train
200033,train
222015,train
187231,train
185807,train
181228,train
180685,train
195248,train
203418,train
185401,train
193688,train
128817,train
121928,train
169139,train
181060,train
189474,train
145324,train
193852,train
178186,train
177349,train
182365,train
174631,train
125883,train
192688,train
170550,train
202152,train
178335,train
188444,train
207744,train
226618,train
191613,train
171087,train
214363,train
191325,train
175600,train
199265,train
203561,train
178260,train
171362,train
196248,train
200966,train
189017,train
201346,train
185262,train
148313,train
188539,train
121832,train
120581,train
203458,train
186437,train
176922,train
137384,train
189294,train
176101,train
138650,train
122238,train
226326,train
184681,train
195048,train
196748,train
200536,train
202210,train
204841,train
167888,train
222288,train
211516,train
221695,train
126706,train
179065,train
142587,train
180455,train
201009,train
175922,train
183775,train
201980,train
188174,train
225557,train
172318,train
128819,train
173613,train
211774,train
179858,train
226300,train
201235,train
173669,train
214365,train
183195,train
226164,train
186377,train
223730,train
193536,train
228045,train
186653,train
188496,train
125591,train
200490,train
179483,train
183359,train
179126,train
178487,train
177021,train
171916,train
198197,train
199622,train
213627,train
219761,train
192257,train
127335,train
191162,train
203623,train
176091,train
140069,train
211127,train
172706,train
174102,train
228145,train
179542,train
193729,train
222465,train
222570,train
197118,train
166289,train
192036,train
177351,train
221971,train
201472,train
125817,train
172198,train
177543,train
180353,train
225935,train
198584,train
126230,train
184181,train
119838,train
185341,train
203700,train
225338,train
176695,train
176910,train
196991,train
187845,train
178351,train
225806,train
175150,train
197485,train
178443,train
186434,train
190944,train
181885,train
203169,train
194174,train
212321,train
137946,train
221559,train
186894,train
224624,train
212015,train
223736,train
221981,train
183621,train
209136,train
227328,train
127544,train
130575,train
204239,train
193924,train
206681,train
205375,train
206176,train
188182,train
175356,train
177973,train
142869,train
176855,train
202040,train
202044,train
192505,train
224534,train
223886,train
191085,train
225081,train
70190,train
186100,train
177355,train
179470,train
183211,train
176161,train
200606,train
172274,train
182885,train
205466,train
175490,train
182819,train
145310,train
227299,train
179363,train
193008,train
185172,train
222917,train
223228,train
188760,train
211799,train
184268,train
203154,train
200688,train
175394,train
197076,train
186893,train
189717,train
179048,train
146715,train
186506,train
179903,train
184037,train
175012,train
134717,train
174580,train
219406,train
187604,train
179379,train
189463,train
172783,train
123375,train
211561,train
221667,train
182917,train
127519,train
184023,train
188078,train
179947,train
189573,train
199416,train
209711,train
137995,train
203334,train
178758,train
137019,train
193491,train
184304,train
179099,train
120229,train
202509,train
197528,train
227213,train
173229,train
201788,train
169134,train
184798,train
207116,train
195104,train
182469,train
207553,train
183404,train
224354,train
217911,train
173870,train
201674,train
189765,train
203669,train
188515,train
192650,train
190242,train
177547,train
138702,train
191368,train
183756,train
200267,train
198779,train
219007,train
221642,train
212660,train
184217,train
219724,train
206788,train
182541,train
201268,train
201999,train
170239,train
186322,train
125599,train
176682,train
187563,train
187818,train
179561,train
184733,train
171987,train
224587,train
199748,train
208950,train
182845,train
218362,train
182481,train
173500,train
188101,train
194635,train
117929,train
140011,train
184359,train
185350,train
227686,train
179921,train
136815,train
96824,train
199762,train
212619,train
192275,train
180698,train
181044,train
221869,train
226444,train
182860,train
196084,train
180490,train
125504,train
184671,train
201679,train
214699,train
183828,train
199254,train
198302,train
221802,train
175875,train
203550,train
142645,train
181488,train
193743,train
181728,train
137035,train
181132,train
176935,train
144132,train
179709,train
194367,train
178689,train
222112,train
186886,train
178104,train
186926,train
122242,train
212298,train
125845,train
181337,train
201255,train
179746,train
137149,train
223653,train
181802,train
177226,train
187433,train
194929,train
137390,train
177877,train
191076,train
201605,train
205439,train
198504,train
177676,train
155388,train
186338,train
109819,train
175644,train
178948,train
202286,train
197928,train
224443,train
187149,train
207565,train
203282,train
184586,train
182664,train
225970,train
179249,train
165934,train
197340,train
212473,train
221949,train
183876,train
180749,train
197284,train
210986,train
174071,train
120126,train
172984,train
202506,train
210883,train
184503,train
189458,train
228051,train
121389,train
186395,train
172519,train
214502,train
224982,train
225056,train
200130,train
214694,train
182922,train
185458,train
180793,train
167776,train
188836,train
203612,train
150897,train
193879,train
173996,train
207262,train
187266,train
174628,train
223865,train
173329,train
207035,train
183414,train
198612,train
221070,train
177985,train
189296,train
208539,train
220534,train
179018,train
199938,train
189719,train
192870,train
185338,train
180930,train
180696,train
182542,train
187390,train
196904,train
172420,train
178202,train
174091,train
177664,train
222295,train
182257,train
186829,train
196477,train
133580,train
222755,train
182840,train
189578,train
200890,train
213199,train
175707,train
183591,train
97521,train
217818,train
130988,train
189755,train
190277,train
199595,train
176010,train
122100,train
175129,train
184794,train
206553,train
220519,train
142802,train
183906,train
145317,train
181817,train
213142,train
197545,train
189992,train
122134,train
178521,train
207862,train
222568,train
122862,train
221853,train
207237,train
207966,train
118778,train
182369,train
183199,train
119618,train
222920,train
100033,train
192127,train
181526,train
208600,train
183257,train
183914,train
173100,train
178844,train
211600,train
201395,train
179362,train
126017,train
198371,train
124224,train
227784,train
214709,train
181241,train
187541,train
224179,train
225866,train
171849,train
193695,train
191372,train
124958,train
173333,train
183148,train
182896,train
224340,train
206591,train
211227,train
96836,train
180289,train
204607,train
173016,train
185598,train
172376,train
192758,train
204835,train
227019,train
122616,train
221780,train
172469,train
211832,train
202929,train
132449,train
223105,train
216896,train
227120,train
206777,train
175964,train
184197,train
206040,train
125948,train
223164,train
121367,train
193911,train
184881,train
201577,train
203287,train
227544,train
203095,train
211689,train
137342,train
181956,train
193315,train
173086,train
183903,train
180560,train
172986,train
179307,train
176495,train
151425,train
212654,train
202130,train
169293,train
176084,train
173776,train
142626,train
187840,train
186502,train
224528,train
199997,train
201469,train
118615,train
183435,train
172826,train
198459,train
122816,train
200633,train
137341,train
69885,train
221759,train
174055,train
221725,train
174119,train
174316,train
219541,train
150765,train
172973,train
184566,train
223075,train
199481,train
176854,train
191722,train
203644,train
143513,train
171101,train
167868,train
184808,train
175578,train
191235,train
150920,train
204815,train
179020,train
200566,train
134528,train
222919,train
209853,train
189112,train
220280,train
199984,train
195770,train
179174,train
182081,train
222426,train
118474,train
127672,train
174472,train
197110,train
175130,train
188707,train
134729,train
198388,train
170748,train
189793,train
133270,train
179772,train
183456,train
215750,train
209928,train
208411,train
197885,train
209717,train
119465,train
173461,train
202279,train
175110,train
183981,train
213630,train
191294,train
120637,train
219682,train
214980,train
194271,train
200457,train
195542,train
177564,train
191147,train
185737,train
199191,train
145312,train
185509,train
191506,train
197644,train
97392,train
179566,train
174417,train
176704,train
179730,train
177838,train
194749,train
170408,train
191638,train
171788,train
217755,train
209626,train
179090,train
173674,train
184958,train
223215,train
132239,train
171680,train
193522,train
186267,train
183723,train
186839,train
118201,train
195043,train
171079,train
180538,train
180329,train
191987,train
221940,train
177367,train
221238,train
202349,train
222977,train
208630,train
182593,train
193977,train
181884,train
175658,train
192748,train
176311,train
181141,train
207779,train
175205,train
187039,train
178730,train
149688,train
200721,train
172754,train
186997,train
188721,train
205607,train
195071,train
205779,train
220843,train
192727,train
223009,train
196894,train
199028,train
188019,train
189036,train
133589,train
181342,train
131286,train
150827,train
227555,train
183796,train
180949,train
167837,train
178210,train
214705,train
200565,train
201091,train
184908,train
169123,train
174369,train
227082,train
179395,train
195932,train
179852,train
174397,train
195802,train
187881,train
217728,train
173700,train
175138,train
172422,train
197677,train
191287,train
206757,train
196634,train
223987,train
168133,train
166198,train
117887,train
184026,train
190845,train
202302,train
206679,train
221480,train
206753,train
126887,train
188126,train
192722,train
212673,train
201143,train
176339,train
183897,train
193424,train
220831,train
190769,train
180823,train
186660,train
185546,train
219452,train
183643,train
182100,train
208167,train
179993,train
183098,train
172407,train
173010,train
101906,train
227451,train
211130,train
182057,train
220046,train
198474,train
221483,train
178711,train
145238,train
219890,train
141697,train
177821,train
219156,train
193014,train
186645,train
172509,train
171551,train
199008,train
181852,train
197073,train
185189,train
183711,train
197189,train
175354,train
182325,train
202492,train
197140,train
187372,train
173564,train
221237,train
213157,train
188424,train
180487,train
93520,train
176192,train
176781,train
220428,train
175228,train
177024,train
192374,train
145115,train
226985,train
143426,train
226940,train
189716,train
213662,train
172812,train
219362,train
180779,train
181753,train
196699,train
138653,train
175081,train
209870,train
199061,train
122111,train
180101,train
181254,train
173025,train
181084,train
190786,train
213477,train
180172,train
178371,train
203293,train
187100,train
186495,train
198242,train
175991,train
188586,train
219437,train
172392,train
130558,train
193469,train
195523,train
227027,train
173738,train
130001,train
138519,train
190692,train
175021,train
213926,train
227275,train
192774,train
207567,train
219283,train
223772,train
146466,train
92723,train
188447,train
205665,train
226678,train
208178,train
184980,train
192817,train
175061,train
218942,train
120329,train
172175,train
228181,train
202977,train
201552,train
175230,train
205081,train
177282,train
188540,train
221649,train
182384,train
181847,train
220558,train
187059,train
190311,train
192518,train
198628,train
183620,train
186896,train
212634,train
208123,train
199206,train
201543,train
176362,train
173176,train
197905,train
208088,train
183884,train
221863,train
195746,train
177295,train
189860,train
172107,train
199767,train
203441,train
183056,train
199418,train
187389,train
184317,train
221272,train
100572,train
219882,train
181785,train
176074,train
199262,train
223471,train
179108,train
223187,train
182424,train
223778,train
183908,train
222537,train
221231,train
180880,train
179155,train
224044,train
203474,train
193335,train
189963,train
226783,train
179464,train
168536,train
174300,train
200023,train
224045,train
177221,train
192496,train
222948,train
216154,train
143874,train
166862,train
200590,train
199385,train
173938,train
203590,train
188161,train
167329,train
220822,train
212883,train
120565,train
223850,train
203576,train
198455,train
192721,train
181932,train
197712,train
211385,train
222404,train
172729,train
178447,train
197084,train
206791,train
222055,train
92713,train
120881,train
225018,train
181585,train
221518,train
181209,train
202685,train
179343,train
145378,train
204808,train
221102,train
211785,train
136373,train
172672,train
191592,train
203189,train
120584,train
173712,train
120475,train
191548,train
179456,train
133697,train
179423,train
184498,train
180555,train
184398,train
174866,train
189715,train
218431,train
180523,train
222393,train
185484,train
204830,train
207718,train
131129,train
77861,train
93671,train
188835,train
212674,train
214703,train
179806,train
125919,train
189316,train
131040,train
223122,train
178952,train
174724,train
175210,train
200313,train
172239,train
212460,train
173234,train
96981,train
196654,train
224131,train
202184,train
199732,train
222321,train
220225,train
192791,train
184013,train
224280,train
181507,train
184802,train
225085,train
206398,train
194000,train
223831,train
175682,train
171879,train
101939,train
187750,train
202790,train
180122,train
101695,train
196930,train
118630,train
169144,train
185233,train
168481,train
176783,train
208985,train
176342,train
183926,train
224142,train
203657,train
168866,train
227012,train
186286,train
196039,train
93519,train
152083,train
204999,train
191144,train
190661,train
221495,train
203628,train
222221,train
174138,train
202434,train
103375,train
199763,train
181927,train
219508,train
183982,train
175835,train
227320,train
195418,train
125580,train
172265,train
211812,train
183451,train
185504,train
198236,train
180859,train
173925,train
174560,train
167722,train
220905,train
207715,train
223835,train
200617,train
179877,train
185707,train
221321,train
187836,train
205818,train
221063,train
196958,train
174831,train
181072,train
182109,train
189751,train
225947,train
221641,train
171794,train
212070,train
120464,train
185293,train
123288,train
222017,train
180449,train
222178,train
174115,train
212928,train
189759,train
188107,train
187813,train
227207,train
193620,train
195941,train
120254,train
179217,train
226267,train
183341,train
207802,train
191971,train
195308,train
187026,train
168004,train
182660,train
137023,train
127574,train
223828,train
175866,train
124751,train
176026,train
187972,train
120880,train
193209,train
200477,train
179238,train
184357,train
195933,train
213104,train
205888,train
179734,train
174266,train
192045,train
201589,train
184075,train
139585,train
176793,train
186290,train
176736,train
218788,train
219360,train
226937,train
189369,train
201538,train
218764,train
203290,train
203689,train
186967,train
222285,train
199774,train
195234,train
207103,train
222037,train
176850,train
195127,train
214723,train
173467,train
188900,train
183644,train
202175,train
194737,train
174607,train
177625,train
184859,train
189355,train
176209,train
219600,train
205783,train
196648,train
212378,train
185261,train
202196,train
224547,train
210575,train
168224,train
200105,train
105852,train
176263,train
177638,train
227545,train
193995,train
103646,train
220610,train
127180,train
177893,train
141705,train
208196,train
188903,train
208338,train
86324,train
173441,train
197276,train
204718,train
220044,train
199319,train
173601,train
179428,train
205925,train
226168,train
184132,train
175776,train
182661,train
200680,train
209855,train
206057,train
198509,train
186425,train
201849,train
189108,train
192962,train
176093,train
165919,train
222984,train
186907,train
202331,train
221276,train
179601,train
200106,train
197777,train
150008,train
192864,train
173308,train
227731,train
96984,train
227315,train
176324,train
200586,train
199990,train
186466,train
199965,train
173734,train
176059,train
177516,train
188150,train
191222,train
127705,train
189581,train
187806,train
222189,train
174971,train
196724,train
190954,train
188086,train
221560,train
218544,train
186514,train
172501,train
180704,train
222776,train
220980,train
168216,train
195574,train
189009,train
222020,train
174952,train
192725,train
173520,train
179377,train
134335,train
189854,train
219875,train
203256,train
181123,train
187021,train
224119,train
203054,train
199719,train
169382,train
174950,train
221390,train
217834,train
194731,train
219351,train
172234,train
199614,train
226621,train
191683,train
188697,train
176834,train
188829,train
166859,train
173503,train
126907,train
216342,train
169658,train
192120,train
193421,train
223523,train
198668,train
184118,train
208918,train
227078,train
221271,train
193652,train
204659,train
206794,train
223677,train
214991,train
191512,train
179654,train
184953,train
202001,train
188548,train
209415,train
171980,train
189699,train
146464,train
121960,train
228032,train
208982,train
182765,train
193418,train
182604,train
181999,train
203335,train
142862,train
212597,train
203780,train
221837,train
176313,train
197082,train
221533,train
200963,train
200193,train
182916,train
217369,train
121588,train
196726,train
187823,train
206722,train
215254,train
180322,train
175589,train
203164,train
205875,train
211243,train
184238,train
205382,train
222548,train
203262,train
183552,train
180011,train
120706,train
196977,train
184585,train
186081,train
177119,train
226205,train
174635,train
173296,train
173688,train
173188,train
223172,train
127683,train
124648,train
181428,train
174301,train
188911,train
173043,train
195030,train
211735,train
196083,train
200019,train
178504,train
177657,train
181877,train
190810,train
184973,train
220252,train
122823,train
200914,train
201344,train
211823,train
200672,train
183640,train
173014,train
220131,train
183550,train
172864,train
125540,train
219337,train
184433,train
126231,train
146498,train
172610,train
195304,train
185623,train
197968,train
186830,train
200305,train
131318,train
198175,train
184104,train
187679,train
175870,train
181454,train
186444,train
220977,train
178403,train
170845,train
134923,train
178479,train
173512,train
176048,train
206542,train
184413,train
200632,train
176673,train
198583,train
142796,train
184207,train
123487,train
205498,train
175042,train
223002,train
183477,train
178718,train
145413,train
200083,train
193083,train
223757,train
195750,train
125539,train
181597,train
171799,train
207672,train
196886,train
180429,train
222772,train
197275,train
186550,train
219381,train
203454,train
172506,train
186255,train
173104,train
213616,train
226616,train
195303,train
209929,train
178440,train
194636,train
201003,train
200636,train
218462,train
223637,train
212530,train
183569,train
137516,train
190213,train
205732,train
94900,train
225116,train
189748,train
200069,train
173149,train
199449,train
175854,train
134106,train
219449,train
180285,train
184495,train
174273,train
179348,train
182043,train
197739,train
169780,train
125992,train
173790,train
194903,train
165918,train
166919,train
205726,train
177229,train
184634,train
211730,train
176379,train
176333,train
117819,train
174601,train
180565,train
202789,train
193124,train
173615,train
197393,train
184493,train
180034,train
172113,train
193439,train
175470,train
227692,train
108835,train
221973,train
176364,train
126782,train
185881,train
196602,train
174411,train
197398,train
166942,train
196554,train
222175,train
181480,train
188603,train
181651,train
221194,train
214750,train
142588,train
186399,train
225939,train
186319,train
172384,train
205468,train
176260,train
192704,train
180370,train
227528,train
219824,train
183965,train
203070,train
173750,train
182516,train
140107,train
124075,train
177345,train
183547,train
179564,train
184232,train
175580,train
125876,train
174684,train
126215,train
186651,train
195756,train
208650,train
173583,train
185239,train
221804,train
97384,train
182673,train
214434,train
179705,train
187245,train
172200,train
198500,train
179817,train
196612,train
210971,train
220687,train
185995,train
214588,train
130998,train
171139,train
188414,train
174487,train
117934,train
172382,train
212051,train
223139,train
137087,train
181093,train
186816,train
192767,train
143096,train
171948,train
177549,train
205625,train
136230,train
183099,train
195219,train
224166,train
166822,train
193088,train
143594,train
173690,train
171915,train
188518,train
177631,train
173727,train
180794,train
201616,train
223224,train
182185,train
108773,train
185876,train
223160,train
175168,train
191288,train
175270,train
202197,train
221847,train
127306,train
174606,train
214500,train
148809,train
201261,train
125163,train
139977,train
210381,train
185424,train
169131,train
197966,train
131015,train
196953,train
181187,train
223878,train
190123,train
227222,train
225341,train
130760,train
168139,train
227448,train
180558,train
204064,train
200181,train
190790,train
193202,train
178639,train
200074,train
125987,train
185226,train
138172,train
175675,train
182167,train
143476,train
172492,train
169355,train
180494,train
93711,train
220844,train
176490,train
201539,train
187408,train
178384,train
179061,train
211835,train
174819,train
175263,train
169164,train
205012,train
198845,train
181649,train
211804,train
193849,train
200641,train
201467,train
187674,train
196916,train
222145,train
174733,train
187360,train
182005,train
137301,train
225980,train
184546,train
189634,train
183231,train
190228,train
183430,train
197917,train
176381,train
199040,train
174779,train
192368,train
202209,train
124997,train
203832,train
202356,train
193485,train
220461,train
182395,train
206344,train
173442,train
207572,train
171909,train
206510,train
200555,train
180874,train
210654,train
182020,train
221921,train
188132,train
203109,train
178144,train
176014,train
185443,train
181975,train
204919,train
199377,train
175029,train
200859,train
174319,train
197333,train
170950,train
205475,train
194134,train
227008,train
176569,train
123231,train
225507,train
200618,train
200164,train
179190,train
195848,train
194072,train
122037,train
185885,train
202979,train
189095,train
214410,train
225336,train
172872,train
176182,train
202072,train
189203,train
130787,train
178561,train
187015,train
178181,train
104815,train
187509,train
199694,train
203438,train
181421,train
180488,train
199330,train
221176,train
194883,train
214963,train
189769,train
207821,train
206585,train
105470,train
131027,train
146496,train
125493,train
168495,train
203597,train
198049,train
207172,train
197236,train
184405,train
213767,train
206552,train
224242,train
200539,train
203587,train
199198,train
205777,train
179477,train
223067,train
171984,train
129280,train
219559,train
193271,train
175246,train
126334,train
189640,train
174689,train
201859,train
203107,train
226997,train
223220,train
127728,train
182408,train
224115,train
193943,train
179041,train
186488,train
208646,train
177313,train
181322,train
177633,train
221507,train
174977,train
188774,train
211768,train
177916,train
184595,train
93526,train
173246,train
188907,train
181185,train
172849,train
173005,train
188669,train
98388,train
185174,train
216032,train
212678,train
211437,train
202066,train
120402,train
177686,train
203625,train
176820,train
222390,train
174693,train
175958,train
222642,train
119350,train
198375,train
122258,train
225470,train
227532,train
176273,train
125581,train
127584,train
200744,train
176385,train
192792,train
188789,train
185487,train
219636,train
174128,train
174161,train
202464,train
183759,train
222850,train
199468,train
175667,train
186464,train
142685,train
193677,train
166865,train
226159,train
223928,train
213617,train
180484,train
183715,train
178924,train
169162,train
190524,train
181233,train
203472,train
189984,train
218731,train
178584,train
221395,train
205528,train
200094,train
101702,train
190794,train
175748,train
182245,train
214060,train
126223,train
180352,train
196454,train
145318,train
205596,train
183449,train
200230,train
179106,train
183866,train
92794,train
208286,train
198461,train
121348,train
223748,train
214641,train
224671,train
200924,train
203390,train
185179,train
119741,train
178983,train
96946,train
183657,train
226389,train
127997,train
140024,train
176353,train
105456,train
202334,train
105384,train
145451,train
194255,train
221156,train
223517,train
137309,train
226787,train
178377,train
219243,train
202465,train
145380,train
172998,train
181059,train
168348,train
185234,train
220644,train
194222,train
205471,train
179026,train
181858,train
207944,train
181668,train
125567,train
137394,train
185961,train
223001,train
174803,train
125246,train
183453,train
206617,train
183051,train
223597,train
194497,train
190753,train
177153,train
211664,train
126786,train
181837,train
183431,train
183798,train
125680,train
190030,train
188423,train
181054,train
183624,train
179872,train
179501,train
121373,train
209983,train
205391,train
189749,train
219042,train
223734,train
184571,train
177344,train
223839,train
172808,train
145453,train
184364,train
179920,train
184905,train
180753,train
199967,train
198418,train
220040,train
223121,train
207915,train
105403,train
207368,train
127152,train
92722,train
137413,train
212875,train
184205,train
193311,train
211352,train
195146,train
226012,train
201835,train
198519,train
200740,train
196470,train
180869,train
226165,train
184311,train
191572,train
150898,train
190300,train
211359,train
174829,train
206039,train
136907,train
150853,train
120121,train
173604,train
189424,train
187065,train
173874,train
176376,train
182758,train
180644,train
124338,train
176414,train
133603,train
105340,train
222774,train
193646,train
223049,train
128317,train
131289,train
118582,train
223421,train
181642,train
88766,train
186446,train
196627,train
197343,train
179120,train
206369,train
195430,train
177579,train
172236,train
174676,train
206711,train
227569,train
174534,train
184780,train
206676,train
182591,train
183653,train
210684,train
124219,train
183382,train
184182,train
189129,train
179391,train
195939,train
177036,train
205809,train
172658,train
201095,train
181960,train
178876,train
179815,train
180672,train
220450,train
219992,train
121934,train
185671,train
194728,train
176250,train
181533,train
216056,train
150036,train
184016,train
220127,train
200524,train
185475,train
188834,train
118637,train
90003,train
138095,train
110592,train
198342,train
188641,train
175780,train
220782,train
204989,train
217633,train
203057,train
172069,train
178946,train
222073,train
202200,train
210375,train
219404,train
200107,train
198809,train
194989,train
200973,train
172498,train
185727,train
225025,train
220906,train
181493,train
182744,train
219154,train
177840,train
179744,train
206484,train
187859,train
217824,train
129984,train
174850,train
221824,train
209179,train
186834,train
176131,train
195085,train
200131,train
206192,train
190667,train
179448,train
224286,train
198616,train
199138,train
133575,train
211653,train
174420,train
217904,train
193862,train
179025,train
185150,train
196518,train
183538,train
188425,train
215061,train
178703,train
126347,train
203359,train
213639,train
197346,train
176199,train
206822,train
198044,train
181074,train
201682,train
169508,train
133706,train
203523,train
188846,train
209624,train
199268,train
210378,train
169471,train
188895,train
203634,train
182911,train
190131,train
182584,train
175213,train
182416,train
209400,train
171107,train
174972,train
182857,train
195191,train
207478,train
171617,train
100582,train
196820,train
182989,train
223562,train
126222,train
203145,train
178846,train
181557,train
220298,train
172201,train
175461,train
150818,train
184381,train
174855,train
180843,train
177723,train
217635,train
195926,train
133851,train
175951,train
207269,train
177422,train
195795,train
201966,train
117841,train
199496,train
173305,train
141530,train
180791,train
185213,train
176774,train
105433,train
105690,train
193355,train
199427,train
200000,train
196149,train
225873,train
182381,train
171521,train
186524,train
190157,train
205362,train
209872,train
178982,train
188031,train
175101,train
202958,train
173730,train
200144,train
168491,train
179778,train
219384,train
120898,train
170610,train
222712,train
194615,train
202460,train
185132,train
202071,train
202970,train
218296,train
180547,train
207570,train
92795,train
184051,train
122092,train
205005,train
203768,train
171877,train
207278,train
209318,train
150779,train
222141,train
145446,train
198705,train
121356,train
181724,train
189569,train
174061,train
171132,train
187873,train
184669,train
120325,train
186938,train
184210,train
183074,train
217802,train
184211,train
172415,train
181789,train
186895,train
169122,train
121033,train
183563,train
185883,train
186800,train
176664,train
195159,train
126008,train
124876,train
122824,train
167334,train
194957,train
185696,train
216016,train
188135,train
204071,train
183071,train
183722,train
173871,train
173607,train
175378,train
190331,train
190168,train
187194,train
121527,train
227774,train
131567,train
213475,train
202170,train
196128,train
178751,train
188432,train
122971,train
205603,train
120527,train
127896,train
178505,train
227678,train
175347,train
220071,train
227092,train
199486,train
182415,train
177271,train
186273,train
121436,train
213210,train
175709,train
204037,train
201478,train
184631,train
207823,train
127951,train
177347,train
201159,train
129287,train
200427,train
180335,train
196725,train
171495,train
179733,train
221598,train
204567,train
142650,train
206118,train
185976,train
173450,train
137335,train
220356,train
200220,train
97080,train
178110,train
125457,train
124785,train
219728,train
211445,train
202181,train
220322,train
224238,train
198793,train
172215,train
137027,train
219593,train
214251,train
181929,train
203720,train
178373,train
196453,train
183352,train
180428,train
174685,train
154819,train
206766,train
178884,train
227274,train
193106,train
221488,train
201307,train
173231,train
124885,train
188128,train
181825,train
170983,train
197873,train
180965,train
212183,train
194822,train
188959,train
179874,train
173844,train
167704,train
224079,train
152999,train
167851,train
212675,train
179472,train
186022,train
219550,train
183670,train
125492,train
223613,train
174530,train
171620,train
220699,train
222388,train
138102,train
194690,train
179913,train
175994,train
224196,train
140072,train
222775,train
199708,train
185489,train
186305,train
223968,train
201976,train
214625,train
227654,train
185229,train
130468,train
208709,train
125582,train
199495,train
223976,train
227040,train
179450,train
176874,train
168187,train
166251,train
219393,train
145239,train
171772,train
198596,train
170706,train
183473,train
206845,train
190572,train
177870,train
169179,train
196901,train
177296,train
185491,train
205386,train
175340,train
180958,train
185188,train
125503,train
199471,train
206354,train
207943,train
174464,train
194650,train
227546,train
176613,train
185024,train
175763,train
219964,train
105491,train
120282,train
178874,train
217711,train
168186,train
189705,train
201526,train
200530,train
200409,train
189052,train
143425,train
210569,train
212113,train
125541,train
180773,train
208647,train
171106,train
150307,train
181853,train
173473,train
120480,train
187267,train
202024,train
220442,train
188226,train
122132,train
184882,train
175662,train
131561,train
192390,train
222989,train
175152,train
203182,train
204810,train
146402,train
198366,train
92776,train
184921,train
171367,train
200087,train
125802,train
193669,train
178999,train
172977,train
174795,train
196358,train
217905,train
131285,train
166955,train
172858,train
227737,train
186105,train
208203,train
173655,train
126908,train
182846,train
172486,train
174814,train
227786,train
176129,train
207449,train
222817,train
224767,train
190622,train
195819,train
173721,train
178780,train
177750,train
102611,train
192044,train
180676,train
184062,train
194850,train
173546,train
220296,train
127667,train
134664,train
219096,train
182142,train
183675,train
180732,train
196468,train
193345,train
123171,train
175725,train
126240,train
211526,train
122106,train
190261,train
222864,train
214635,train
174251,train
197871,train
188152,train
178113,train
198381,train
180196,train
192872,train
184066,train
221964,train
215225,train
219025,train
190057,train
203188,train
174117,train
184131,train
218777,train
180089,train
172968,train
220447,train
150306,train
226909,train
202819,train
223128,train
212030,train
174981,train
195036,train
130763,train
223575,train
227647,train
191803,train
175706,train
214448,train
177037,train
205600,train
223873,train
173024,train
120366,train
210120,train
200600,train
220532,train
222508,train
227091,train
96026,train
181316,train
173154,train
183156,train
224303,train
183734,train
183232,train
200466,train
197098,train
186349,train
222179,train
199932,train
200502,train
127146,train
212052,train
189743,train
171840,train
227446,train
143332,train
199082,train
219971,train
204789,train
172578,train
203686,train
185476,train
218546,train
178417,train
218913,train
184133,train
201527,train
180006,train
220047,train
214613,train
176045,train
223640,train
200987,train
127113,train
134428,train
131735,train
186390,train
195468,train
189630,train
178566,train
222669,train
181845,train
219241,train
194699,train
205464,train
226398,train
192520,train
173119,train
165999,train
123393,train
197944,train
199419,train
175131,train
173502,train
195046,train
200976,train
182067,train
185506,train
197074,train
178161,train
184183,train
177589,train
199671,train
181119,train
176640,train
192912,train
180571,train
199615,train
223708,train
178612,train
178875,train
185882,train
202859,train
212050,train
204204,train
171554,train
176020,train
197122,train
198795,train
198006,train
127328,train
184230,train
220402,train
202825,train
223854,train
186394,train
224704,train
189787,train
203125,train
178172,train
172357,train
177269,train
197281,train
180909,train
143576,train
186845,train
104261,train
185017,train
181732,train
181742,train
225998,train
184744,train
225020,train
191566,train
222750,train
174569,train
180751,train
222933,train
205585,train
222605,train
122035,train
176244,train
225555,train
205884,train
218781,train
166272,train
196922,train
199009,train
195844,train
168622,train
202666,train
226007,train
184951,train
166866,train
200097,train
125553,train
194931,train
222251,train
189588,train
206399,train
193438,train
175343,train
199473,train
127307,train
173872,train
181378,train
196782,train
191686,train
200201,train
126213,train
181327,train
181687,train
131028,train
176770,train
212348,train
182068,train
126775,train
221374,train
179955,train
200117,train
177225,train
220535,train
191955,train
206562,train
179879,train
185446,train
208511,train
189752,train
193404,train
187931,train
182484,train
140259,train
145299,train
219568,train
222725,train
174614,train
208481,train
133714,train
173297,train
177245,train
217860,train
197674,train
172423,train
220193,train
176440,train
206547,train
185774,train
225826,train
223848,train
194611,train
176258,train
172163,train
195315,train
184716,train
122437,train
172436,train
177574,train
189310,train
206748,train
181078,train
174713,train
136956,train
173820,train
169272,train
227249,train
177284,train
187671,train
180981,train
174267,train
201553,train
203676,train
184741,train
211663,train
120764,train
121240,train
223200,train
225846,train
223145,train
197218,train
186371,train
174581,train
207680,train
171105,train
225971,train
181278,train
184576,train
166941,train
171848,train
191609,train
139101,train
169129,train
103509,train
175731,train
179580,train
193319,train
191011,train
197187,train
222628,train
220915,train
200426,train
126331,train
208029,train
173302,train
211360,train
219428,train
188108,train
176753,train
195388,train
219843,train
180363,train
155757,train
212246,train
200223,train
173255,train
201266,train
200443,train
185103,train
208220,train
197112,train
181755,train
206127,train
225078,train
185155,train
186274,train
127903,train
140104,train
213187,train
222489,train
200011,train
180575,train
194078,train
219461,train
223221,train
184141,train
174860,train
177369,train
181049,train
96447,train
175767,train
178338,train
211997,train
181611,train
181227,train
193687,train
212664,train
198391,train
186417,train
201317,train
197497,train
203558,train
184269,train
201666,train
183212,train
176452,train
184835,train
215775,train
224373,train
193869,train
221123,train
209860,train
208190,train
203663,train
169443,train
185822,train
190217,train
194133,train
127151,train
227496,train
167687,train
194163,train
200990,train
201525,train
220518,train
200293,train
178485,train
220553,train
178799,train
125620,train
131029,train
174404,train
185533,train
195292,train
211412,train
181709,train
134444,train
173257,train
224501,train
175882,train
138142,train
184849,train
223166,train
183190,train
133699,train
200822,train
206325,train
181926,train
154842,train
181362,train
178860,train
173218,train
218726,train
188501,train
211299,train
208093,train
191767,train
184380,train
193005,train
208090,train
133136,train
224558,train
194044,train
180772,train
192601,train
201544,train
101908,train
197994,train
202142,train
182606,train
227395,train
134327,train
193409,train
187367,train
202854,train
208921,train
181468,train
201480,train
188545,train
173681,train
80161,train
203859,train
182912,train
222600,train
176382,train
142670,train
225137,train
193878,train
201837,train
148370,train
198491,train
183712,train
227221,train
177332,train
224368,train
201461,train
215235,train
179990,train
172303,train
176668,train
171118,train
222941,train
188042,train
226377,train
190045,train
218517,train
192327,train
212718,train
222246,train
178687,train
180877,train
189134,train
195173,train
199327,train
131790,train
189266,train
203678,train
122057,train
190000,train
215784,train
223592,train
195390,train
220133,train
173837,train
172445,train
193082,train
189358,train
197979,train
189047,train
207566,train
96418,train
183208,train
176574,train
195293,train
192629,train
212482,train
177799,train
189026,train
181826,train
188700,train
223217,train
221278,train
185318,train
174274,train
168182,train
180085,train
197562,train
200040,train
205055,train
220704,train
174896,train
189532,train
207652,train
206324,train
173285,train
200155,train
179579,train
186462,train
221699,train
189503,train
223553,train
182303,train
184239,train
177121,train
222024,train
177004,train
201385,train
181550,train
221499,train
184161,train
222169,train
184632,train
184707,train
198515,train
207214,train
193586,train
193373,train
203424,train
122889,train
208697,train
205517,train
198493,train
188181,train
195124,train
225967,train
185134,train
177075,train
167991,train
201370,train
202307,train
174743,train
223059,train
176821,train
174496,train
175028,train
223082,train
171751,train
219451,train
221930,train
122987,train
125418,train
200930,train
182374,train
137103,train
220465,train
224026,train
173861,train
208382,train
186454,train
219687,train
174294,train
221529,train
182566,train
194910,train
184298,train
202860,train
194706,train
182774,train
205633,train
177586,train
210813,train
184193,train
184286,train
190680,train
185548,train
133832,train
225863,train
176802,train
185202,train
117809,train
193568,train
181033,train
201977,train
181593,train
227030,train
189291,train
220053,train
174643,train
178655,train
186748,train
206492,train
172036,train
211250,train
201337,train
171913,train
188439,train
214975,train
184665,train
222366,train
123182,train
169777,train
208014,train
181982,train
184934,train
166954,train
168152,train
220328,train
200568,train
196974,train
180689,train
138177,train
224482,train
170394,train
188131,train
196117,train
178872,train
182521,train
179239,train
150709,train
174750,train
196242,train
224195,train
131390,train
218256,train
220139,train
220866,train
190699,train
187887,train
182242,train
223797,train
121930,train
218449,train
190064,train
196723,train
127565,train
177650,train
193827,train
173095,train
192560,train
208686,train
178927,train
222563,train
219467,train
226330,train
190929,train
220137,train
177724,train
184819,train
175030,train
219083,train
220038,train
190573,train
204973,train
209719,train
224254,train
223354,train
188134,train
213207,train
188405,train
206575,train
227211,train
174328,train
121027,train
225974,train
224456,train
186485,train
219549,train
220841,train
211981,train
196517,train
173517,train
219115,train
188179,train
153023,train
201683,train
212587,train
198772,train
188313,train
180316,train
207923,train
122698,train
220161,train
188142,train
185440,train
224472,train
212658,train
211230,train
208489,train
172814,train
119821,train
189969,train
179051,train
211949,train
176189,train
124750,train
176358,train
171384,train
219872,train
203153,train
189117,train
199753,train
197105,train
180634,train
222358,train
190490,train
138974,train
172903,train
127907,train
179621,train
206126,train
169156,train
182268,train
121237,train
183600,train
188299,train
189761,train
175690,train
221536,train
178513,train
217819,train
224670,train
205844,train
185289,train
184795,train
184727,train
123439,train
200916,train
201891,train
222114,train
178453,train
178971,train
185559,train
221833,train
211448,train
181930,train
150460,train
152144,train
190662,train
197722,train
184642,train
189015,train
187252,train
202016,train
184416,train
180048,train
211641,train
177478,train
205869,train
153144,train
190015,train
184429,train
202277,train
186890,train
96822,train
183721,train
138071,train
122190,train
200139,train
218980,train
203422,train
182123,train
190334,train
180916,train
185806,train
195133,train
226388,train
223227,train
219416,train
219249,train
176226,train
203159,train
192751,train
207215,train
220690,train
188773,train
188412,train
180920,train
184985,train
219308,train
182657,train
205428,train
185164,train
186364,train
222522,train
185906,train
146412,train
222847,train
226272,train
172806,train
209630,train
185816,train
177952,train
123689,train
118649,train
172661,train
205467,train
201772,train
212077,train
189865,train
223370,train
199875,train
181143,train
193863,train
186265,train
184697,train
169752,train
220216,train
171975,train
198820,train
221348,train
205057,train
175698,train
194725,train
174486,train
185153,train
218444,train
200910,train
212022,train
179053,train
175472,train
166110,train
140067,train
201709,train
174406,train
177067,train
187830,train
185325,train
186436,train
207615,train
220544,train
199452,train
217970,train
183667,train
190221,train
187050,train
169528,train
174719,train
213140,train
167876,train
222436,train
191070,train
188955,train
123278,train
192571,train
147466,train
169121,train
209640,train
130992,train
223070,train
191618,train
206505,train
173033,train
173263,train
174491,train
172212,train
173524,train
179115,train
186098,train
195622,train
172477,train
200089,train
126576,train
224332,train
184394,train
206745,train
209921,train
191559,train
125505,train
225027,train
184662,train
175001,train
223241,train
193585,train
217815,train
176932,train
225121,train
185694,train
227735,train
194701,train
177681,train
208711,train
173074,train
184867,train
187004,train
184643,train
179723,train
185553,train
215242,train
186080,train
105339,train
190775,train
145404,train
180951,train
172916,train
223569,train
186480,train
101950,train
178791,train
181177,train
178939,train
177560,train
121608,train
184047,train
203710,train
195518,train
187595,train
182545,train
212309,train
227212,train
123370,train
179661,train
140946,train
178675,train
172448,train
198798,train
174508,train
172194,train
119279,train
120470,train
171082,train
143419,train
186999,train
186420,train
137415,train
191629,train
208204,train
190020,train
196444,train
193561,train
138516,train
183875,train
204661,train
202669,train
177014,train
195095,train
176669,train
224143,train
187381,train
223650,train
191265,train
186773,train
182076,train
191805,train
182967,train
214442,train
218490,train
214955,train
205740,train
181659,train
199587,train
185025,train
178614,train
186549,train
136791,train
199136,train
178434,train
188431,train
183223,train
177275,train
182680,train
175460,train
227497,train
223780,train
188708,train
199610,train
174846,train
212248,train
186994,train
192252,train
197137,train
201169,train
225002,train
175272,train
193494,train
182126,train
174844,train
193939,train
223498,train
93275,train
196925,train
212588,train
219469,train
178340,train
117940,train
200993,train
172593,train
201196,train
207716,train
181261,train
220034,train
179123,train
221569,train
175663,train
178777,train
176762,train
173673,train
219802,train
181095,train
185364,train
94132,train
180955,train
199197,train
178433,train
185272,train
206191,train
192635,train
202022,train
181005,train
185865,train
93579,train
204697,train
174439,train
201521,train
177729,train
219375,train
180382,train
180992,train
176679,train
180832,train
197079,train
226595,train
196669,train
199710,train
219378,train
126708,train
196917,train
201720,train
222375,train
183740,train
223422,train
186279,train
188417,train
172205,train
227797,train
199183,train
224282,train
212281,train
123627,train
194625,train
219040,train
138101,train
193458,train
220374,train
184745,train
207185,train
180667,train
130774,train
227557,train
189564,train
190612,train
177327,train
193287,train
125988,train
220875,train
187248,train
176570,train
201516,train
187729,train
202743,train
212403,train
199172,train
178923,train
125380,train
220434,train
203214,train
199185,train
204604,train
184935,train
176455,train
190451,train
185771,train
186837,train
185994,train
201568,train
222274,train
192742,train
224014,train
223966,train
208524,train
179076,train
223611,train
182596,train
184765,train
190784,train
204692,train
193596,train
122700,train
126772,train
220349,train
173327,train
186404,train
227077,train
218095,train
202815,train
173146,train
179844,train
181221,train
206838,train
185287,train
173610,train
181325,train
219677,train
184340,train
221420,train
216316,train
180406,train
122255,train
225943,train
221318,train
166055,train
200928,train
185383,train
225108,train
193298,train
183338,train
199408,train
122985,train
169289,train
171343,train
200504,train
195162,train
206877,train
219562,train
224292,train
225862,train
180702,train
186987,train
221821,train
177204,train
180867,train
108647,train
176172,train
193396,train
127546,train
89192,train
166884,train
205650,train
206669,train
208555,train
206960,train
177090,train
189501,train
105806,train
184426,train
206723,train
174834,train
178684,train
226767,train
93709,train
226386,train
174531,train
171616,train
177769,train
201717,train
101930,train
179486,train
168149,train
173566,train
221144,train
193584,train
174776,train
138567,train
221697,train
199597,train
190063,train
200716,train
180133,train
196888,train
174687,train
173097,train
208169,train
200896,train
206522,train
109482,train
212491,train
171757,train
173557,train
118604,train
174903,train
180511,train
223883,train
130811,train
171922,train
196954,train
184457,train
182603,train
198329,train
176751,train
189076,train
173396,train
194888,train
172162,train
199508,train
217224,train
223641,train
175548,train
220628,train
218999,train
218485,train
175283,train
193981,train
188452,train
223784,train
119990,train
193572,train
175588,train
122039,train
186950,train
181306,train
221661,train
214721,train
222827,train
192408,train
222284,train
220344,train
184945,train
173032,train
178834,train
178615,train
179244,train
194833,train
218432,train
123269,train
218397,train
212655,train
174431,train
205395,train
204581,train
167691,train
180360,train
192795,train
177366,train
185349,train
173666,train
211377,train
220262,train
183932,train
175197,train
185129,train
183625,train
176249,train
221248,train
184607,train
174484,train
170738,train
184213,train
175477,train
203333,train
120473,train
133590,train
182054,train
181547,train
222729,train
195128,train
119234,train
207204,train
188542,train
188588,train
179558,train
177984,train
179354,train
180636,train
175830,train
207850,train
214708,train
218916,train
175817,train
220820,train
176650,train
201517,train
166266,train
182872,train
214632,train
167774,train
176806,train
207560,train
223921,train
211327,train
224212,train
191591,train
188224,train
118629,train
200628,train
201212,train
178888,train
210159,train
207530,train
100652,train
196857,train
224347,train
122103,train
187976,train
169102,train
186500,train
122632,train
184388,train
179667,train
204696,train
219976,train
201985,train
187012,train
199654,train
220377,train
184464,train
180002,train
181767,train
171873,train
183358,train
175312,train
201401,train
145414,train
118461,train
181149,train
121543,train
201276,train
189034,train
196656,train
120014,train
171314,train
178156,train
188005,train
187765,train
188568,train
183378,train
202061,train
222384,train
179318,train
198395,train
182039,train
220408,train
189965,train
209633,train
180681,train
204711,train
172701,train
180706,train
178247,train
205857,train
205616,train
98760,train
198655,train
192789,train
147090,train
146488,train
186439,train
209181,train
174414,train
183090,train
187650,train
172226,train
205778,train
195161,train
225031,train
224371,train
203379,train
208179,train
226683,train
144733,train
196667,train
101956,train
173361,train
190690,train
184660,train
211745,train
200892,train
181595,train
208547,train
187091,train
120299,train
174299,train
171865,train
171765,train
213727,train
195185,train
177542,train
173826,train
186370,train
177748,train
177956,train
174726,train
211852,train
221806,train
224658,train
212255,train
219439,train
175726,train
197460,train
224219,train
130989,train
187136,train
167843,train
219838,train
192182,train
226983,train
220177,train
221408,train
179848,train
145403,train
175884,train
203100,train
145472,train
221021,train
181759,train
189816,train
190211,train
213479,train
223508,train
168633,train
180841,train
204777,train
171600,train
195032,train
214334,train
167841,train
199488,train
199596,train
136916,train
178735,train
216153,train
198611,train
181387,train
185785,train
183054,train
227560,train
184411,train
197002,train
134293,train
190151,train
176365,train
191280,train
185407,train
180938,train
166915,train
223917,train
174336,train
176076,train
182333,train
218964,train
195289,train
211525,train
193567,train
186283,train
219492,train
188893,train
182513,train
221482,train
187821,train
179158,train
192887,train
173098,train
173907,train
183340,train
188217,train
196943,train
221932,train
223756,train
179466,train
227441,train
187912,train
139610,train
183850,train
127636,train
222491,train
199182,train
96421,train
186520,train
205819,train
207447,train
173891,train
182188,train
174790,train
190043,train
199931,train
223680,train
201723,train
190203,train
199626,train
178471,train
178482,train
193779,train
190611,train
130722,train
178782,train
211450,train
129855,train
186840,train
190523,train
219695,train
183127,train
201278,train
178416,train
224175,train
224281,train
137307,train
222458,train
224003,train
176246,train
185412,train
100009,train
177572,train
185218,train
177775,train
184408,train
193480,train
197344,train
180693,train
205632,train
209677,train
169487,train
175583,train
206783,train
176041,train
212250,train
199640,train
196918,train
138524,train
124650,train
175216,train
225892,train
194769,train
192799,train
226382,train
189776,train
214768,train
219345,train
180962,train
182370,train
183252,train
224376,train
222512,train
121929,train
190588,train
191533,train
188103,train
182197,train
173298,train
170145,train
201536,train
191012,train
194156,train
172574,train
220213,train
211244,train
220039,train
180775,train
191016,train
205910,train
175712,train
203457,train
120339,train
179143,train
192384,train
179867,train
185775,train
182613,train
199500,train
202956,train
214693,train
143728,train
150801,train
137943,train
196919,train
222528,train
191890,train
220414,train
171935,train
192401,train
182505,train
203264,train
195775,train
179449,train
208369,train
176003,train
175601,train
221957,train
191141,train
188215,train
178552,train
186827,train
190507,train
219656,train
173476,train
178804,train
196676,train
179689,train
222219,train
180214,train
197391,train
174048,train
173784,train
220486,train
218491,train
185176,train
180944,train
222494,train
184052,train
208654,train
173022,train
171472,train
222184,train
185992,train
181725,train
188438,train
125562,train
109128,train
206138,train
182874,train
206373,train
181601,train
176276,train
190807,train
197543,train
172612,train
200303,train
203741,train
184991,train
195531,train
195120,train
181304,train
176868,train
137199,train
181348,train
202357,train
226990,train
122965,train
196362,train
181535,train
184354,train
197015,train
227122,train
219410,train
200771,train
175014,train
202679,train
179530,train
198570,train
181038,train
216561,train
180814,train
184361,train
186304,train
170962,train
219617,train
143323,train
196475,train
180615,train
146489,train
188328,train
169888,train
144208,train
200884,train
175670,train
173431,train
223550,train
192095,train
188320,train
187560,train
176972,train
203052,train
206195,train
223467,train
181652,train
181672,train
105467,train
205532,train
182668,train
190103,train
223060,train
189128,train
175641,train
196995,train
196982,train
191558,train
169132,train
185137,train
198244,train
194697,train
175988,train
125536,train
127901,train
165922,train
212303,train
178978,train
126082,train
137417,train
174964,train
206415,train
181551,train
211194,train
188156,train
197282,train
214951,train
172950,train
180564,train
142630,train
178592,train
168185,train
175218,train
181580,train
182534,train
178019,train
179006,train
181083,train
212224,train
142489,train
198760,train
178520,train
166008,train
205556,train
216167,train
224603,train
195306,train
182450,train
201471,train
196270,train
125471,train
198331,train
178404,train
176623,train
193544,train
184164,train
146815,train
184492,train
172894,train
211347,train
195906,train
189430,train
206666,train
124849,train
207106,train
212549,train
181898,train
219531,train
128307,train
189575,train
221812,train
172921,train
207456,train
137607,train
79656,train
200623,train
218751,train
197107,train
176340,train
182578,train
173203,train
181976,train
183936,train
213040,train
211718,train
189502,train
196859,train
169087,train
186965,train
212599,train
182558,train
208181,train
173108,train
193339,train
221566,train
206489,train
193647,train
183240,train
200205,train
222132,train
192815,train
196720,train
177530,train
185800,train
217827,train
179014,train
206821,train
187518,train
179453,train
169301,train
219368,train
189305,train
175581,train
198433,train
220310,train
177522,train
124718,train
126164,train
186885,train
197949,train
227493,train
221731,train
186061,train
180465,train
173366,train
199768,train
183401,train
220094,train
181670,train
192097,train
175193,train
186297,train
222958,train
198005,train
199608,train
227489,train
211834,train
224073,train
192411,train
166892,train
222515,train
178568,train
129755,train
93776,train
207335,train
176647,train
203272,train
224498,train
187373,train
203671,train
199929,train
227039,train
218970,train
179329,train
127905,train
193721,train
223394,train
144970,train
184779,train
220288,train
208961,train
223189,train
129996,train
188322,train
205590,train
176044,train
209900,train
222762,train
185493,train
209047,train
219238,train
180897,train
185810,train
208570,train
189379,train
128070,train
214617,train
178697,train
194620,train
122059,train
176375,train
199007,train
201408,train
137411,train
220425,train
223204,train
175279,train
204790,train
179782,train
185055,train
224134,train
218742,train
181114,train
185676,train
205993,train
187364,train
175108,train
112542,train
173919,train
226402,train
183763,train
219062,train
184718,train
223474,train
178215,train
137950,train
184206,train
196597,train
183132,train
188734,train
217231,train
221689,train
181212,train
118645,train
214059,train
172796,train
193625,train
227007,train
220783,train
100574,train
214712,train
193616,train
185130,train
185181,train
202413,train
185205,train
185841,train
172652,train
201310,train
220807,train
209073,train
175648,train
194654,train
178388,train
217790,train
175355,train
187928,train
120141,train
126904,train
191549,train
181683,train
167728,train
183597,train
201501,train
102030,train
186463,train
181176,train
99841,train
174980,train
171852,train
125700,train
200116,train
198213,train
178723,train
178587,train
187237,train
188140,train
174771,train
225298,train
189779,train
174052,train
227479,train
165991,train
206343,train
179237,train
192803,train
182017,train
223988,train
204704,train
224777,train
179982,train
180451,train
178151,train
171154,train
207712,train
224497,train
198204,train
145450,train
181805,train
186248,train
133598,train
221993,train
194646,train
228044,train
121236,train
225549,train
211183,train
214604,train
178020,train
211522,train
194736,train
174306,train
133609,train
221953,train
227338,train
127344,train
192592,train
173725,train
117844,train
222149,train
120392,train
207583,train
182262,train
227215,train
184562,train
195498,train
145249,train
187242,train
183674,train
204921,train
215059,train
122630,train
150299,train
174874,train
187018,train
192256,train
222614,train
179581,train
184212,train
205853,train
172505,train
173904,train
200610,train
194634,train
175280,train
202476,train
201462,train
176501,train
173778,train
102044,train
222532,train
207206,train
197329,train
221762,train
178349,train
179057,train
194031,train
202861,train
93568,train
203124,train
222208,train
206717,train
184345,train
176245,train
176615,train
224460,train
183506,train
218552,train
205729,train
175386,train
205719,train
211519,train
189772,train
180756,train
210577,train
180506,train
183411,train
221748,train
186254,train
219409,train
123265,train
220386,train
177539,train
127736,train
182716,train
187841,train
214741,train
181131,train
178334,train
201375,train
193546,train
145315,train
98761,train
186818,train
194170,train
227801,train
93523,train
224052,train
192594,train
223764,train
220648,train
199445,train
188692,train
179761,train
193671,train
203395,train
184446,train
201207,train
211389,train
181121,train
216060,train
194717,train
177807,train
222131,train
214309,train
209867,train
183325,train
203257,train
181453,train
192890,train
199338,train
222562,train
181224,train
202821,train
203704,train
185360,train
211220,train
176589,train
195015,train
205406,train
226988,train
172646,train
222298,train
169482,train
180151,train
167307,train
184694,train
190584,train
217821,train
201567,train
206670,train
196705,train
185537,train
175878,train
187947,train
209930,train
175412,train
174046,train
177553,train
167688,train
179073,train
180789,train
127929,train
203538,train
183714,train
198303,train
189115,train
227387,train
193816,train
190072,train
186051,train
150836,train
188810,train
134762,train
214373,train
182863,train
206544,train
169086,train
188109,train
184952,train
188256,train
131565,train
173324,train
189138,train
220393,train
186443,train
205562,train
224156,train
182866,train
166923,train
142866,train
199643,train
192710,train
199564,train
202164,train
174374,train
192206,train
226157,train
222554,train
184572,train
168350,train
137020,train
172387,train
129897,train
127332,train
170987,train
175268,train
174868,train
183599,train
194158,train
173785,train
223046,train
227333,train
185260,train
202745,train
181279,train
218260,train
172855,train
179591,train
174185,train
173708,train
186883,train
177989,train
181967,train
214738,train
220819,train
219239,train
183235,train
176237,train
180083,train
182600,train
179097,train
224374,train
128816,train
190345,train
189362,train
207025,train
96400,train
226731,train
134229,train
208185,train
211725,train
202255,train
195180,train
188531,train
180733,train
175357,train
187507,train
199133,train
203258,train
186027,train
187620,train
186245,train
167351,train
173248,train
183628,train
182366,train
189833,train
195181,train
199420,train
179555,train
194160,train
222128,train
196793,train
175316,train
220463,train
201188,train
209409,train
181848,train
203386,train
212311,train
190928,train
175053,train
201604,train
196572,train
226167,train
218905,train
175615,train
201321,train
137414,train
178158,train
227277,train
196797,train
226686,train
119281,train
177238,train
145464,train
195122,train
200114,train
196509,train
191658,train
201524,train
198380,train
127094,train
181345,train
192772,train
187600,train
222119,train
176190,train
183303,train
172844,train
193681,train
220576,train
203352,train
195817,train
92727,train
223446,train
177298,train
189497,train
199660,train
221820,train
175574,train
227390,train
227205,train
200136,train
217754,train
129863,train
142420,train
218589,train
211508,train
209910,train
109278,train
203620,train
222868,train
205685,train
200605,train
217932,train
223000,train
188476,train
192868,train
198226,train
151020,train
120289,train
222976,train
197666,train
205852,train
171982,train
175315,train
175395,train
125918,train
183331,train
199877,train
177517,train
223969,train
185656,train
168173,train
186103,train
133611,train
188807,train
193003,train
172018,train
185131,train
177804,train
209308,train
195717,train
172473,train
175954,train
126167,train
188976,train
207089,train
190582,train
176993,train
167339,train
227826,train
212677,train
178478,train
185812,train
218434,train
172539,train
174885,train
174824,train
143009,train
172774,train
226180,train
105616,train
199652,train
126216,train
221998,train
171880,train
208702,train
183433,train
222026,train
118407,train
177291,train
221745,train
186400,train
202346,train
100578,train
179458,train
195777,train
212462,train
202704,train
185379,train
122614,train
186951,train
145212,train
137265,train
178358,train
181401,train
180359,train
186053,train
205462,train
172397,train
196610,train
182517,train
223647,train
183321,train
193363,train
182597,train
172839,train
193621,train
122143,train
203278,train
177228,train
184860,train
190120,train
175492,train
221799,train
198251,train
137256,train
123279,train
197547,train
205383,train
176494,train
142863,train
222615,train
205617,train
197867,train
184223,train
200551,train
172379,train
219511,train
175628,train
183523,train
185275,train
182964,train
183393,train
179719,train
183079,train
180863,train
121528,train
222559,train
219686,train
225343,train
224355,train
183381,train
184865,train
171162,train
208041,train
174617,train
169101,train
197675,train
183425,train
179434,train
183893,train
200564,train
175180,train
184877,train
226971,train
181901,train
155769,train
177483,train
212234,train
217936,train
224579,train
203327,train
195793,train
203156,train
185834,train
219804,train
180422,train
141170,train
211619,train
184902,train
225997,train
201170,train
122447,train
203297,train
220524,train
208790,train
177831,train
227330,train
172819,train
172482,train
225060,train
190204,train
223253,train
175401,train
153518,train
134199,train
195942,train
218753,train
203103,train
219162,train
171558,train
223292,train
172406,train
178958,train
172969,train
169105,train
184918,train
211418,train
167320,train
203291,train
185394,train
199030,train
173094,train
177373,train
224594,train
173828,train
186542,train
172521,train
177050,train
194980,train
211654,train
209621,train
189628,train
199325,train
203017,train
183972,train
206752,train
194264,train
176417,train
174591,train
185659,train
222752,train
182396,train
183585,train
180110,train
188825,train
198002,train
184850,train
220132,train
207377,train
198708,train
121392,train
175114,train
219685,train
172457,train
194153,train
187097,train
206596,train
209981,train
184932,train
196892,train
184487,train
213606,train
214848,train
179371,train
167850,train
126003,train
223576,train
215058,train
188180,train
206491,train
127528,train
125815,train
179457,train
184043,train
194837,train
220078,train
179692,train
199645,train
206368,train
180679,train
188845,train
202512,train
221103,train
182588,train
197695,train
182629,train
172455,train
173848,train
172076,train
198389,train
185385,train
200621,train
189763,train
192654,train
223366,train
226736,train
227651,train
179628,train
179807,train
188724,train
178601,train
166128,train
184831,train
180712,train
179062,train
165981,train
220649,train
186799,train
202100,train
183615,train
203695,train
195111,train
105799,train
136913,train
131123,train
190193,train
185966,train
193728,train
174633,train
227361,train
199320,train
181376,train
198727,train
125985,train
211995,train
126780,train
182769,train
181814,train
175857,train
201515,train
180041,train
172067,train
206540,train
222003,train
226977,train
218019,train
166876,train
122038,train
225118,train
131795,train
222186,train
217817,train
181071,train
187061,train
188977,train
177584,train
205815,train
223212,train
123868,train
177819,train
130130,train
187794,train
185334,train
190215,train
180467,train
171573,train
208976,train
180650,train
175464,train
129278,train
118647,train
200906,train
221229,train
182401,train
177287,train
186952,train
227523,train
176049,train
189489,train
181310,train
194083,train
172470,train
221059,train
168338,train
181640,train
173051,train
176266,train
211358,train
187745,train
178873,train
194626,train
184330,train
166921,train
199758,train
125810,train
207175,train
102269,train
222682,train
106127,train
166882,train
208656,train
197839,train
227551,train
196598,train
179602,train
176697,train
214494,train
177592,train
178716,train
221868,train
202073,train
217972,train
179214,train
202050,train
225028,train
213619,train
168945,train
180910,train
187057,train
183205,train
177232,train
122112,train
211801,train
131277,train
124749,train
137958,train
193294,train
185265,train
218746,train
223690,train
221308,train
200748,train
185249,train
187846,train
168006,train
202283,train
223818,train
205581,train
220731,train
220387,train
195830,train
184578,train
177362,train
180430,train
200459,train
202511,train
182652,train
197672,train
193643,train
184759,train
186280,train
188749,train
122186,train
121927,train
171109,train
177866,train
175751,train
200535,train
174935,train
199129,train
179953,train
167685,train
180802,train
184103,train
170396,train
173313,train
194046,train
222951,train
199150,train
179016,train
147829,train
222244,train
208742,train
184692,train
185734,train
220043,train
184402,train
180999,train
225874,train
225752,train
203284,train
203643,train
171786,train
193012,train
206125,train
219313,train
178352,train
171845,train
168175,train
166918,train
175251,train
180684,train
173279,train
176029,train
185381,train
172027,train
225113,train
184320,train
174056,train
184450,train
214962,train
193916,train
193648,train
184703,train
184822,train
138712,train
171924,train
227799,train
184341,train
224633,train
227339,train
181766,train
137492,train
181356,train
219570,train
211565,train
222354,train
126022,train
192555,train
227863,train
179643,train
177752,train
182439,train
175960,train
204635,train
176257,train
168159,train
179614,train
202185,train
179860,train
177141,train
220303,train
198202,train
143321,train
199104,train
203818,train
186636,train
186023,train
175196,train
196994,train
226280,train
206016,train
213119,train
179932,train
182270,train
178841,train
202045,train
173745,train
184627,train
186870,train
179349,train
181052,train
174892,train
209536,train
202052,train
176813,train
219835,train
173239,train
170957,train
177810,train
223052,train
227121,train
175568,train
182486,train
177485,train
225022,train
195006,train
185212,train
171108,train
191303,train
190801,train
175893,train
219074,train
201320,train
173748,train
185247,train
133592,train
174984,train
213653,train
128761,train
165921,train
127153,train
139973,train
173008,train
184370,train
221549,train
172143,train
176690,train
219164,train
227158,train
219674,train
136958,train
177294,train
214989,train
146391,train
182329,train
195320,train
183374,train
188058,train
175467,train
182750,train
166960,train
178183,train
137328,train
120303,train
200420,train
182072,train
182915,train
221673,train
127673,train
227085,train
186306,train
200538,train
190205,train
226890,train
205652,train
200547,train
93584,train
191930,train
209420,train
186863,train
174638,train
191484,train
108734,train
175338,train
209538,train
191687,train
187117,train
219349,train
165807,train
172409,train
92759,train
200448,train
177558,train
129346,train
181388,train
182356,train
185804,train
181042,train
186558,train
222963,train
177828,train
181314,train
190245,train
134655,train
179037,train
185557,train
188801,train
177219,train
212670,train
178111,train
192747,train
181508,train
187385,train
181302,train
172980,train
172942,train
189894,train
197991,train
221442,train
201485,train
121939,train
211256,train
177557,train
205624,train
180585,train
177323,train
183950,train
205798,train
222273,train
199166,train
196884,train
181045,train
201413,train
175598,train
178292,train
180927,train
200449,train
212277,train
221020,train
206593,train
178084,train
218547,train
137094,train
205916,train
191555,train
92711,train
177613,train
222613,train
125612,train
131269,train
200516,train
203895,train
204610,train
196148,train
174519,train
172453,train
175956,train
179869,train
133686,train
138069,train
207942,train
209417,train
202084,train
206590,train
226908,train
207569,train
202006,train
222760,train
176180,train
214386,train
189219,train
221201,train
173920,train
223697,train
179178,train
177665,train
199487,train
191673,train
170404,train
139921,train
221707,train
220440,train
201348,train
181654,train
170975,train
167525,train
184368,train
183509,train
213471,train
227254,train
224467,train
127576,train
183716,train
183677,train
187933,train
173404,train
176839,train
195139,train
180505,train
187885,train
222708,train
180844,train
174189,train
205013,train
205448,train
196835,train
124954,train
175917,train
188761,train
197856,train
185149,train
201332,train
137037,train
221613,train
219527,train
184975,train
194172,train
124335,train
200128,train
180780,train
137314,train
176047,train
186025,train
207940,train
220839,train
189225,train
207462,train
191624,train
177744,train
183256,train
182592,train
218441,train
203080,train
127548,train
187403,train
184758,train
178701,train
201024,train
195925,train
201675,train
175905,train
175508,train
176323,train
179385,train
203468,train
222782,train
199553,train
187801,train
222249,train
180711,train
223949,train
207212,train
222213,train
193617,train
189122,train
182778,train
171775,train
177439,train
180403,train
202288,train
184277,train
174894,train
193000,train
196777,train
197874,train
183012,train
210250,train
150321,train
178517,train
195885,train
225897,train
120882,train
207617,train
198359,train
170989,train
182069,train
193679,train
200537,train
184772,train
97397,train
173592,train
172770,train
186795,train
201805,train
175064,train
192220,train
202702,train
222227,train
208156,train
214626,train
179165,train
200926,train
197531,train
98748,train
99848,train
226273,train
184434,train
224060,train
178693,train
195121,train
185739,train
186961,train
223933,train
198399,train
226302,train
219445,train
175211,train
184966,train
221902,train
202188,train
193417,train
174045,train
127723,train
227344,train
184928,train
184982,train
183329,train
187795,train
186791,train
223074,train
184310,train
222053,train
175760,train
214978,train
92797,train
205664,train
200904,train
171971,train
198511,train
221406,train
202079,train
183188,train
187017,train
119572,train
179471,train
200498,train
194905,train
170512,train
203666,train
187265,train
219122,train
220375,train
214979,train
190802,train
225009,train
189037,train
209535,train
177674,train
207807,train
198346,train
193346,train
218264,train
195137,train
225024,train
200481,train
182531,train
221561,train
175448,train
189775,train
182611,train
189360,train
222598,train
192801,train
95959,train
198946,train
155761,train
178511,train
221880,train
204818,train
137091,train
181170,train
222503,train
221696,train
200753,train
203654,train
179783,train
191615,train
149694,train
195541,train
196647,train
183945,train
199179,train
187355,train
208869,train
175342,train
184664,train
96405,train
200015,train
167835,train
181886,train
186804,train
215787,train
196933,train
175008,train
182011,train
227733,train
180499,train
192957,train
176684,train
188488,train
173605,train
212888,train
188330,train
202634,train
204864,train
220206,train
172750,train
180574,train
221009,train
183377,train
186898,train
206730,train
195063,train
223152,train
155793,train
195736,train
221962,train
184742,train
174637,train
177895,train
125812,train
182058,train
177515,train
197907,train
181983,train
203415,train
174533,train
201301,train
186868,train
174042,train
197702,train
172245,train
199149,train
174513,train
221766,train
191151,train
173759,train
188913,train
172511,train
200154,train
177358,train
182002,train
211251,train
223648,train
200512,train
174925,train
203439,train
199503,train
167481,train
186097,train
197349,train
173689,train
192627,train
225822,train
198720,train
180912,train
179951,train
183692,train
200630,train
181225,train
124227,train
186908,train
195654,train
188519,train
131124,train
195772,train
144160,train
179575,train
126025,train
194605,train
126087,train
222396,train
222930,train
226447,train
186489,train
222487,train
215015,train
194700,train
190058,train
173832,train
176232,train
198578,train
227105,train
197502,train
178514,train
130979,train
220721,train
228135,train
193874,train
182031,train
189760,train
167765,train
172263,train
198562,train
209210,train
205656,train
175759,train
200016,train
171760,train
186949,train
178766,train
180890,train
207880,train
178286,train
184363,train
175888,train
180111,train
211451,train
200077,train
194518,train
182590,train
176198,train
217984,train
174615,train
122532,train
226381,train
181459,train
217985,train
186244,train
207080,train
190270,train
188491,train
149430,train
173185,train
183316,train
171868,train
145246,train
224137,train
194149,train
199173,train
211132,train
185266,train
176428,train
196812,train
196850,train
199754,train
221012,train
226290,train
126585,train
190761,train
204797,train
226772,train
202494,train
184095,train
222311,train
224144,train
187608,train
180330,train
190370,train
222150,train
188038,train
223420,train
165893,train
209645,train
178439,train
175038,train
201231,train
172631,train
221978,train
178881,train
184191,train
173510,train
199181,train
206671,train
208701,train
152211,train
208188,train
226676,train
204344,train
178992,train
180021,train
176987,train
180805,train
179425,train
181374,train
166959,train
203146,train
206814,train
184138,train
131013,train
198662,train
173823,train
118723,train
179380,train
176418,train
171782,train
181315,train
176425,train
180542,train
178466,train
207556,train
183245,train
179576,train
200870,train
171983,train
189197,train
172861,train
131128,train
186106,train
187879,train
186294,train
224620,train
221979,train
210822,train
188534,train
179668,train
188831,train
218752,train
175234,train
219003,train
176392,train
186793,train
181476,train
195064,train
185204,train
179642,train
181157,train
170948,train
118488,train
200888,train
203207,train
180439,train
202858,train
215024,train
172319,train
226026,train
181077,train
193131,train
219968,train
118675,train
181791,train
177908,train
189470,train
203168,train
171979,train
169163,train
223163,train
127572,train
200269,train
214748,train
221294,train
145398,train
183310,train
194904,train
170994,train
182682,train
190318,train
178245,train
222934,train
126166,train
194215,train
196605,train
193565,train
120334,train
122880,train
186380,train
194925,train
225556,train
185092,train
194664,train
203382,train
172426,train
189843,train
178679,train
219240,train
217889,train
187868,train
205512,train
182546,train
191553,train
196867,train
222927,train
118780,train
150788,train
183613,train
118669,train
175414,train
186643,train
179141,train
220174,train
189120,train
218154,train
204994,train
181318,train
172105,train
180489,train
208554,train
180697,train
185777,train
190664,train
183462,train
175328,train
177626,train
222846,train
179660,train
194692,train
173594,train
208550,train
183797,train
191362,train
181445,train
199580,train
202930,train
92780,train
169550,train
203192,train
183905,train
201258,train
150320,train
181451,train
206577,train
177466,train
218937,train
189256,train
203729,train
185396,train
187820,train
146367,train
227690,train
167693,train
177527,train
145254,train
130560,train
209141,train
191595,train
194616,train
191963,train
92705,train
180966,train
206501,train
199492,train
174014,train
147101,train
202294,train
221825,train
196618,train
221100,train
172802,train
181734,train
146465,train
204791,train
207290,train
175885,train
176145,train
176255,train
228143,train
216545,train
180221,train
204805,train
223071,train
103648,train
200718,train
180846,train
193412,train
220098,train
197222,train
172606,train
204705,train
183260,train
184563,train
117783,train
173552,train
195012,train
223580,train
197953,train
179901,train
181497,train
214354,train
225122,train
175019,train
221935,train
188637,train
177830,train
196495,train
196826,train
196258,train
223400,train
180848,train
203637,train
182526,train
119871,train
187911,train
221421,train
222950,train
195429,train
172597,train
195007,train
181727,train
169998,train
186953,train
200971,train
181329,train
202287,train
183017,train
221532,train
227218,train
186072,train
180771,train
203440,train
205774,train
201971,train
222165,train
198814,train
185169,train
206372,train
125450,train
178470,train
176415,train
219635,train
203283,train
137330,train
205584,train
198937,train
196899,train
222630,train
131145,train
193684,train
220446,train
228193,train
197761,train
192293,train
224035,train
195053,train
176857,train
181340,train
176469,train
185242,train
219797,train
181519,train
134662,train
226726,train
208165,train
200865,train
186806,train
168125,train
205427,train
199264,train
179906,train
181150,train
191366,train
171752,train
227669,train
186884,train
184369,train
202920,train
178180,train
194146,train
221585,train
172867,train
168780,train
192396,train
181166,train
179359,train
181094,train
188223,train
184451,train
188323,train
203668,train
181907,train
174446,train
171619,train
176610,train
200169,train
173430,train
201535,train
196124,train
193551,train
205661,train
200541,train
174816,train
125994,train
196825,train
186062,train
195559,train
184146,train
202369,train
176458,train
180446,train
188440,train
189254,train
176456,train
208960,train
220032,train
212498,train
176347,train
102608,train
153148,train
225339,train
185873,train
222233,train
203150,train
145720,train
97528,train
192135,train
138672,train
221548,train
166929,train
202145,train
178199,train
196927,train
198462,train
173013,train
195745,train
223623,train
218953,train
222028,train
212468,train
202404,train
173593,train
183788,train
186331,train
194261,train
227653,train
180208,train
174193,train
179927,train
217968,train
179427,train
221816,train
209689,train
179229,train
200356,train
201397,train
181829,train
210623,train
191901,train
186985,train
179233,train
198548,train
174075,train
222594,train
180703,train
178709,train
218481,train
211651,train
223142,train
201607,train
223418,train
208388,train
121294,train
193802,train
176421,train
211379,train
191590,train
218981,train
185035,train
223510,train
171103,train
182000,train
176860,train
182847,train
205003,train
199491,train
195614,train
176832,train
182114,train
222739,train
195010,train
174480,train
222000,train
168127,train
220546,train
178678,train
187346,train
176451,train
137338,train
189602,train
222365,train
204084,train
191727,train
191367,train
181744,train
189496,train
206036,train
189040,train
98091,train
202972,train
192246,train
221968,train
223568,train
193302,train
187261,train
223858,train
218744,train
182091,train
217638,train
218483,train
197693,train
223755,train
191929,train
174573,train
186422,train
218977,train
200419,train
120424,train
131573,train
218216,train
191298,train
214196,train
218938,train
186410,train
201512,train
224634,train
175935,train
223814,train
130483,train
194640,train
177317,train
171947,train
209678,train
192754,train
214734,train
125809,train
179136,train
184110,train
223955,train
141593,train
124711,train
188073,train
219585,train
223036,train
126233,train
176638,train
222967,train
199613,train
131031,train
193553,train
185984,train
208979,train
189471,train
227848,train
194303,train
181126,train
191160,train
183990,train
192500,train
179474,train
171338,train
176769,train
179886,train
96958,train
181496,train
203645,train
202466,train
219975,train
206805,train
184147,train
185963,train
124861,train
184646,train
80439,train
118651,train
150839,train
220865,train
182726,train
131035,train
192118,train
198733,train
198384,train
178976,train
183904,train
166695,train
198539,train
183328,train
179850,train
192037,train
173290,train
184888,train
179989,train
180186,train
224033,train
181043,train
221841,train
127311,train
124244,train
125615,train
182324,train
223153,train
205592,train
119402,train
148926,train
179624,train
180680,train
219904,train
175141,train
220097,train
118395,train
92778,train
185713,train
187114,train
200580,train
130978,train
227359,train
222420,train
225346,train
176210,train
222287,train
196887,train
185147,train
180556,train
179011,train
175961,train
177227,train
212205,train
207082,train
221814,train
223185,train
176708,train
179648,train
110516,train
223571,train
182482,train
209414,train
180031,train
191250,train
178546,train
181942,train
187368,train
136964,train
174310,train
202273,train
207451,train
174424,train
221792,train
174497,train
171360,train
222731,train
172517,train
203617,train
208022,train
227204,train
222191,train
180931,train
218774,train
222899,train
170038,train
174767,train
221965,train
179938,train
193045,train
188507,train
191923,train
212007,train
197234,train
174451,train
193108,train
181220,train
198010,train
209927,train
187869,train
200432,train
188536,train
177867,train
180546,train
173732,train
171572,train
173680,train
176184,train
166061,train
119328,train
220728,train
179024,train
192253,train
184192,train
144066,train
200513,train
167354,train
203042,train
187501,train
190225,train
199714,train
171527,train
227662,train
181181,train
180678,train
171455,train
176407,train
209990,train
183727,train
181890,train
121727,train
185565,train
223369,train
127687,train
175945,train
193575,train
179622,train
192546,train
223039,train
221301,train
204717,train
172167,train
173589,train
207689,train
200595,train
191897,train
179862,train
200495,train
205547,train
165891,train
180606,train
175466,train
125469,train
187349,train
130765,train
221651,train
130562,train
188046,train
188497,train
183471,train
120365,train
127334,train
171946,train
133584,train
198783,train
215427,train
172671,train
220092,train
226733,train
189788,train
186116,train
185566,train
188767,train
175623,train
124216,train
193537,train
219885,train
122710,train
179942,train
172395,train
188203,train
178249,train
183070,train
190703,train
124862,train
196883,train
165978,train
178921,train
194724,train
134971,train
186018,train
222999,train
220271,train
202078,train
180545,train
176261,train
175173,train
183642,train
205398,train
176877,train
118613,train
175170,train
169624,train
202104,train
199482,train
180544,train
93828,train
178942,train
173912,train
219403,train
185225,train
188043,train
187082,train
125555,train
181178,train
190401,train
224538,train
195113,train
187047,train
197139,train
153671,train
199637,train
199691,train
172846,train
116243,train
185281,train
127942,train
200738,train
179572,train
219526,train
191972,train
218907,train
209622,train
190452,train
217593,train
190925,train
178768,train
170501,train
175717,train
185142,train
179101,train
225977,train
206440,train
219581,train
149332,train
221573,train
193541,train
184658,train
207677,train
221389,train
219453,train
179462,train
192211,train
125587,train
194803,train
179162,train
174321,train
184055,train
177230,train
227504,train
198475,train
177802,train
176602,train
138047,train
189293,train
195086,train
130481,train
184657,train
167727,train
224892,train
166933,train
179820,train
219914,train
189260,train
206319,train
197534,train
196695,train
191013,train
221811,train
173388,train
193144,train
202484,train
198341,train
185486,train
190652,train
121023,train
204806,train
185497,train
227210,train
174781,train
175447,train
174861,train
219639,train
185191,train
194990,train
175955,train
127530,train
152627,train
223544,train
209789,train
124316,train
201904,train
176228,train
188719,train
174077,train
173251,train
190035,train
175656,train
227798,train
209982,train
221515,train
195519,train
179907,train
172360,train
136920,train
173935,train
124078,train
177811,train
175009,train
221049,train
186864,train
183218,train
185246,train
223528,train
199541,train
193015,train
187069,train
194689,train
218247,train
101698,train
180562,train
176788,train
117139,train
197267,train
119353,train
178629,train
179368,train
103653,train
182434,train
222304,train
176963,train
169230,train
193430,train
171928,train
185797,train
176737,train
184893,train
227194,train
170959,train
75317,train
193590,train
122978,train
181546,train
192766,train
178748,train
172604,train
178973,train
120279,train
171784,train
118744,train
127175,train
192412,train
196352,train
197564,train
193607,train
172912,train
183736,train
138046,train
179357,train
200603,train
173736,train
213064,train
220036,train
208089,train
185718,train
227368,train
184291,train
202158,train
211993,train
221101,train
186972,train
198506,train
183525,train
174664,train
179926,train
220276,train
206483,train
172244,train
227304,train
168126,train
189278,train
171750,train
175016,train
181180,train
214973,train
189126,train
193429,train
202306,train
212454,train
211401,train
198306,train
190068,train
120306,train
224510,train
183491,train
179750,train
146495,train
184422,train
227515,train
204913,train
209868,train
187109,train
221169,train
173371,train
185301,train
179248,train
182049,train
183354,train
220641,train
227565,train
184275,train
196527,train
188713,train
186064,train
219000,train
183210,train
221864,train
194130,train
211581,train
179128,train
214753,train
205770,train
205384,train
172587,train
224491,train
193886,train
131045,train
190581,train
199666,train
181828,train
123234,train
210572,train
222044,train
227694,train
189027,train
168477,train
188221,train
174783,train
221704,train
83952,train
187973,train
154821,train
189954,train
98750,train
176795,train
174632,train
211449,train
179908,train
126329,train
218664,train
201316,train
221555,train
185607,train
129997,train
224513,train
175161,train
184675,train
172538,train
182173,train
186835,train
207454,train
167892,train
202290,train
201714,train
183220,train
228042,train
197509,train
193715,train
181146,train
119701,train
134661,train
181868,train
183582,train
201739,train
224161,train
181175,train
179334,train
193837,train
172144,train
219691,train
196606,train
173713,train
119480,train
197108,train
209697,train
176603,train
198393,train
192763,train
186505,train
203806,train
118602,train
214388,train
98085,train
137272,train
214351,train
211658,train
185890,train
202201,train
218776,train
219966,train
220481,train
201272,train
176449,train
187665,train
181678,train
123431,train
225952,train
197131,train
175606,train
220000,train
226003,train
175700,train
220325,train
204714,train
216059,train
224412,train
222369,train
192575,train
184786,train
184887,train
199743,train
182996,train
210717,train
179355,train
220662,train
223633,train
220542,train
200020,train
196466,train
224025,train
188136,train
105673,train
186251,train
184777,train
207645,train
175353,train
167350,train
146278,train
93684,train
131737,train
190704,train
187375,train
204633,train
181676,train
195416,train
137267,train
195243,train
200640,train
222324,train
137686,train
221564,train
205390,train
177301,train
179525,train
191383,train
223843,train
177993,train
212481,train
182581,train
201171,train
118562,train
182468,train
209126,train
121550,train
127661,train
199684,train
175085,train
203811,train
125561,train
220081,train
181311,train
175002,train
201160,train
186516,train
223044,train
188793,train
174457,train
128815,train
189604,train
227527,train
227884,train
176818,train
203432,train
223083,train
125805,train
196521,train
184338,train
181667,train
185492,train
184814,train
196097,train
194734,train
207090,train
181647,train
186261,train
176320,train
173942,train
181912,train
209942,train
209398,train
178574,train
175179,train
218168,train
226829,train
178572,train
194638,train
220550,train
185569,train
179851,train
140071,train
169089,train
181875,train
199601,train
207938,train
193338,train
220830,train
188154,train
201113,train
177501,train
81837,train
200949,train
223055,train
197404,train
178733,train
221010,train
205906,train
187495,train
197869,train
185102,train
183511,train
189467,train
197464,train
197665,train
220138,train
195927,train
220443,train
209071,train
166597,train
199243,train
190682,train
209297,train
137332,train
184655,train
221475,train
203121,train
204814,train
189099,train
200619,train
227408,train
201295,train
206045,train
213042,train
175710,train
183313,train
190939,train
178625,train
188003,train
195309,train
223555,train
174627,train
182565,train
174082,train
205909,train
200138,train
175055,train
211659,train
129993,train
187258,train
205817,train
174875,train
201277,train
184309,train
182428,train
222647,train
226419,train
175668,train
123159,train
184638,train
188775,train
222148,train
193554,train
195713,train
172813,train
208537,train
178763,train
174888,train
187084,train
183247,train
222631,train
169094,train
200642,train
122247,train
197513,train
190150,train
120455,train
178591,train
197332,train
194727,train
186373,train
180813,train
224523,train
204765,train
183418,train
188756,train
179866,train
182551,train
182323,train
175258,train
223069,train
219603,train
225258,train
170688,train
130002,train
191960,train
219916,train
227323,train
121352,train
193214,train
166920,train
197323,train
183253,train
101711,train
202297,train
199673,train
213120,train
197186,train
187564,train
170218,train
190171,train
186957,train
187024,train
189363,train
222740,train
224494,train
188091,train
194685,train
184852,train
194993,train
202720,train
227101,train
177533,train
189030,train
208692,train
181148,train
221945,train
173129,train
175861,train
226443,train
222356,train
209180,train
175944,train
198632,train
206619,train
173789,train
180375,train
221879,train
219165,train
217875,train
202069,train
168178,train
180373,train
178738,train
94129,train
194682,train
179945,train
227093,train
224416,train
212295,train
183611,train
171539,train
176195,train
214441,train
90597,train
173840,train
182478,train
215290,train
171436,train
220420,train
92769,train
180104,train
200302,train
211732,train
194623,train
224274,train
227335,train
224593,train
199259,train
190767,train
192262,train
166824,train
203198,train
196078,train
183481,train
221220,train
220769,train
174815,train
211275,train
172380,train
220629,train
201960,train
195119,train
189420,train
175963,train
227084,train
186981,train
187667,train
182063,train
185999,train
128461,train
172478,train
174598,train
173435,train
211554,train
169119,train
176746,train
203554,train
178722,train
203406,train
192550,train
224907,train
180708,train
119327,train
202469,train
174494,train
200663,train
87394,train
176410,train
177593,train
192720,train
191959,train
222765,train
194651,train
200256,train
203505,train
196512,train
197097,train
167698,train
196624,train
178445,train
221267,train
172532,train
214431,train
122213,train
185114,train
182515,train
223630,train
195487,train
122181,train
187949,train
166840,train
184854,train
185430,train
137410,train
183480,train
195774,train
217189,train
213065,train
221236,train
183061,train
185616,train
211408,train
175154,train
172219,train
189589,train
197963,train
130702,train
177307,train
219659,train
208553,train
190269,train
173124,train
222168,train
204548,train
174578,train
202013,train
155424,train
173159,train
188100,train
188883,train
187565,train
128811,train
174094,train
123937,train
185779,train
196895,train
195056,train
197975,train
124792,train
195814,train
200177,train
183918,train
192277,train
224561,train
184737,train
226140,train
186277,train
178424,train
203469,train
176317,train
178450,train
226892,train
220399,train
120461,train
218101,train
188589,train
183937,train
188818,train
183274,train
185470,train
196740,train
192052,train
105654,train
217384,train
220129,train
200514,train
177644,train
190293,train
174727,train
105017,train
172480,train
175787,train
175182,train
155772,train
210833,train
195805,train
199987,train
228153,train
183896,train
203261,train
187834,train
209479,train
224081,train
125557,train
179939,train
205006,train
122262,train
209934,train
188413,train
181258,train
177476,train
171609,train
224151,train
221589,train
207183,train
177818,train
182145,train
171914,train
211796,train
174442,train
185178,train
190590,train
201183,train
200400,train
202672,train
205511,train
193663,train
176767,train
221881,train
199409,train
180973,train
227400,train
224525,train
189764,train
174791,train
224165,train
174699,train
138568,train
211660,train
169024,train
180665,train
179215,train
219591,train
199659,train
150322,train
179494,train
182814,train
127725,train
215730,train
222670,train
222555,train
186933,train
201948,train
227028,train
221616,train
145463,train
223526,train
185768,train
185294,train
123684,train
189006,train
218674,train
219338,train
190163,train
176784,train
185177,train
199675,train
200231,train
185931,train
184729,train
174262,train
226748,train
184720,train
198799,train
197964,train
117885,train
183307,train
222331,train
181232,train
199175,train
185675,train
213219,train
137315,train
180425,train
179983,train
77847,train
181771,train
186353,train
195105,train
196727,train
212720,train
136959,train
187989,train
173787,train
124328,train
188741,train
184343,train
169568,train
200913,train
221943,train
165833,train
184184,train
178859,train
120469,train
183242,train
138096,train
198610,train
202060,train
194495,train
185222,train
191619,train
204059,train
221946,train
105378,train
128319,train
191703,train
133579,train
199933,train
175062,train
191293,train
222319,train
183083,train
205627,train
139102,train
177368,train
196617,train
200548,train
212451,train
222196,train
188172,train
146566,train
184098,train
123235,train
208075,train
187345,train
174437,train
195699,train
180661,train
189546,train
227314,train
97393,train
180940,train
206114,train
146394,train
218176,train
196268,train
224123,train
186396,train
174865,train
179739,train
122048,train
220902,train
173137,train
202733,train
208535,train
172446,train
180193,train
181527,train
183784,train
173076,train
205642,train
178823,train
208871,train
209048,train
192701,train
126147,train
214637,train
223675,train
192102,train
180741,train
186930,train
209871,train
127666,train
183849,train
138651,train
190531,train
179748,train
144620,train
82250,train
190718,train
196791,train
184200,train
205691,train
172963,train
186947,train
210571,train
208404,train
227522,train
180561,train
93673,train
174982,train
126019,train
200199,train
223211,train
201251,train
168188,train
181770,train
167166,train
201448,train
200559,train
171896,train
130555,train
175671,train
150592,train
183348,train
220326,train
218447,train
190219,train
177858,train
189766,train
183191,train
221472,train
203137,train
226759,train
136523,train
189639,train
174543,train
178934,train
125890,train
200805,train
186413,train
219563,train
219980,train
191606,train
225981,train
140238,train
187766,train
97526,train
173611,train
200986,train
93516,train
173147,train
205693,train
220184,train
175206,train
183964,train
200689,train
182817,train
195865,train
182010,train
183064,train
205900,train
227383,train
190746,train
219535,train
220212,train
173774,train
170961,train
227089,train
222707,train
182274,train
176194,train
186479,train
187856,train
150880,train
217494,train
175911,train
196730,train
178761,train
183000,train
173259,train
171949,train
209639,train
187413,train
202734,train
183887,train
212472,train
206771,train
179546,train
200435,train
177541,train
213043,train
221856,train
178383,train
190050,train
180052,train
189596,train
221703,train
178545,train
189146,train
179704,train
216866,train
194253,train
198803,train
197990,train
191163,train
121866,train
218070,train
176712,train
206636,train
201508,train
221720,train
199722,train
222912,train
126899,train
171031,train
186372,train
190187,train
150764,train
137274,train
97512,train
222290,train
203630,train
173260,train
219501,train
122694,train
117857,train
197638,train
92746,train
182595,train
172937,train
182474,train
188147,train
188169,train
182594,train
217716,train
203128,train
176956,train
224574,train
196792,train
186889,train
180477,train
181491,train
170980,train
128812,train
180774,train
206728,train
221658,train
205197,train
219394,train
183346,train
185551,train
203535,train
124208,train
173213,train
171390,train
183638,train
169809,train
214452,train
174108,train
203520,train
169111,train
180020,train
193344,train
221311,train
210567,train
184957,train
183629,train
197554,train
204816,train
212592,train
176352,train
176864,train
174136,train
211433,train
118555,train
138691,train
204706,train
205193,train
185465,train
208359,train
176278,train
136776,train
186644,train
123367,train
189008,train
195175,train
188614,train
179046,train
182878,train
171540,train
194619,train
181685,train
185750,train
125818,train
184282,train
189605,train
192510,train
193006,train
136969,train
200970,train
185889,train
171523,train
145243,train
191511,train
120975,train
92771,train
133701,train
173558,train
184683,train
224064,train
195049,train
226295,train
218974,train
219314,train
173334,train
173391,train
193994,train
198443,train
178226,train
224440,train
189320,train
203099,train
176290,train
212564,train
208486,train
223644,train
202463,train
191146,train
185605,train
181490,train
190337,train
188499,train
124242,train
227782,train
185799,train
187994,train
208193,train
206600,train
137144,train
177738,train
218730,train
184756,train
118773,train
190700,train
222151,train
206506,train
169133,train
182730,train
185610,train
221885,train
197841,train
175015,train
174405,train
125046,train
219366,train
199940,train
190137,train
177311,train
226786,train
201719,train
180669,train
184763,train
176431,train
178950,train
179077,train
209620,train
188768,train
172549,train
224004,train
212091,train
198726,train
199249,train
201096,train
183688,train
178227,train
208622,train
178348,train
181578,train
124881,train
222121,train
178603,train
176164,train
172777,train
168168,train
227727,train
178610,train
202114,train
173908,train
174916,train
174107,train
196526,train
196506,train
193912,train
180964,train
198216,train
222272,train
118558,train
203433,train
180291,train
180815,train
210699,train
125487,train
227341,train
184967,train
172224,train
200103,train
126165,train
218614,train
191485,train
214368,train
172964,train
184912,train
197345,train
227491,train
182713,train
101945,train
171974,train
186054,train
184296,train
222160,train
196587,train
190074,train
192385,train
188000,train
223961,train
182299,train
221303,train
219645,train
198587,train
223827,train
227561,train
190418,train
175212,train
122855,train
200675,train
187929,train
194101,train
140108,train
146379,train
183323,train
222325,train
170592,train
205052,train
198397,train
130784,train
193307,train
119886,train
220767,train
199403,train
145954,train
119108,train
205923,train
200528,train
178829,train
174452,train
224626,train
187203,train
223781,train
142646,train
189945,train
122727,train
206514,train
180782,train
173548,train
224351,train
126838,train
202472,train
198378,train
173453,train
200115,train
222345,train
182410,train
180840,train
203097,train
174730,train
172166,train
122826,train
227534,train
182768,train
177954,train
199504,train
225531,train
188915,train
121611,train
194333,train
187903,train
101701,train
220838,train
209931,train
205133,train
155763,train
209793,train
224007,train
181978,train
175892,train
223249,train
133377,train
219594,train
180536,train
181144,train
183072,train
145741,train
183229,train
205897,train
221202,train
176830,train
198521,train
96027,train
189813,train
203388,train
131742,train
180039,train
172647,train
221838,train
144732,train
174905,train
182427,train
199380,train
194913,train
179527,train
217643,train
204924,train
185599,train
223497,train
223738,train
222676,train
118546,train
224232,train
181160,train
175774,train
222335,train
194928,train
192207,train
181248,train
222052,train
209290,train
181090,train
220054,train
178773,train
93801,train
119699,train
171866,train
125566,train
177778,train
224140,train
201468,train
177829,train
196965,train
198212,train
171895,train
198792,train
181552,train
179856,train
198496,train
182501,train
219665,train
143020,train
200834,train
204842,train
196653,train
205414,train
196600,train
96407,train
187839,train
175844,train
219072,train
178928,train
127301,train
196715,train
219805,train
187785,train
137456,train
219967,train
195044,train
185535,train
223767,train
225112,train
227199,train
220279,train
188230,train
185782,train
202482,train
182571,train
223470,train
215887,train
174722,train
184403,train
191766,train
204700,train
205735,train
195096,train
185241,train
125590,train
182398,train
186996,train
201464,train
203641,train
172663,train
220037,train
210589,train
124820,train
93490,train
200893,train
205553,train
184617,train
203664,train
217726,train
173752,train
226641,train
92775,train
205554,train
177007,train
193845,train
118733,train
189016,train
228144,train
220651,train
124850,train
180829,train
216173,train
179228,train
192821,train
208108,train
185839,train
187798,train
177328,train
208536,train
189043,train
197948,train
166281,train
195157,train
218993,train
184506,train
206355,train
146468,train
185389,train
219356,train
184068,train
173304,train
186441,train
224206,train
227741,train
138068,train
125554,train
200666,train
225013,train
173392,train
173164,train
137422,train
208928,train
222322,train
205436,train
225335,train
222180,train
227657,train
177174,train
118606,train
172834,train
196099,train
206564,train
199036,train
200411,train
182709,train
199619,train
180029,train
177554,train
221583,train
224685,train
134925,train
136918,train
189767,train
202063,train
225577,train
190274,train
198998,train
207683,train
180759,train
153002,train
181764,train
169109,train
181867,train
181915,train
183320,train
173747,train
182875,train
187371,train
173914,train
197720,train
200750,train
181398,train
188012,train
179562,train
199428,train
207929,train
122795,train
191536,train
177506,train
117859,train
187416,train
190752,train
196582,train
169364,train
199617,train
188139,train
171068,train
194992,train
181426,train
206751,train
189432,train
223712,train
180792,train
222058,train
195845,train
221230,train
184407,train
208673,train
220091,train
222051,train
199532,train
181737,train
184771,train
222680,train
195091,train
181264,train
122194,train
227524,train
197875,train
179789,train
197270,train
188972,train
122142,train
182409,train
222608,train
216055,train
187431,train
222539,train
118469,train
174688,train
182422,train
219009,train
224662,train
187046,train
172203,train
124018,train
217830,train
223461,train
222705,train
207272,train
205630,train
188246,train
226811,train
223066,train
200236,train
123927,train
103643,train
206638,train
203183,train
213663,train
177771,train
221665,train
182337,train
202167,train
199996,train
223824,train
183717,train
126227,train
223416,train
206020,train
222021,train
176761,train
200091,train
181782,train
205861,train
205519,train
205407,train
222019,train
194660,train
224288,train
211373,train
179468,train
178486,train
201489,train
125617,train
224018,train
177878,train
175254,train
199592,train
206637,train
180486,train
123534,train
199778,train
192690,train
222445,train
200997,train
105466,train
186242,train
133617,train
205593,train
218463,train
204667,train
226647,train
123436,train
220540,train
176917,train
92801,train
186543,train
122887,train
220705,train
227537,train
182759,train
180047,train
209534,train
189255,train
120567,train
181167,train
122043,train
213061,train
178218,train
171899,train
201181,train
193836,train
181393,train
205879,train
169161,train
155775,train
189890,train
185604,train
225140,train
182332,train
186640,train
184443,train
179925,train
183693,train
124325,train
225363,train
191919,train
168669,train
190492,train
175044,train
222835,train
223230,train
206402,train
203722,train
117869,train
228200,train
174975,train
187251,train
218113,train
218906,train
191969,train
184782,train
183219,train
188050,train
130997,train
176006,train
176409,train
202782,train
184710,train
178731,train
178499,train
214304,train
182498,train
177236,train
203701,train
121403,train
200660,train
206569,train
186924,train
105461,train
182710,train
166009,train
196505,train
178640,train
175953,train
206817,train
101703,train
184347,train
178765,train
187561,train
143103,train
224994,train
200005,train
222851,train
209303,train
136972,train
174067,train
222460,train
179127,train
219166,train
193581,train
184900,train
171546,train
179755,train
198340,train
197634,train
182602,train
171780,train
221684,train
203345,train
166827,train
118432,train
218701,train
174074,train
202468,train
227231,train
189579,train
221794,train
126075,train
175086,train
180826,train
219295,train
203543,train
197457,train
123926,train
191513,train
222677,train
167829,train
182972,train
147081,train
168717,train
201493,train
227533,train
180413,train
199055,train
227016,train
175070,train
179741,train
183157,train
195250,train
176810,train
206749,train
183233,train
181895,train
189996,train
182605,train
146730,train
123213,train
219880,train
200615,train
224568,train
123287,train
173905,train
204584,train
176141,train
200981,train
177796,train
196539,train
178233,train
178535,train
219159,train
185523,train
200003,train
202340,train
172433,train
174341,train
121923,train
189537,train
208959,train
220574,train
185848,train
169653,train
128496,train
196144,train
187249,train
179345,train
196574,train
220722,train
174151,train
186986,train
174956,train
210896,train
224459,train
227535,train
172225,train
189018,train
182572,train
195055,train
175653,train
178460,train
187172,train
137252,train
185609,train
182252,train
216150,train
179952,train
212002,train
173204,train
181902,train
175647,train
140029,train
193545,train
173264,train
132776,train
126040,train
221984,train
217967,train
189944,train
199490,train
143597,train
180648,train
182376,train
174264,train
204038,train
226204,train
219918,train
182080,train
196662,train
183732,train
221334,train
168124,train
204918,train
211378,train
186928,train
176902,train
218707,train
205824,train
100580,train
221950,train
171905,train
200314,train
192497,train
187102,train
188049,train
175147,train
178436,train
201991,train
187347,train
204991,train
193595,train
224654,train
194169,train
183314,train
183695,train
124336,train
216839,train
184032,train
137337,train
136911,train
219523,train
123390,train
183933,train
220470,train
203622,train
96366,train
125609,train
184170,train
182631,train
182547,train
121531,train
177620,train
189421,train
224323,train
205582,train
206583,train
108842,train
159063,train
145301,train
191369,train
180088,train
202206,train
120301,train
191724,train
173888,train
209632,train
227307,train
211207,train
190670,train
191286,train
201164,train
189586,train
184793,train
194124,train
203595,train
173782,train
210658,train
150902,train
206558,train
195755,train
182061,train
203693,train
183988,train
181658,train
218315,train
196547,train
200228,train
176176,train
202888,train
203616,train
172412,train
202407,train
176056,train
198469,train
223958,train
118490,train
184301,train
166939,train
120454,train
175750,train
178871,train
180276,train
182827,train
199668,train
217958,train
198304,train
178607,train
203088,train
219059,train
222504,train
222140,train
191363,train
172580,train
166870,train
197903,train
179227,train
181498,train
125589,train
179548,train
176626,train
217644,train
214704,train
89825,train
175017,train
221527,train
172757,train
198369,train
205713,train
183691,train
182079,train
227875,train
180761,train
223019,train
224367,train
211991,train
178387,train
176291,train
186973,train
176731,train
193450,train
222459,train
130115,train
190461,train
185482,train
192069,train
212253,train
184770,train
181025,train
179552,train
187963,train
126672,train
181022,train
211406,train
205387,train
102042,train
212542,train
180907,train
226161,train
190942,train
192185,train
180541,train
191365,train
219022,train
209145,train
220828,train
222133,train
169800,train
181538,train
213664,train
176940,train
198579,train
200515,train
223551,train
200525,train
224234,train
177430,train
202969,train
227177,train
205725,train
194166,train
127316,train
121616,train
221948,train
105771,train
207180,train
190554,train
227445,train
179731,train
198703,train
227355,train
181590,train
190256,train
199780,train
197912,train
138066,train
205002,train
186104,train
224213,train
199266,train
187908,train
134495,train
167725,train
176601,train
222723,train
227492,train
186872,train
169354,train
212556,train
177363,train
198580,train
196125,train
202804,train
155866,train
186032,train
219415,train
169509,train
96826,train
198948,train
221844,train
221992,train
197051,train
192394,train
122996,train
186547,train
182844,train
227116,train
189324,train
227350,train
172764,train
194670,train
185393,train
159136,train
105870,train
184461,train
182752,train
205689,train
174561,train
224393,train
192285,train
174485,train
214435,train
183351,train
199656,train
195164,train
206229,train
221577,train
187008,train
181841,train
125028,train
227791,train
201296,train
188639,train
214697,train
179394,train
186880,train
167833,train
178543,train
176408,train
205558,train
166944,train
195564,train
172418,train
179220,train
198224,train
172312,train
223874,train
170974,train
176217,train
222719,train
120998,train
197075,train
196427,train
181024,train
176709,train
215218,train
219681,train
172317,train
196245,train
176636,train
185809,train
185543,train
152977,train
202174,train
179747,train
172897,train
125489,train
177331,train
220600,train
221830,train
152925,train
205418,train
207578,train
127953,train
201565,train
136967,train
172550,train
185674,train
182491,train
209680,train
196488,train
175664,train
174812,train
178045,train
184610,train
138372,train
184117,train
222216,train
174053,train
227094,train
219829,train
196461,train
225340,train
222167,train
187866,train
200079,train
130653,train
224445,train
206673,train
173652,train
141633,train
142505,train
222360,train
196987,train
171846,train
101691,train
184690,train
227371,train
221427,train
180979,train
179254,train
141703,train
225936,train
219744,train
185515,train
218782,train
186936,train
193645,train
200482,train
125705,train
180701,train
176989,train
185545,train
203275,train
199469,train
175858,train
187025,train
156655,train
227490,train
203210,train
225360,train
200719,train
188498,train
183204,train
213226,train
205911,train
193560,train
173780,train
184625,train
141159,train
207587,train
194527,train
211485,train
178862,train
183540,train
175289,train
223925,train
184000,train
173909,train
206858,train
201479,train
199566,train
123385,train
199593,train
123932,train
186361,train
120284,train
219974,train
168140,train
176509,train
144682,train
174832,train
173072,train
182056,train
221355,train
196663,train
172040,train
210702,train
223401,train
200206,train
187406,train
137092,train
171549,train
204824,train
182838,train
200667,train
200996,train
212185,train
219731,train
190243,train
141646,train
220165,train
175972,train
202830,train
176893,train
184965,train
214745,train
180803,train
94126,train
211245,train
224578,train
194099,train
152529,train
199005,train
181308,train
179696,train
168203,train
145639,train
224255,train
221366,train
145381,train
201454,train
199502,train
221923,train
221551,train
193933,train
176390,train
210852,train
212081,train
183899,train
176898,train
154462,train
179346,train
180117,train
218538,train
120278,train
188961,train
168588,train
187041,train
193629,train
222372,train
205484,train
180861,train
208559,train
217832,train
195935,train
187157,train
187138,train
181738,train
182640,train
199443,train
212296,train
150759,train
205765,train
173007,train
183085,train
223995,train
188251,train
198444,train
223527,train
204794,train
218097,train
186039,train
171557,train
190765,train
184015,train
193410,train
182440,train
200745,train
145459,train
185014,train
186055,train
179547,train
200964,train
219884,train
226407,train
117952,train
124254,train
177919,train
177567,train
174392,train
197092,train
144070,train
184171,train
183155,train
189319,train
183588,train
223759,train
210757,train
204612,train
171583,train
193683,train
227516,train
211649,train
199765,train
199230,train
177565,train
202996,train
214350,train
218734,train
205187,train
217826,train
209635,train
177428,train
223770,train
173928,train
149703,train
199362,train
120488,train
224537,train
206396,train
181554,train
203467,train
192188,train
172323,train
122878,train
202586,train
179350,train
219893,train
212726,train
201776,train
178595,train
223033,train
205583,train
192693,train
178461,train
200075,train
193401,train
172545,train
175695,train
220881,train
197334,train
221785,train
194981,train
177272,train
179443,train
198588,train
222693,train
221544,train
222344,train
189431,train
209708,train
200624,train
203303,train
200967,train
194231,train
173047,train
186247,train
201441,train
222773,train
184396,train
197549,train
223150,train
217639,train
221436,train
131143,train
189923,train
173457,train
221412,train
219037,train
178842,train
199460,train
177714,train
221183,train
224132,train
180923,train
78409,train
181874,train
170812,train
170127,train
170992,train
175686,train
171361,train
208091,train
201125,train
175027,train
175559,train
137100,train
180398,train
172761,train
174538,train
170984,train
183610,train
131293,train
185411,train
182995,train
222663,train
197864,train
189629,train
172031,train
192124,train
222609,train
197202,train
179740,train
182026,train
185255,train
220075,train
195544,train
190066,train
120484,train
176985,train
170981,train
196658,train
167887,train
201984,train
221416,train
183942,train
181344,train
175478,train
192797,train
180507,train
182375,train
171753,train
178879,train
172850,train
121538,train
178719,train
210779,train
209933,train
174983,train
198805,train
192726,train
165886,train
188216,train
199787,train
174618,train
152077,train
181592,train
227075,train
97398,train
178599,train
182085,train
122867,train
206848,train
173271,train
191765,train
183998,train
209989,train
177285,train
189107,train
223475,train
220833,train
181256,train
185733,train
195062,train
178394,train
210697,train
168678,train
174436,train
179284,train
179912,train
221757,train
173280,train
180093,train
208978,train
209908,train
222462,train
149240,train
120115,train
205874,train
175023,train
198807,train
172600,train
182618,train
213472,train
199605,train
172377,train
184385,train
182423,train
142636,train
188257,train
179560,train
171113,train
220400,train
179544,train
181100,train
169281,train
189050,train
220351,train
155362,train
180482,train
202146,train
119601,train
226758,train
174967,train
186501,train
224946,train
177834,train
227447,train
224454,train
219660,train
218912,train
101960,train
167882,train
187932,train
197656,train
206672,train
178764,train
185295,train
200445,train
220700,train
195014,train
178588,train
142868,train
192286,train
225965,train
213658,train
176888,train
220625,train
227517,train
227908,train
203239,train
203658,train
199339,train
185611,train
223412,train
178367,train
175602,train
175103,train
227542,train
125423,train
219505,train
101957,train
191691,train
185300,train
200634,train
178555,train
176572,train
190740,train
177732,train
224299,train
181111,train
176666,train
227186,train
143588,train
193856,train
188113,train
224469,train
199574,train
143331,train
205487,train
227684,train
209411,train
125687,train
184939,train
182420,train
176247,train
198360,train
203405,train
172006,train
188227,train
191522,train
144434,train
176628,train
175169,train
215449,train
125432,train
176111,train
176179,train
192548,train
227311,train
137620,train
172851,train
219592,train
75316,train
181955,train
196464,train
174828,train
180950,train
184959,train
219836,train
219630,train
187964,train
203259,train
203147,train
180724,train
93581,train
178581,train
200141,train
177371,train
191695,train
179042,train
93703,train
190760,train
221645,train
208659,train
199679,train
184401,train
209304,train
225537,train
223045,train
215299,train
207673,train
176620,train
184438,train
183023,train
183799,train
179469,train
172947,train
195195,train
166080,train
187045,train
189217,train
174691,train
185124,train
209861,train
198841,train
130487,train
180586,train
184350,train
200554,train
179717,train
221810,train
120083,train
201455,train
182842,train
183589,train
223942,train
188841,train
184862,train
220561,train
172430,train
174466,train
178843,train
214706,train
174672,train
220976,train
203547,train
185457,train
193218,train
189771,train
209137,train
199056,train
133620,train
225133,train
217718,train
144551,train
193502,train
203273,train
126377,train
186368,train
219605,train
119603,train
195516,train
203170,train
137350,train
181381,train
223618,train
198623,train
166858,train
198753,train
189364,train
179437,train
123707,train
192876,train
169245,train
192301,train
125425,train
126911,train
224066,train
222569,train
221400,train
215018,train
189863,train
190332,train
197535,train
178494,train
167713,train
212025,train
199231,train
203263,train
225963,train
177758,train
214449,train
195624,train
188244,train
118575,train
177521,train
227305,train
214064,train
222447,train
221922,train
199662,train
195711,train
101952,train
133678,train
174817,train
222342,train
171705,train
123936,train
189025,train
184307,train
186824,train
180456,train
202811,train
184318,train
100559,train
205136,train
220467,train
175483,train
182628,train
187304,train
170998,train
224040,train
140018,train
181964,train
223599,train
180498,train
192200,train
205573,train
201903,train
146467,train
172751,train
193471,train
122825,train
127279,train
180273,train
201681,train
179013,train
205619,train
167712,train
192709,train
181525,train
201523,train
202508,train
205578,train
219417,train
182006,train
174800,train
185372,train
222448,train
223136,train
177060,train
179854,train
197289,train
222202,train
221014,train
92760,train
177458,train
180943,train
184704,train
122141,train
198589,train
191733,train
167311,train
180142,train
176969,train
188820,train
204163,train
186451,train
222231,train
223957,train
179694,train
180297,train
195199,train
182412,train
219015,train
175265,train
193394,train
219379,train
125893,train
168217,train
184190,train
180434,train
193356,train
177330,train
183428,train
200180,train
223952,train
203366,train
177419,train
172634,train
121532,train
218502,train
221388,train
216567,train
153522,train
120302,train
183010,train
222252,train
185655,train
130477,train
176577,train
205054,train
178926,train
209054,train
121966,train
185292,train
183888,train
185770,train
126729,train
200294,train
202981,train
196508,train
170954,train
225212,train
188295,train
182112,train
171552,train
137334,train
183554,train
180408,train
194991,train
207685,train
215532,train
198642,train
184993,train
223203,train
179500,train
208192,train
189815,train
188106,train
219152,train
174498,train
227452,train
171932,train
172459,train
199598,train
227097,train
213205,train
179055,train
178448,train
134970,train
199328,train
194983,train
178444,train
179344,train
206578,train
227671,train
180003,train
172367,train
175465,train
176958,train
172970,train
145245,train
194738,train
193564,train
194377,train
118646,train
204611,train
194119,train
202444,train
190325,train
211209,train
176166,train
223789,train
190754,train
151578,train
180497,train
224038,train
205421,train
173599,train
187388,train
219642,train
178389,train
222093,train
196853,train
173200,train
198372,train
196510,train
199214,train
201140,train
204199,train
176692,train
196635,train
105395,train
204983,train
174979,train
204591,train
120456,train
223585,train
198671,train
196274,train
200479,train
208957,train
223596,train
172017,train
145374,train
203516,train
189806,train
179495,train
208698,train
192501,train
197945,train
202675,train
225591,train
183571,train
226761,train
219153,train
176487,train
182624,train
167842,train
181501,train
92709,train
176766,train
151596,train
143431,train
142763,train
121353,train
186990,train
223753,train
223548,train
178691,train
173686,train
196693,train
188201,train
194801,train
200358,train
227188,train
209299,train
100024,train
175079,train
192705,train
199978,train
222767,train
201312,train
125630,train
145394,train
204483,train
177894,train
199100,train
122014,train
184990,train
180167,train
204925,train
120331,train
181935,train
224473,train
224536,train
182437,train
193658,train
176270,train
185582,train
202058,train
176798,train
191361,train
181377,train
184390,train
206332,train
202148,train
222463,train
167102,train
180129,train
219425,train
120856,train
172531,train
209207,train
201115,train
179729,train
170120,train
127330,train
190350,train
197083,train
194604,train
172666,train
125288,train
148269,train
217181,train
192547,train
227107,train
179044,train
186317,train
194105,train
220114,train
221117,train
221284,train
219121,train
137993,train
170997,train
193566,train
203509,train
191150,train
170946,train
185339,train
184374,train
176825,train
194068,train
227739,train
187073,train
195760,train
194094,train
189109,train
226815,train
185104,train
220354,train
198054,train
173232,train
185502,train
209307,train
227197,train
173049,train
179894,train
96954,train
131017,train
166887,train
210711,train
180459,train
192452,train
142592,train
174435,train
173160,train
212245,train
93608,train
224697,train
206153,train
96969,train
168154,train
182913,train
219727,train
167312,train
187104,train
219504,train
198458,train
205009,train
208226,train
194161,train
186970,train
127580,train
184412,train
179573,train
168193,train
228195,train
205062,train
198524,train
176475,train
197280,train
136971,train
179988,train
130779,train
187783,train
183725,train
182825,train
184764,train
195108,train
204075,train
220418,train
209679,train
218030,train
195017,train
193928,train
178036,train
222296,train
133588,train
205796,train
184399,train
202835,train
187612,train
210823,train
92772,train
191088,train
198689,train
120919,train
223745,train
221656,train
203163,train
192303,train
227234,train
213290,train
205872,train
214713,train
207581,train
223578,train
189312,train
220390,train
205768,train
196736,train
195420,train
181820,train
175933,train
218915,train
137145,train
184431,train
195147,train
225832,train
212570,train
125884,train
122861,train
203149,train
174558,train
218747,train
185363,train
205411,train
92681,train
201364,train
127568,train
138663,train
175558,train
125535,train
191681,train
221285,train
182199,train
196646,train
175171,train
175404,train
176805,train
221300,train
148490,train
179095,train
179366,train
165983,train
182714,train
192715,train
185524,train
201360,train
196661,train
206323,train
208084,train
174574,train
180731,train
176723,train
181855,train
182372,train
182120,train
221934,train
173230,train
211226,train
197357,train
180960,train
185801,train
183052,train
219060,train
172165,train
179790,train
203476,train
197936,train
214446,train
223820,train
191632,train
197335,train
174788,train
200408,train
227549,train
120228,train
137896,train
223023,train
175022,train
193357,train
191264,train
175238,train
212464,train
181662,train
137339,train
176473,train
191576,train
120354,train
186831,train
221234,train
184128,train
226316,train
187781,train
172615,train
181807,train
198416,train
178619,train
92724,train
176634,train
185206,train
198566,train
173228,train
186658,train
188090,train
212315,train
193451,train
223666,train
227342,train
174428,train
195179,train
193105,train
174702,train
120287,train
206131,train
185192,train
171973,train
200614,train
206525,train
200943,train
172935,train
202438,train
186861,train
177473,train
182625,train
174562,train
179859,train
211214,train
193354,train
174623,train
222263,train
187743,train
144131,train
198734,train
182702,train
222768,train
199682,train
201738,train
176674,train
199572,train
206674,train
172586,train
174450,train
219955,train
126886,train
172821,train
186428,train
222964,train
198775,train
177716,train
120675,train
119331,train
213201,train
199467,train
176348,train
168143,train
224338,train
120720,train
175153,train
103490,train
182676,train
219794,train
183138,train
188144,train
183664,train
130711,train
187409,train
188252,train
227287,train
172730,train
179050,train
188407,train
179799,train
133830,train
175285,train
174051,train
180411,train
177569,train
209300,train
194077,train
207670,train
109003,train
198205,train
224067,train
204571,train
171547,train
173929,train
188056,train
153154,train
182136,train
204784,train
196900,train
203190,train
171577,train
176146,train
138665,train
122885,train
176322,train
118670,train
126918,train
184834,train
212596,train
202086,train
87258,train
180646,train
202808,train
174806,train
141706,train
171842,train
218976,train
172192,train
185011,train
197998,train
213611,train
209270,train
188805,train
184316,train
181529,train
199324,train
226938,train
125892,train
183583,train
217910,train
181531,train
118636,train
173004,train
172213,train
199581,train
209705,train
194162,train
126152,train
190962,train
123368,train
185603,train
172231,train
183946,train
195831,train
208202,train
221429,train
179557,train
211947,train
201945,train
218470,train
185232,train
145244,train
186459,train
198706,train
184753,train
178670,train
212243,train
202038,train
173465,train
169116,train
171748,train
182751,train
120478,train
222656,train
125460,train
119370,train
222657,train
221871,train
174388,train
118724,train
220265,train
169484,train
170481,train
197400,train
117862,train
219641,train
174714,train
227673,train
194439,train
176791,train
188874,train
203420,train
222261,train
171363,train
227664,train
175827,train
220912,train
176801,train
210810,train
193462,train
179586,train
225864,train
172461,train
178542,train
225548,train
209946,train
172191,train
197402,train
211530,train
190687,train
121963,train
123167,train
204775,train
183318,train
220159,train
197086,train
200581,train
221574,train
205551,train
219010,train
181639,train
221141,train
203611,train
122760,train
202276,train
122941,train
202165,train
220492,train
185408,train
213976,train
203094,train
177740,train
185118,train
181317,train
194977,train
227563,train
182107,train
219528,train
226315,train
175894,train
170534,train
188284,train
153150,train
198853,train
214615,train
171936,train
169036,train
219252,train
200517,train
183627,train
183780,train
179066,train
179132,train
174408,train
177907,train
183217,train
199609,train
174565,train
173321,train
209702,train
200714,train
204807,train
181680,train
108780,train
199483,train
146059,train
198042,train
187919,train
184569,train
226788,train
222499,train
217580,train
190904,train
183380,train
185231,train
180520,train
200297,train
200460,train
177359,train
96413,train
195021,train
181323,train
217636,train
175092,train
196107,train
228039,train
180007,train
187727,train
180624,train
205721,train
220555,train
194862,train
184633,train
174237,train
174229,train
209274,train
228037,train
188615,train
184732,train
120286,train
197277,train
194602,train
187247,train
198207,train
203618,train
185940,train
131034,train
184069,train
190309,train
179587,train
175183,train
172882,train
183598,train
227292,train
219965,train
172270,train
188212,train
175633,train
183719,train
180737,train
190697,train
224581,train
185835,train
117948,train
172358,train
216457,train
92701,train
209045,train
199153,train
184944,train
176833,train
151989,train
188848,train
183587,train
198501,train
169824,train
198362,train
155080,train
184414,train
219179,train
172227,train
203826,train
206350,train
177321,train
226025,train
188420,train
200182,train
182105,train
96369,train
173792,train
205417,train
167719,train
193504,train
192598,train
221783,train
178993,train
180613,train
205821,train
178600,train
175604,train
176711,train
223741,train
120385,train
176221,train
169110,train
123267,train
196659,train
175584,train
176644,train
192441,train
172870,train
167878,train
181586,train
130981,train
217784,train
200531,train
198453,train
222975,train
193807,train
221781,train
196843,train
185337,train
184178,train
120692,train
173158,train
219001,train
222884,train
172745,train
222727,train
221983,train
202070,train
175769,train
173303,train
203522,train
174770,train
223795,train
187508,train
172906,train
203326,train
184063,train
185527,train
186284,train
174391,train
120899,train
200179,train
225306,train
179436,train
223652,train
106948,train
118563,train
177581,train
222513,train
194940,train
222429,train
206180,train
183018,train
125422,train
199424,train
197428,train
182195,train
222778,train
176439,train
184523,train
227712,train
183521,train
200194,train
183604,train
180583,train
119891,train
222374,train
179681,train
188112,train
220033,train
193986,train
185387,train
193685,train
196928,train
195565,train
131141,train
146493,train
172443,train
177502,train
123270,train
205138,train
171867,train
175534,train
182294,train
92688,train
179012,train
199582,train
190893,train
193300,train
172936,train
172889,train
172552,train
178626,train
92774,train
152106,train
204569,train
131140,train
200032,train
199135,train
199412,train
184424,train
175004,train
200178,train
173083,train
178808,train
200148,train
173561,train
118397,train
172324,train
180755,train
184853,train
180469,train
209692,train
189419,train
203650,train
179611,train
134733,train
221969,train
185327,train
174954,train
174919,train
188317,train
221327,train
222046,train
193577,train
183626,train
181271,train
183943,train
118409,train
207444,train
138581,train
199493,train
182670,train
170208,train
227096,train
221168,train
181107,train
123179,train
200030,train
172857,train
176504,train
186954,train
214698,train
174786,train
181328,train
226818,train
176363,train
211789,train
176008,train
158441,train
197096,train
193659,train
222172,train
206268,train
211415,train
184711,train
199705,train
183707,train
180762,train
97541,train
177683,train
223855,train
189774,train
194118,train
180170,train
168550,train
182018,train
200775,train
221302,train
187407,train
176715,train
192636,train
171117,train
124882,train
122722,train
207107,train
172488,train
209716,train
125538,train
220874,train
215782,train
176175,train
175591,train
222200,train
189523,train
222217,train
225454,train
172923,train
100569,train
209139,train
176067,train
182502,train
184303,train
217831,train
179265,train
222638,train
178242,train
199016,train
219554,train
196921,train
189259,train
180008,train
200897,train
131020,train
176838,train
197350,train
178772,train
221373,train
179888,train
210601,train
193407,train
182335,train
179039,train
207927,train
217073,train
199773,train
127128,train
200196,train
200232,train
222297,train
167684,train
188189,train
222824,train
184767,train
209057,train
201335,train
126224,train
207926,train
207717,train
209699,train
167846,train
199221,train
119617,train
180845,train
227607,train
203209,train
224069,train
140114,train
175429,train
148328,train
179670,train
204763,train
218963,train
221779,train
174084,train
222837,train
182617,train
150798,train
221526,train
219509,train
184234,train
188145,train
111156,train
92707,train
207470,train
174869,train
199326,train
173011,train
186979,train
207671,train
202744,train
101693,train
200577,train
178608,train
221403,train
192564,train
227086,train
169999,train
184809,train
181506,train
175527,train
187988,train
196744,train
198300,train
119401,train
202080,train
202074,train
203443,train
200002,train
180453,train
146413,train
120669,train
203102,train
205868,train
177643,train
184136,train
184919,train
169104,train
126769,train
207465,train
165973,train
152301,train
200025,train
188231,train
193539,train
137260,train
206488,train
227857,train
227837,train
218828,train
175286,train
199649,train
203151,train
190782,train
203086,train
195294,train
191709,train
203511,train
166875,train
180982,train
186397,train
183859,train
137385,train
227010,train
180954,train
177370,train
201254,train
177479,train
223047,train
196151,train
208098,train
224124,train
206135,train
175693,train
175039,train
181336,train
219734,train
174974,train
189110,train
177792,train
178713,train
203212,train
180557,train
192596,train
209182,train
197291,train
200073,train
172865,train
185720,train
185658,train
180378,train
194211,train
186852,train
121243,train
181513,train
203301,train
104312,train
124223,train
219178,train
204545,train
185317,train
223826,train
182077,train
174100,train
134731,train
220626,train
121834,train
172454,train
220635,train
206685,train
222946,train
176204,train
119915,train
194500,train
180414,train
200423,train
197352,train
191308,train
178577,train
89794,train
222690,train
174296,train
223579,train
169159,train
226166,train
209284,train
190136,train
205399,train
204870,train
173382,train
221479,train
131023,train
184820,train
223704,train
176782,train
89852,train
176953,train
143519,train
198463,train
189366,train
131288,train
217720,train
201015,train
210546,train
199745,train
127892,train
183703,train
227023,train
189494,train
177463,train
180610,train
201505,train
181244,train
174529,train
220140,train
183355,train
174782,train
219673,train
212866,train
118398,train
189035,train
206571,train
179634,train
172648,train
172449,train
180328,train
199737,train
171859,train
200934,train
179596,train
196881,train
175057,train
179688,train
176218,train
180492,train
207839,train
177497,train
197070,train
153153,train
182862,train
146417,train
173003,train
222888,train
177889,train
194645,train
222271,train
193217,train
175056,train
184815,train
190206,train
178822,train
176369,train
201417,train
227852,train
219601,train
125417,train
194962,train
176812,train
224344,train
213037,train
128310,train
172108,train
204960,train
214425,train
208381,train
180321,train
184145,train
227346,train
202241,train
186403,train
180816,train
174541,train
212021,train
218550,train
192781,train
191279,train
152991,train
201459,train
196824,train
222603,train
171442,train
227529,train
149969,train
193524,train
210624,train
179632,train
129991,train
223698,train
225871,train
193670,train
190034,train
181215,train
184085,train
183619,train
193657,train
208367,train
190220,train
200612,train
183093,train
187905,train
183312,train
220484,train
120497,train
183957,train
126784,train
219542,train
223711,train
137146,train
186347,train
190392,train
180836,train
222337,train
214967,train
197011,train
175715,train
224972,train
182255,train
180524,train
212258,train
188740,train
222061,train
190744,train
206630,train
223502,train
185503,train
122261,train
179727,train
212057,train
120999,train
185346,train
196800,train
198663,train
143482,train
198419,train
201547,train
195787,train
181363,train
197279,train
92812,train
227329,train
201511,train
121526,train
137138,train
92777,train
179732,train
185594,train
187071,train
176921,train
177534,train
217901,train
180144,train
176586,train
188138,train
199242,train
176763,train
190229,train
123373,train
187353,train
175824,train
223593,train
141635,train
166871,train
195854,train
187547,train
200415,train
222135,train
224114,train
212572,train
169167,train
221091,train
122712,train
203627,train
181613,train
191161,train
200773,train
212671,train
212058,train
197926,train
183395,train
203585,train
123365,train
222422,train
221125,train
187956,train
226785,train
207952,train
208368,train
222376,train
225617,train
176856,train
225505,train
124571,train
186808,train
202801,train
212078,train
190996,train
199728,train
221956,train
183607,train
194831,train
209412,train
136823,train
198414,train
226834,train
169114,train
176099,train
120324,train
176326,train
193655,train
123374,train
193419,train
205053,train
194695,train
105798,train
220306,train
208889,train
218939,train
226763,train
166007,train
178415,train
181169,train
93514,train
222928,train
136965,train
206739,train
183419,train
219524,train
184538,train
205444,train
166904,train
201644,train
187935,train
181436,train
203621,train
120931,train
218187,train
199142,train
138143,train
138901,train
149144,train
227048,train
135900,train
172748,train
183605,train
176639,train
87907,train
191568,train
227691,train
105142,train
190679,train
193304,train
171110,train
186365,train
199212,train
108740,train
184731,train
184789,train
175109,train
179808,train
172664,train
182097,train
150766,train
202483,train
224970,train
202428,train
221580,train
201944,train
174673,train
138488,train
171141,train
145250,train
172402,train
199665,train
108743,train
217908,train
194674,train
226400,train
223639,train
174549,train
180450,train
119894,train
185221,train
200311,train
183375,train
201474,train
179595,train
97279,train
174355,train
222993,train
213216,train
177152,train
203813,train
167899,train
168123,train
212231,train
174368,train
150922,train
218736,train
183633,train
207837,train
199611,train
189053,train
172408,train
195769,train
210612,train
182743,train
202047,train
179554,train
219419,train
219374,train
209866,train
173783,train
173460,train
226737,train
183678,train
219595,train
126154,train
223603,train
224532,train
197536,train
203656,train
172077,train
125989,train
175895,train
187264,train
192760,train
221952,train
168975,train
125879,train
176268,train
211856,train
133670,train
221951,train
185290,train
195023,train
189683,train
224127,train
178347,train
122170,train
176162,train
188416,train
222377,train
227460,train
133602,train
202067,train
214988,train
152986,train
219537,train
178098,train
222697,train
181265,train
178947,train
167893,train
194704,train
168194,train
150548,train
222602,train
189590,train
184590,train
188973,train
224630,train
219818,train
172786,train
189014,train
205438,train
200218,train
180368,train
171086,train
186512,train
176799,train
92773,train
207945,train
195719,train
177475,train
221143,train
198787,train
212652,train
182612,train
198586,train
176667,train
188195,train
155774,train
108768,train
196929,train
200491,train
174012,train
222330,train
223313,train
203393,train
199209,train
166872,train
195521,train
197507,train
123009,train
222547,train
190303,train
193358,train
208977,train
212719,train
206829,train
206770,train
189739,train
186298,train
192068,train
207549,train
193371,train
181993,train
208320,train
221659,train
201168,train
187837,train
178997,train
226016,train
227659,train
222759,train
198543,train
125161,train
175067,train
204920,train
172700,train
203404,train
179718,train
200917,train
219398,train
179769,train
225805,train
133586,train
145457,train
203306,train
220779,train
188410,train
171097,train
167895,train
177354,train
227117,train
190210,train
198440,train
166890,train
169126,train
183940,train
209685,train
226249,train
127137,train
92691,train
227406,train
221773,train
220482,train
222954,train
176571,train
137987,train
153169,train
184994,train
173775,train
188577,train
203299,train
174351,train
201686,train
205442,train
207558,train
201689,train
200209,train
201545,train
175252,train
181478,train
145452,train
199199,train
178651,train
195045,train
181021,train
175672,train
188525,train
202292,train
92768,train
196571,train
193880,train
199711,train
190933,train
172781,train
126727,train
122703,train
174029,train
220331,train
181109,train
205781,train
173598,train
203211,train
195571,train
206397,train
181053,train
122116,train
130706,train
184111,train
173226,train
198765,train
189750,train
194999,train
209709,train
209147,train
184236,train
141629,train
188419,train
228136,train
183984,train
127689,train
186900,train
227302,train
120041,train
223849,train
173054,train
174928,train
179792,train
208177,train
176744,train
218996,train
219598,train
148209,train
202108,train
212969,train
181487,train
171904,train
205364,train
199717,train
213610,train
125000,train
205615,train
184140,train
200170,train
207576,train
200507,train
170237,train
224672,train
197336,train
222032,train
196240,train
189608,train
173910,train
207855,train
219784,train
174658,train
202039,train
204655,train
125558,train
205621,train
173301,train
223950,train
221959,train
179846,train
175007,train
175592,train
218482,train
193226,train
176911,train
167672,train
182172,train
208033,train
182251,train
180595,train
179056,train
177469,train
204081,train
179715,train
188283,train
118598,train
189428,train
183742,train
178427,train
220093,train
147915,train
176646,train
201473,train
187492,train
125672,train
223182,train
183343,train
187275,train
203515,train
221531,train
137955,train
184227,train
197274,train
121812,train
189141,train
221828,train
184848,train
197147,train
192735,train
204543,train
120373,train
197999,train
189753,train
180381,train
219342,train
180688,train
122182,train
222425,train
203672,train
196438,train
131121,train
222777,train
191230,train
130480,train
199248,train
193011,train
205365,train
191488,train
210573,train
172390,train
225945,train
120986,train
177746,train
195914,train
219160,train
200776,train
174386,train
130991,train
204873,train
184635,train
126346,train
184198,train
131025,train
124848,train
218457,train
177934,train
145391,train
220449,train
192730,train
173034,train
197954,train
129292,train
192499,train
198208,train
219950,train
222623,train
211765,train
221698,train
198709,train
186442,train
123232,train
196086,train
224778,train
205917,train
137380,train
122045,train
176223,train
187849,train
190862,train
219450,train
124357,train
183546,train
220219,train
173288,train
167683,train
221214,train
167885,train
184035,train
215774,train
179900,train
177566,train
172653,train
187782,train
227360,train
193350,train
175102,train
196860,train
199379,train
173018,train
185144,train
176875,train
181207,train
172829,train
183584,train
223154,train
93780,train
200523,train
196844,train
222108,train
216758,train
195415,train
188890,train
167172,train
124326,train
176302,train
199013,train
212907,train
184735,train
195722,train
212651,train
179364,train
176201,train
205499,train
203525,train
200826,train
173555,train
225095,train
150763,train
176698,train
188146,train
182822,train
122191,train
204575,train
204712,train
227083,train
122488,train
127142,train
188162,train
193573,train
224252,train
174973,train
209123,train
223625,train
187934,train
197967,train
181057,train
167626,train
175852,train
218439,train
182163,train
210382,train
198436,train
206497,train
222711,train
178114,train
196872,train
219729,train
173709,train
224009,train
181450,train
199184,train
182615,train
172237,train
188537,train
206333,train
200999,train
181269,train
219304,train
189768,train
220263,train
204799,train
181190,train
179088,train
214957,train
173197,train
188746,train
189780,train
187031,train
200101,train
205901,train
179878,train
194167,train
202199,train
179043,train
180948,train
198674,train
206860,train
222826,train
192878,train
185612,train
170478,train
178510,train
223132,train
219800,train
223505,train
173283,train
186275,train
227052,train
146290,train
223188,train
194301,train
192711,train
100560,train
185847,train
181171,train
131282,train
180856,train
131036,train
175919,train
133594,train
221882,train
198211,train
168196,train
173162,train
224589,train
214707,train
207910,train
206051,train
141698,train
187244,train
182577,train
224922,train
181372,train
143310,train
178806,train
181153,train
126597,train
224457,train
121620,train
203392,train
186292,train
222621,train
179619,train
174370,train
221819,train
182373,train
222301,train
174893,train
166594,train
170547,train
203185,train
183958,train
184740,train
191508,train
184102,train
130563,train
92708,train
227519,train
120311,train
173103,train
174047,train
196077,train
150309,train
202939,train
194588,train
222931,train
196108,train
215966,train
199993,train
180327,train
172856,train
127889,train
213476,train
223472,train
200119,train
203286,train
205472,train
185299,train
221848,train
176778,train
193397,train
120237,train
120487,train
188015,train
199421,train
196504,train
175810,train
197678,train
172557,train
168298,train
189817,train
202833,train
184796,train
205065,train
191145,train
179060,train
174945,train
207143,train
190783,train
183147,train
224425,train
134333,train
169335,train
185258,train
193479,train
96445,train
130587,train
153147,train
209695,train
179445,train
175051,train
184528,train
196601,train
145325,train
101903,train
175511,train
188415,train
224541,train
211781,train
203857,train
202750,train
224580,train
195937,train
208987,train
167870,train
196702,train
169611,train
223803,train
146296,train
226479,train
199152,train
179571,train
183518,train
170846,train
192778,train
223552,train
222747,train
196811,train
187215,train
186481,train
177654,train
204998,train
222004,train
176790,train
186123,train
176018,train
101713,train
174254,train
223451,train
197935,train
189686,train
197119,train
185420,train
194839,train
202416,train
219692,train
205686,train
182155,train
222588,train
103651,train
167686,train
186058,train
212019,train
175077,train
183183,train
186091,train
196722,train
173052,train
188543,train
202280,train
201152,train
201399,train
197266,train
137095,train
176430,train
220549,train
222973,train
184020,train
208407,train
185368,train
201983,train
187272,train
222604,train
169808,train
101710,train
186238,train
213612,train
150848,train
184274,train
227430,train
223816,train
176758,train
180784,train
192445,train
174608,train
206826,train
174611,train
139347,train
176344,train
224913,train
187092,train
96435,train
186504,train
176105,train
225509,train
112092,train
175820,train
181910,train
223314,train
124019,train
186641,train
183679,train
197328,train
171981,train
101699,train
184807,train
211909,train
212280,train
127734,train
199712,train
184159,train
223807,train
175792,train
222199,train
186819,train
224596,train
171524,train
177080,train
200867,train
201564,train
148369,train
197882,train
188155,train
182066,train
210579,train
134358,train
184812,train
142647,train
122139,train
227038,train
200858,train
203414,train
180514,train
221672,train
188541,train
175473,train
195734,train
137895,train
188800,train
176526,train
180126,train
208661,train
201519,train
191631,train
200604,train
181309,train
195013,train
146771,train
195476,train
184588,train
122879,train
142543,train
173863,train
125026,train
166940,train
173665,train
201339,train
181671,train
181158,train
126232,train
171088,train
119515,train
222655,train
188702,train
201513,train
175303,train
182867,train
202155,train
174312,train
180323,train
120574,train
223027,train
224530,train
176608,train
201319,train
175047,train
177790,train
146492,train
123691,train
168190,train
203092,train
195153,train
189792,train
184264,train
222328,train
211452,train
176616,train
185471,train
192692,train
192300,train
207830,train
203610,train
192628,train
212567,train
206394,train
213575,train
204809,train
185615,train
187119,train
226387,train
191164,train
218992,train
179657,train
207905,train
202480,train
200217,train
206175,train
186559,train
207455,train
213608,train
221926,train
193475,train
178967,train
192819,train
181630,train
136818,train
185695,train
169113,train
184017,train
179209,train
191481,train
176083,train
178616,train
220135,train
169667,train
185740,train
188574,train
221304,train
219473,train
185479,train
121540,train
146473,train
203553,train
201288,train
185962,train
204779,train
120971,train
184383,train
206193,train
216552,train
222830,train
173685,train
201716,train
168200,train
207207,train
178057,train
224176,train
197652,train
211383,train
200473,train
222650,train
125468,train
173876,train
192325,train
186494,train
195860,train
188698,train
225504,train
197069,train
133574,train
196831,train
182559,train
226702,train
221295,train
219837,train
183485,train
130780,train
171853,train
223449,train
212706,train
194647,train
199782,train
187699,train
196871,train
208603,train
186940,train
137986,train
145456,train
187107,train
135829,train
193165,train
186803,train
187210,train
183267,train
225523,train
175010,train
175673,train
223740,train
176592,train
200712,train
205413,train
224975,train
125532,train
184886,train
181339,train
206347,train
215964,train
211353,train
179775,train
186030,train
196858,train
205680,train
131274,train
186901,train
168471,train
189119,train
211322,train
118426,train
190174,train
221784,train
198694,train
182671,train
178467,train
218114,train
206500,train
199928,train
175660,train
195535,train
174766,train
197950,train
193120,train
123152,train
198441,train
176038,train
179684,train
197017,train
180066,train
176219,train
177277,train
190921,train
198542,train
172780,train
222709,train
177042,train
191526,train
206348,train
176700,train
178633,train
125426,train
174559,train
196795,train
180939,train
224077,train
207857,train
200099,train
213204,train
173854,train
225141,train
177641,train
192717,train
174479,train
198437,train
224524,train
199557,train
171353,train
224502,train
185943,train
150750,train
183357,train
179234,train
177356,train
200589,train
178890,train
198537,train
171855,train
193463,train
189111,train
222359,train
179605,train
205588,train
196115,train
125804,train
183612,train
226000,train
180402,train
205905,train
172914,train
223791,train
183145,train
227053,train
224297,train
219259,train
92706,train
177300,train
212314,train
178852,train
173579,train
193402,train
204086,train
196489,train
172424,train
118132,train
121971,train
222969,train
223157,train
179069,train
124495,train
212653,train
200004,train
136803,train
181717,train
182848,train
194075,train
199936,train
205766,train
227514,train
220633,train
196243,train
221640,train
224375,train
172564,train
220577,train
140026,train
125427,train
183603,train
148907,train
193018,train
223499,train
93037,train
143746,train
224050,train
187165,train
209059,train
181646,train
151831,train
218935,train
189186,train
183606,train
193588,train
185944,train
183562,train
187098,train
208117,train
118676,train
186826,train
219343,train
223725,train
176241,train
193690,train
182389,train
179549,train
197120,train
123453,train
93654,train
146602,train
176928,train
191514,train
185314,train
175579,train
173155,train
188116,train
203191,train
190076,train
134730,train
150254,train
183874,train
174110,train
223444,train
178490,train
118459,train
172327,train
201578,train
179327,train
119464,train
183075,train
181925,train
208580,train
192080,train
205631,train
208251,train
179985,train
211505,train
211367,train
168899,train
205660,train
118537,train
205736,train
177018,train
184678,train
126557,train
203589,train
218737,train
179459,train
169247,train
136833,train
223524,train
225979,train
188561,train
199480,train
198471,train
173446,train
173027,train
186435,train
176135,train
204783,train
192064,train
198403,train
174789,train
184014,train
199485,train
205445,train
169760,train
191126,train
192884,train
175326,train
201724,train
195504,train
198728,train
177531,train
174066,train
183910,train
196915,train
183978,train
221391,train
128313,train
134648,train
219759,train
122830,train
200936,train
201551,train
218454,train
200561,train
180385,train
199995,train
176327,train
184046,train
179766,train
209055,train
174112,train
192297,train
207953,train
183539,train
174704,train
198426,train
194907,train
201191,train
117896,train
222091,train
203106,train
178774,train
176023,train
149554,train
223051,train
213299,train
224586,train
198878,train
173731,train
179948,train
175560,train
222398,train
171525,train
203341,train
199329,train
184373,train
182739,train
220107,train
171135,train
222840,train
218692,train
189264,train
177548,train
186945,train
211269,train
141529,train
202831,train
200639,train
195314,train
144815,train
168184,train
222498,train
195929,train
221296,train
223468,train
196623,train
187852,train
189795,train
225836,train
203531,train
223355,train
223437,train
205643,train
167894,train
121924,train
123432,train
224635,train
200071,train
227263,train
177192,train
212605,train
175931,train
181235,train
202855,train
183541,train
213164,train
176947,train
187863,train
199033,train
180081,train
134656,train
187415,train
122913,train
179701,train
222952,train
173781,train
196802,train
223870,train
175100,train
190592,train
92805,train
199148,train
175938,train
203430,train
180589,train
209857,train
187906,train
200001,train
137311,train
174517,train
184760,train
202415,train
218917,train
172675,train
225551,train
119481,train
123435,train
226018,train
223225,train
196967,train
175927,train
182859,train
208044,train
224422,train
178557,train
171756,train
184897,train
191899,train
175941,train
212327,train
210781,train
222397,train
223626,train
128759,train
220530,train
184019,train
206898,train
207568,train
188418,train
118460,train
203177,train
225844,train
221392,train
125430,train
222275,train
222910,train
126583,train
179049,train
175402,train
177734,train
223210,train
191685,train
213666,train
126327,train
130782,train
224168,train
222483,train
219801,train
212801,train
220436,train
222757,train
205400,train
184748,train
159523,train
177596,train
222461,train
205139,train
209918,train
211808,train
119973,train
177337,train
226021,train
92796,train
176930,train
180038,train
180736,train
182651,train
198510,train
172014,train
201293,train
195106,train
209273,train
117956,train
200212,train
226541,train
127517,train
183902,train
221269,train
183631,train
212575,train
198769,train
190252,train
180590,train
124462,train
192776,train
227268,train
198621,train
219777,train
177921,train
127518,train
175149,train
191927,train
223244,train
223242,train
92398,train
175059,train
187842,train
134666,train
188097,train
184174,train
191152,train
182506,train
183298,train
185380,train
187754,train
176676,train
176355,train
225177,train
221996,train
200905,train
184884,train
183334,train
182755,train
181102,train
202440,train
166606,train
193076,train
220045,train
188081,train
186941,train
192769,train
209986,train
188486,train
223162,train
182539,train
202301,train
130911,train
219434,train
210531,train
171579,train
220908,train
178800,train
205966,train
172266,train
176611,train
226329,train
198591,train
221713,train
184502,train
178776,train
173270,train
182472,train
96971,train
168208,train
126792,train
222895,train
188443,train
200132,train
126054,train
216533,train
219498,train
177246,train
184187,train
209050,train
173694,train
227803,train
184903,train
175665,train
127674,train
172608,train
187884,train
127897,train
221401,train
199681,train
181594,train
187028,train
174137,train
203493,train
222874,train
192543,train
182093,train
223115,train
191527,train
187803,train
183507,train
193340,train
186553,train
182812,train
176865,train
220785,train
226739,train
125421,train
185066,train
206759,train
223180,train
131276,train
212889,train
92766,train
179245,train
182910,train
221776,train
179253,train
202275,train
223381,train
181246,train
206367,train
201979,train
180157,train
220182,train
221244,train
169533,train
118427,train
220698,train
186229,train
185250,train
183091,train
176470,train
220491,train
222065,train
187223,train
175080,train
146368,train
139598,train
123690,train
192600,train
173716,train
172954,train
146458,train
165837,train
174443,train
183011,train
209643,train
177814,train
203202,train
173307,train
201876,train
183216,train
191996,train
182548,train
181760,train
181192,train
180875,train
174802,train
180298,train
180100,train
184199,train
175065,train
224522,train
179493,train
137263,train
197087,train
199476,train
170203,train
181798,train
150757,train
173838,train
184894,train
218975,train
218493,train
181669,train
224687,train
223728,train
173878,train
192764,train
177417,train
224126,train
180652,train
205253,train
178429,train
181865,train
197526,train
176330,train
220455,train
184715,train
218479,train
126901,train
118621,train
181894,train
153000,train
179658,train
215252,train
170405,train
178541,train
201107,train
178854,train
193432,train
178569,train
178932,train
212227,train
126776,train
186821,train
122428,train
168145,train
223840,train
173058,train
193497,train
186068,train
154440,train
123003,train
203563,train
174835,train
203108,train
205369,train
190860,train
200147,train
222029,train
179098,train
176259,train
204578,train
178741,train
150789,train
175219,train
196948,train
177536,train
180479,train
145400,train
221052,train
219767,train
174577,train
195779,train
209310,train
192583,train
179784,train
211348,train
187897,train
190067,train
219510,train
200006,train
200940,train
220321,train
205914,train
174482,train
179121,train
203473,train
92767,train
179865,train
185654,train
227377,train
200553,train
220663,train
166826,train
218952,train
193918,train
172548,train
172676,train
203387,train
167884,train
220729,train
177129,train
182144,train
196971,train
177215,train
200312,train
210978,train
197728,train
168952,train
213607,train
183765,train
137416,train
198752,train
212493,train
220357,train
195522,train
175720,train
203384,train
179615,train
129347,train
205830,train
221241,train
179125,train
180552,train
201309,train
172460,train
201187,train
177002,train
220167,train
219423,train
176817,train
181242,train
198665,train
177842,train
221525,train
220435,train
178426,train
182149,train
212479,train
174065,train
199573,train
146472,train
225834,train
203307,train
142383,train
186015,train
174873,train
227685,train
186424,train
173578,train
190069,train
177224,train
173740,train
172112,train
207274,train
201687,train
151703,train
172216,train
187605,train
211424,train
221850,train
191523,train
197143,train
200026,train
219881,train
124976,train
180839,train
146469,train
175537,train
171754,train
178972,train
179980,train
212751,train
214739,train
193662,train
181937,train
201518,train
191324,train
101909,train
185398,train
221455,train
172776,train
102073,train
167333,train
133668,train
186259,train
190251,train
92728,train
225964,train
145432,train
181186,train
210854,train
180668,train
119994,train
171763,train
174419,train
175310,train
224583,train
174695,train
211180,train
175912,train
189754,train
219644,train
137254,train
223866,train
198813,train
224520,train
186448,train
118662,train
176641,train
177727,train
180295,train
196905,train
186250,train
214710,train
180904,train
224642,train
226291,train
197573,train
187239,train
121973,train
227273,train
183486,train
131014,train
173220,train
220153,train
223155,train
218455,train
174794,train
200484,train
176981,train
190663,train
222981,train
196939,train
221365,train
211517,train
184382,train
197942,train
118406,train
223729,train
125552,train
185345,train
227294,train
186302,train
182742,train
197521,train
171542,train
223034,train
119171,train
169165,train
211454,train
213487,train
186276,train
172280,train
211646,train
173225,train
201964,train
187726,train
220582,train
193348,train
220360,train
203639,train
212521,train
188114,train
201549,train
227044,train
176434,train
227742,train
173941,train
197506,train
185827,train
222998,train
177481,train
150888,train
205502,train
222392,train
131609,train
186278,train
199202,train
184874,train
200629,train
198762,train
168349,train
168484,train
92591,train
186453,train
185415,train
123282,train
170996,train
194050,train
127138,train
192761,train
199756,train
173385,train
119828,train
206038,train
178725,train
206809,train
219373,train
200412,train
176153,train
218549,train
227566,train
201283,train
172766,train
221772,train
120261,train
227203,train
175676,train
199874,train
137133,train
172581,train
182364,train
137250,train
168014,train
205651,train
199701,train
121439,train
184649,train
181931,train
223195,train
214361,train
219401,train
176884,train
206052,train
223179,train
131275,train
137101,train
121341,train
178339,train
199255,train
167723,train
175947,train
200031,train
192363,train
173682,train
180036,train
212842,train
177346,train
183617,train
174277,train
187255,train
218448,train
219977,train
189499,train
120362,train
197703,train
180440,train
166953,train
178694,train
126299,train
189143,train
197103,train
213626,train
178108,train
194996,train
183392,train
202271,train
222143,train
188060,train
197923,train
179078,train
182530,train
205886,train
183016,train
219844,train
224056,train
120482,train
211371,train
195100,train
180121,train
197184,train
168096,train
193576,train
191312,train
190886,train
173315,train
225657,train
203615,train
119240,train
182090,train
225000,train
176724,train
204710,train
186976,train
117943,train
199713,train
171481,train
175256,train
179447,train
173099,train
188247,train
182748,train
224618,train
219530,train
173739,train
175631,train
193840,train
183980,train
118553,train
193885,train
211647,train
205447,train
186432,train
200486,train
176503,train
179788,train
203144,train
183665,train
214614,train
185190,train
219557,train
204547,train
118782,train
181961,train
189039,train
224239,train
180742,train
173053,train
206328,train
199971,train
221273,train
209475,train
172043,train
129890,train
177958,train
199447,train
174448,train
224539,train
179342,train
184222,train
221669,train
179685,train
173161,train
175595,train
176847,train
220171,train
219412,train
174799,train
121371,train
218940,train
168202,train
210376,train
219468,train
192455,train
200885,train
193408,train
187257,train
198812,train
183768,train
196467,train
207981,train
185201,train
103652,train
204971,train
207856,train
179139,train
171115,train
120674,train
211120,train
226905,train
225870,train
226936,train
226391,train
103529,train
183058,train
207965,train
226756,train
186028,train
223929,train
185283,train
171985,train
220765,train
207928,train
134916,train
203196,train
188074,train
202401,train
205501,train
177913,train
200444,train
197018,train
204802,train
206776,train
145393,train
188995,train
219995,train
218486,train
202732,train
180209,train
184292,train
138565,train
174440,train
192823,train
150793,train
186203,train
227778,train
221760,train
222974,train
174825,train
222953,train
93509,train
189723,train
205477,train
120336,train
178097,train
187980,train
196568,train
197080,train
207848,train
172444,train
188715,train
174696,train
173017,train
180808,train
182071,train
224481,train
181433,train
172975,train
123928,train
193001,train
184677,train
226375,train
225839,train
188906,train
197123,train
180588,train
189125,train
207458,train
178960,train
167909,train
218667,train
184449,train
128139,train
225837,train
194667,train
181740,train
190936,train
173768,train
199721,train
195563,train
171322,train
220557,train
181893,train
122622,train
201718,train
179017,train
118457,train
191165,train
186817,train
122101,train
174962,train
186523,train
212215,train
199073,train
137859,train
201270,train
188794,train
185477,train
174124,train
184439,train
207584,train
125813,train
130815,train
217915,train
172873,train
182400,train
219070,train
190328,train
219483,train
182082,train
180748,train
205064,train
200521,train
187621,train
202274,train
227772,train
193010,train
225954,train
190809,train
198442,train
174709,train
193877,train
173118,train
125693,train
197206,train
178656,train
181341,train
105464,train
173387,train
208094,train
223926,train
173726,train
190046,train
194967,train
180728,train
137333,train
186499,train
221851,train
185665,train
199648,train
126764,train
195009,train
180045,train
192595,train
122008,train
222893,train
172758,train
200176,train
180184,train
172563,train
222079,train
140073,train
153243,train
181816,train
204766,train
222876,train
172419,train
177624,train
190118,train
177504,train
201376,train
177468,train
212031,train
223151,train
219432,train
205470,train
175306,train
196472,train
168135,train
184878,train
144064,train
186035,train
198466,train
174429,train
182772,train
177836,train
190757,train
119519,train
220215,train
185939,train
187970,train
190961,train
223519,train
133713,train
195612,train
186113,train
186452,train
173142,train
178332,train
211405,train
122056,train
173150,train
187383,train
185591,train
98367,train
188897,train
222653,train
185267,train
189601,train
169521,train
211362,train
212256,train
188798,train
211366,train
173575,train
199101,train
170951,train
212568,train
199423,train
187151,train
210034,train
180855,train
179260,train
215297,train
208032,train
175195,train
206566,train
207808,train
150930,train
185375,train
184813,train
133271,train
186405,train
223229,train
219458,train
182305,train
180906,train
202820,train
120723,train
190843,train
125472,train
198619,train
192015,train
220551,train
222516,train
166965,train
207154,train
178255,train
226722,train
176402,train
212458,train
196541,train
174057,train
187800,train
180341,train
178704,train
187013,train
171550,train
140921,train
181965,train
188965,train
211814,train
182773,train
196879,train
179620,train
168141,train
187270,train
179662,train
175932,train
173084,train
187303,train
195168,train
176064,train
185157,train
171365,train
198365,train
184162,train
192279,train
223723,train
199674,train
180317,train
199188,train
223247,train
202081,train
212383,train
178547,train
188908,train
224588,train
183794,train
187984,train
222721,train
227467,train
227554,train
202467,train
203856,train
188441,train
186308,train
224479,train
196817,train
184626,train
220458,train
155292,train
200895,train
174459,train
212301,train
222519,train
222857,train
181135,train
220536,train
207828,train
195589,train
182201,train
183251,train
223779,train
219399,train
198409,train
194179,train
209869,train
178688,train
203401,train
199333,train
200418,train
192347,train
213604,train
219807,train
189213,train
145460,train
194079,train
119747,train
119390,train
180883,train
219339,train
189096,train
133788,train
176722,train
126343,train
197721,train
177250,train
172425,train
172827,train
128933,train
174481,train
175781,train
174764,train
224046,train
193723,train
222158,train
139368,train
215773,train
198285,train
181082,train
199058,train
194165,train
188036,train
200579,train
175561,train
190660,train
189702,train
188550,train
186959,train
206677,train
202498,train
217768,train
179452,train
203577,train
185228,train
200224,train
180417,train
181757,train
137344,train
195703,test
215240,test
178742,test
185196,test
194266,test
221622,test
196840,test
178432,test
175566,test
191989,test
145415,test
176529,test
195829,test
226445,test
218489,test
221967,test
123923,test
197837,test
171892,test
144394,test
180963,test
202051,test
128810,test
206720,test
182319,test
203139,test
219350,test
205474,test
174720,test
205687,test
173183,test
123497,test
120198,test
173779,test
125801,test
171977,test
219158,test
175957,test
200723,test
223423,test
179433,test
128398,test
217808,test
225847,test
179567,test
182490,test
187414,test
126023,test
192777,test
198723,test
189468,test
189367,test
175809,test
180376,test
221870,test
227318,test
206595,test
200857,test
203166,test
204653,test
216320,test
174805,test
195821,test
189142,test
214437,test
220048,test
193593,test
183528,test
176293,test
182914,test
186925,test
202441,test
191499,test
190028,test
181569,test
220714,test
178649,test
203152,test
170862,test
127282,test
196642,test
213473,test
168740,test
184863,test
223140,test
199074,test
194832,test
182707,test
199227,test
173880,test
178153,test
193710,test
188104,test
129990,test
173309,test
188490,test
182254,test
221540,test
206627,test
182992,test
223602,test
202179,test
200664,test
220772,test
171520,test
175694,test
137031,test
185244,test
203016,test
175738,test
173762,test
107559,test
197088,test
220697,test
174340,test
220468,test
93567,test
180894,test
219413,test
173719,test
120308,test
178457,test
122002,test
183630,test
148616,test
171522,test
184933,test
174263,test
122931,test
223464,test
180463,test
183807,test
174145,test
219336,test
179999,test
170226,test
227029,test
182770,test
178707,test
219846,test
225516,test
215060,test
219513,test
205866,test
216165,test
186850,test
182997,test
214501,test
96409,test
180077,test
221958,test
175453,test
178567,test
189782,test
212466,test
193929,test
176315,test
201271,test
137972,test
176612,test
173582,test
131562,test
184837,test
227796,test
224148,test
205403,test
198593,test
199534,test
206684,test
137262,test
214956,test
174616,test
190633,test
179219,test
221407,test
220188,test
182030,test
127585,test
137678,test
176274,test
220876,test
193078,test
189022,test
183445,test
174809,test
203571,test
194608,test
125991,test
199134,test
180677,test
179094,test
203194,test
93674,test
187511,test
201007,test
181456,test
207825,test
120472,test
181313,test
191353,test
177274,test
200464,test
221096,test
201280,test
201014,test
202203,test
180896,test
196233,test
151975,test
197943,test
177421,test
205385,test
174837,test
171963,test
173932,test
139073,test
209683,test
136808,test
224531,test
181168,test
228201,test
176845,test
179015,test
199755,test
189697,test
134652,test
227474,test
178847,test
122110,test
180143,test
204657,test
226743,test
221153,test
175307,test
177538,test
182065,test
224223,test
180367,test
185238,test
182028,test
212228,test
201494,test
187105,test
130488,test
201308,test
221749,test
183141,test
172416,test
221210,test
178522,test
150777,test
219832,test
126161,test
186844,test
191994,test
221016,test
199528,test
196244,test
183335,test
78402,test
212017,test
207675,test
221866,test
181198,test
215770,test
201200,test
218446,test
172837,test
195704,test
126592,test
225378,test
178072,test
173262,test
170557,test
133587,test
226298,test
203276,test
212308,test
173199,test
182432,test
189973,test
179074,test
197557,test
119147,test
202027,test
157737,test
202008,test
210260,test
121539,test
199446,test
224048,test
189436,test
173869,test
222041,test
177420,test
209899,test
227014,test
201902,test
222082,test
179616,test
213218,test
174674,test
173767,test
205453,test
194176,test
179559,test
179194,test
185826,test
200088,test
183668,test
153006,test
191077,test
189998,test
199901,test
152995,test
172353,test
197931,test
225602,test
194908,test
172370,test
176400,test
184997,test
186541,test
182738,test
205560,test
189131,test
187108,test
175582,test
208364,test
177722,test
184064,test
185495,test
186899,test
222529,test
206843,test
173788,test
194126,test
184689,test
186939,test
181140,test
186648,test
182141,test
190216,test
192190,test
123498,test
208396,test
195008,test
181863,test
193556,test
222612,test
227054,test
185700,test
226650,test
181940,test
126577,test
218063,test
121702,test
183602,test
173107,test
200952,test
184761,test
185115,test
126920,test
211740,test
169173,test
178609,test
223631,test
171156,test
188751,test
173133,test
220836,test
220788,test
175020,test
126344,test
203635,test
197337,test
194267,test
223859,test
214729,test
188838,test
173830,test
173827,test
103645,test
172369,test
186101,test
211231,test
188010,test
186815,test
126018,test
220835,test
184644,test
202265,test
194924,test
187156,test
227246,test
220163,test
200355,test
179797,test
189105,test
190106,test
173400,test
167783,test
223986,test
191986,test
195033,test
175815,test
191532,test
192123,test
139591,test
201097,test
201217,test
178190,test
223829,test
118777,test
188492,test
186056,test
190742,test
184917,test
200434,test
207853,test
181251,test
102127,test
179498,test
211609,test
225993,test
127514,test
184666,test
195245,test
182550,test
178016,test
96956,test
187060,test
172599,test
178944,test
141641,test
175638,test
200933,test
184855,test
200510,test
146411,test
224990,test
207723,test
192090,test
187052,test
208623,test
174660,test
206035,test
185708,test
196838,test
224621,test
180485,test
170991,test
180115,test
183487,test
184940,test
126153,test
214616,test
183634,test
186857,test
188606,test
187022,test
193009,test
227449,test
219649,test
214720,test
221692,test
174886,test
172428,test
212725,test
185185,test
201405,test
209985,test
196514,test
224600,test
204205,test
221127,test
194617,test
184963,test
125583,test
208228,test
125564,test
189785,test
181165,test
178336,test
205542,test
193941,test
122787,test
221557,test
199583,test
220456,test
191585,test
183096,test
172779,test
189486,test
178853,test
222692,test
183650,test
172374,test
199700,test
191194,test
145321,test
202151,test
174072,test
201475,test
188051,test
127229,test
196522,test
211662,test
220042,test
205461,test
219454,test
205066,test
188314,test
193415,test
203232,test
183363,test
173002,test
222120,test
227239,test
221842,test
174556,test
102832,test
181922,test
174350,test
152146,test
185525,test
208954,test
185791,test
185472,test
196435,test
220191,test
200635,test
209932,test
179780,test
181218,test
172560,test
184367,test
223981,test
198994,test
190589,test
221541,test
179488,test
203158,test
219494,test
184462,test
206366,test
222843,test
226001,test
171790,test
212563,test
173479,test
178191,test
143515,test
184922,test
209539,test
190313,test
223029,test
174522,test
221920,test
200007,test
180226,test
195353,test
97283,test
180300,test
222152,test
215289,test
141628,test
191600,test
223657,test
189498,test
191617,test
202448,test
193276,test
95961,test
178641,test
201323,test
185823,test
179369,test
168415,test
192790,test
212449,test
222173,test
194037,test
202360,test
183227,test
174153,test
195864,test
198421,test
124233,test
169154,test
177491,test
145248,test
147322,test
172886,test
176916,test
188250,test
195125,test
182553,test
126737,test
124017,test
185541,test
176009,test
171629,test
183015,test
209704,test
139712,test
199463,test
178518,test
181240,test
218379,test
199245,test
218911,test
178721,test
199506,test
190525,test
196645,test
182667,test
126276,test
184663,test
180795,test
100576,test
169096,test
104034,test
224686,test
177546,test
185698,test
122890,test
201576,test
188493,test
203486,test
219407,test
176309,test
221520,test
221543,test
175572,test
122888,test
168176,test
176304,test
192451,test
183689,test
179212,test
181612,test
195130,test
208655,test
203540,test
195425,test
187688,test
219810,test
223938,test
192712,test
205591,test
224884,test
196288,test
226384,test
185958,test
207918,test
201582,test
205605,test
220781,test
175322,test
187819,test
96829,test
196670,test
182642,test
201013,test
183886,test
190750,test
175489,test
223566,test
199321,test
198400,test
190294,test
182140,test
206589,test
222226,test
172491,test
177820,test
182633,test
185259,test
223681,test
123162,test
209863,test
222780,test
182244,test
185452,test
150891,test
195422,test
188803,test
227036,test
199376,test
149186,test
195167,test
167900,test
179550,test
172752,test
173386,test
185020,test
208544,test
197175,test
191156,test
118560,test
199646,test
222518,test
119404,test
136912,test
227364,test
222320,test
219518,test
190967,test
184892,test
175688,test
137407,test
200754,test
195389,test
224290,test
144988,test
184039,test
180199,test
186657,test
197965,test
133233,test
207357,test
177661,test
203624,test
186646,test
125997,test
189809,test
222283,test
181810,test
175151,test
177742,test
122626,test
182499,test
209859,test
176275,test
221817,test
174064,test
184600,test
208734,test
225150,test
179236,test
214690,test
210820,test
183553,test
195712,test
207914,test
124626,test
178281,test
169527,test
181331,test
206481,test
181627,test
124339,test
209292,test
125579,test
188025,test
178356,test
143881,test
175868,test
171150,test
140012,test
181540,test
191961,test
200222,test
124341,test
174143,test
184885,test
179909,test
173657,test
187343,test
191696,test
144217,test
205614,test
193680,test
224057,test
221889,test
205577,test
173135,test
223696,test
198247,test
173466,test
208221,test
172863,test
138049,test
214624,test
182701,test
206844,test
187986,test
216033,test
175041,test
197870,test
218772,test
180393,test
200520,test
203248,test
223506,test
228154,test
123440,test
206345,test
200626,test
211374,test
197287,test
224307,test
223124,test
179770,test
178402,test
211858,test
228041,test
182766,test
168932,test
181197,test
175877,test
223937,test
221972,test
174918,test
193459,test
202677,test
182146,test
201456,test
182380,test
124964,test
176432,test
205071,test
222066,test
174275,test
174563,test
172742,test
184471,test
129787,test
222500,test
174395,test
105851,test
201669,test
213220,test
221644,test
198448,test
143571,test
186440,test
185329,test
183789,test
174665,test
225850,test
203896,test
190677,test
121961,test
211727,test
197900,test
211883,test
173377,test
186921,test
178070,test
223959,test
172495,test
176173,test
188219,test
212173,test
184112,test
183916,test
214496,test
182470,test
179221,test
220525,test
219831,test
184844,test
96835,test
96440,test
183592,test
172960,test
197916,test
219435,test
179147,test
205518,test
223673,test
194958,test
174325,test
185302,test
199688,test
196979,test
179438,test
124963,test
222176,test
184987,test
178414,test
194909,test
197518,test
220578,test
173037,test
224455,test
161300,test
220002,test
192646,test
222527,test
134562,test
150884,test
102039,test
176174,test
128813,test
194688,test
206318,test
224121,test
171149,test
129899,test
181821,test
174493,test
222423,test
150756,test
190079,test
126073,test
143420,test
201163,test
197555,test
214605,test
182607,test
211228,test
202198,test
222220,test
198502,test
208541,test
171137,test
195550,test
128298,test
215224,test
221131,test
176262,test
169149,test
208077,test
174449,test
198385,test
212123,test
194155,test
183426,test
200611,test
184315,test
175242,test
189011,test
183013,test
225295,test
227256,test
185852,test
199589,test
222338,test
124795,test
150820,test
220793,test
184713,test
223815,test
206370,test
180977,test
128804,test
188123,test
127147,test
190319,test
133593,test
174318,test
150781,test
191379,test
186026,test
132804,test
126773,test
217743,test
186873,test
182103,test
188727,test
208210,test
220823,test
177532,test
185332,test
223936,test
222209,test
223353,test
179873,test
93670,test
179606,test
205812,test
185085,test
125465,test
179353,test
185661,test
203417,test
186232,test
122891,test
188795,test
201328,test
125942,test
172650,test
205007,test
228204,test
180889,test
175516,test
223805,test
177809,test
182504,test
181707,test
181395,test
190091,test
186007,test
183059,test
218576,test
198702,test
171098,test
143518,test
188844,test
223973,test
189895,test
177726,test
173181,test
189417,test
206358,test
126217,test
222551,test
179430,test
223706,test
196989,test
171761,test
187262,test
179855,test
196640,test
222599,test
200162,test
225123,test
182306,test
199963,test
203779,test
186656,test
189698,test
173201,test
179022,test
196959,test
174752,test
142993,test
171412,test
220055,test
186017,test
174915,test
220545,test
211375,test
188484,test
173573,test
145791,test
181860,test
185947,test
139592,test
194691,test
177503,test
190335,test
184042,test
175165,test
222770,test
219067,test
222054,test
194893,test
202339,test
200095,test
192239,test
172784,test
173145,test
134657,test
196807,test
175799,test
96987,test
223574,test
219963,test
223119,test
180534,test
215747,test
224260,test
190651,test
183954,test
201853,test
184826,test
217683,test
137025,test
168210,test
183527,test
203745,test
224311,test
143659,test
227434,test
127583,test
119666,test
138139,test
129862,test
228157,test
130479,test
224204,test
181104,test
184818,test
208653,test
172523,test
198613,test
222558,test
202805,test
205457,test
177679,test
175049,test
170535,test
203295,test
184306,test
188143,test
173763,test
209070,test
184680,test
181997,test
227461,test
176140,test
182837,test
224062,test
222142,test
198606,test
222865,test
177436,test
183333,test
105436,test
192308,test
189953,test
171406,test
120089,test
178570,test
173703,test
221015,test
206687,test
209037,test
188811,test
196819,test
223214,test
181422,test
179184,test
181367,test
138655,test
205422,test
200522,test
184353,test
196609,test
182382,test
202729,test
193562,test
184618,test
223435,test
223606,test
195851,test
203233,test
186266,test
168119,test
218783,test
221769,test
178297,test
181384,test
193548,test
105432,test
180227,test
178455,test
97517,test
174233,test
183308,test
183082,test
175872,test
175346,test
180870,test
150821,test
219476,test
222371,test
126760,test
200465,test
175462,test
205000,test
223024,test
219457,test
225317,test
227345,test
176479,test
196622,test
180934,test
189898,test
191377,test
180659,test
138077,test
212093,test
145314,test
202452,test
186948,test
227034,test
207932,test
174553,test
185735,test
196805,test
222247,test
176464,test
173101,test
219973,test
183447,test
146410,test
172504,test
223607,test
221072,test
120891,test
176398,test
177222,test
204811,test
121370,test
226897,test
179539,test
187598,test
92814,test
201925,test
180809,test
183687,test
193489,test
172045,test
224359,test
123148,test
198055,test
180365,test
192265,test
184804,test
182308,test
204670,test
141696,test
120890,test
175940,test
190061,test
215501,test
192678,test
119955,test
195511,test
174079,test
196644,test
134964,test
221164,test
185282,test
176689,test
198404,test
207218,test
183182,test
192800,test
171368,test
175187,test
181343,test
223765,test
180635,test
176169,test
220459,test
179647,test
220359,test
219948,test
222214,test
173242,test
96412,test
123147,test
186974,test
119882,test
185344,test
216061,test
207849,test
146390,test
202176,test
204032,test
207375,test
179067,test
175930,test
184002,test
175013,test
190138,test
214773,test
173036,test
219873,test
168206,test
199658,test
223197,test
175768,test
219611,test
223427,test
181598,test
196519,test
184149,test
189812,test
187601,test
170441,test
127910,test
179779,test
179933,test
202405,test
135550,test
198007,test
182296,test
125695,test
125598,test
179936,test
173132,test
181303,test
178996,test
179773,test
182991,test
134296,test
199252,test
172396,test
206550,test
216360,test
224339,test
205920,test
184518,test
227439,test
203331,test
180325,test
145240,test
198434,test
223806,test
180481,test
183271,test
222092,test
216366,test
187809,test
173044,test
174619,test
199750,test
186246,test
174823,test
183322,test
179916,test
185871,test
178869,test
73604,test
145640,test
219545,test
181713,test
179711,test
186281,test
211217,test
215226,test
175126,test
147055,test
209892,test
187035,test
183889,test
177292,test
212174,test
176027,test
122764,test
103655,test
199270,test
180427,test
146376,test
220564,test
125814,test
226721,test
171940,test
178597,test
199189,test
219583,test
182338,test
199444,test
206378,test
199530,test
219536,test
222270,test
190591,test
175652,test
194612,test
198676,test
214611,test
167869,test
125888,test
160942,test
189597,test
206582,test
176605,test
174856,test
221887,test
118679,test
198784,test
188964,test
218732,test
219161,test
220084,test
221578,test
220149,test
205922,test
169178,test
136955,test
179984,test
211770,test
177524,test
223565,test
196599,test
190585,test
175098,test
185418,test
223953,test
198438,test
187835,test
166913,test
189171,test
176446,test
126338,test
185298,test
145257,test
215599,test
153008,test
226538,test
181536,test
176583,test
172497,test
225055,test
184293,test
121553,test
220457,test
148927,test
222913,test
200927,test
174378,test
224337,test
209051,test
188791,test
220916,test
172214,test
187810,test
203251,test
173864,test
186905,test
202818,test
172603,test
209988,test
145783,test
184659,test
224152,test
209925,test
222130,test
219470,test
208173,test
179021,test
182334,test
182110,test
189976,test
201249,test
176727,test
217330,test
177511,test
182022,test
224410,test
172186,test
148494,test
195316,test
178393,test
205463,test
188057,test
174380,test
178169,test
212529,test
187927,test
176486,test
227715,test
182397,test
176405,test
181263,test
214382,test
176297,test
175260,test
175382,test
175735,test
152109,test
219444,test
130656,test
227668,test
219363,test
186875,test
175439,test
195537,test
218972,test
225944,test
227888,test
187202,test
204795,test
170949,test
198004,test
172958,test
211652,test
185494,test
200862,test
177621,test
179370,test
175314,test
221915,test
185532,test
212565,test
174148,test
181319,test
200018,test
220818,test
120947,test
129988,test
219344,test
176702,test
168612,test
177568,test
190780,test
220299,test
188504,test
124952,test
195287,test
183586,test
174547,test
131144,test
206714,test
108823,test
199579,test
169098,test
211521,test
193727,test
174551,test
185736,test
120330,test
184096,test
183385,test
202329,test
141704,test
172805,test
124672,test
184097,test
179675,test
200613,test
181777,test
177231,test
185216,test
227499,test
185163,test
218749,test
225815,test
195299,test
173372,test
188480,test
180776,test
193227,test
200214,test
177352,test
201402,test
224453,test
181981,test
221970,test
177519,test
178857,test
184365,test
176568,test
205067,test
176654,test
199234,test
193483,test
211455,test
177433,test
164901,test
121672,test
177249,test
187890,test
121646,test
175813,test
180009,test
150895,test
200585,test
189757,test
184577,test
188072,test
227031,test
201560,test
177172,test
182089,test
190286,test
221726,test
139357,test
176441,test
213484,test
224878,test
199973,test
174697,test
223564,test
181914,test
166813,test
182035,test
173950,test
176794,test
165924,test
214620,test
173443,test
176927,test
195843,test
196620,test
222617,test
220872,test
204773,test
224576,test
125803,test
198526,test
169135,test
190508,test
201179,test
196910,test
139971,test
184123,test
200442,test
207481,test
178553,test
198617,test
224191,test
174793,test
194855,test
183979,test
225665,test
127727,test
221424,test
220472,test
206530,test
197687,test
202026,test
213229,test
178627,test
122135,test
176680,test
199777,test
203773,test
182040,test
188232,test
184602,test
205488,test
180102,test
220622,test
223440,test
202064,test
184925,test
209138,test
137261,test
178507,test
172000,test
188500,test
208356,test
185413,test
193467,test
190488,test
176380,test
191611,test
215241,test
119851,test
227476,test
177585,test
174778,test
190324,test
219475,test
196121,test
209416,test
222166,test
192493,test
206458,test
227125,test
204708,test
173855,test
137346,test
174777,test
176675,test
183396,test
200480,test
196235,test
210807,test
171575,test
184898,test
177052,test
133232,test
178755,test
185554,test
137251,test
218467,test
152075,test
181350,test
131125,test
204029,test
207941,test
185148,test
192880,test
220151,test
219947,test
182662,test
170397,test
227478,test
180786,test
185331,test
177928,test
203007,test
221691,test
175612,test
184221,test
189831,test
152143,test
175816,test
198516,test
223967,test
185158,test
203289,test
196703,test
181370,test
197645,test
182479,test
175918,test
223522,test
174753,test
172885,test
199729,test
195123,test
193474,test
202674,test
172106,test
181213,test
194241,test
221262,test
181570,test
178827,test
174044,test
193921,test
188842,test
175530,test
98384,test
207105,test
203204,test
166963,test
127531,test
173322,test
201850,test
206335,test
136914,test
184119,test
178138,test
192060,test
120977,test
198008,test
174826,test
146392,test
182721,test
171357,test
193674,test
224551,test
218436,test
199871,test
219071,test
193341,test
217584,test
189591,test
183095,test
146400,test
210154,test
174536,test
206576,test
126777,test
223627,test
168815,test
222749,test
186507,test
172386,test
174853,test
206233,test
221513,test
120459,test
184463,test
217466,test
189576,test
149672,test
172613,test
173276,test
203431,test
176663,test
184219,test
200939,test
181411,test
125875,test
121965,test
211507,test
183939,test
184856,test
188832,test
200487,test
206116,test
179609,test
196829,test
177886,test
187374,test
211136,test
211402,test
205492,test
226588,test
184342,test
183655,test
214374,test
190003,test
188124,test
173693,test
182495,test
176243,test
222584,test
219895,test
177550,test
182659,test
186969,test
196866,test
187930,test
190735,test
133608,test
223112,test
203296,test
220383,test
187607,test
175471,test
97015,test
203823,test
188398,test
179478,test
177488,test
169258,test
225256,test
172817,test
126910,test
211693,test
224350,test
207930,test
200534,test
213198,test
92770,test
132051,test
197008,test
203098,test
190241,test
205644,test
182540,test
191321,test
214369,test
187243,test
201613,test
184115,test
201194,test
219779,test
220118,test
187009,test
220041,test
180278,test
128939,test
204764,test
171996,test
200080,test
224766,test
175655,test
182864,test
225661,test
122615,test
172099,test
120076,test
192415,test
180109,test
179669,test
208986,test
209856,test
180268,test
179695,test
195780,test
122179,test
197694,test
182850,test
122183,test
184189,test
190047,test
167865,test
224613,test
180260,test
219090,test
182064,test
176334,test
181924,test
179892,test
183534,test
175702,test
183448,test
197972,test
172442,test
221839,test
174707,test
218451,test
220183,test
218452,test
183673,test
205061,test
175157,test
122617,test
223595,test
97278,test
205566,test
227734,test
182426,test
93660,test
80145,test
185802,test
221343,test
222645,test
187016,test
181897,test
183337,test
184393,test
217684,test
199267,test
186225,test
177901,test
198473,test
222334,test
125052,test
187204,test
205613,test
222507,test
198040,test
177910,test
224013,test
203402,test
181500,test
182835,test
183150,test
219556,test
189607,test
196935,test
184362,test
127171,test
227520,test
218459,test
118533,test
219522,test
223703,test
223788,test
177211,test
222914,test
206570,test
176351,test
200024,test
224036,test
219177,test
183476,test
219312,test
175116,test
171023,test
189092,test
186545,test
147070,test
179068,test
199968,test
200903,test
191633,test
103689,test
220972,test
179432,test
181751,test
171864,test
220735,test
137528,test
214456,test
169176,test
214355,test
172111,test
180767,test
180593,test
197239,test
173608,test
122963,test
221627,test
185850,test
183684,test
174458,test
125456,test
176630,test
189175,test
223584,test
199939,test
176142,test
189147,test
143521,test
220172,test
179134,test
172607,test
207452,test
193583,test
171978,test
182326,test
208083,test
222490,test
195753,test
224684,test
174883,test
197339,test
219631,test
191593,test
185280,test
192020,test
224065,test
185422,test
199368,test
137090,test
212581,test
126156,test
174741,test
184300,test
199190,test
137093,test
175333,test
137269,test
180804,test
207063,test
122981,test
181423,test
173123,test
202909,test
223358,test
217896,test
167872,test
176015,test
175777,test
205813,test
219689,test
121926,test
193745,test
224985,test
223970,test
225030,test
183230,test
204778,test
178991,test
196073,test
192337,test
195858,test
196319,test
198051,test
108830,test
174668,test
178376,test
203681,test
224363,test
177619,test
166605,test
208988,test
181622,test
172438,test
200452,test
224567,test
177465,test
221492,test
184977,test
198465,test
222367,test
172898,test
184452,test
204969,test
188436,test
182402,test
175323,test
167861,test
172992,test
194694,test
210377,test
198545,test
222011,test
220730,test
218595,test
134721,test
150752,test
226656,test
202823,test
179898,test
207142,test
180318,test
178696,test
174478,test
194966,test
227032,test
183696,test
170331,test
227074,test
214722,test
176593,test
196878,test
227233,test
123675,test
182704,test
196671,test
166922,test
190333,test
205623,test
211936,test
180766,test
173325,test
184410,test
175563,test
219459,test
179487,test
188887,test
223512,test
184581,test
217747,test
203564,test
189784,test
176043,test
180444,test
137264,test
172242,test
177649,test
176866,test
179381,test
228213,test
143261,test
219604,test
178889,test
221165,test
188204,test
140017,test
166863,test
212323,test
178232,test
198625,test
174552,test
185002,test
176955,test
221666,test
219340,test
145375,test
175405,test
126021,test
127136,test
189321,test
131142,test
196177,test
224263,test
224262,test
219540,test
202004,test
218185,test
184113,test
198660,test
179467,test
221173,test
176796,test
199970,test
179749,test
128821,test
174830,test
124594,test
198394,test
184948,test
223534,test
182699,test
149808,test
202928,test
181354,test
177513,test
137387,test
174858,test
140062,test
224293,test
185846,test
183297,test
182430,test
117830,test
198757,test
183671,test
61394,test
199244,test
204702,test
174813,test
227119,test
176931,test
221925,test
179075,test
174544,test
219069,test
102035,test
227118,test
177728,test
227025,test
218607,test
173437,test
194139,test
133655,test
172933,test
222718,test
188249,test
122042,test
175225,test
123219,test
171785,test
131535,test
178805,test
184838,test
225365,test
196738,test
205437,test
176904,test
166912,test
193608,test
204822,test
225347,test
198641,test
198776,test
203588,test
196613,test
197913,test
175793,test
216536,test
187833,test
190751,test
202048,test
119865,test
186842,test
183564,test
166943,test
228209,test
203596,test
190266,test
180632,test
175654,test
177673,test
176236,test
175203,test
179052,test
184360,test
227306,test
186955,test
181977,test
122145,test
218969,test
222039,test
139889,test
202419,test
146978,test
133637,test
202810,test
128238,test
180717,test
196845,test
206902,test
175699,test
190018,test
202681,test
147944,test
174253,test
93572,test
179387,test
108189,test
171563,test
197889,test
200296,test
222696,test
188880,test
220922,test
183362,test
223205,test
174857,test
176614,test
181870,test
184976,test
209694,test
192410,test
224027,test
118666,test
227046,test
200446,test
188319,test
188446,test
183149,test
190062,test
203825,test
202000,test
187253,test
183444,test
181129,test
178451,test
184539,test
193678,test
178759,test
185519,test
179724,test
184915,test
221977,test
196799,test
194628,test
202018,test
198517,test
126573,test
199192,test
167319,test
203195,test
203252,test
188772,test
177559,test
184593,test
207681,test
184240,test
172276,test
222997,test
189394,test
125771,test
195804,test
143318,test
196660,test
185572,test
183938,test
175801,test
195788,test
222477,test
179995,test
183917,test
188747,test
201275,test
180765,test
218830,test
118754,test
225467,test
131748,test
180692,test
220423,test
127732,test
189495,test
219517,test
133654,test
220476,test
187844,test
201498,test
187011,test
222485,test
220821,test
124714,test
174641,test
219567,test
201025,test
177348,test
183616,test
172116,test
205867,test
120893,test
189533,test
193686,test
168337,test
176423,test
215057,test
222616,test
191232,test
199651,test
224915,test
180454,test
183622,test
180518,test
180535,test
185193,test
190447,test
188176,test
201012,test
225012,test
129758,test
190248,test
222907,test
189665,test
178560,test
178949,test
182711,test
123933,test
218735,test
179540,test
175321,test
168162,test
223573,test
219663,test
185357,test
129998,test
208078,test
122061,test
206806,test
196628,test
199507,test
184151,test
185888,test
176515,test
124713,test
137886,test
215239,test
131792,test
182494,test
182488,test
220363,test
223654,test
189044,test
199644,test
206896,test
179904,test
196384,test
127571,test
206395,test
178729,test
176816,test
178836,test
208984,test
191290,test
193377,test
175704,test
201590,test
185550,test
205486,test
201305,test
182639,test
173384,test
210783,test
186871,test
222880,test
124235,test
206046,test
168809,test
178550,test
197884,test
181784,test
227714,test
140021,test
182882,test
221741,test
181184,test
201457,test
195101,test
182442,test
206573,test
190340,test
199103,test
142677,test
92690,test
198670,test
223026,test
182683,test
173374,test
176841,test
172503,test
166004,test
105336,test
219917,test
180700,test
184574,test
184417,test
180416,test
207757,test
177270,test
218780,test
131612,test
198387,test
222890,test
200556,test
117947,test
134726,test
224345,test
193228,test
120400,test
218378,test
89156,test
183792,test
195097,test
209937,test
223863,test
211546,test
176665,test
192811,test
176836,test
206513,test
200070,test
186540,test
137147,test
222027,test
177247,test
214444,test
184509,test
187044,test
182873,test
131741,test
173131,test
207342,test
185224,test
212251,test
222001,test
177876,test
183332,test
170493,test
174473,test
211235,test
173675,test
208200,test
137096,test
184400,test
186810,test
181503,test
202671,test
183579,test
219400,test
228141,test
223965,test
186412,test
120650,test
198667,test
172515,test
222635,test
223659,test
200509,test
174421,test
204782,test
201481,test
125993,test
184165,test
177749,test
101940,test
173128,test
175790,test
190805,test
120419,test
198732,test
117953,test
205185,test
172926,test
188797,test
189020,test
174422,test
179610,test
195561,test
221522,test
222576,test
203805,test
181545,test
191386,test
192634,test
186881,test
200190,test
220837,test
206847,test
120342,test
175031,test
178937,test
126155,test
222193,test
186408,test
184229,test
194609,test
195850,test
192105,test
186652,test
131278,test
186050,test
105380,test
201419,test
220526,test
175596,test
192065,test
198411,test
187874,test
194995,test
122886,test
184356,test
217828,test
207575,test
181534,test
189535,test
227127,test
202510,test
189097,test
188298,test
205718,test
206228,test
179499,test
185731,test
224243,test
192691,test
188528,test
222908,test
145402,test
226019,test
186877,test
193744,test
180396,test
174890,test
214701,test
169659,test
221764,test
203574,test
179440,test
172003,test
191154,test
184379,test
184545,test
84039,test
226383,test
92804,test
202049,test
184488,test
207273,test
183632,test
183977,test
175392,test
196437,test
214622,test
177892,test
220122,test
206231,test
187099,test
198664,test
172221,test
174768,test
183669,test
227558,test
184163,test
187503,test
202161,test
194082,test
183339,test
122462,test
188408,test
190971,test
125040,test
219512,test
223749,test
190363,test
189048,test
197970,test
183345,test
175779,test
195047,test
183136,test
173050,test
192639,test
181161,test
127911,test
185672,test
203332,test
167860,test
123929,test
185811,test
205594,test
199422,test
121551,test
222045,test
167836,test
197551,test
228211,test
172278,test
211368,test
222138,test
146490,test
169450,test
177544,test
125416,test
199685,test
228189,test
223192,test
183839,test
153007,test
204829,test
200622,test
172816,test
222662,test
94125,test
187350,test
198218,test
177815,test
166916,test
185514,test
131016,test
137104,test
184173,test
175060,test
179386,test
223111,test
225107,test
179291,test
220102,test
183259,test
183131,test
180893,test
189545,test
195052,test
150327,test
188823,test
168562,test
127092,test
173616,test
175199,test
203363,test
196861,test
221936,test
200143,test
197115,test
225097,test
196907,test
182253,test
201794,test
225547,test
172884,test
176800,test
224257,test
121970,test
226392,test
191357,test
220052,test
200647,test
199771,test
182557,test
181596,test
184348,test
175599,test
220403,test
210701,test
207844,test
168201,test
103644,test
172590,test
220049,test
125846,test
182524,test
225543,test
224199,test
184805,test
182708,test
179389,test
182852,test
180426,test
175556,test
184150,test
195024,test
167343,test
202993,test
224275,test
187336,test
207281,test
182041,test
189773,test
192367,test
195547,test
181653,test
118433,test
145386,test
186867,test
174101,test
183081,test
202705,test
179268,test
185285,test
187019,test
166874,test
180879,test
196621,test
179556,test
170955,test
118531,test
221266,test
181334,test
194529,test
197698,test
175747,test
179946,test
195059,test
187088,test
186431,test
219341,test
198672,test
203464,test
192716,test
200417,test
200092,test
194159,test
214504,test
224677,test
223872,test
101958,test
177460,test
176792,test
187393,test
200104,test
219352,test
181719,test
187298,test
179553,test
130976,test
129987,test
177053,test
206873,test
205182,test
226325,test
221225,test
93574,test
183368,test
188720,test
210574,test
204882,test
199130,test
221257,test
182425,test
173389,test
180533,test
200898,test
198334,test
205903,test
176900,test
174761,test
183484,test
191142,test
197993,test
102615,test
180609,test
181945,test
181971,test
125434,test
226002,test
184008,test
172910,test
219502,test
183243,test
205004,test
222455,test
200200,test
201470,test
182258,test
191706,test
209703,test
219534,test
182653,test
172828,test
222566,test
177529,test
186253,test
224483,test
221686,test
183277,test
208872,test
209688,test
122115,test
192413,test
219034,test
184916,test
125614,test
184823,test
170128,test
192074,test
224053,test
195149,test
175795,test
186486,test
221809,test
133709,test
226484,test
175571,test
212399,test
182511,test
184896,test
210698,test
186903,test
185773,test
174514,test
201588,test
93599,test
186944,test
177897,test
188806,test
168929,test
174453,test
197347,test
177573,test
198634,test
201678,test
227556,test
147918,test
220552,test
226299,test
221537,test
146494,test
212054,test
224277,test
207100,test
187864,test
174070,test
223043,test
168181,test
196973,test
198804,test
183406,test
182476,test
224515,test
180217,test
184757,test
174186,test
214287,test
194921,test
185074,test
205854,test
124883,test
203537,test
170960,test
173038,test
224214,test
174410,test
171050,test
180018,test
222034,test
219100,test
120285,test
199091,test
182273,test
199311,test
169233,test
183391,test
197915,test
192738,test
133694,test
201329,test
179998,test
183295,test
179745,test
98821,test
219246,test
194378,test
98752,test
203703,test
127520,test
203504,test
184389,test
224169,test
200433,test
168832,test
187276,test
172110,test
120008,test
172169,test
102088,test
154191,test
226747,test
142849,test
222005,test
183920,test
186386,test
120647,test
221312,test
177207,test
118440,test
187829,test
189439,test
122411,test
191967,test
181214,test
203394,test
182473,test
178194,test
221701,test
179563,test
172561,test
174477,test
177570,test
204769,test
200935,test
201466,test
181414,test
214608,test
223530,test
100585,test
181417,test
196747,test
100579,test
124959,test
117829,test
126005,test
183951,test
195190,test
207554,test
219889,test
198538,test
180106,test
223465,test
184989,test
184751,test
177297,test
196585,test
199394,test
180769,test
181397,test
218494,test
225813,test
175431,test
208415,test
178637,test
214965,test
208410,test
181030,test
187412,test
187376,test
191577,test
199741,test
187960,test
226877,test
196104,test
187048,test
190178,test
181511,test
213485,test
200468,test
179091,test
201575,test
119690,test
195296,test
188039,test
219906,test
186375,test
176648,test
203267,test
223731,test
197893,test
121256,test
172217,test
173586,test
185473,test
219500,test
193049,test
192605,test
180994,test
188088,test
220528,test
186447,test
181577,test
202670,test
122051,test
183192,test
215780,test
120505,test
219073,test
186960,test
180517,test
224361,test
172640,test
223174,test
195163,test
188573,test
196051,test
186929,test
204573,test
223031,test
100558,test
133698,test
180205,test
227229,test
124878,test
173196,test
174175,test
207939,test
181098,test
222373,test
136963,test
182984,test
185328,test
227227,test
175926,test
223719,test
201205,test
150318,test
177839,test
171328,test
166969,test
180086,test
182677,test
125889,test
183200,test
176384,test
227043,test
177883,test
184926,test
138795,test
167857,test
195524,test
103647,test
176776,test
198447,test
176422,test
120393,test
221827,test
176835,test
185227,test
187144,test
180030,test
179210,test
120322,test
174557,test
173056,test
179157,test
176772,test
187854,test
212804,test
222042,test
131131,test
203513,test
219358,test
173936,test
209935,test
184278,test
221652,test
181656,test
180076,test
204554,test
217682,test
220398,test
200406,test
194994,test
172233,test
198520,test
184432,test
217766,test
174060,test
225680,test
123296,test
188602,test
167696,test
172366,test
203187,test
194216,test
178071,test
199556,test
178638,test
188238,test
200187,test
214688,test
121530,test
175290,test
182745,test
198470,test
197951,test
178922,test
183152,test
199930,test
185165,test
222783,test
176360,test
189159,test
211559,test
204568,test
183781,test
171451,test
166000,test
186539,test
178589,test
183898,test
193628,test
137424,test
190144,test
176252,test
184640,test
219460,test
187768,test
193386,test
197020,test
197390,test
193359,test
173227,test
178196,test
222080,test
174470,test
201550,test
133585,test
201358,test
220368,test
227243,test
184049,test
203277,test
120808,test
218824,test
221528,test
196563,test
96377,test
189577,test
182152,test
222887,test
204080,test
214972,test
189823,test
183440,test
119478,test
219640,test
172414,test
223514,test
188318,test
224488,test
186548,test
210157,test
174063,test
196565,test
199720,test
207687,test
221999,test
196638,test
192557,test
131283,test
188759,test
194644,test
188035,test
181528,test
225016,test
209272,test
204606,test
205722,test
189150,test
225975,test
182377,test
227223,test
205359,test
180522,test
183062,test
173825,test
203562,test
199727,test
181300,test
213208,test
214458,test
227465,test
122822,test
222127,test
184499,test
199088,test
196934,test
194589,test
135746,test
211249,test
212219,test
175188,test
173743,test
171376,test
185892,test
227112,test
120323,test
202515,test
198766,test
181137,test
150840,test
214629,test
180458,test
201416,test
193844,test
176606,test
174842,test
173390,test
221688,test
180096,test
203381,test
220710,test
174526,test
197458,test
203206,test
220332,test
184773,test
199770,test
226714,test
127788,test
118642,test
220900,test
182463,test
223396,test
143337,test
222902,test
178364,test
173337,test
207108,test
174375,test
208736,test
217825,test
195507,test
202995,test
222323,test
185818,test
192382,test
131130,test
192577,test
172562,test
92729,test
187150,test
179070,test
179145,test
214415,test
166099,test
210568,test
181635,test
227547,test
181850,test
203539,test
219887,test
179522,test
212352,test
224377,test
226741,test
177220,test
214618,test
172862,test
191556,test
108781,test
184290,test
190021,test
207890,test
223857,test
221768,test
187855,test
168825,test
185215,test
165974,test
153504,test
187432,test
218773,test
183892,test
183319,test
177518,test
176120,test
187865,test
181521,test
226296,test
133624,test
220308,test
172983,test
188220,test
167838,test
205862,test
200937,test
178680,test
201424,test
211252,test
133674,test
211556,test
172405,test
224894,test
190153,test
180936,test
208687,test
221878,test
214062,test
223065,test
177268,test
223737,test
211504,test
192822,test
205076,test
206856,test
179613,test
221909,test
186099,test
181236,test
122011,test
197265,test
198246,test
199006,test
175202,test
181050,test
200359,test
186325,test
144209,test
219061,test
190431,test
221162,test
127579,test
171862,test
214808,test
173851,test
128545,test
174373,test
173110,test
194087,test
185780,test
120900,test
226822,test
128893,test
223634,test
224896,test
125807,test
172737,test
125022,test
178410,test
193395,test
194751,test
226993,test
192321,test
181872,test
184651,test
173588,test
170088,test
179230,test
178484,test
187760,test
221738,test
134649,test
173650,test
186942,test
140061,test
182813,test
130778,test
191993,test
191684,test
178636,test
177667,test
219827,test
200902,test
193601,test
177630,test
207450,test
193917,test
166406,test
182411,test
223809,test
175637,test
197971,test
200108,test
203462,test
172703,test
209687,test
99819,test
172417,test
218770,test
119969,test
193529,test
176936,test
180892,test
202402,test
189222,test
203006,test
191087,test
174116,test
187943,test
85979,test
191494,test
196969,test
186052,test
209854,test
183413,test
199256,test
179763,test
182436,test
199974,test
223003,test
167353,test
126146,test
196976,test
193550,test
181193,test
209706,test
183288,test
122113,test
180156,test
202295,test
183207,test
188892,test
202709,test
226327,test
195022,test
182638,test
174960,test
173433,test
219474,test
219602,test
189758,test
220366,test
96831,test
140285,test
187562,test
190042,test
136177,test
206633,test
220562,test
187871,test
183953,test
195029,test
198730,test
186407,test
199461,test
182088,test
196856,test
209627,test
187241,test
186897,test
173048,test
185036,test
153819,test
223847,test
180442,test
180471,test
175831,test
186445,test
122984,test
189666,test
182720,test
205969,test
184116,test
224349,test
196926,test
208366,test
101951,test
184289,test
125886,test
180040,test
92719,test
195323,test
180470,test
194936,test
210449,test
177041,test
224466,test
185152,test
173902,test
152073,test
188712,test
219612,test
180105,test
208097,test
207684,test
191783,test
175293,test
175501,test
205840,test
174089,test
130995,test
179599,test
191483,test
172435,test
186847,test
219357,test
185402,test
214883,test
219774,test
192393,test
182321,test
177780,test
179629,test
197016,test
174670,test
127132,test
222932,test
196852,test
206495,test
207933,test
195178,test
179206,test
190749,test
184333,test
201313,test
182431,test
177761,test
145468,test
193932,test
182132,test
189943,test
195505,test
205618,test
93678,test
183683,test
220412,test
206823,test
196804,test
222716,test
187402,test
131569,test
179441,test
190165,test
218484,test
199417,test
171898,test
203565,test
200483,test
221786,test
181891,test
204654,test
181202,test
221157,test
211432,test
184501,test
222116,test
208558,test
181619,test
137099,test
207194,test
198852,test
190185,test
173202,test
183161,test
222038,test
173138,test
183024,test
167778,test
221611,test
186264,test
191552,test
188304,test
180835,test
187369,test
223601,test
207936,test
183500,test
171844,test
186307,test
189472,test
186785,test
128839,test
218766,test
189307,test
176677,test
171781,test
217838,test
172316,test
195338,test
120335,test
171776,test
176012,test
161970,test
175594,test
192447,test
188960,test
180394,test
226934,test
222541,test
224499,test
203362,test
205134,test
182300,test
219783,test
179821,test
185738,test
120260,test
213213,test
186398,test
120892,test
169950,test
127904,test
192798,test
172074,test
200591,test
200835,test
183412,test
208955,test
181067,test
221019,test
185595,test
193598,test
188321,test
219251,test
189835,test
199699,test
206042,test
222215,test
222031,test
182147,test
174694,test
150783,test
221708,test
177509,test
177597,test
204993,test
92699,test
215010,test
184436,test
184057,test
171976,test
175770,test
178756,test
185522,test
206579,test
172483,test
179071,test
96434,test
198607,test
222916,test
184787,test
196739,test
193875,test
172789,test
221393,test
223237,test
219791,test
187023,test
197203,test
176254,test
223721,test
197353,test
171960,test
175139,test
198377,test
201566,test
136908,test
123622,test
203675,test
211442,test
185377,test
224287,test
196745,test
122693,test
125666,test
173122,test
209865,test
182706,test
220157,test
183495,test
123239,test
190808,test
219497,test
199752,test
212669,test
204399,test
203679,test
183489,test
188099,test
203548,test
118489,test
181686,test
125882,test
184101,test
181675,test
227510,test
174780,test
180925,test
181032,test
197911,test
222350,test
183239,test
181031,test
202735,test
196576,test
195016,test
189707,test
120298,test
209686,test
186964,test
178464,test
200470,test
179081,test
147485,test
172948,test
222256,test
198428,test
222056,test
181203,test
214451,test
171970,test
185358,test
193422,test
176537,test
194641,test
203694,test
197567,test
182360,test
193007,test
190638,test
172959,test
137029,test
199977,test
168129,test
213659,test
134311,test
204054,test
169455,test
136968,test
222386,test
189261,test
137310,test
173894,test
182763,test
173282,test
201314,test
220290,test
169221,test
174315,test
201065,test
189151,test
175996,test
185838,test
175952,test
179845,test
181768,test
214954,test
198467,test
173380,test
171902,test
219499,test
195193,test
181034,test
197879,test
96401,test
223114,test
180326,test
173547,test
171581,test
182870,test
218116,test
183935,test
205609,test
134425,test
183427,test
169207,test
195177,test
192558,test
174507,test
180099,test
211248,test
215230,test
202076,test
220665,test
178866,test
198725,test
172938,test
226282,test
184453,test
184406,test
173922,test
199106,test
185405,test
214960,test
124083,test
224565,test
123227,test
225089,test
190804,test
170124,test
203608,test
193908,test
185220,test
192807,test
214737,test
177765,test
208695,test
203674,test
177210,test
176714,test
225119,test
196570,test
189459,test
122104,test
185781,test
170685,test
178295,test
167724,test
176656,test
185336,test
180012,test
179551,test
128896,test
133692,test
200616,test
195298,test
205589,test
118475,test
138081,test
184971,test
200593,test
187281,test
201264,test
220396,test
190659,test
227178,test
222279,test
121374,test
181133,test
125498,test
183510,test
196603,test
175554,test
201603,test
196955,test
146053,test
202169,test
190773,test
194252,test
195570,test
181866,test
118472,test
221274,test
179392,test
181699,test
176618,test
175632,test
200860,test
182731,test
193712,test
145409,test
198347,test
190759,test
182074,test
174023,test
181163,test
175247,test
211233,test
125047,test
180134,test
193847,test
187302,test
183291,test
200467,test
208402,test
176815,test
184010,test
183436,test
183415,test
193310,test
178089,test
184276,test
219643,test
210249,test
224625,test
138104,test
126351,test
185828,test
130990,test
198183,test
202011,test
119739,test
127722,test
179722,test
223536,test
220217,test
220141,test
187893,test
178617,test
223104,test
180871,test
180600,test
222318,test
224333,test
219548,test
217637,test
224141,test
144934,test
176688,test
130116,test
223532,test
127340,test
123275,test
191925,test
222535,test
201667,test
192197,test
224609,test
206053,test
184909,test
221159,test
208552,test
203254,test
193286,test
188765,test
181730,test
225950,test
196814,test
168017,test
176465,test
179600,test
183366,test
202728,test
177902,test
210346,test
131012,test
118680,test
176961,test
121406,test
193555,test
172529,test
199594,test
220559,test
193400,test
223430,test
93575,test
225011,test
202157,test
219119,test
188363,test
202128,test
186323,test
184460,test
209122,test
203838,test
211426,test
182394,test
202285,test
189825,test
196441,test
225948,test
171800,test
188752,test
176253,test
146808,test
210625,test
200067,test
181452,test
195630,test
186932,test
199709,test
174540,test
177507,test
195090,test
123462,test
214536,test
124546,test
195154,test
217791,test
222699,test
192808,test
194867,test
221112,test
194001,test
176819,test
191586,test
193771,test
203397,test
92683,test
183659,test
173917,test
212297,test
219462,test
202756,test
173741,test
173440,test
223543,test
210641,test
220100,test
196431,test
202796,test
174622,test
173723,test
205626,test
200300,test
185296,test
185783,test
199018,test
201492,test
176234,test
205401,test
213481,test
175155,test
191149,test
218745,test
200942,test
184687,test
172398,test
108783,test
219626,test
195295,test
186557,test
223206,test
176000,test
181172,test
169157,test
180645,test
150885,test
190654,test
207557,test
174460,test
180528,test
221988,test
121669,test
175674,test
194029,test
195220,test
183060,test
186393,test
195567,test
205563,test
176968,test
105465,test
174352,test
177678,test
224039,test
183724,test
193499,test
179861,test
203719,test
121360,test
205595,test
210369,test
220637,test
200118,test
194863,test
179107,test
178606,test
177578,test
178613,test
196822,test
214743,test
174947,test
205724,test
175862,test
224120,test
224597,test
167840,test
119261,test
178747,test
88433,test
185669,test
223147,test
178420,test
179802,test
123273,test
176163,test
169093,test
117846,test
176225,test
185815,test
199144,test
171359,test
172888,test
193538,test
219405,test
219775,test
185183,test
226765,test
227022,test
176160,test
176765,test
207474,test
182956,test
173021,test
223106,test
173744,test
177286,test
223763,test
221487,test
220529,test
190308,test
175959,test
219514,test
131743,test
221404,test
177719,test
174382,test
171317,test
205791,test
166934,test
182379,test
127679,test
205681,test
196275,test
224024,test
182961,test
212060,test
188032,test
184708,test
186458,test
197729,test
205655,test
178794,test
191502,test
176590,test
190574,test
197929,test
187746,test
200505,test
222134,test
187649,test
179005,test
196735,test
171923,test
186812,test
171075,test
195771,test
177304,test
192728,test
195244,test
174389,test
125537,test
176701,test
125811,test
177467,test
200288,test
179944,test
154675,test
191720,test
175476,test
202028,test
178681,test
131133,test
181746,test
221456,test
193125,test
168160,test
197533,test
196746,test
185284,test
193913,test
212299,test
197601,test
200226,test
169160,test
208242,test
178930,test
228048,test
186476,test
118523,test
224674,test
221104,test
218460,test
183254,test
196830,test
173157,test
206551,test
186024,test
199211,test
176459,test
201483,test
218904,test
205051,test
203193,test
171755,test
119174,test
222514,test
207852,test
217722,test
205550,test
180686,test
188262,test
92813,test
175590,test
126595,test
212561,test
184875,test
130983,test
226728,test
186975,test
225848,test
220410,test
177526,test
200912,test
188406,test
198423,test
170216,test
197197,test
178115,test
110521,test
222784,test
184012,test
183027,test
179911,test
211854,test
203101,test
178509,test
129290,test
179479,test
187843,test
172484,test
190244,test
222583,test
200645,test
226987,test
183019,test
174604,test
139663,test
188185,test
222833,test
181581,test
219386,test
219543,test
217963,test
219551,test
199220,test
196665,test
184005,test
211133,test
194270,test
201273,test
175341,test
202442,test
221910,test
184788,test
183376,test
121014,test
199441,test
175661,test
192718,test
198454,test
202793,test
196439,test
227795,test
177065,test
222361,test
181603,test
189811,test
182705,test
217822,test
185180,test
185853,test
131372,test
219155,test
196469,test
183266,test
183494,test
184458,test
185388,test
223459,test
181087,test
178849,test
186794,test
214691,test
219385,test
221558,test
221849,test
177833,test
184981,test
172815,test
189855,test
223054,test
173560,test
227313,test
222262,test
176530,test
124853,test
225814,test
188098,test
145685,test
120320,test
179637,test
196626,test
171850,test
127547,test
221712,test
177202,test
212020,test
228009,test
219027,test
196091,test
182298,test
202748,test
203434,test
198785,test
185406,test
200135,test
222144,test
209450,test
126767,test
125880,test
219388,test
225358,test
125732,test
226015,test
186311,test
200308,test
174371,test
182674,test
208953,test
199361,test
221050,test
221947,test
184785,test
205918,test
183327,test
193411,test
197974,test
192007,test
185467,test
125526,test
174054,test
199140,test
184237,test
220521,test
204977,test
177470,test
175075,test
183573,test
187043,test
187235,test
165985,test
183790,test
176522,test
205860,test
183146,test
144981,test
178554,test
175874,test
203665,test
187411,test
191594,test
179569,test
184565,test
198373,test
169208,test
227114,test
227111,test
188822,test
217490,test
200478,test
177343,test
158577,test
122137,test
221584,test
212803,test
175796,test
200908,test
186282,test
213480,test
121235,test
178422,test
122245,test
192813,test
185875,test
185870,test
212283,test
207448,test
204755,test
223168,test
201556,test
182483,test
191621,test
199604,test
124333,test
207559,test
200868,test
205565,test
176220,test
198367,test
200543,test
222008,test
217634,test
192804,test
200165,test
206958,test
193466,test
171921,test
183263,test
227167,test
183049,test
219377,test
193413,test
195187,test
213635,test
125497,test
172026,test
222007,test
185483,test
221145,test
185528,test
173395,test
187880,test
188205,test
199367,test
182666,test
214687,test
208392,test
222572,test
175417,test
178783,test
225996,test
177500,test
214726,test
181946,test
207437,test
177325,test
178877,test
221702,test
118399,test
179774,test
201499,test
172281,test
174870,test
184739,test
197857,test
175468,test
196674,test
171076,test
167875,test
212477,test
181762,test
198232,test
209864,test
219389,test
181936,test
172565,test
192012,test
193454,test
178496,test
223252,test
180778,test
191381,test
224877,test
213291,test
199588,test
181862,test
175334,test
137148,test
212003,test
188814,test
225972,test
184679,test
204701,test
214459,test
212560,test
191677,test
180391,test
222546,test
176013,test
174415,test
180371,test
171526,test
180549,test
183405,test
180626,test
186482,test
172160,test
181234,test
202706,test
222440,test
192562,test
185878,test
179461,test
199558,test
222878,test
195832,test
199749,test
135729,test
145466,test
131789,test
192268,test
185987,test
223538,test
187811,test
195188,test
221955,test
223063,test
181332,test
195826,test
175713,test
174747,test
182200,test
174588,test
166898,test
138697,test
192905,test
179756,test
136915,test
93517,test
172458,test
176300,test
181823,test
186874,test
199010,test
205513,test
192208,test
173020,test
173882,test
179373,test
117502,test
187269,test
223821,test
227266,test
200985,test
181796,test
188397,test
219599,test
174765,test
181808,test
182493,test
172195,test
172656,test
197133,test
198356,test
223688,test
172896,test
212220,test
180849,test
118737,test
176811,test
200242,test
176356,test
176880,test
184100,test
225995,test
225807,test
178762,test
222043,test
181375,test
203197,test
182654,test
178717,test
224611,test
182587,test
221960,test
193692,test
227701,test
184500,test
200133,test
200929,test
199072,test
177492,test
188882,test
180673,test
203138,test
96375,test
189152,test
149939,test
173057,test
170339,test
202457,test
183301,test
174342,test
176203,test
196537,test
177241,test
192744,test
198614,test
138072,test
120949,test
179164,test
126079,test
178632,test
181062,test
227276,test
96402,test
175134,test
188076,test
211571,test
208189,test
221822,test
122114,test
191291,test
124159,test
172465,test
212465,test
201540,test
220178,test
176296,test
192579,test
211206,test
181188,test
179584,test
189124,test
96378,test
184810,test
200475,test
212319,test
182202,test
221316,test
147063,test
185240,test
188778,test
193735,test
211611,test
178970,test
205640,test
99539,test
219678,test
176585,test
181199,test
225017,test
187256,test
201487,test
174073,test
169371,test
187517,test
219055,test
201431,test
119395,test
223978,test
227453,test
223882,test
119846,test
196914,test
185529,test
179612,test
203613,test
222341,test
187479,test
94136,test
186807,test
183086,test
185279,test
199366,test
224414,test
174393,test
202952,test
224650,test
216152,test
221297,test
217898,test
190931,test
172982,test
203569,test
184712,test
197835,test
174403,test
179045,test
179935,test
227843,test
181880,test
184914,test
127912,test
182073,test
190748,test
222763,test
222083,test
183894,test
175819,test
180974,test
186460,test
195019,test
199657,test
181070,test
223787,test
180527,test
212075,test
168339,test
178571,test
198980,test
171964,test
212546,test
184899,test
185397,test
198821,test
177457,test
130994,test
172373,test
177730,test
172321,test
105697,test
176461,test
202798,test
177782,test
205654,test
223389,test
133662,test
175000,test
177888,test
186984,test
198233,test
219732,test
208666,test
189794,test
208080,test
149563,test
212027,test
181019,test
180050,test
170175,test
194613,test
219244,test
124086,test
176401,test
137391,test
169128,test
214453,test
173469,test
201000,test
221693,test
197866,test
149804,test
224054,test
187175,test
181039,test
227665,test
158056,test
168695,test
120707,test
96372,test
178148,test
204867,test
120326,test
223604,test
177881,test
227088,test
200469,test
212535,test
127783,test
198829,test
198499,test
206316,test
200028,test
201373,test
223853,test
199390,test
196607,test
187838,test
179497,test
198315,test
133651,test
222089,test
205799,test
208201,test
223143,test
127325,test
223649,test
219367,test
150899,test
125588,test
184937,test
194722,test
117920,test
205634,test
181780,test
175352,test
219962,test
175728,test
203003,test
227748,test
203203,test
176871,test
177288,test
175433,test
194740,test
207126,test
211294,test
223149,test
223011,test
200977,test
220150,test
196081,test
214619,test
183720,test
205483,test
189139,test
198618,test
166215,test
193988,test
185795,test
176378,test
183279,test
188316,test
219544,test
196718,test
179476,test
175550,test
183213,test
212924,test
220667,test
179252,test
200096,test
219446,test
176912,test
227450,test
183022,test
196801,test
182246,test
168172,test
181058,test
225109,test
185291,test
219075,test
155850,test
227050,test
142798,test
226824,test
213292,test
227260,test
126047,test
173617,test
125491,test
192745,test
174086,test
227660,test
223236,test
182023,test
207548,test
212513,test
188422,test
191319,test
179646,test
196632,test
206849,test
168483,test
222351,test
223990,test
175669,test
175936,test
217586,test
204926,test
185983,test
222595,test
219680,test
153001,test
206041,test
222987,test
208212,test
197292,test
174634,test
190535,test
180432,test
187400,test
194923,test
171951,test
180710,test
145323,test
179795,test
212724,test
127164,test
180582,test
224512,test
223825,test
205855,test
184778,test
118633,test
119440,test
224228,test
202342,test
190019,test
205494,test
206899,test
177988,test
200285,test
204073,test
225135,test
211742,test
190060,test
222873,test
187286,test
202712,test
206599,test
176844,test
208391,test
179636,test
222111,test
120319,test
219427,test
134716,test
183398,test
183317,test
171771,test
177623,test
204609,test
188967,test
202456,test
190341,test
189542,test
178929,test
124217,test
186224,test
172972,test
184738,test
178458,test
189552,test
204629,test
173293,test
123274,test
189167,test
221865,test
123746,test
186508,test
200082,test
118720,test
193145,test
176103,test
172944,test
190935,test
190292,test
93786,test
140493,test
189599,test
171706,test
169249,test
223662,test
173019,test
226659,test
93566,test
186256,test
191933,test
172230,test
180437,test
182669,test
172831,test
177571,test
178419,test
192750,test
185376,test
199624,test
187196,test
211665,test
206597,test
204793,test
223632,test
176147,test
221417,test
190806,test
181843,test
125563,test
182487,test
196150,test
205405,test
200081,test
208348,test
175052,test
179361,test
219125,test
184099,test
126158,test
220066,test
220064,test
190148,test
184134,test
221261,test
205908,test
137890,test
198979,test
210379,test
178178,test
177489,test
192387,test
124069,test
179934,test
171615,test
131279,test
150196,test
193222,test
180504,test
178456,test
200518,test
166961,test
189023,test
222276,test
145467,test
178820,test
205192,test
186318,test
218545,test
177487,test
175313,test
137102,test
204036,test
197141,test
228151,test
199664,test
192552,test
168180,test
227026,test
199316,test
210687,test
190214,test
119861,test
180886,test
187040,test
219684,test
207519,test
118586,test
221904,test
186805,test
182062,test
176660,test
200219,test
200072,test
175786,test
170947,test
179910,test
201611,test
186980,test
186239,test
205935,test
227290,test
171991,test
197723,test
173287,test
184947,test
193270,test
198001,test
224503,test
189824,test
165992,test
176909,test
188828,test
176052,test
185884,test
190169,test
198620,test
203655,test
223541,test
199194,test
223864,test
198379,test
120091,test
178635,test
171409,test
226742,test
212053,test
222204,test
176730,test
185197,test
222685,test
183574,test
172575,test
174532,test
166964,test
138093,test
123173,test
123172,test
176513,test
225047,test
105656,test
176642,test
197741,test
195112,test
203385,test
145377,test
169006,test
173839,test
177540,test
176707,test
178867,test
177031,test
200783,test
220877,test
207805,test
208191,test
197128,test
224989,test
190247,test
137388,test
210815,test
176229,test
222995,test
125142,test
207277,test
180399,test
197996,test
185531,test
101717,test
200692,test
224775,test
203216,test
105377,test
184241,test
167901,test
179295,test
93580,test
155203,test
208395,test
179565,test
120458,test
190866,test
168939,test
185972,test
181726,test
200216,test
218767,test
204050,test
216151,test
192289,test
187032,test
214450,test
184059,test
125056,test
220603,test
181085,test
168199,test
176269,test
203105,test
185803,test
181110,test
210935,test
177477,test
207341,test
174867,test
198326,test
207540,test
176222,test
173134,test
223056,test
179208,test
202487,test
184645,test
172985,test
133715,test
194483,test
181145,test
204613,test
131127,test
207800,test
201659,test
181888,test
174774,test
175867,test
122180,test
178676,test
120344,test
128823,test
199448,test
222557,test
172264,test
117936,test
201292,test
138174,test
174416,test
200227,test
202856,test
190382,test
223989,test
174335,test
194277,test
222203,test
181029,test
177614,test
177629,test
184071,test
224235,test
183423,test
187851,test
190781,test
194715,test
224047,test
225029,test
207571,test
126159,test
176403,test
122350,test
178712,test
182113,test
199411,test
184890,test
156070,test
192460,test
125003,test
202162,test
176852,test
179899,test
180404,test
224149,test
178154,test
200100,test
185730,test
223941,test
186387,test
179771,test
179760,test
199639,test
182024,test
175745,test
195412,test
143587,test
182055,test
183336,test
175639,test
184726,test
197071,test
203812,test
125821,test
202094,test
175962,test
205409,test
220203,test
172485,test
221859,test
169158,test
189168,test
216363,test
192883,test
200889,test
189021,test
203606,test
183144,test
123904,test
186249,test
186362,test
202410,test
222439,test
197078,test
117909,test
197650,test
198627,test
186457,test
175426,test
180972,test
173903,test
198808,test
170177,test
219078,test
201677,test
208517,test
180891,test
212225,test
168563,test
176693,test
125995,test
181299,test
199677,test
186456,test
204574,test
184280,test
222333,test
205189,test
169148,test
186243,test
201330,test
224207,test
184784,test
136072,test
176307,test
198788,test
127277,test
221746,test
207921,test
183373,test
215776,test
218971,test
190071,test
177434,test
174840,test
196956,test
180548,test
214974,test
133696,test
224253,test
199162,test
175166,test
92676,test
220333,test
193868,test
223739,test
122144,test
191491,test
180671,test
182741,test
197691,test
184550,test
175551,test
127297,test
219785,test
185833,test
223935,test
223643,test
199550,test
193693,test
181741,test
198295,test
185788,test
224468,test
196589,test
201974,test
227725,test
198009,test
195494,test
174754,test
195034,test
137130,test
185199,test
203471,test
190628,test
190779,test
195347,test
145372,test
225941,test
214572,test
175650,test
204978,test
177508,test
207057,test
187784,test
172368,test
182014,test
138649,test
176338,test
150824,test
130996,test
198585,test
203579,test
176876,test
182042,test
219830,test
223356,test
198052,test
182952,test
178374,test
187985,test
182403,test
194675,test
196381,test
199402,test
203716,test
172518,test
227463,test
126228,test
188796,test
218175,test
190156,test
178076,test
174545,test
169125,test
93766,test
186340,test
179777,test
183966,test
211388,test
173378,test
215785,test
209044,test
165989,test
220596,test
145265,test
131021,test
196796,test
179737,test
212659,test
176687,test
121846,test
195020,test
173931,test
185236,test
192881,test
172524,test
172794,test
175732,test
186879,test
213474,test
174362,test
173254,test
190312,test
221346,test
224543,test
178699,test
183911,test
195011,test
194711,test
227316,test
184510,test
178878,test
189211,test
219371,test
168130,test
125230,test
188646,test
211996,test
190075,test
200253,test
221614,test
179083,test
221753,test
131138,test
125482,test
223752,test
185602,test
200126,test
222748,test
208540,test
227252,test
195297,test
171881,test
145382,test
195118,test
191804,test
223235,test
202010,test
100573,test
128825,test
195546,test
220083,test
223161,test
207482,test
221818,test
102040,test
183236,test
223946,test
167710,test
117950,test
175284,test
173434,test
186429,test
176787,test
200919,test
178727,test
179446,test
200416,test
125844,test
220339,test
182496,test
201418,test
178760,test
179765,test
173235,test
194093,test
184972,test
218739,test
188170,test
174624,test
214627,test
215424,test
168972,test
177854,test
202102,test
178943,test
117831,test
197351,test
196122,test
189598,test
219735,test
182116,test
184725,test
126220,test
178826,test
222225,test
171138,test
223445,test
203260,test
176024,test
196643,test
179019,test
101943,test
178315,test
177583,test
181951,test
183272,test
179489,test
153012,test
193361,test
206598,test
182614,test
217761,test
221181,test
205079,test
195115,test
101955,test
193392,test
201522,test
175267,test
177461,test
174716,test
198656,test
136957,test
174013,test
182820,test
184456,test
119760,test
194092,test
214636,test
199143,test
222291,test
222245,test
122709,test
177590,test
202841,test
226394,test
190315,test
119967,test
221808,test
130491,test
174951,test
126160,test
172966,test
227238,test
220186,test
216980,test
187132,test
183399,test
141200,test
206737,test
223218,test
195811,test
129769,test
198413,test
222210,test
220599,test
118518,test
219529,test
200923,test
174085,test
184691,test
198048,test
180098,test
181903,test
177759,test
185138,test
205773,test
198432,test
182328,test
167177,test
181809,test
128312,test
218729,test
212310,test
176933,test
226757,test
192399,test
179321,test
220051,test
178886,test
190343,test
222495,test
177786,test
204699,test
183225,test
202015,test
197759,test
103650,test
191159,test
172778,test
201836,test
171632,test
192204,test
188788,test
191604,test
173174,test
185728,test
177800,test
174361,test
193527,test
213672,test
137990,test
181673,test
221765,test
187907,test
192364,test
175608,test
221800,test
224887,test
224480,test
177756,test
201987,test
198794,test
184152,test
141853,test
183735,test
200437,test
224521,test
181330,test
195150,test
223050,test
175411,test
184144,test
174483,test
225938,test
184986,test
181056,test
190141,test
177682,test
171920,test
125586,test
222742,test
199757,test
214959,test
221874,test
192304,test
201563,test
201800,test
191236,test
186430,test
169625,test
208175,test
184647,test
228142,test
199766,test
222207,test
175117,test
208675,test
172328,test
209311,test
208635,test
214631,test
180372,test
187005,test
228150,test
184800,test
171407,test
128064,test
186071,test
226821,test
206502,test
187366,test
179588,test
176295,test
175883,test
203479,test
177873,test
178856,test
224540,test
189301,test
197725,test
122869,test
173367,test
224346,test
199060,test
223431,test
176051,test
206738,test
123268,test
174010,test
196584,test
200076,test
176685,test
152982,test
192637,test
182330,test
137885,test
188821,test
185121,test
176829,test
146419,test
201438,test
204817,test
127278,test
184943,test
208569,test
185638,test
118749,test
190920,test
226637,test
205899,test
221840,test
201214,test
180729,test
119902,test
199375,test
190995,test
222852,test
207476,test
185977,test
173381,test
178855,test
194039,test
181854,test
187759,test
222573,test
174353,test
198563,test
201813,test
193660,test
196523,test
178575,test
193557,test
224647,test
222898,test
225994,test
201602,test
182533,test
186767,test
195431,test
221687,test
201534,test
219913,test
202332,test
201855,test
182393,test
193123,test
126762,test
196637,test
118772,test
224622,test
221599,test
185722,test
202813,test
181066,test
206349,test
204792,test
226878,test
185507,test
176814,test
184176,test
121372,test
198768,test
221299,test
102053,test
176645,test
183976,test
184984,test
221333,test
200440,test
223191,test
203215,test
169138,test
174772,test
204695,test
202757,test
175033,test
173141,test
185270,test
211203,test
221675,test
176251,test
172598,test
178078,test
145366,test
176683,test
202758,test
174827,test
125728,test
93778,test
191612,test
172119,test
175413,test
182259,test
178840,test
178961,test
211124,test
221797,test
