user_id,fold
122913,train
224376,train
189810,train
180092,train
195300,train
222327,train
140012,train
225017,train
205445,train
204865,train
222071,train
120629,train
200445,train
184100,train
205474,train
206774,train
172396,train
199615,train
208646,train
223833,train
183080,train
149076,train
183017,train
172806,train
209473,train
199574,train
178608,train
181353,train
180590,train
187407,train
181692,train
140018,train
202199,train
203529,train
181168,train
185131,train
186551,train
206043,train
130565,train
200296,train
202813,train
224353,train
217824,train
205062,train
189774,train
180021,train
202267,train
194333,train
182749,train
220447,train
184538,train
201981,train
200418,train
188788,train
180843,train
137896,train
200119,train
217716,train
211124,train
182111,train
96828,train
214702,train
182913,train
184134,train
178839,train
196540,train
192652,train
168952,train
124317,train
223144,train
197113,train
185387,train
227075,train
203381,train
200618,train
150036,train
208701,train
178576,train
202810,train
180362,train
174046,train
211269,train
203215,train
200558,train
193492,train
170782,train
222264,train
217959,train
197950,train
188419,train
196742,train
173146,train
179722,train
180081,train
212570,train
138516,train
74601,train
174073,train
194170,train
189815,train
191620,train
200603,train
221791,train
133600,train
224323,train
125537,train
194216,train
213212,train
199964,train
192796,train
129985,train
195528,train
192632,train
181544,train
180556,train
199182,train
225064,train
96442,train
122096,train
172900,train
179627,train
186647,train
131792,train
180795,train
227684,train
198782,train
176290,train
193088,train
120339,train
226593,train
208600,train
181478,train
218893,train
200131,train
166961,train
195158,train
183709,train
207919,train
194088,train
223921,train
137424,train
212353,train
124233,train
220217,train
117863,train
120026,train
219158,train
181648,train
194699,train
227430,train
215242,train
179931,train
194649,train
191088,train
183344,train
224066,train
137305,train
133377,train
126021,train
181425,train
193400,train
193943,train
202981,train
226158,train
227254,train
222363,train
181549,train
224074,train
175285,train
188515,train
183069,train
226982,train
182118,train
221261,train
180534,train
169230,train
175999,train
130976,train
120461,train
176713,train
206620,train
194967,train
172652,train
189008,train
174709,train
193743,train
189751,train
224680,train
220043,train
125488,train
197336,train
170216,train
197352,train
180672,train
212596,train
187252,train
175225,train
191711,train
197117,train
192190,train
133271,train
176238,train
168605,train
203695,train
172464,train
184684,train
202975,train
191077,train
171357,train
179990,train
201674,train
200904,train
96447,train
174412,train
213626,train
203154,train
205592,train
197355,train
180582,train
188025,train
206634,train
171547,train
205467,train
174096,train
209643,train
220145,train
179915,train
211768,train
145463,train
174469,train
196835,train
208108,train
179740,train
184752,train
128496,train
175171,train
207880,train
223606,train
183746,train
109129,train
172650,train
181054,train
181334,train
192125,train
197106,train
179194,train
184073,train
186824,train
224495,train
92804,train
186450,train
182739,train
209411,train
179015,train
222705,train
183363,train
223610,train
224981,train
221951,train
204070,train
189115,train
146464,train
178597,train
145391,train
191616,train
171861,train
182639,train
172963,train
180925,train
175442,train
178955,train
220149,train
205008,train
200468,train
198620,train
187259,train
176509,train
184014,train
198010,train
195542,train
218993,train
186030,train
174089,train
198384,train
107559,train
177633,train
187714,train
184875,train
222508,train
175577,train
194166,train
184274,train
181535,train
127147,train
203218,train
221762,train
209179,train
181104,train
221049,train
190793,train
185486,train
182380,train
175602,train
176627,train
200459,train
198327,train
173022,train
221578,train
221246,train
188058,train
169149,train
184709,train
195390,train
175291,train
209706,train
191361,train
227240,train
186256,train
212308,train
205870,train
169757,train
96412,train
137944,train
222486,train
171328,train
210611,train
179556,train
223049,train
219761,train
205454,train
96445,train
183075,train
196995,train
183737,train
172599,train
173072,train
219458,train
178332,train
168866,train
177316,train
118440,train
130779,train
185354,train
183626,train
208709,train
183579,train
196698,train
203413,train
222752,train
184590,train
170984,train
199385,train
214620,train
190123,train
205771,train
196240,train
215964,train
212751,train
224670,train
168483,train
191087,train
221090,train
194601,train
194694,train
181577,train
188716,train
174974,train
184067,train
191929,train
221747,train
118720,train
194736,train
219778,train
188828,train
175147,train
227210,train
222494,train
175013,train
209686,train
124847,train
173443,train
214304,train
174081,train
186506,train
190241,train
181640,train
209400,train
187092,train
188005,train
190207,train
208485,train
214450,train
176897,train
187148,train
110595,train
179461,train
179815,train
179781,train
147061,train
197944,train
226392,train
224462,train
174624,train
184448,train
190876,train
205382,train
220705,train
177088,train
220178,train
211801,train
194940,train
179049,train
220083,train
176791,train
181663,train
101940,train
176344,train
186546,train
143331,train
183127,train
146460,train
190447,train
206669,train
125042,train
201568,train
179636,train
175474,train
175776,train
192220,train
224531,train
166103,train
187743,train
171763,train
177817,train
102042,train
124244,train
220467,train
177461,train
226282,train
97404,train
178084,train
220397,train
227024,train
175347,train
190748,train
172938,train
128309,train
205391,train
195783,train
189857,train
193729,train
185132,train
138490,train
222558,train
137138,train
192411,train
207945,train
171850,train
201231,train
185638,train
199614,train
203204,train
225023,train
120340,train
203145,train
172802,train
220916,train
173236,train
221334,train
181252,train
199726,train
221390,train
199555,train
172981,train
197926,train
181878,train
101701,train
185887,train
184745,train
218247,train
189523,train
184746,train
199505,train
177403,train
150781,train
214963,train
133606,train
223132,train
182214,train
188176,train
174175,train
189473,train
208249,train
223859,train
198659,train
222003,train
176707,train
171764,train
173018,train
177624,train
180896,train
118694,train
200181,train
221746,train
186035,train
180945,train
225970,train
201560,train
217821,train
211230,train
220180,train
217961,train
200620,train
186773,train
200723,train
178973,train
183213,train
197968,train
170612,train
121234,train
202993,train
219613,train
177138,train
223419,train
176088,train
198427,train
193432,train
173922,train
196797,train
199189,train
226398,train
224168,train
221169,train
174263,train
174634,train
178383,train
122258,train
190939,train
225665,train
174229,train
175663,train
224036,train
200092,train
223505,train
209417,train
179390,train
178764,train
183018,train
195064,train
146059,train
127142,train
172939,train
119994,train
194029,train
177022,train
172969,train
192602,train
225339,train
192284,train
175791,train
129984,train
203191,train
175049,train
183393,train
184920,train
200940,train
201368,train
201003,train
201000,train
215772,train
184212,train
171867,train
184866,train
186402,train
221464,train
221343,train
123370,train
180836,train
187231,train
152301,train
174534,train
195147,train
183715,train
196237,train
179091,train
204579,train
176631,train
181504,train
182365,train
203712,train
175597,train
138046,train
193605,train
133585,train
176817,train
209695,train
123174,train
199443,train
183021,train
168132,train
184269,train
202833,train
172198,train
179660,train
183062,train
167778,train
117869,train
172952,train
182989,train
122882,train
219453,train
197567,train
200625,train
186502,train
204786,train
190047,train
190636,train
184155,train
192135,train
227648,train
175079,train
145243,train
218707,train
173228,train
226759,train
186423,train
176149,train
178517,train
141704,train
221393,train
192794,train
174935,train
206899,train
186957,train
220609,train
183541,train
176465,train
185329,train
185341,train
200228,train
188822,train
217835,train
194925,train
219599,train
126918,train
146415,train
224336,train
181005,train
221492,train
206627,train
212672,train
223035,train
204764,train
166922,train
219022,train
133614,train
211408,train
97304,train
140108,train
121538,train
181726,train
219819,train
139593,train
193007,train
180860,train
194772,train
195699,train
129992,train
223801,train
180415,train
179493,train
176064,train
222208,train
215299,train
122260,train
175198,train
175592,train
127580,train
186245,train
184923,train
177562,train
174408,train
203612,train
190251,train
199626,train
171600,train
196747,train
172742,train
207839,train
186649,train
190183,train
118460,train
179523,train
196939,train
210896,train
213484,train
184673,train
209475,train
225259,train
182838,train
206502,train
105458,train
130768,train
175779,train
122184,train
121352,train
200640,train
219602,train
222183,train
186868,train
182321,train
197702,train
197142,train
125532,train
222467,train
203728,train
127519,train
220550,train
179735,train
200943,train
209708,train
208630,train
187984,train
175080,train
171576,train
177652,train
194604,train
184296,train
117502,train
185055,train
180297,train
221276,train
118756,train
221909,train
172574,train
201739,train
179806,train
117952,train
227320,train
117890,train
209124,train
190791,train
214637,train
203266,train
202493,train
197135,train
185568,train
203441,train
146410,train
167765,train
219325,train
205160,train
202438,train
182557,train
200631,train
227519,train
189177,train
208673,train
223235,train
188542,train
121669,train
225143,train
174161,train
200194,train
181364,train
168143,train
176829,train
181195,train
124637,train
183920,train
196256,train
118754,train
181510,train
222931,train
220612,train
174552,train
182677,train
174544,train
196738,train
186769,train
174946,train
168138,train
198797,train
208221,train
176416,train
200612,train
226729,train
220310,train
194497,train
225454,train
189775,train
166946,train
181643,train
198501,train
175769,train
195033,train
204823,train
190228,train
200568,train
172388,train
221963,train
166220,train
123366,train
206539,train
179572,train
203603,train
117947,train
130782,train
199734,train
174083,train
226298,train
140064,train
136916,train
219551,train
174143,train
200001,train
196741,train
185335,train
96409,train
227333,train
171988,train
225100,train
219970,train
194169,train
210378,train
172231,train
207568,train
133715,train
223447,train
149240,train
222708,train
224269,train
172862,train
221853,train
188895,train
184996,train
201676,train
125585,train
167867,train
135763,train
188767,train
201265,train
199500,train
189122,train
98746,train
171542,train
173120,train
182856,train
84854,train
209397,train
200175,train
187759,train
189719,train
176423,train
206949,train
191322,train
200997,train
177424,train
206328,train
118652,train
211735,train
211405,train
220300,train
199694,train
214061,train
184836,train
187382,train
175228,train
177192,train
199498,train
173745,train
125875,train
190862,train
124856,train
117809,train
122985,train
172227,train
207211,train
177731,train
183714,train
105336,train
179439,train
195804,train
167686,train
198689,train
165998,train
184565,train
177649,train
196722,train
177927,train
195100,train
202108,train
187138,train
192182,train
218916,train
174013,train
227613,train
196527,train
220728,train
119955,train
134293,train
175221,train
189139,train
199144,train
175542,train
219966,train
223781,train
213575,train
227769,train
118525,train
184424,train
178435,train
180667,train
200220,train
180965,train
198385,train
197974,train
120456,train
227364,train
190453,train
189945,train
174343,train
223835,train
222847,train
140029,train
93490,train
172844,train
219363,train
190910,train
201682,train
182080,train
224365,train
176987,train
185282,train
227545,train
92729,train
183512,train
175841,train
183153,train
100573,train
220778,train
203490,train
178496,train
169165,train
120316,train
171103,train
170597,train
120484,train
217816,train
134419,train
120488,train
202157,train
96402,train
206817,train
175658,train
92685,train
219352,train
203297,train
205821,train
204917,train
193590,train
191764,train
133709,train
220171,train
147063,train
145468,train
206549,train
176610,train
120385,train
131146,train
203656,train
196883,train
203206,train
196888,train
200990,train
200203,train
202145,train
200426,train
192559,train
188768,train
198524,train
188817,train
196513,train
213207,train
180153,train
203102,train
145253,train
193574,train
214724,train
122610,train
173747,train
221652,train
222492,train
174435,train
222556,train
185226,train
171940,train
145212,train
179739,train
181779,train
182017,train
190746,train
205640,train
194730,train
203395,train
180020,train
199331,train
186888,train
219774,train
183602,train
126349,train
124958,train
181523,train
173364,train
138110,train
184873,train
181611,train
201971,train
173311,train
178773,train
175656,train
211418,train
194837,train
184775,train
178703,train
184916,train
118730,train
196580,train
207552,train
207452,train
177517,train
219890,train
220191,train
190956,train
146391,train
122622,train
175263,train
209141,train
220189,train
184574,train
199441,train
190277,train
185263,train
182773,train
193677,train
197143,train
173848,train
177662,train
173045,train
122617,train
178339,train
200662,train
227235,train
227567,train
133598,train
184181,train
174855,train
209697,train
179562,train
210701,train
183695,train
197114,train
175337,train
173903,train
195547,train
180199,train
175082,train
190140,train
181825,train
180126,train
223937,train
189420,train
182242,train
181188,train
194623,train
200961,train
222526,train
169173,train
206958,train
222569,train
193487,train
122619,train
224588,train
223034,train
180778,train
220644,train
193941,train
126838,train
178685,train
195125,train
209976,train
187562,train
217830,train
175768,train
181578,train
172829,train
216102,train
214494,train
210807,train
173582,train
217889,train
183875,train
195062,train
200070,train
118637,train
118529,train
178563,train
215218,train
224059,train
200858,train
187710,train
203124,train
192015,train
96982,train
182744,train
182394,train
187408,train
173132,train
168224,train
168298,train
181112,train
179421,train
173076,train
180927,train
205684,train
222270,train
222850,train
175287,train
96954,train
181821,train
201359,train
176695,train
190159,train
178999,train
186505,train
222013,train
214768,train
129292,train
179771,train
193560,train
207204,train
193017,train
223247,train
193728,train
150898,train
127636,train
223849,train
179794,train
222455,train
173133,train
187906,train
140073,train
200491,train
205687,train
124084,train
189600,train
200503,train
209474,train
194664,train
178508,train
175129,train
179784,train
208704,train
183387,train
203363,train
180089,train
147485,train
181115,train
184015,train
178440,train
207174,train
125496,train
222610,train
221321,train
168201,train
184455,train
197077,train
197921,train
209317,train
174331,train
192715,train
200907,train
209900,train
169606,train
189973,train
175279,train
186748,train
176452,train
206513,train
207290,train
118643,train
222012,train
186439,train
206651,train
178620,train
192331,train
181362,train
174391,train
185522,train
223106,train
198588,train
199031,train
209138,train
181185,train
180473,train
180527,train
206813,train
176206,train
168189,train
172281,train
220157,train
226007,train
200750,train
121971,train
199595,train
173781,train
179465,train
222989,train
160780,train
188539,train
204630,train
119350,train
219259,train
224422,train
178190,train
205375,train
219445,train
173758,train
188774,train
185484,train
178374,train
192762,train
176781,train
220039,train
176758,train
171858,train
206368,train
193692,train
196892,train
223467,train
201400,train
219415,train
179892,train
167350,train
200545,train
206746,train
180802,train
190451,train
171528,train
173240,train
224235,train
191633,train
224622,train
209717,train
176740,train
120462,train
191502,train
174341,train
179591,train
190022,train
187561,train
179024,train
227457,train
186272,train
201508,train
127149,train
181140,train
187841,train
187244,train
202707,train
205053,train
221641,train
193838,train
218550,train
184471,train
185477,train
201194,train
130997,train
127182,train
180104,train
222574,train
212597,train
179676,train
182519,train
200621,train
183145,train
152523,train
155763,train
203244,train
131394,train
222599,train
214062,train
134958,train
182258,train
222429,train
172753,train
228197,train
124571,train
181707,train
193125,train
222397,train
198998,train
222584,train
199507,train
202740,train
197082,train
178567,train
206354,train
202824,train
179749,train
96437,train
172494,train
195497,train
223436,train
217822,train
201271,train
208183,train
186840,train
174982,train
184760,train
219559,train
200420,train
188325,train
226420,train
198655,train
174312,train
180890,train
190622,train
186970,train
145396,train
180209,train
198520,train
176603,train
205727,train
179066,train
178153,train
213209,train
205910,train
186558,train
199091,train
179779,train
191960,train
185697,train
197189,train
218185,train
224527,train
176300,train
223112,train
187344,train
226279,train
180609,train
175546,train
118606,train
205691,train
120475,train
205630,train
173944,train
145255,train
198416,train
178964,train
220177,train
226761,train
206501,train
175032,train
175464,train
185559,train
189151,train
175876,train
140017,train
181258,train
224456,train
168126,train
199712,train
173733,train
134358,train
224912,train
201543,train
200527,train
203009,train
211770,train
187043,train
184486,train
180157,train
179057,train
178115,train
193368,train
94132,train
119480,train
216320,train
203392,train
209645,train
193885,train
214606,train
200232,train
196623,train
175473,train
183316,train
222309,train
170481,train
128820,train
182872,train
211299,train
123192,train
205408,train
185475,train
166963,train
209691,train
210571,train
220461,train
206335,train
221339,train
185085,train
227306,train
179223,train
119331,train
223873,train
199935,train
178621,train
182859,train
180368,train
219977,train
214572,train
193911,train
145462,train
123281,train
165978,train
208185,train
171548,train
184040,train
226822,train
176036,train
212257,train
196657,train
194267,train
196644,train
227569,train
222991,train
225872,train
225968,train
226209,train
188123,train
203391,train
220695,train
182466,train
206515,train
140085,train
178978,train
192704,train
134731,train
204071,train
181207,train
223769,train
219967,train
182613,train
195234,train
222278,train
172538,train
150195,train
168339,train
194037,train
196999,train
223843,train
218439,train
126164,train
166068,train
209702,train
100571,train
183271,train
224118,train
226097,train
196090,train
175949,train
166061,train
224455,train
176261,train
188497,train
202931,train
220400,train
173256,train
186116,train
180562,train
176221,train
183355,train
170145,train
150818,train
206039,train
173927,train
208693,train
196528,train
186938,train
138678,train
198007,train
191326,train
187927,train
176655,train
220185,train
223877,train
224470,train
171846,train
199033,train
182430,train
181446,train
126023,train
192103,train
209925,train
180782,train
205801,train
183098,train
183790,train
118553,train
150327,train
178922,train
125619,train
183617,train
185772,train
205443,train
175928,train
184541,train
182487,train
176699,train
209624,train
192797,train
205866,train
186802,train
185694,train
181338,train
183134,train
188155,train
198821,train
151578,train
179111,train
180677,train
145311,train
96956,train
165919,train
226818,train
219246,train
119402,train
172950,train
171106,train
225823,train
210346,train
221171,train
220183,train
223025,train
192095,train
192211,train
209642,train
190289,train
178837,train
227548,train
203410,train
175356,train
198493,train
181244,train
221301,train
191989,train
208495,train
221614,train
131015,train
92684,train
199733,train
196895,train
177349,train
204782,train
224175,train
201335,train
174753,train
227102,train
225027,train
189749,train
187042,train
176583,train
183635,train
207116,train
223068,train
207461,train
122978,train
175429,train
200289,train
184461,train
179376,train
184965,train
220225,train
200033,train
177831,train
214251,train
194924,train
178512,train
179333,train
174870,train
186507,train
187603,train
185269,train
220881,train
176736,train
174754,train
223677,train
184178,train
177495,train
196084,train
186793,train
177619,train
187046,train
182050,train
182419,train
197644,train
227023,train
207480,train
180730,train
175333,train
128814,train
189175,train
154819,train
228041,train
120931,train
181429,train
227449,train
212250,train
185604,train
222482,train
176917,train
217968,train
174828,train
213202,train
131741,train
227659,train
122447,train
122135,train
182777,train
205548,train
186449,train
176296,train
200125,train
174543,train
211731,train
192823,train
119617,train
193317,train
202685,train
180437,train
204584,train
123627,train
176144,train
193600,train
201973,train
195163,train
138131,train
219183,train
183509,train
181417,train
212283,train
219538,train
180717,train
198661,train
218989,train
180429,train
199553,train
219596,train
181754,train
222960,train
178691,train
177839,train
141644,train
193986,train
174983,train
196803,train
176937,train
173709,train
181101,train
192387,train
215024,train
127725,train
172444,train
200638,train
227551,train
199648,train
180686,train
202860,train
182274,train
189147,train
179120,train
222763,train
177788,train
208792,train
184367,train
196844,train
184157,train
186397,train
183335,train
178465,train
193228,train
202070,train
125450,train
138506,train
171146,train
173110,train
192497,train
169443,train
131564,train
177537,train
175872,train
180529,train
176640,train
150893,train
197526,train
171845,train
202511,train
211936,train
124996,train
221617,train
203350,train
205900,train
217584,train
205813,train
214447,train
172959,train
211970,train
21421,train
177269,train
185485,train
200984,train
139716,train
186312,train
225998,train
172916,train
220446,train
188755,train
191324,train
225840,train
125666,train
178386,train
200281,train
203273,train
191379,train
123928,train
222334,train
141629,train
173107,train
225870,train
202996,train
177883,train
224290,train
216225,train
120306,train
180006,train
184412,train
217832,train
222511,train
172106,train
131390,train
178774,train
221929,train
174321,train
186244,train
187834,train
178571,train
176141,train
181127,train
220910,train
190203,train
181982,train
166859,train
225358,train
196150,train
202006,train
178632,train
212725,train
186968,train
218733,train
188810,train
200440,train
126166,train
178420,train
198733,train
218944,train
219576,train
212726,train
174447,train
181156,train
186946,train
219547,train
218543,train
186952,train
199061,train
175718,train
166877,train
203253,train
206118,train
197328,train
206963,train
172360,train
178098,train
197016,train
203623,train
219838,train
224371,train
184076,train
198211,train
221684,train
175331,train
184974,train
222513,train
195927,train
200021,train
214735,train
121862,train
187813,train
185124,train
194983,train
172903,train
179655,train
179081,train
183317,train
196390,train
222168,train
173268,train
222422,train
175401,train
171759,train
178436,train
200351,train
199220,train
180570,train
195032,train
124339,train
176252,train
144066,train
185472,train
203523,train
183009,train
193549,train
184811,train
175280,train
187760,train
185153,train
189375,train
192067,train
170547,train
205133,train
178870,train
178926,train
180192,train
190005,train
176215,train
188733,train
221532,train
125430,train
120856,train
182270,train
202284,train
221921,train
195519,train
176195,train
224496,train
195776,train
179754,train
221048,train
174070,train
197966,train
209699,train
170153,train
226908,train
147915,train
219831,train
200163,train
189357,train
187363,train
218317,train
186830,train
174067,train
181679,train
182089,train
180503,train
211505,train
212560,train
180102,train
177277,train
199173,train
176836,train
211799,train
121356,train
196795,train
187989,train
212673,train
202808,train
182415,train
206415,train
180632,train
226980,train
118066,train
126576,train
170128,train
218458,train
186438,train
186446,train
181200,train
221521,train
214966,train
175567,train
181441,train
193593,train
192197,train
221330,train
225846,train
175247,train
203431,train
179107,train
173774,train
176623,train
219396,train
185612,train
127941,train
206488,train
216152,train
220137,train
192550,train
174264,train
202342,train
206019,train
176913,train
212305,train
198454,train
184432,train
168929,train
199607,train
175757,train
178347,train
202059,train
93681,train
219373,train
182030,train
137020,train
187750,train
199586,train
174049,train
190663,train
166824,train
211662,train
178522,train
219383,train
184104,train
172407,train
185777,train
203303,train
204199,train
185390,train
175165,train
179953,train
175885,train
181161,train
186425,train
120886,train
226444,train
174300,train
185407,train
121407,train
201553,train
179366,train
176678,train
187017,train
221210,train
142861,train
127727,train
221170,train
170955,train
178036,train
179132,train
185553,train
177554,train
189125,train
171068,train
177835,train
175830,train
197875,train
185706,train
227350,train
202294,train
140259,train
181036,train
188778,train
178851,train
181245,train
166939,train
193021,train
197075,train
175891,train
212866,train
182054,train
171112,train
212653,train
152143,train
206570,train
137094,train
196190,train
142862,train
204606,train
226811,train
192369,train
220353,train
175014,train
172773,train
184501,train
222573,train
219554,train
209264,train
222118,train
173504,train
193354,train
178758,train
122097,train
214495,train
172245,train
174371,train
174418,train
199178,train
168017,train
227311,train
219393,train
167685,train
186434,train
180883,train
179896,train
185458,train
219531,train
175691,train
208871,train
219425,train
191325,train
183642,train
179097,train
143425,train
188160,train
172701,train
198561,train
187988,train
186932,train
168216,train
172998,train
181846,train
179500,train
183071,train
179885,train
223933,train
179284,train
209854,train
189435,train
174805,train
190166,train
187275,train
186365,train
220121,train
212656,train
202038,train
227158,train
202697,train
181875,train
178976,train
169221,train
187494,train
208663,train
184691,train
154292,train
198232,train
197839,train
198380,train
222024,train
168162,train
223643,train
193989,train
199007,train
182268,train
190509,train
196661,train
184012,train
175352,train
193626,train
201415,train
225994,train
119627,train
221102,train
182409,train
209986,train
211362,train
215329,train
175452,train
126914,train
196144,train
172612,train
196900,train
202466,train
125535,train
182049,train
205493,train
196954,train
145759,train
180077,train
194931,train
227476,train
205413,train
202291,train
152116,train
178761,train
189792,train
198654,train
205451,train
141853,train
122532,train
177090,train
185819,train
227245,train
225814,train
184981,train
169175,train
204568,train
209985,train
183353,train
221835,train
174707,train
218608,train
172239,train
175007,train
218701,train
205414,train
189048,train
223172,train
198399,train
174151,train
221549,train
222271,train
228032,train
186891,train
200154,train
188044,train
173439,train
202169,train
93599,train
188047,train
179243,train
92801,train
187391,train
221752,train
205765,train
196056,train
208869,train
172596,train
222585,train
196525,train
185779,train
93655,train
193537,train
198509,train
171495,train
182593,train
182036,train
200431,train
195048,train
187142,train
192368,train
184932,train
201152,train
179650,train
140114,train
194989,train
175614,train
185551,train
207103,train
124718,train
201448,train
196823,train
190070,train
181533,train
171573,train
120723,train
196765,train
205400,train
199745,train
186305,train
130811,train
190685,train
177559,train
187856,train
150318,train
205664,train
217684,train
210620,train
108732,train
194735,train
204668,train
186540,train
133234,train
189110,train
202051,train
182057,train
184703,train
183682,train
183793,train
193980,train
125047,train
187412,train
195773,train
181768,train
187100,train
185183,train
196658,train
120342,train
221786,train
124802,train
101703,train
181777,train
191498,train
198586,train
190006,train
206351,train
212480,train
138118,train
198006,train
178201,train
205820,train
201246,train
185241,train
198376,train
177362,train
220124,train
173718,train
122104,train
223861,train
205768,train
187602,train
196515,train
223192,train
187873,train
168133,train
186472,train
179016,train
222961,train
172217,train
223854,train
127733,train
221337,train
194685,train
175824,train
197115,train
190845,train
210379,train
190156,train
184953,train
220199,train
171844,train
225113,train
184929,train
177530,train
201805,train
198570,train
217958,train
205774,train
122411,train
185669,train
190638,train
129855,train
206182,train
220913,train
183067,train
150895,train
178078,train
184315,train
188803,train
222696,train
199538,train
188487,train
222367,train
185504,train
191558,train
192108,train
179555,train
181742,train
202301,train
180650,train
196529,train
138567,train
184712,train
175809,train
203675,train
124159,train
176825,train
227208,train
196948,train
168644,train
223194,train
190211,train
181122,train
153153,train
178234,train
154738,train
223200,train
178169,train
183959,train
193645,train
214452,train
178484,train
205933,train
191365,train
189893,train
191368,train
177909,train
224476,train
187346,train
124227,train
189854,train
178245,train
223054,train
171985,train
190753,train
214496,train
184407,train
126229,train
173220,train
180460,train
192496,train
182738,train
179746,train
203101,train
173436,train
181676,train
193782,train
144434,train
199641,train
185244,train
127146,train
206568,train
175026,train
223823,train
193214,train
223746,train
181222,train
204790,train
225097,train
193596,train
226162,train
117857,train
183475,train
221376,train
181110,train
128815,train
203307,train
166823,train
226586,train
171025,train
185225,train
180450,train
189100,train
196128,train
127679,train
182481,train
217755,train
189894,train
179736,train
125056,train
126022,train
183598,train
189018,train
196077,train
205924,train
131736,train
227514,train
186103,train
126276,train
184954,train
224050,train
223745,train
180036,train
174770,train
214750,train
117820,train
173870,train
202360,train
173326,train
134648,train
183068,train
96987,train
173464,train
174277,train
202058,train
222396,train
222110,train
211304,train
199644,train
165931,train
190630,train
181077,train
87898,train
200467,train
141633,train
173563,train
172102,train
177481,train
182031,train
193685,train
133679,train
179991,train
182135,train
194043,train
179469,train
176188,train
179729,train
167892,train
118409,train
198729,train
172823,train
190167,train
207142,train
150892,train
219242,train
223046,train
127953,train
201187,train
122823,train
175960,train
193582,train
194613,train
176868,train
181395,train
219163,train
182046,train
195353,train
223857,train
207966,train
224530,train
186266,train
183534,train
183724,train
193665,train
121556,train
180839,train
124072,train
198433,train
171355,train
219974,train
204163,train
195942,train
179807,train
172674,train
171130,train
98821,train
200930,train
224526,train
179759,train
191969,train
171139,train
223644,train
185382,train
199365,train
133788,train
182517,train
192780,train
197975,train
176685,train
180703,train
143597,train
181341,train
187854,train
227678,train
180702,train
215750,train
209676,train
226384,train
185377,train
202209,train
180648,train
177324,train
194150,train
195935,train
174460,train
181782,train
190152,train
225470,train
178093,train
172965,train
138697,train
180678,train
174896,train
180962,train
186275,train
150164,train
200121,train
227565,train
181196,train
189222,train
214446,train
180792,train
189579,train
173711,train
179360,train
218446,train
220866,train
196625,train
172461,train
188140,train
201605,train
192764,train
197088,train
199039,train
129755,train
189901,train
181830,train
173237,train
168652,train
188247,train
222485,train
123927,train
185708,train
119823,train
224969,train
124701,train
186061,train
176000,train
147468,train
219527,train
138078,train
197939,train
220036,train
204399,train
205711,train
204580,train
185317,train
189257,train
227046,train
179158,train
202350,train
175340,train
172678,train
199785,train
155831,train
199613,train
195162,train
184955,train
211194,train
188229,train
193771,train
191626,train
173562,train
179876,train
150763,train
123265,train
172884,train
196638,train
192800,train
124333,train
177492,train
173776,train
191925,train
186817,train
96375,train
176587,train
220772,train
192759,train
206849,train
131121,train
178206,train
200308,train
204773,train
166957,train
219784,train
186279,train
177993,train
179873,train
184719,train
204807,train
205596,train
193814,train
218595,train
175027,train
183477,train
200591,train
180327,train
223121,train
200756,train
181123,train
221015,train
189754,train
183582,train
203641,train
222468,train
189093,train
187065,train
184978,train
202274,train
177878,train
167991,train
125891,train
186973,train
198790,train
117887,train
208541,train
174023,train
189576,train
175778,train
174619,train
178110,train
216033,train
173327,train
193810,train
181684,train
215226,train
199420,train
188884,train
212455,train
202484,train
207826,train
181236,train
197643,train
205612,train
184341,train
170146,train
185406,train
220423,train
199552,train
186808,train
195965,train
193985,train
188963,train
203505,train
199324,train
127585,train
174053,train
222026,train
185852,train
198203,train
186889,train
193633,train
210339,train
199760,train
167869,train
176342,train
196177,train
203201,train
186270,train
181058,train
193373,train
122190,train
199203,train
209644,train
175958,train
122048,train
219837,train
175443,train
131142,train
226905,train
189743,train
227835,train
178651,train
182761,train
183688,train
195820,train
178575,train
198788,train
222284,train
226993,train
175421,train
205189,train
218740,train
121966,train
166009,train
188126,train
181808,train
224238,train
172428,train
192884,train
183096,train
173269,train
77966,train
200392,train
174540,train
142763,train
173165,train
166917,train
185115,train
180393,train
175503,train
182446,train
223053,train
119464,train
185191,train
92724,train
204806,train
221841,train
201287,train
179984,train
122038,train
204031,train
173229,train
168150,train
175463,train
105580,train
201196,train
189546,train
184663,train
180861,train
178352,train
219377,train
203627,train
194377,train
178877,train
177457,train
188897,train
191619,train
179599,train
203128,train
177439,train
193123,train
119174,train
179733,train
197645,train
188811,train
203812,train
219593,train
179291,train
130979,train
143881,train
180547,train
205498,train
201794,train
172114,train
177891,train
217369,train
224284,train
219503,train
178923,train
174119,train
220456,train
224410,train
189152,train
200128,train
169248,train
208564,train
205056,train
204779,train
218664,train
195755,train
224892,train
223730,train
206465,train
225296,train
176382,train
199256,train
225947,train
204816,train
189923,train
213482,train
181495,train
219241,train
219414,train
200857,train
219220,train
184984,train
202336,train
175941,train
195535,train
181670,train
227050,train
173937,train
220720,train
187048,train
202022,train
178449,train
144064,train
184808,train
221760,train
197356,train
222148,train
187511,train
224700,train
219090,train
185222,train
127569,train
184503,train
221628,train
205555,train
152972,train
185834,train
186250,train
223827,train
211521,train
134188,train
200549,train
181325,train
200035,train
122891,train
188586,train
223353,train
174638,train
197076,train
225940,train
195119,train
211487,train
182579,train
197403,train
150796,train
219016,train
182251,train
178397,train
222301,train
181254,train
175404,train
227515,train
122309,train
177837,train
206495,train
194907,train
227125,train
223075,train
185208,train
222948,train
166595,train
176864,train
178209,train
171849,train
170405,train
92810,train
180917,train
223526,train
209899,train
174394,train
181604,train
177734,train
171149,train
181033,train
226164,train
201459,train
225372,train
217910,train
227297,train
195124,train
211648,train
183634,train
199136,train
122694,train
172357,train
179227,train
171864,train
199720,train
187871,train
127571,train
177523,train
184771,train
197103,train
177496,train
227669,train
168562,train
199932,train
179755,train
189371,train
177289,train
177956,train
144733,train
101960,train
181223,train
211883,train
201551,train
211388,train
194675,train
205051,train
170577,train
89852,train
221566,train
202307,train
176441,train
224538,train
180317,train
220966,train
182494,train
172486,train
122893,train
182996,train
226402,train
183128,train
175608,train
194528,train
120115,train
182555,train
198730,train
184927,train
207718,train
200927,train
176830,train
213616,train
208647,train
221796,train
200847,train
169181,train
196269,train
203444,train
219252,train
188809,train
190136,train
187305,train
222788,train
174560,train
125993,train
189036,train
171413,train
181311,train
212280,train
195292,train
199764,train
184903,train
177563,train
171353,train
180342,train
124714,train
195511,train
183254,train
186106,train
203095,train
175290,train
209946,train
222560,train
124546,train
176476,train
220841,train
217825,train
137349,train
221668,train
190171,train
200981,train
211653,train
222787,train
178799,train
187816,train
209906,train
209148,train
196585,train
176104,train
222141,train
219802,train
214386,train
174428,train
212060,train
222762,train
195041,train
193698,train
200093,train
224062,train
121859,train
175258,train
130981,train
194993,train
210249,train
223497,train
192777,train
187113,train
179614,train
182491,train
175150,train
174673,train
203508,train
188507,train
191609,train
172670,train
182598,train
118725,train
221822,train
212568,train
175660,train
174603,train
198717,train
172666,train
118681,train
179129,train
180918,train
222388,train
196275,train
227040,train
180094,train
218912,train
190860,train
173261,train
128826,train
180517,train
192885,train
167901,train
219060,train
208087,train
209258,train
137257,train
174077,train
195240,train
199257,train
197506,train
138049,train
180488,train
184856,train
220472,train
200304,train
190659,train
201677,train
195552,train
181303,train
127544,train
220038,train
203267,train
188222,train
200925,train
192781,train
219261,train
169113,train
180426,train
199600,train
185411,train
120808,train
188848,train
183727,train
183583,train
227492,train
172495,train
131028,train
146488,train
183220,train
183645,train
195827,train
125465,train
198213,train
174106,train
176727,train
199258,train
206585,train
182120,train
217761,train
185161,train
131748,train
197393,train
144132,train
208097,train
181511,train
203336,train
219794,train
212304,train
222780,train
191600,train
174541,train
200269,train
192056,train
178743,train
223508,train
166822,train
220443,train
211912,train
172474,train
227463,train
224142,train
124878,train
184013,train
196597,train
122770,train
131137,train
220357,train
118642,train
204569,train
184698,train
172456,train
220163,train
203325,train
205562,train
183091,train
221157,train
177616,train
191491,train
184686,train
196814,train
140341,train
183411,train
185676,train
225680,train
178358,train
197865,train
177742,train
193221,train
182855,train
90597,train
176383,train
205811,train
101930,train
185480,train
173283,train
209073,train
189699,train
200896,train
191577,train
168120,train
197351,train
178838,train
220388,train
199676,train
178610,train
177504,train
186471,train
177735,train
188238,train
226445,train
196838,train
126727,train
177823,train
202412,train
211380,train
222265,train
218767,train
133592,train
203704,train
120373,train
181757,train
128839,train
194616,train
181554,train
201982,train
173367,train
198388,train
225081,train
174799,train
172395,train
194067,train
176361,train
121026,train
223173,train
212721,train
202706,train
224894,train
224624,train
203143,train
181665,train
175539,train
226272,train
186459,train
191522,train
193880,train
206860,train
205363,train
168338,train
212294,train
195165,train
174584,train
180495,train
205723,train
120947,train
180455,train
186519,train
191250,train
183368,train
222308,train
186304,train
140013,train
191724,train
152069,train
225306,train
181961,train
173912,train
223749,train
127732,train
212605,train
194258,train
187520,train
170706,train
208095,train
175334,train
219003,train
92766,train
177433,train
197931,train
186850,train
188313,train
220825,train
220584,train
172578,train
181256,train
222954,train
195749,train
181144,train
223550,train
178844,train
197943,train
219073,train
182468,train
196559,train
171160,train
203621,train
185873,train
118674,train
198519,train
205496,train
96957,train
189168,train
201266,train
178985,train
222354,train
182861,train
197563,train
186326,train
198547,train
179222,train
123374,train
176814,train
205885,train
181064,train
200493,train
191678,train
200100,train
212123,train
137347,train
173199,train
179078,train
176170,train
178377,train
195098,train
198803,train
223253,train
143172,train
189497,train
180809,train
174761,train
174329,train
204882,train
191163,train
127906,train
202184,train
176648,train
188969,train
201976,train
133610,train
168212,train
222840,train
223578,train
168005,train
191533,train
137272,train
212566,train
186795,train
221947,train
127889,train
207460,train
177236,train
175723,train
134916,train
224079,train
171074,train
134652,train
191681,train
165973,train
169116,train
172142,train
184736,train
150888,train
200115,train
176961,train
199564,train
222612,train
148926,train
219912,train
187195,train
187671,train
200225,train
189301,train
223058,train
200580,train
193414,train
204810,train
179537,train
197562,train
173918,train
188208,train
202909,train
92778,train
94210,train
197964,train
191237,train
123151,train
183632,train
130477,train
176935,train
180790,train
181912,train
183435,train
137337,train
173010,train
183430,train
176819,train
192731,train
178039,train
192726,train
189835,train
200771,train
218154,train
192649,train
173923,train
200167,train
103646,train
169092,train
225807,train
119690,train
200718,train
174267,train
170550,train
221280,train
215773,train
189020,train
175201,train
173246,train
219542,train
178845,train
180373,train
207540,train
184164,train
199970,train
173900,train
222436,train
175187,train
144570,train
93614,train
119532,train
221222,train
181261,train
206596,train
225861,train
223678,train
172219,train
176674,train
137256,train
188701,train
203305,train
220922,train
207099,train
130575,train
190061,train
145192,train
199657,train
211249,train
195056,train
173819,train
178577,train
193343,train
121371,train
166905,train
179608,train
225752,train
177549,train
196796,train
120993,train
199422,train
219386,train
192905,train
180552,train
185569,train
69885,train
182305,train
137418,train
197529,train
191496,train
183385,train
225651,train
180483,train
179900,train
177841,train
222656,train
181838,train
219651,train
168149,train
188719,train
222135,train
167724,train
224473,train
191995,train
175312,train
179060,train
210567,train
177494,train
204080,train
180709,train
208029,train
173558,train
203462,train
199587,train
180884,train
199476,train
184982,train
123159,train
109003,train
203538,train
218830,train
145402,train
207547,train
221882,train
166940,train
180975,train
178649,train
184042,train
168142,train
193490,train
184570,train
195322,train
223078,train
219025,train
221292,train
214500,train
184130,train
209884,train
186861,train
178472,train
215427,train
205914,train
193840,train
122827,train
181192,train
197205,train
118560,train
208088,train
170688,train
186123,train
181860,train
147101,train
186424,train
212563,train
193407,train
194618,train
120669,train
208184,train
180221,train
186367,train
222899,train
186018,train
199534,train
181537,train
208096,train
181965,train
172539,train
221843,train
198584,train
178881,train
212460,train
202356,train
123686,train
190718,train
182554,train
222515,train
198334,train
218999,train
197017,train
224243,train
189364,train
97505,train
183874,train
210699,train
172163,train
130763,train
178202,train
123372,train
146490,train
223525,train
184431,train
198166,train
221421,train
185211,train
222009,train
183358,train
182100,train
181085,train
187748,train
118562,train
122931,train
187151,train
204813,train
195524,train
215080,train
208547,train
178633,train
200219,train
211997,train
172541,train
192498,train
205551,train
205595,train
223863,train
178613,train
173741,train
122065,train
193304,train
108647,train
194518,train
144947,train
187766,train
195115,train
181787,train
224003,train
193397,train
150789,train
185503,train
199473,train
227213,train
220977,train
222214,train
221756,train
173222,train
179006,train
220793,train
188074,train
189769,train
123235,train
188474,train
205879,train
126672,train
222834,train
168349,train
131609,train
177275,train
198612,train
206053,train
223370,train
203587,train
197869,train
219615,train
221123,train
206730,train
185036,train
124069,train
198359,train
183589,train
226336,train
186494,train
221559,train
197031,train
183979,train
188794,train
184919,train
221326,train
195415,train
222463,train
146498,train
222518,train
178019,train
220876,train
185992,train
188504,train
204799,train
179447,train
169133,train
168633,train
174270,train
201940,train
219427,train
213290,train
219963,train
117897,train
212723,train
182583,train
176732,train
170226,train
183480,train
174362,train
222328,train
211499,train
208395,train
201282,train
227782,train
178606,train
200761,train
201024,train
227935,train
190612,train
174752,train
205794,train
178991,train
220548,train
170038,train
177352,train
181322,train
186981,train
179996,train
199506,train
223139,train
221902,train
206398,train
172167,train
198624,train
132804,train
173830,train
227205,train
180574,train
170470,train
177220,train
214638,train
185884,train
195127,train
173514,train
138675,train
185796,train
186373,train
224373,train
175188,train
207481,train
205613,train
196549,train
125418,train
218727,train
125618,train
224125,train
220354,train
184273,train
222902,train
204082,train
198328,train
193223,train
220328,train
178589,train
126156,train
221436,train
200197,train
203294,train
220518,train
202165,train
192206,train
172636,train
121023,train
196920,train
126232,train
225138,train
208645,train
178640,train
205686,train
143317,train
222483,train
126165,train
227489,train
100315,train
227453,train
150306,train
75316,train
176197,train
173546,train
212115,train
199407,train
202093,train
190750,train
178384,train
223790,train
181623,train
176310,train
178157,train
187366,train
129870,train
203308,train
178611,train
208367,train
175712,train
188550,train
219512,train
180037,train
194542,train
220804,train
214383,train
196910,train
140062,train
210833,train
196871,train
225365,train
133649,train
125422,train
179108,train
182602,train
227772,train
177790,train
220528,train
181536,train
134426,train
137990,train
226829,train
220175,train
127660,train
197401,train
174148,train
193847,train
187339,train
119785,train
190757,train
206050,train
178828,train
182664,train
214444,train
184945,train
179705,train
201275,train
192451,train
179999,train
177730,train
122693,train
184742,train
220052,train
171050,train
221191,train
173576,train
188615,train
176362,train
198631,train
222051,train
176029,train
207717,train
177657,train
221298,train
131122,train
202930,train
176669,train
222738,train
195029,train
217962,train
178031,train
206739,train
222835,train
220663,train
167722,train
179849,train
190611,train
175959,train
202415,train
178835,train
203326,train
202460,train
199659,train
195151,train
122826,train
153363,train
174507,train
174717,train
202441,train
220340,train
169272,train
200448,train
174727,train
181630,train
142462,train
217634,train
174740,train
219779,train
218969,train
221696,train
227521,train
150322,train
176384,train
125419,train
180749,train
205398,train
212002,train
201620,train
183915,train
184168,train
183608,train
172356,train
221741,train
182500,train
173440,train
205921,train
225292,train
173305,train
176258,train
178509,train
185379,train
189159,train
181267,train
120254,train
210652,train
184852,train
187880,train
118583,train
192727,train
150822,train
182363,train
211836,train
201738,train
137385,train
186282,train
188698,train
186437,train
194641,train
187010,train
119606,train
196715,train
137620,train
199251,train
185987,train
128896,train
188966,train
205407,train
182566,train
204795,train
192390,train
226877,train
136969,train
119108,train
125614,train
178712,train
125421,train
196288,train
181532,train
143096,train
190145,train
137304,train
179392,train
200606,train
190013,train
223957,train
223744,train
171472,train
206487,train
166862,train
179368,train
187929,train
210297,train
217637,train
199264,train
183765,train
96947,train
223737,train
202205,train
200107,train
172942,train
196618,train
180624,train
190210,train
185958,train
202449,train
178605,train
202178,train
198382,train
203104,train
181314,train
183555,train
185691,train
167338,train
187073,train
198470,train
200661,train
172175,train
198611,train
137993,train
202128,train
211424,train
180999,train
176145,train
193846,train
174361,train
183085,train
172237,train
198794,train
143874,train
189419,train
191693,train
203664,train
226302,train
197818,train
173108,train
208077,train
227253,train
224140,train
161300,train
188114,train
220331,train
120331,train
198400,train
171996,train
220692,train
191286,train
226161,train
218980,train
219919,train
214707,train
203625,train
190058,train
188173,train
183378,train
175325,train
225288,train
196539,train
188231,train
222401,train
181177,train
120977,train
92728,train
93680,train
194885,train
193467,train
192627,train
211732,train
222597,train
199132,train
119522,train
188486,train
179140,train
203644,train
200532,train
176175,train
219676,train
207555,train
175405,train
180466,train
227049,train
218397,train
222325,train
226330,train
121550,train
184192,train
168205,train
185366,train
174473,train
185121,train
206806,train
119828,train
220037,train
223031,train
200101,train
172504,train
175622,train
196893,train
208981,train
227217,train
137415,train
192709,train
179777,train
126088,train
189538,train
199206,train
188503,train
222224,train
174426,train
171959,train
214410,train
134970,train
181555,train
168004,train
173265,train
212564,train
186027,train
199010,train
179357,train
198841,train
182663,train
185393,train
222124,train
227853,train
183631,train
182087,train
196319,train
172831,train
138795,train
175648,train
195160,train
221836,train
176209,train
204812,train
192297,train
220333,train
179052,train
223611,train
194977,train
178681,train
171455,train
177430,train
136791,train
185839,train
227908,train
218175,train
219384,train
181031,train
137265,train
218977,train
206326,train
205134,train
188407,train
199682,train
179346,train
172783,train
205441,train
194134,train
179128,train
197218,train
192642,train
205428,train
222319,train
212521,train
209694,train
173051,train
199661,train
187855,train
185847,train
204078,train
181612,train
145304,train
207089,train
205591,train
122888,train
185848,train
179948,train
186416,train
172640,train
220783,train
198304,train
185530,train
199643,train
195780,train
203277,train
227539,train
142851,train
182956,train
202805,train
145394,train
222779,train
173100,train
221229,train
206482,train
219800,train
220386,train
195008,train
173171,train
200722,train
121927,train
182262,train
206131,train
183259,train
176641,train
222441,train
180554,train
184540,train
175888,train
219691,train
206127,train
199650,train
220470,train
225020,train
185875,train
176402,train
186544,train
222333,train
176565,train
173196,train
137332,train
186907,train
209859,train
199666,train
203566,train
122047,train
180407,train
221186,train
178723,train
196816,train
212297,train
177470,train
179575,train
217231,train
131271,train
202304,train
177829,train
200402,train
193575,train
178541,train
182396,train
211644,train
197006,train
175595,train
188228,train
183014,train
127663,train
212462,train
190431,train
204781,train
179240,train
181170,train
226907,train
196547,train
198694,train
121656,train
188019,train
125546,train
196472,train
175735,train
219499,train
222211,train
198732,train
214753,train
165893,train
177053,train
195703,train
153819,train
178492,train
209865,train
199176,train
172362,train
138172,train
130563,train
139889,train
224344,train
105393,train
202496,train
124851,train
183606,train
171102,train
133602,train
184823,train
172099,train
174434,train
188535,train
182820,train
175639,train
176105,train
198505,train
199409,train
219846,train
200553,train
200538,train
201324,train
212318,train
124964,train
174853,train
183988,train
136818,train
191927,train
171760,train
172503,train
175348,train
175037,train
206372,train
128313,train
218315,train
202955,train
184633,train
222041,train
181967,train
172922,train
182188,train
203589,train
126904,train
193314,train
222784,train
179342,train
179394,train
187890,train
199759,train
196899,train
174831,train
192132,train
211777,train
119990,train
213663,train
118406,train
174557,train
173400,train
186203,train
146413,train
222507,train
177475,train
200238,train
208987,train
185722,train
186929,train
179568,train
126331,train
222458,train
222761,train
199366,train
166962,train
208201,train
185137,train
180564,train
120307,train
172482,train
195327,train
175578,train
61394,train
124353,train
104306,train
178585,train
197071,train
217938,train
199404,train
185233,train
204923,train
180378,train
207573,train
200393,train
185180,train
184860,train
219962,train
186073,train
169087,train
177655,train
218461,train
120720,train
203811,train
221237,train
204789,train
177241,train
222968,train
188815,train
187935,train
190192,train
195795,train
178428,train
184586,train
201115,train
124357,train
179672,train
174233,train
173055,train
207560,train
201276,train
184638,train
183550,train
227549,train
175966,train
180493,train
218906,train
198404,train
217184,train
200067,train
203209,train
184202,train
186521,train
180106,train
175293,train
178505,train
178265,train
179216,train
176455,train
209867,train
187963,train
173935,train
186224,train
188739,train
175136,train
172043,train
196961,train
178625,train
206268,train
198379,train
218937,train
224126,train
201419,train
196655,train
227034,train
183973,train
191535,train
208388,train
211232,train
206553,train
192207,train
175855,train
188050,train
137391,train
228149,train
184123,train
227387,train
103641,train
166913,train
180734,train
96435,train
168717,train
129302,train
184733,train
224077,train
177245,train
183131,train
137103,train
224303,train
184068,train
193319,train
224777,train
228050,train
188693,train
219964,train
214712,train
137383,train
153012,train
183493,train
181363,train
125608,train
221284,train
219553,train
200201,train
198512,train
172517,train
203007,train
102053,train
222368,train
121551,train
189831,train
174011,train
177984,train
188056,train
220549,train
180994,train
196519,train
185291,train
169160,train
172780,train
173891,train
195168,train
122108,train
207933,train
194674,train
222145,train
197320,train
124713,train
208988,train
176838,train
193209,train
174537,train
181133,train
169138,train
150795,train
201473,train
181021,train
197097,train
176615,train
195823,train
155770,train
180699,train
219533,train
176176,train
194588,train
196613,train
180596,train
179687,train
150309,train
222691,train
181227,train
147070,train
202283,train
166833,train
172103,train
172781,train
178595,train
130978,train
190893,train
224614,train
187878,train
118604,train
174843,train
183051,train
173825,train
171974,train
204707,train
92717,train
182624,train
199704,train
185723,train
222347,train
186497,train
220159,train
221695,train
199471,train
206035,train
210654,train
222246,train
224193,train
184138,train
180819,train
191621,train
188057,train
178476,train
220042,train
185238,train
203503,train
123285,train
227557,train
222031,train
188427,train
223314,train
145241,train
205680,train
174283,train
177985,train
184050,train
175450,train
198418,train
220002,train
142630,train
211045,train
199709,train
184935,train
188175,train
194654,train
178426,train
181933,train
191890,train
196777,train
224672,train
188034,train
215771,train
177075,train
128064,train
203511,train
186541,train
189996,train
178338,train
184936,train
192605,train
176373,train
177684,train
200002,train
150820,train
132048,train
186384,train
199180,train
122990,train
77866,train
141648,train
227341,train
203207,train
180659,train
137268,train
183850,train
178727,train
200200,train
174320,train
201837,train
176461,train
204996,train
199480,train
227122,train
127300,train
181902,train
186380,train
89192,train
187843,train
186386,train
211501,train
120759,train
221560,train
197994,train
181964,train
224457,train
195790,train
180298,train
178158,train
130000,train
228146,train
191576,train
207847,train
198820,train
196831,train
206723,train
200622,train
184317,train
118621,train
184345,train
188489,train
121040,train
198610,train
197636,train
227290,train
220049,train
181056,train
209099,train
208181,train
199248,train
202327,train
188710,train
212549,train
211571,train
183487,train
199558,train
218187,train
135747,train
168193,train
222887,train
172882,train
203108,train
182021,train
194099,train
118710,train
191362,train
209951,train
185424,train
185793,train
176789,train
188145,train
186102,train
199204,train
187600,train
184926,train
212803,train
182413,train
188237,train
223533,train
198346,train
183437,train
121672,train
174562,train
172889,train
203703,train
219876,train
174616,train
200481,train
197109,train
124335,train
173925,train
227561,train
220583,train
212293,train
224018,train
219351,train
179901,train
168558,train
168481,train
176006,train
172572,train
192684,train
179907,train
173859,train
175869,train
183599,train
92809,train
176305,train
117920,train
125700,train
223401,train
184229,train
187892,train
185557,train
199984,train
197347,train
205905,train
192381,train
222275,train
173908,train
207679,train
183854,train
221573,train
199573,train
217784,train
191624,train
178656,train
203100,train
185224,train
222506,train
174470,train
192580,train
181129,train
212478,train
184539,train
179345,train
126729,train
125807,train
225068,train
211775,train
190848,train
176351,train
218729,train
185602,train
200079,train
225976,train
226359,train
182361,train
193417,train
225360,train
178398,train
208212,train
213661,train
204629,train
171986,train
187679,train
201301,train
186277,train
185825,train
227529,train
181759,train
174844,train
133136,train
224634,train
200179,train
193671,train
145399,train
189569,train
168214,train
180856,train
222668,train
182594,train
199232,train
178175,train
212232,train
201517,train
168025,train
189705,train
220320,train
197180,train
223839,train
182628,train
222083,train
150709,train
211256,train
137945,train
129865,train
190787,train
165921,train
223650,train
190043,train
122886,train
110521,train
178463,train
222549,train
223066,train
182778,train
199997,train
178768,train
209864,train
118467,train
179425,train
176235,train
225834,train
202185,train
196504,train
182144,train
180955,train
215289,train
197901,train
192693,train
194003,train
190744,train
224905,train
181426,train
176635,train
167887,train
182079,train
199450,train
222994,train
198642,train
205058,train
221437,train
193451,train
227673,train
180704,train
185591,train
169801,train
119240,train
193466,train
225508,train
127574,train
181836,train
183319,train
186900,train
179799,train
218762,train
122712,train
200542,train
197911,train
227448,train
185331,train
211581,train
200202,train
214382,train
205863,train
166918,train
192494,train
177368,train
166964,train
197673,train
212477,train
199131,train
196598,train
214746,train
180413,train
169293,train
190995,train
97400,train
214064,train
169732,train
178776,train
198420,train
143571,train
174080,train
202071,train
167709,train
181662,train
223367,train
124711,train
224647,train
219811,train
186499,train
196039,train
185531,train
184723,train
134655,train
185229,train
201360,train
193712,train
226719,train
199519,train
186480,train
185481,train
212510,train
184017,train
226419,train
174719,train
225257,train
218168,train
172941,train
172914,train
190341,train
224242,train
174792,train
179190,train
172241,train
121973,train
223876,train
223822,train
186822,train
202300,train
223826,train
203465,train
189028,train
89826,train
221131,train
184699,train
192778,train
92701,train
186969,train
183627,train
220140,train
218935,train
124329,train
222179,train
122194,train
200136,train
221785,train
212491,train
183086,train
192460,train
168176,train
201454,train
185285,train
197186,train
176380,train
203213,train
137139,train
184902,train
174660,train
118443,train
186323,train
181972,train
221100,train
168119,train
179226,train
222614,train
200080,train
121537,train
189362,train
207583,train
178874,train
181147,train
183256,train
200028,train
200514,train
186354,train
178427,train
196565,train
181384,train
176345,train
173262,train
177867,train
141152,train
175586,train
211660,train
120261,train
198413,train
203300,train
169755,train
124946,train
125575,train
189545,train
202737,train
181242,train
198618,train
173882,train
193459,train
187394,train
207938,train
205969,train
188887,train
173611,train
125582,train
186765,train
121620,train
121548,train
200359,train
95451,train
209710,train
212883,train
182099,train
219732,train
196903,train
216366,train
176350,train
227267,train
145382,train
186791,train
196470,train
180849,train
211827,train
120574,train
93516,train
178778,train
227008,train
211209,train
181903,train
179877,train
222119,train
219467,train
179359,train
193617,train
136523,train
221348,train
180205,train
208889,train
177795,train
195926,train
222070,train
201522,train
224041,train
176162,train
190944,train
222028,train
184277,train
176846,train
184906,train
219497,train
178929,train
120469,train
143103,train
105436,train
184652,train
195043,train
195244,train
172597,train
183059,train
179946,train
170606,train
221659,train
222151,train
221950,train
218992,train
154675,train
221811,train
181531,train
227246,train
200665,train
176936,train
173605,train
219795,train
177773,train
181373,train
181319,train
168137,train
203121,train
93575,train
214733,train
176038,train
189305,train
196878,train
137943,train
184779,train
227337,train
201613,train
175155,train
193937,train
130718,train
200909,train
220434,train
205724,train
208117,train
205466,train
199711,train
227562,train
221141,train
194862,train
197698,train
146730,train
189136,train
188438,train
202053,train
181586,train
222747,train
24586,train
179954,train
180048,train
183361,train
174411,train
181524,train
176728,train
186261,train
96421,train
222219,train
196782,train
219376,train
93657,train
180771,train
150321,train
222428,train
202097,train
173772,train
125457,train
196626,train
185606,train
171762,train
198451,train
190926,train
204567,train
206189,train
126018,train
194643,train
190179,train
168592,train
181175,train
177677,train
176442,train
203479,train
194121,train
176142,train
225841,train
120324,train
202000,train
118601,train
209628,train
197080,train
176576,train
183779,train
174363,train
184162,train
222570,train
148313,train
189032,train
131272,train
223552,train
197690,train
199461,train
187009,train
172391,train
188831,train
220610,train
145244,train
199255,train
227244,train
120309,train
199377,train
172953,train
227188,train
208622,train
173760,train
125553,train
205631,train
178678,train
203189,train
211373,train
177536,train
201268,train
186427,train
175851,train
186847,train
222938,train
203674,train
194611,train
181894,train
220449,train
127690,train
195661,train
180134,train
174626,train
211377,train
205386,train
204983,train
187745,train
178655,train
226140,train
118578,train
220216,train
225104,train
180940,train
191494,train
179661,train
180504,train
166925,train
174861,train
182417,train
199036,train
175742,train
166597,train
224213,train
187116,train
209853,train
225850,train
105380,train
173036,train
177218,train
179026,train
187008,train
211547,train
200826,train
221240,train
185870,train
180879,train
224604,train
223566,train
206847,train
191013,train
202743,train
200301,train
208196,train
225289,train
180679,train
224620,train
183664,train
205412,train
145831,train
185410,train
222296,train
186997,train
220093,train
175200,train
171384,train
202494,train
225089,train
196981,train
187261,train
184861,train
225121,train
195051,train
184122,train
203352,train
134610,train
145411,train
204208,train
182660,train
174526,train
216055,train
129572,train
185737,train
119879,train
173727,train
175722,train
199993,train
197970,train
224584,train
179356,train
222178,train
183691,train
211120,train
205067,train
220564,train
125000,train
219808,train
175078,train
175286,train
121812,train
180099,train
211449,train
176968,train
221496,train
203590,train
202756,train
183297,train
199427,train
223756,train
174074,train
173894,train
222748,train
188752,train
180137,train
193921,train
183240,train
182486,train
173158,train
184738,train
150460,train
202688,train
183090,train
173385,train
152109,train
177822,train
206227,train
221546,train
208173,train
178842,train
187392,train
179450,train
182426,train
200782,train
182709,train
180428,train
184634,train
195850,train
183554,train
206578,train
175886,train
223970,train
223292,train
171800,train
223994,train
198980,train
196880,train
169096,train
197995,train
192037,train
187223,train
179547,train
184602,train
180449,train
157443,train
203595,train
185363,train
227671,train
184302,train
205966,train
220788,train
227390,train
205731,train
205583,train
183716,train
220818,train
182701,train
198183,train
202036,train
182335,train
136908,train
176946,train
189002,train
125995,train
182480,train
227247,train
197531,train
223567,train
125230,train
102810,train
86306,train
207455,train
178700,train
189602,train
192870,train
137263,train
137144,train
182149,train
208407,train
184971,train
178070,train
180689,train
176273,train
222648,train
139973,train
227362,train
189703,train
175816,train
203006,train
208403,train
209121,train
145403,train
96973,train
204616,train
201334,train
227056,train
193351,train
209934,train
184678,train
189744,train
171904,train
203152,train
178103,train
185228,train
173119,train
223733,train
224613,train
178735,train
189574,train
179765,train
188036,train
190575,train
227541,train
191637,train
223562,train
199454,train
175250,train
122490,train
203341,train
181922,train
184879,train
227177,train
93778,train
185339,train
202180,train
179619,train
195817,train
192785,train
180950,train
197892,train
181316,train
186513,train
126734,train
209892,train
221884,train
179752,train
196078,train
205854,train
224587,train
173015,train
182848,train
122437,train
172815,train
183310,train
211132,train
219555,train
173260,train
183539,train
108823,train
226016,train
173651,train
179844,train
200267,train
181464,train
125816,train
219536,train
181901,train
189772,train
176440,train
178432,train
174697,train
205193,train
196729,train
198792,train
195130,train
202802,train
197546,train
179309,train
123690,train
138520,train
221823,train
203378,train
224204,train
176803,train
224333,train
220558,train
222919,train
225543,train
196997,train
222937,train
187147,train
200143,train
177916,train
195099,train
178782,train
183465,train
190554,train
180276,train
174971,train
193547,train
185660,train
200428,train
177366,train
189030,train
222386,train
221793,train
190780,train
223356,train
175029,train
181877,train
223836,train
224632,train
224026,train
176392,train
178617,train
171076,train
223814,train
219534,train
143476,train
187673,train
173462,train
217929,train
209627,train
192625,train
209202,train
194215,train
206332,train
219251,train
198461,train
189366,train
193529,train
185398,train
173919,train
122695,train
173192,train
223925,train
190790,train
228201,train
218737,train
179725,train
204924,train
185251,train
94136,train
122282,train
185144,train
167713,train
179905,train
183956,train
221981,train
217791,train
126343,train
173872,train
219159,train
187389,train
169450,train
196541,train
188499,train
178594,train
122005,train
203420,train
209855,train
110698,train
119954,train
185810,train
190952,train
186260,train
206788,train
222659,train
176435,train
201987,train
197728,train
185538,train
173690,train
225317,train
183389,train
123347,train
199592,train
188838,train
182842,train
172819,train
218378,train
173317,train
132086,train
187822,train
185245,train
172568,train
201999,train
197290,train
201948,train
194960,train
120268,train
166947,train
204776,train
186897,train
173035,train
134076,train
193978,train
124018,train
209983,train
174051,train
203551,train
202465,train
125559,train
222709,train
198807,train
187098,train
178485,train
224143,train
181893,train
187797,train
180881,train
200919,train
134727,train
208540,train
191499,train
200887,train
195431,train
179679,train
167843,train
179206,train
186031,train
188206,train
193807,train
127535,train
187075,train
203768,train
210706,train
221973,train
173684,train
187865,train
174574,train
201195,train
208672,train
205381,train
224465,train
186821,train
169936,train
182067,train
134296,train
198791,train
131569,train
200236,train
180973,train
197533,train
220356,train
92719,train
182112,train
175451,train
183422,train
191512,train
224038,train
198995,train
184942,train
172846,train
220596,train
227712,train
227366,train
190168,train
142820,train
182090,train
198441,train
171135,train
222390,train
173203,train
176790,train
145238,train
179524,train
195618,train
193108,train
175606,train
173148,train
222666,train
197287,train
137333,train
178578,train
191284,train
145374,train
209290,train
222395,train
225936,train
201097,train
224423,train
170591,train
175487,train
202857,train
227446,train
180638,train
186091,train
203407,train
217963,train
199495,train
224179,train
205556,train
122887,train
227215,train
204709,train
194078,train
172850,train
223536,train
225871,train
192724,train
186258,train
131013,train
183374,train
130480,train
187729,train
211227,train
126377,train
182741,train
201406,train
197695,train
221734,train
183093,train
145301,train
175683,train
176369,train
175571,train
122875,train
187782,train
191554,train
183797,train
182591,train
194747,train
201777,train
218728,train
180825,train
184264,train
210258,train
200089,train
185764,train
221482,train
184085,train
222034,train
222378,train
212657,train
138680,train
227837,train
214953,train
173257,train
202094,train
203302,train
203164,train
184788,train
92687,train
226727,train
180979,train
123936,train
204973,train
219975,train
224314,train
178928,train
210587,train
224466,train
181082,train
180498,train
219530,train
212677,train
176451,train
218970,train
186262,train
201294,train
189142,train
92591,train
184243,train
201679,train
174238,train
221543,train
125878,train
174767,train
174569,train
215061,train
225975,train
176638,train
194167,train
177226,train
188189,train
146402,train
166958,train
142605,train
180427,train
193658,train
213218,train
180815,train
223765,train
197677,train
182822,train
179343,train
218493,train
185961,train
178859,train
175641,train
209535,train
173248,train
169111,train
226021,train
198751,train
175110,train
185179,train
183990,train
202972,train
176427,train
181476,train
179453,train
222030,train
218777,train
174554,train
177287,train
181179,train
181461,train
222427,train
187908,train
174960,train
213065,train
196522,train
224065,train
183535,train
205577,train
174905,train
136957,train
186382,train
222704,train
184093,train
168131,train
182545,train
182406,train
188446,train
223236,train
203635,train
187019,train
197203,train
203630,train
222945,train
227045,train
226326,train
172264,train
201578,train
185259,train
183768,train
219832,train
221377,train
223818,train
192821,train
219659,train
209622,train
179239,train
200893,train
225038,train
189128,train
122703,train
196801,train
184219,train
178364,train
201159,train
166869,train
191150,train
187509,train
130121,train
96025,train
207154,train
173878,train
222644,train
185963,train
136968,train
202016,train
223954,train
192631,train
172111,train
216360,train
207712,train
191556,train
199423,train
122765,train
193005,train
180000,train
223636,train
177678,train
192789,train
197175,train
135894,train
154836,train
200430,train
203195,train
215751,train
198442,train
200020,train
184578,train
188500,train
178865,train
174495,train
146492,train
175307,train
222317,train
202369,train
185789,train
200629,train
195303,train
146368,train
134333,train
221238,train
182532,train
175525,train
206394,train
177040,train
176841,train
184069,train
180654,train
181913,train
100516,train
222878,train
199968,train
181069,train
150836,train
182873,train
175478,train
166048,train
220594,train
193862,train
137310,train
186361,train
192118,train
176930,train
179491,train
203263,train
184809,train
170946,train
175689,train
130988,train
176446,train
183228,train
131345,train
201772,train
184789,train
189943,train
153000,train
174069,train
213204,train
171772,train
176793,train
127517,train
186555,train
125997,train
172460,train
182384,train
123707,train
134650,train
223451,train
185328,train
185931,train
182085,train
171950,train
227441,train
201411,train
202752,train
224011,train
165918,train
130570,train
183470,train
225826,train
221806,train
167861,train
176329,train
202405,train
223632,train
92681,train
181124,train
188299,train
199105,train
201710,train
180776,train
97280,train
206873,train
211565,train
174836,train
225124,train
219992,train
147944,train
202487,train
176403,train
175942,train
218607,train
176019,train
174850,train
181729,train
220628,train
201160,train
189293,train
224293,train
211182,train
196586,train
198764,train
181299,train
173814,train
195154,train
173874,train
207950,train
168695,train
191500,train
190703,train
188813,train
183484,train
194980,train
197281,train
174484,train
187304,train
221897,train
198443,train
198842,train
227786,train
184837,train
182825,train
196660,train
191548,train
170962,train
190213,train
179696,train
124848,train
225150,train
152993,train
183934,train
219042,train
180807,train
194982,train
212258,train
227504,train
196617,train
195517,train
132241,train
199016,train
185370,train
176040,train
175351,train
177246,train
188409,train
185750,train
175161,train
226728,train
197942,train
120487,train
221946,train
220270,train
184546,train
78952,train
179553,train
192738,train
228043,train
210376,train
176053,train
122037,train
183330,train
175686,train
198796,train
182507,train
203384,train
225507,train
214808,train
179040,train
194049,train
223780,train
175355,train
145259,train
222553,train
186542,train
200438,train
184043,train
203386,train
222633,train
173388,train
123691,train
222768,train
180614,train
190311,train
184838,train
201534,train
228213,train
190021,train
185146,train
186385,train
227238,train
202268,train
197340,train
207716,train
205659,train
176078,train
172615,train
95961,train
186872,train
219612,train
197675,train
189634,train
178586,train
184213,train
179617,train
223575,train
209052,train
205383,train
202341,train
221024,train
217817,train
196933,train
180622,train
180673,train
177272,train
180480,train
206954,train
127729,train
190530,train
196509,train
212056,train
221268,train
183644,train
175345,train
172116,train
187269,train
219804,train
200543,train
127282,train
171115,train
225516,train
223942,train
201201,train
176253,train
182759,train
191287,train
177729,train
208195,train
124959,train
196744,train
182043,train
183655,train
183638,train
205626,train
221248,train
125461,train
186461,train
223520,train
122113,train
182366,train
174413,train
181827,train
174293,train
219511,train
184851,train
176742,train
193012,train
177759,train
139117,train
179609,train
185465,train
183383,train
176041,train
183794,train
173041,train
93467,train
171619,train
201536,train
197388,train
201672,train
120581,train
92773,train
224594,train
223603,train
133683,train
206737,train
202287,train
194932,train
205404,train
226388,train
192755,train
124751,train
221992,train
175874,train
189261,train
101711,train
220767,train
173384,train
168127,train
171031,train
198050,train
177586,train
175747,train
223163,train
183266,train
173285,train
185048,train
206344,train
96440,train
190775,train
190286,train
177547,train
118670,train
211440,train
141698,train
186885,train
178791,train
172894,train
184625,train
193875,train
197524,train
183072,train
219687,train
173887,train
178607,train
176677,train
145640,train
213485,train
170124,train
183740,train
208489,train
201464,train
221423,train
121928,train
190687,train
172384,train
197267,train
227734,train
201584,train
176950,train
181904,train
186383,train
127299,train
174480,train
222259,train
185713,train
127670,train
126792,train
177782,train
221255,train
184201,train
178362,train
176605,train
210569,train
199677,train
202179,train
184113,train
120607,train
197909,train
181927,train
181211,train
197484,train
172775,train
181521,train
169120,train
195615,train
183968,train
172759,train
175381,train
219882,train
177060,train
179870,train
184642,train
142647,train
222568,train
205198,train
174827,train
125588,train
227322,train
181048,train
199737,train
193352,train
225862,train
169162,train
196610,train
178442,train
184842,train
210785,train
219798,train
93828,train
193581,train
185650,train
150880,train
186517,train
188095,train
193667,train
120282,train
222245,train
184806,train
182870,train
182963,train
140104,train
203819,train
179437,train
208653,train
183379,train
223216,train
222707,train
134718,train
197010,train
207368,train
176083,train
209409,train
190272,train
179703,train
175724,train
222238,train
179008,train
222495,train
192763,train
202939,train
167727,train
207571,train
188226,train
205735,train
181661,train
176824,train
203637,train
195306,train
191689,train
174702,train
188692,train
92776,train
207655,train
224515,train
196454,train
176099,train
203097,train
202064,train
181823,train
173005,train
179538,train
182547,train
173556,train
181440,train
177983,train
203516,train
218462,train
214569,train
178713,train
223160,train
147706,train
203715,train
203382,train
125844,train
182155,train
172521,train
129849,train
89156,train
187263,train
189044,train
192803,train
179288,train
193597,train
175750,train
184021,train
212053,train
226748,train
177781,train
180514,train
223593,train
211206,train
184110,train
182470,train
199781,train
182649,train
179646,train
118779,train
227658,train
224037,train
199605,train
225258,train
172859,train
118666,train
194602,train
169184,train
172112,train
186870,train
206683,train
221892,train
198615,train
176401,train
196550,train
175664,train
167852,train
221671,train
184704,train
185942,train
180756,train
203092,train
193693,train
192393,train
198011,train
150930,train
183260,train
206781,train
194996,train
219673,train
196793,train
177898,train
181257,train
219759,train
220129,train
219875,train
187265,train
173762,train
190350,train
173604,train
221943,train
175461,train
178521,train
123273,train
204965,train
142621,train
206777,train
174669,train
180412,train
173377,train
195571,train
183331,train
204814,train
188893,train
181796,train
203170,train
186846,train
119871,train
176802,train
172943,train
200435,train
185528,train
219078,train
223787,train
222949,train
217829,train
96969,train
203157,train
221418,train
90430,train
222595,train
175309,train
224771,train
175914,train
223655,train
187809,train
100574,train
185738,train
118555,train
175067,train
125882,train
186886,train
203223,train
197971,train
175936,train
178638,train
206716,train
187697,train
221802,train
185785,train
176043,train
206317,train
194714,train
176716,train
96379,train
202181,train
166873,train
188806,train
220494,train
210572,train
198175,train
204771,train
209978,train
205645,train
221768,train
173465,train
181784,train
193939,train
191381,train
222826,train
119044,train
197886,train
214626,train
222044,train
195085,train
201474,train
122134,train
175059,train
182152,train
200926,train
219434,train
223965,train
188830,train
200868,train
120497,train
175666,train
181842,train
184364,train
185700,train
221880,train
175087,train
137334,train
122355,train
186914,train
201565,train
126767,train
174241,train
189601,train
176407,train
189790,train
217861,train
194001,train
198439,train
189704,train
122995,train
183295,train
118633,train
219961,train
179920,train
201311,train
88433,train
183804,train
200215,train
209140,train
204920,train
179986,train
203435,train
178857,train
192634,train
192262,train
219000,train
178455,train
221130,train
188907,train
146388,train
202734,train
181022,train
166924,train
202211,train
187507,train
176387,train
221961,train
227342,train
195852,train
138103,train
93523,train
225837,train
199130,train
195250,train
200405,train
123172,train
206794,train
193669,train
185698,train
176519,train
183683,train
179756,train
205766,train
203292,train
197894,train
199572,train
179209,train
170143,train
222547,train
127093,train
219432,train
177422,train
225529,train
190028,train
227668,train
178503,train
208686,train
118737,train
180773,train
177557,train
140109,train
215254,train
205055,train
222680,train
180431,train
223735,train
120560,train
180208,train
181018,train
218381,train
222106,train
216787,train
171757,train
222042,train
222783,train
171948,train
174478,train
182192,train
123741,train
153053,train
137023,train
214643,train
227538,train
185655,train
219070,train
187364,train
180365,train
138799,train
227344,train
219678,train
185841,train
198828,train
211360,train
186052,train
220182,train
186939,train
180871,train
204581,train
216561,train
174091,train
200983,train
172929,train
180697,train
171367,train
206546,train
183188,train
176428,train
183671,train
224694,train
221953,train
180029,train
185074,train
187668,train
209620,train
137300,train
220097,train
205598,train
220532,train
178645,train
129280,train
184784,train
176887,train
177725,train
166865,train
173287,train
202075,train
173765,train
221126,train
220457,train
206784,train
221466,train
223024,train
126887,train
192788,train
199138,train
175709,train
169777,train
201539,train
137338,train
183640,train
173154,train
179919,train
136815,train
185509,train
222221,train
202068,train
194130,train
208958,train
171773,train
206569,train
182378,train
224468,train
221520,train
125161,train
189009,train
168180,train
212255,train
169939,train
195476,train
145258,train
182961,train
209311,train
176335,train
204987,train
218605,train
214454,train
227093,train
183981,train
146725,train
206748,train
220838,train
180291,train
179106,train
189007,train
199651,train
180543,train
226058,train
171898,train
200132,train
195409,train
224650,train
131279,train
186516,train
207910,train
179536,train
182652,train
212298,train
225555,train
178794,train
220527,train
178439,train
201554,train
126455,train
205469,train
184039,train
177732,train
122867,train
183348,train
136373,train
194729,train
189998,train
199758,train
190951,train
202671,train
221728,train
203454,train
224190,train
186829,train
190318,train
182414,train
182478,train
207453,train
211441,train
200000,train
176807,train
190131,train
198766,train
224220,train
201313,train
219114,train
181213,train
227746,train
211814,train
189361,train
222311,train
189969,train
215532,train
219493,train
178696,train
175437,train
205057,train
195907,train
176588,train
179546,train
179449,train
187403,train
190667,train
174869,train
225531,train
213000,train
175919,train
186435,train
192007,train
176916,train
219010,train
180600,train
207686,train
190300,train
174116,train
188845,train
183432,train
173117,train
227019,train
190148,train
205818,train
212474,train
174880,train
190929,train
190457,train
199364,train
182669,train
195567,train
118626,train
188130,train
175497,train
126784,train
204838,train
123441,train
201355,train
217770,train
186488,train
188881,train
179689,train
187804,train
128298,train
188880,train
203542,train
131025,train
142636,train
185816,train
226022,train
188012,train
182146,train
183409,train
168179,train
193083,train
223048,train
223549,train
177292,train
194174,train
204913,train
205783,train
210622,train
223145,train
204037,train
174120,train
171546,train
223880,train
195854,train
172768,train
207375,train
208961,train
181819,train
221809,train
200424,train
193011,train
221540,train
168203,train
194679,train
221797,train
224687,train
222759,train
172480,train
178393,train
224356,train
224055,train
203486,train
181981,train
180767,train
183433,train
173588,train
172934,train
173131,train
220844,train
178967,train
177667,train
180694,train
211358,train
179866,train
187370,train
184294,train
177491,train
174336,train
193218,train
175763,train
182912,train
176460,train
105656,train
178390,train
220041,train
198574,train
181999,train
182013,train
223940,train
84060,train
172045,train
175806,train
123671,train
177036,train
186442,train
175642,train
225967,train
222344,train
134327,train
192786,train
178473,train
190651,train
119281,train
179018,train
213672,train
192045,train
131124,train
214701,train
189583,train
198676,train
207942,train
226418,train
224029,train
187262,train
207801,train
222627,train
227455,train
220383,train
186875,train
198473,train
222276,train
209711,train
176371,train
127277,train
119353,train
197084,train
203214,train
209300,train
204608,train
172532,train
190765,train
137958,train
168157,train
192735,train
203628,train
222400,train
189934,train
196634,train
185412,train
174601,train
203416,train
182846,train
199667,train
223778,train
198770,train
215230,train
174485,train
178546,train
183977,train
181216,train
125006,train
209689,train
191658,train
176906,train
211658,train
140023,train
181997,train
117956,train
189102,train
220508,train
199655,train
201541,train
224132,train
223867,train
223313,train
191158,train
175058,train
102036,train
183362,train
184177,train
199780,train
193588,train
205002,train
175023,train
201966,train
180739,train
186876,train
197953,train
195544,train
185890,train
182356,train
190759,train
218735,train
221385,train
180249,train
176872,train
214641,train
167347,train
127303,train
189369,train
210811,train
186377,train
222498,train
188796,train
185607,train
195243,train
186500,train
188205,train
176874,train
221997,train
174487,train
199741,train
175341,train
121435,train
185527,train
224518,train
177231,train
189850,train
126153,train
219507,train
176136,train
181651,train
118488,train
182597,train
174817,train
221225,train
186347,train
224081,train
203070,train
225338,train
206483,train
186053,train
179745,train
220066,train
120129,train
186375,train
196489,train
185492,train
166872,train
201511,train
200908,train
226987,train
219588,train
177644,train
181945,train
187095,train
188304,train
216934,train
205763,train
186388,train
173264,train
196606,train
175677,train
175268,train
185479,train
202633,train
206379,train
227542,train
174079,train
207581,train
214459,train
98384,train
191168,train
187204,train
197976,train
186259,train
192984,train
190245,train
198591,train
188101,train
183607,train
202830,train
101950,train
181709,train
209180,train
177764,train
145400,train
180814,train
223522,train
192277,train
219371,train
182505,train
193008,train
195814,train
187807,train
196890,train
133588,train
221166,train
171543,train
177371,train
196101,train
205528,train
185510,train
122143,train
180561,train
175168,train
174871,train
188760,train
193022,train
212310,train
201891,train
194164,train
183699,train
194524,train
180954,train
127772,train
219240,train
223731,train
187003,train
197000,train
175211,train
218904,train
202407,train
225996,train
153671,train
128320,train
174725,train
194636,train
213668,train
200615,train
122464,train
223027,train
221011,train
184951,train
200174,train
197346,train
128813,train
201986,train
198578,train
224144,train
181397,train
177281,train
173124,train
179698,train
171840,train
177322,train
151989,train
184831,train
180537,train
191629,train
173149,train
201438,train
117637,train
182399,train
226260,train
117904,train
174307,train
209270,train
220730,train
195751,train
183569,train
210618,train
223779,train
200537,train
165995,train
122630,train
201607,train
221851,train
218095,train
137885,train
174185,train
221214,train
192510,train
179118,train
179851,train
222843,train
169136,train
203826,train
117823,train
225538,train
226787,train
214309,train
173855,train
176473,train
205547,train
159063,train
175466,train
175790,train
187593,train
195052,train
221117,train
227447,train
179610,train
221939,train
205917,train
146278,train
221575,train
182678,train
148037,train
137859,train
193472,train
200592,train
191383,train
223524,train
193759,train
195860,train
181279,train
172868,train
176771,train
201007,train
180001,train
193573,train
203473,train
167684,train
102076,train
127891,train
224035,train
222497,train
174606,train
209696,train
145381,train
196701,train
177820,train
227675,train
126218,train
171549,train
172368,train
183580,train
195116,train
184720,train
181526,train
178448,train
173823,train
194271,train
221260,train
184381,train
170990,train
142592,train
198377,train
222133,train
186867,train
177121,train
171134,train
193524,train
225116,train
196466,train
186767,train
194172,train
198184,train
220600,train
184917,train
214375,train
203461,train
175212,train
180855,train
178683,train
223584,train
186223,train
193044,train
223770,train
197105,train
224682,train
170978,train
168789,train
172017,train
122623,train
206560,train
224070,train
187895,train
189216,train
181832,train
125487,train
195832,train
133648,train
184528,train
127334,train
197759,train
192699,train
178800,train
171921,train
200206,train
197874,train
182444,train
187761,train
167895,train
175604,train
184715,train
179593,train
175114,train
186273,train
201168,train
222345,train
126587,train
118580,train
225177,train
200222,train
220553,train
218589,train
224275,train
205728,train
175615,train
140061,train
197323,train
176003,train
185734,train
183937,train
188766,train
211516,train
189190,train
179872,train
183019,train
225060,train
177358,train
179622,train
224609,train
207684,train
215008,train
186485,train
195851,train
184610,train
196642,train
182599,train
171349,train
126216,train
198948,train
180761,train
182259,train
199699,train
221517,train
205390,train
183252,train
124876,train
171866,train
172940,train
199449,train
213219,train
221266,train
205476,train
222940,train
194645,train
176331,train
199743,train
187828,train
186657,train
172201,train
202100,train
123689,train
172010,train
167893,train
199871,train
195282,train
193710,train
206114,train
182339,train
171717,train
167697,train
206121,train
178780,train
205553,train
140071,train
180961,train
197543,train
186387,train
181673,train
181592,train
173118,train
182708,train
179135,train
180857,train
204571,train
119478,train
120278,train
206581,train
192385,train
223740,train
212078,train
119601,train
203506,train
188757,train
191638,train
193608,train
174294,train
178763,train
223509,train
223811,train
138765,train
189430,train
123152,train
221580,train
197545,train
174794,train
204808,train
183403,train
224047,train
118457,train
188972,train
182303,train
121534,train
225995,train
224211,train
192123,train
172203,train
222277,train
180665,train
173721,train
204960,train
196064,train
185799,train
182626,train
224130,train
171775,train
177681,train
102832,train
222116,train
200552,train
222662,train
206540,train
212719,train
202161,train
194146,train
193312,train
172438,train
198044,train
223772,train
195824,train
195831,train
175153,train
188146,train
223641,train
180542,train
200084,train
179119,train
179067,train
227361,train
122132,train
195307,train
209239,train
200129,train
221178,train
221294,train
190592,train
185422,train
146566,train
149804,train
105456,train
194154,train
182699,train
205487,train
178481,train
187887,train
105851,train
143337,train
206401,train
219492,train
184355,train
171975,train
181761,train
176307,train
221147,train
174378,train
119342,train
176927,train
177462,train
223828,train
223704,train
180523,train
204032,train
226743,train
209266,train
189121,train
185205,train
149563,train
175070,train
182005,train
193603,train
211938,train
169177,train
184972,train
202477,train
187368,train
172074,train
209536,train
182388,train
179233,train
201667,train
181703,train
219972,train
174696,train
224675,train
227010,train
187853,train
179631,train
182992,train
176845,train
195821,train
227118,train
187675,train
178733,train
177772,train
182233,train
205907,train
197344,train
203700,train
221316,train
199322,train
184600,train
205584,train
181367,train
177483,train
227747,train
173783,train
184136,train
102127,train
191234,train
212668,train
168192,train
193695,train
221644,train
182675,train
198428,train
177665,train
181136,train
221856,train
194046,train
145321,train
175708,train
220694,train
214624,train
175531,train
194806,train
205385,train
189467,train
178949,train
224169,train
172369,train
92806,train
183081,train
179611,train
222443,train
221986,train
185343,train
224176,train
175179,train
174218,train
181905,train
105464,train
203469,train
181710,train
212031,train
171951,train
186369,train
211981,train
206947,train
193601,train
176157,train
183309,train
180733,train
228051,train
108392,train
202079,train
146053,train
189254,train
169093,train
201458,train
219841,train
179666,train
222138,train
185257,train
176187,train
184679,train
214883,train
180706,train
203262,train
201983,train
225109,train
127668,train
181695,train
222669,train
203293,train
168536,train
221019,train
195782,train
208487,train
184592,train
119440,train
209120,train
181241,train
178568,train
224766,train
122869,train
190535,train
220559,train
171976,train
181335,train
210783,train
179543,train
118479,train
227207,train
118432,train
169144,train
167329,train
184391,train
193425,train
223074,train
152144,train
169176,train
223082,train
189427,train
180939,train
184841,train
173258,train
178921,train
202669,train
203562,train
222181,train
172663,train
179852,train
206130,train
204829,train
176156,train
205561,train
220160,train
222913,train
222150,train
171400,train
193619,train
173274,train
200688,train
201181,train
183969,train
189303,train
176217,train
223152,train
199846,train
226180,train
197724,train
197739,train
148494,train
177870,train
175081,train
152990,train
220819,train
182747,train
223755,train
190066,train
223471,train
203093,train
176226,train
121241,train
137267,train
190925,train
225341,train
178989,train
223959,train
177561,train
214696,train
220276,train
195285,train
190401,train
192702,train
110516,train
133684,train
180352,train
198500,train
176192,train
189489,train
189217,train
179407,train
197841,train
212355,train
80145,train
120334,train
137413,train
147322,train
221729,train
227123,train
182620,train
168902,train
186512,train
195568,train
187402,train
183996,train
174479,train
192012,train
213064,train
208265,train
221429,train
188437,train
184276,train
223459,train
172964,train
189017,train
144217,train
170177,train
187598,train
177323,train
186058,train
172039,train
201669,train
227079,train
198608,train
207921,train
207615,train
181834,train
196891,train
216415,train
204703,train
186101,train
174022,train
122987,train
174782,train
172232,train
192367,train
186029,train
179994,train
168217,train
206666,train
190261,train
172864,train
185806,train
175339,train
183971,train
222357,train
203588,train
220729,train
222563,train
186433,train
224778,train
221923,train
187897,train
122760,train
118618,train
224621,train
175810,train
201392,train
143020,train
93776,train
178557,train
227300,train
189823,train
120369,train
220636,train
199663,train
213653,train
127324,train
182544,train
183314,train
221483,train
195533,train
176597,train
214431,train
174375,train
182834,train
203409,train
172525,train
195019,train
201342,train
199370,train
211525,train
175866,train
209273,train
171902,train
215060,train
179388,train
225016,train
123929,train
177651,train
181675,train
119334,train
126052,train
185242,train
227654,train
204989,train
223597,train
202142,train
126213,train
193145,train
227107,train
137301,train
193689,train
177486,train
178111,train
219790,train
215058,train
127942,train
184989,train
179760,train
202401,train
167889,train
178694,train
186302,train
178414,train
179073,train
213477,train
199042,train
172318,train
134428,train
189011,train
211734,train
219162,train
119973,train
221397,train
205875,train
185544,train
218950,train
219461,train
200355,train
174403,train
203815,train
174783,train
221821,train
219887,train
184588,train
203188,train
223368,train
172755,train
172171,train
194039,train
200187,train
227038,train
176202,train
153007,train
222253,train
207927,train
52535,train
146771,train
176754,train
179307,train
184933,train
180658,train
202329,train
187208,train
192810,train
177862,train
177645,train
227096,train
224618,train
223358,train
125380,train
220390,train
100027,train
224222,train
182326,train
176326,train
223119,train
176319,train
221995,train
188974,train
201836,train
155029,train
172750,train
212252,train
208692,train
120315,train
127723,train
125728,train
122657,train
179734,train
176058,train
218953,train
176537,train
183615,train
222571,train
177876,train
215767,train
176168,train
175126,train
224337,train
145407,train
192445,train
190332,train
188159,train
206770,train
206595,train
192600,train
222350,train
169531,train
185235,train
184662,train
181681,train
226325,train
182403,train
181724,train
177544,train
106127,train
175924,train
176352,train
200311,train
188115,train
179626,train
173244,train
218974,train
219061,train
222481,train
125564,train
222152,train
207575,train
219820,train
183935,train
126005,train
187097,train
218907,train
124078,train
181210,train
180385,train
181235,train
222175,train
176734,train
171088,train
186074,train
112092,train
220766,train
181622,train
186526,train
223418,train
186068,train
126333,train
186467,train
201143,train
179571,train
172226,train
204664,train
180491,train
182625,train
122792,train
175733,train
185292,train
150768,train
200427,train
182549,train
196881,train
178863,train
224048,train
84039,train
183229,train
187264,train
213217,train
220408,train
200460,train
180402,train
191157,train
224567,train
127997,train
180647,train
181843,train
100563,train
184184,train
186550,train
180813,train
186364,train
123271,train
121346,train
187108,train
201720,train
221089,train
200473,train
181300,train
222829,train
182640,train
197888,train
221515,train
177050,train
189141,train
119401,train
125676,train
199259,train
224252,train
221707,train
225952,train
226757,train
204610,train
207685,train
227686,train
126078,train
183547,train
140110,train
201325,train
169667,train
184300,train
196828,train
188249,train
202004,train
192719,train
210369,train
184697,train
224580,train
200664,train
204926,train
188807,train
223424,train
222016,train
188113,train
184812,train
203823,train
186869,train
93673,train
194766,train
187604,train
119370,train
199536,train
178802,train
207106,train
209932,train
194717,train
187395,train
174766,train
125985,train
206547,train
193302,train
184975,train
222160,train
223698,train
190177,train
224674,train
128819,train
200590,train
197402,train
217823,train
179020,train
109617,train
185661,train
221979,train
194910,train
222324,train
194098,train
199703,train
176979,train
220576,train
222477,train
226656,train
179260,train
142420,train
203773,train
174072,train
116243,train
122830,train
179082,train
124785,train
219575,train
203122,train
196576,train
193365,train
194711,train
96366,train
173031,train
171923,train
176324,train
182577,train
186395,train
221640,train
174490,train
179693,train
198818,train
148369,train
177758,train
179767,train
129850,train
121543,train
96822,train
186327,train
181639,train
184285,train
208742,train
151662,train
177826,train
219370,train
173389,train
179629,train
223739,train
208170,train
188031,train
199700,train
192414,train
134649,train
225050,train
171851,train
225290,train
227374,train
182865,train
126219,train
173335,train
185430,train
204793,train
184800,train
175169,train
196840,train
171575,train
127283,train
131040,train
222366,train
197272,train
202516,train
176494,train
175729,train
195017,train
208517,train
180230,train
176457,train
173933,train
209638,train
170956,train
176016,train
206480,train
185515,train
223183,train
215599,train
222973,train
203237,train
181348,train
122014,train
179056,train
195104,train
209633,train
177866,train
227100,train
209937,train
178419,train
172000,train
205388,train
120949,train
182404,train
222963,train
198381,train
214636,train
198342,train
180520,train
219451,train
227875,train
212296,train
181233,train
200198,train
224704,train
185885,train
194909,train
188405,train
223468,train
224239,train
197930,train
122352,train
183408,train
222894,train
171965,train
199584,train
227329,train
223695,train
145306,train
214698,train
208637,train
176624,train
176831,train
134765,train
180471,train
194728,train
203735,train
179102,train
202815,train
173838,train
174060,train
188143,train
182103,train
190353,train
200025,train
207853,train
187831,train
185360,train
181736,train
196507,train
220213,train
222770,train
225806,train
173947,train
180143,train
185791,train
180115,train
168181,train
180110,train
203537,train
212007,train
190204,train
121436,train
185314,train
175282,train
224236,train
183983,train
220774,train
198411,train
184787,train
172769,train
127306,train
181525,train
202702,train
211657,train
211556,train
171784,train
189429,train
171949,train
186645,train
188077,train
186276,train
226482,train
177812,train
183623,train
179927,train
123687,train
167701,train
189150,train
139873,train
222227,train
176419,train
131789,train
222893,train
200587,train
200018,train
181858,train
165924,train
179244,train
127722,train
210248,train
182546,train
173324,train
222583,train
173318,train
185162,train
177865,train
193328,train
219250,train
173058,train
131278,train
173506,train
140946,train
178108,train
186028,train
202898,train
217908,train
184390,train
93515,train
186642,train
208552,train
201367,train
184674,train
174150,train
118617,train
128307,train
178710,train
187842,train
226985,train
190660,train
205448,train
122041,train
169752,train
219152,train
197134,train
192799,train
204842,train
193489,train
181132,train
184765,train
225212,train
202089,train
197905,train
179494,train
226641,train
199088,train
125877,train
204611,train
188977,train
184973,train
172475,train
183954,train
188328,train
199528,train
92767,train
169597,train
186538,train
175877,train
173941,train
196862,train
201065,train
126040,train
199751,train
182605,train
171196,train
196235,train
197932,train
214956,train
136967,train
184458,train
221845,train
177896,train
224505,train
196914,train
201622,train
223021,train
103644,train
101945,train
188961,train
94129,train
178614,train
120330,train
190769,train
183156,train
181635,train
172422,train
190222,train
207807,train
207713,train
181215,train
189740,train
183906,train
174954,train
169245,train
101908,train
195118,train
196926,train
192574,train
172763,train
225842,train
181119,train
212213,train
175870,train
227547,train
185603,train
168348,train
222295,train
210531,train
224311,train
183354,train
198201,train
206195,train
179766,train
193394,train
135019,train
191723,train
223530,train
184129,train
188041,train
145373,train
125028,train
180515,train
195843,train
175565,train
178958,train
186363,train
173902,train
181727,train
220415,train
175715,train
175854,train
181371,train
213658,train
175470,train
184737,train
177340,train
222478,train
192399,train
181166,train
199934,train
226647,train
215009,train
186979,train
125887,train
178722,train
136970,train
196800,train
208296,train
215059,train
227643,train
215887,train
180741,train
221788,train
134656,train
172898,train
146401,train
221878,train
142489,train
220618,train
219339,train
203380,train
170989,train
174598,train
174984,train
187851,train
212327,train
183313,train
219514,train
203248,train
178840,train
180751,train
96948,train
119915,train
127520,train
180930,train
176634,train
225815,train
122009,train
123009,train
218517,train
195422,train
178482,train
105674,train
92780,train
206598,train
220839,train
190619,train
198285,train
118427,train
220323,train
221925,train
203597,train
183964,train
172872,train
224134,train
222134,train
224642,train
219504,train
122285,train
180439,train
221706,train
196918,train
172165,train
220872,train
186291,train
138176,train
176569,train
188837,train
181030,train
193565,train
207825,train
196982,train
129993,train
176976,train
174147,train
144970,train
169809,train
171908,train
224148,train
203150,train
177335,train
176432,train
121940,train
175864,train
209420,train
174101,train
184909,train
189992,train
121240,train
170127,train
212003,train
217224,train
175551,train
121553,train
152995,train
205437,train
199177,train
224480,train
196648,train
192648,train
199034,train
198979,train
190507,train
119368,train
176776,train
197020,train
183301,train
127543,train
195838,train
211740,train
188541,train
223171,train
199622,train
198049,train
214421,train
221455,train
193347,train
207470,train
198594,train
223645,train
219072,train
199171,train
171121,train
125053,train
169355,train
224414,train
189543,train
190963,train
122137,train
182659,train
220407,train
176993,train
192560,train
185440,train
188826,train
174514,train
221241,train
198514,train
188218,train
173024,train
223498,train
181145,train
198813,train
175419,train
174981,train
174881,train
212075,train
174441,train
126002,train
125433,train
223064,train
220924,train
143942,train
184834,train
183753,train
183605,train
176248,train
131128,train
226589,train
196488,train
197882,train
200297,train
178558,train
206458,train
126337,train
179862,train
177833,train
178555,train
137987,train
100585,train
180732,train
205403,train
172414,train
226375,train
200146,train
209145,train
172509,train
193502,train
189143,train
172274,train
177357,train
179625,train
175338,train
200429,train
176164,train
95959,train
222830,train
190580,train
208099,train
175930,train
205516,train
182543,train
189320,train
200172,train
206175,train
193420,train
185373,train
192688,train
181269,train
195796,train
207109,train
187111,train
177212,train
207558,train
175644,train
193479,train
202768,train
195185,train
205908,train
166887,train
120527,train
183909,train
193848,train
202163,train
223506,train
187976,train
211294,train
224517,train
209207,train
172195,train
210779,train
219024,train
223420,train
218726,train
197990,train
192060,train
201009,train
126145,train
222205,train
125586,train
221783,train
227606,train
181571,train
194139,train
177875,train
200894,train
196815,train
126227,train
176657,train
225864,train
178572,train
179586,train
199681,train
117862,train
206722,train
176281,train
227467,train
177476,train
119739,train
174811,train
187102,train
133686,train
178745,train
193344,train
138096,train
151626,train
182023,train
228145,train
127098,train
190681,train
195007,train
182034,train
192872,train
167343,train
223675,train
150320,train
214355,train
121929,train
200439,train
198878,train
211619,train
121361,train
125012,train
211776,train
198526,train
182106,train
223697,train
126329,train
176227,train
175011,train
220458,train
185202,train
188366,train
224352,train
199234,train
176101,train
196859,train
205874,train
204716,train
182376,train
226726,train
175783,train
187063,train
196990,train
176336,train
222036,train
125566,train
201373,train
199489,train
202444,train
195559,train
133669,train
196107,train
173578,train
202008,train
169119,train
181336,train
121624,train
188040,train
171852,train
203119,train
181817,train
190690,train
208194,train
184433,train
184766,train
172827,train
180690,train
179023,train
200499,train
96448,train
195925,train
182839,train
219239,train
182467,train
190767,train
203151,train
150922,train
186322,train
127335,train
131275,train
180273,train
120301,train
189723,train
198361,train
179218,train
201984,train
170983,train
165984,train
180550,train
198224,train
181671,train
200470,train
213037,train
221551,train
199148,train
200748,train
184914,train
183619,train
221876,train
185404,train
196573,train
189564,train
182327,train
137307,train
127514,train
196927,train
224590,train
209863,train
96970,train
202018,train
174012,train
100652,train
185143,train
188759,train
225019,train
185804,train
184681,train
180845,train
222880,train
190328,train
212928,train
226416,train
183135,train
188121,train
214964,train
166941,train
222928,train
184707,train
211846,train
225945,train
210576,train
184881,train
130778,train
207100,train
187832,train
202045,train
192690,train
179117,train
191148,train
136907,train
182516,train
195546,train
198465,train
206400,train
179600,train
187051,train
183628,train
227094,train
209635,train
205778,train
213634,train
222933,train
223586,train
214732,train
190120,train
207852,train
184618,train
177889,train
201577,train
138974,train
202514,train
170309,train
182200,train
125504,train
218778,train
120008,train
180391,train
191235,train
225657,train
221249,train
172553,train
124795,train
123283,train
222757,train
214389,train
186980,train
218741,train
177436,train
182700,train
202831,train
203546,train
222057,train
174369,train
173603,train
181109,train
193719,train
222846,train
227525,train
226315,train
184828,train
219249,train
188091,train
183420,train
144177,train
176237,train
222635,train
173916,train
174153,train
194527,train
145415,train
224207,train
125845,train
206593,train
184366,train
207276,train
223115,train
153008,train
208092,train
224227,train
191965,train
184342,train
182661,train
193994,train
200432,train
221879,train
172648,train
201908,train
167841,train
222061,train
119618,train
186297,train
211854,train
121348,train
212572,train
194832,train
165891,train
227486,train
216535,train
209876,train
168909,train
180494,train
172564,train
117935,train
179685,train
176203,train
94900,train
189309,train
195323,train
179387,train
173744,train
202233,train
199330,train
193119,train
212017,train
186032,train
177480,train
204715,train
206734,train
171629,train
222207,train
201292,train
224773,train
123279,train
173915,train
175270,train
223639,train
193000,train
211454,train
175174,train
123173,train
183946,train
173724,train
224679,train
179548,train
204692,train
219693,train
192880,train
195770,train
172276,train
180755,train
211666,train
121970,train
145454,train
225541,train
211443,train
218774,train
227230,train
180086,train
180376,train
181543,train
199596,train
217802,train
173394,train
172970,train
200458,train
200555,train
195418,train
174565,train
211649,train
199254,train
185739,train
175042,train
175774,train
182758,train
185490,train
205770,train
176834,train
202456,train
226937,train
183318,train
176160,train
221401,train
180418,train
176346,train
172855,train
144982,train
182028,train
204803,train
200999,train
180949,train
171971,train
177330,train
175358,train
119594,train
192968,train
118615,train
180710,train
155771,train
120303,train
181733,train
178686,train
183745,train
175472,train
184205,train
218459,train
222142,train
105616,train
221970,train
174315,train
130479,train
193534,train
195087,train
200133,train
225114,train
120486,train
200822,train
179085,train
219783,train
192912,train
220046,train
176687,train
205632,train
174531,train
203520,train
188219,train
182035,train
215780,train
176665,train
122822,train
176228,train
226783,train
176504,train
214960,train
176584,train
187823,train
227355,train
176722,train
224970,train
175064,train
198703,train
186004,train
137317,train
225008,train
173778,train
186843,train
207585,train
196717,train
181343,train
197936,train
198406,train
195018,train
221779,train
186225,train
189903,train
180772,train
183429,train
221406,train
183892,train
206630,train
131274,train
196659,train
187273,train
148274,train
174527,train
182395,train
181044,train
227368,train
185736,train
178552,train
185025,train
205606,train
200646,train
177750,train
190314,train
197282,train
194044,train
99609,train
148271,train
176415,train
178356,train
190378,train
188889,train
174451,train
193006,train
191993,train
173609,train
183233,train
175989,train
193463,train
201460,train
181764,train
155203,train
125007,train
174976,train
209412,train
219583,train
175239,train
210575,train
201569,train
201519,train
197704,train
194905,train
196521,train
184170,train
220836,train
205518,train
198814,train
194367,train
173763,train
131020,train
173840,train
184862,train
206378,train
179362,train
175717,train
211364,train
137342,train
172144,train
206505,train
195187,train
166084,train
173279,train
181080,train
177748,train
190508,train
183136,train
188300,train
203443,train
223222,train
197278,train
220833,train
201659,train
227270,train
194644,train
195121,train
131045,train
165929,train
206242,train
175117,train
138142,train
212539,train
221888,train
222043,train
203832,train
173479,train
191497,train
175601,train
191165,train
206720,train
167891,train
194749,train
152064,train
195009,train
225402,train
201555,train
226834,train
176723,train
193877,train
189470,train
208835,train
155465,train
178113,train
180109,train
184958,train
208415,train
130714,train
206591,train
177892,train
126761,train
92718,train
174421,train
183646,train
187881,train
121848,train
206597,train
212531,train
195630,train
128317,train
203418,train
176904,train
194725,train
137087,train
186430,train
207456,train
190312,train
224625,train
172397,train
202084,train
185419,train
189278,train
189783,train
199678,train
187371,train
227714,train
100578,train
211248,train
207779,train
177548,train
173782,train
131743,train
184799,train
175991,train
220282,train
178580,train
173104,train
178600,train
204635,train
172430,train
177760,train
217827,train
172792,train
223576,train
117896,train
215010,train
192304,train
184365,train
189628,train
184319,train
171539,train
176204,train
192598,train
174726,train
220629,train
190048,train
178191,train
221212,train
191525,train
221666,train
186814,train
179741,train
130001,train
180010,train
182617,train
187508,train
193932,train
178975,train
176391,train
223579,train
123008,train
185556,train
187101,train
193977,train
223104,train
186286,train
186893,train
188700,train
182059,train
131293,train
179934,train
199074,train
219591,train
211372,train
201358,train
185476,train
179401,train
121526,train
227527,train
182702,train
185417,train
222256,train
179321,train
196609,train
180759,train
196884,train
176849,train
200993,train
176148,train
197948,train
171905,train
181167,train
193346,train
177815,train
220131,train
219775,train
196643,train
184131,train
193110,train
192300,train
185502,train
194724,train
183887,train
172513,train
178582,train
133722,train
175640,train
176847,train
183950,train
202266,train
220396,train
181529,train
183357,train
93608,train
221258,train
96836,train
184677,train
226714,train
177521,train
177819,train
221269,train
214536,train
178480,train
178755,train
200137,train
197292,train
188318,train
185696,train
201528,train
124648,train
185610,train
203831,train
205587,train
220359,train
195289,train
179763,train
225997,train
184904,train
184983,train
183674,train
184299,train
127545,train
202498,train
166858,train
174692,train
172419,train
201926,train
198808,train
184046,train
120473,train
219557,train
198221,train
211554,train
181243,train
179987,train
124750,train
180735,train
190214,train
187349,train
221978,train
186306,train
131277,train
188157,train
211382,train
175720,train
199680,train
125432,train
210425,train
221508,train
203260,train
199412,train
183787,train
223036,train
92763,train
187237,train
197141,train
184132,train
222273,train
181163,train
181090,train
221479,train
196554,train
195786,train
226763,train
124885,train
189107,train
203137,train
217638,train
176119,train
219734,train
180039,train
140112,train
203098,train
181659,train
222157,train
146465,train
220161,train
186947,train
194831,train
188215,train
185200,train
207858,train
185408,train
177294,train
224498,train
222525,train
177745,train
128251,train
178950,train
224459,train
182132,train
221863,train
203467,train
195161,train
183651,train
195101,train
197187,train
175314,train
183573,train
190962,train
177579,train
209476,train
221267,train
177152,train
181350,train
179951,train
222852,train
174549,train
200614,train
211456,train
188033,train
185142,train
203697,train
174699,train
223369,train
206767,train
181984,train
181488,train
184778,train
177153,train
185826,train
207800,train
194634,train
205597,train
171577,train
176012,train
171753,train
137516,train
187286,train
202452,train
197404,train
199339,train
200142,train
179694,train
93580,train
202298,train
185374,train
206128,train
206752,train
176262,train
195000,train
172851,train
188834,train
126766,train
221648,train
204054,train
208655,train
174835,train
182917,train
120748,train
204591,train
168757,train
175044,train
173304,train
201469,train
127578,train
218990,train
221930,train
174672,train
122889,train
181158,train
195059,train
179248,train
174033,train
183710,train
202814,train
220797,train
225935,train
221539,train
202751,train
221382,train
225024,train
173706,train
193652,train
196465,train
209054,train
199379,train
219179,train
201191,train
188791,train
223680,train
224561,train
195003,train
195021,train
183077,train
219880,train
179743,train
203470,train
182369,train
126079,train
174892,train
177539,train
174253,train
146467,train
214693,train
200947,train
97526,train
174558,train
101717,train
226156,train
185250,train
128804,train
203387,train
172608,train
170981,train
194079,train
199101,train
180142,train
179444,train
224161,train
205419,train
127325,train
187104,train
227313,train
199419,train
192745,train
193131,train
209537,train
179615,train
172548,train
170404,train
150765,train
89785,train
172758,train
146472,train
222914,train
221499,train
201189,train
176806,train
181669,train
185552,train
227888,train
174397,train
227848,train
207347,train
226977,train
218910,train
208546,train
191595,train
198210,train
180364,train
185148,train
183622,train
222085,train
193360,train
126347,train
222197,train
209793,train
175138,train
118438,train
197913,train
177276,train
181340,train
205394,train
176429,train
180877,train
191321,train
183288,train
212675,train
168170,train
171884,train
218490,train
200550,train
189203,train
212256,train
171317,train
172661,train
183947,train
198565,train
192879,train
224768,train
186834,train
185318,train
179551,train
222966,train
136918,train
220722,train
192750,train
217815,train
220540,train
178627,train
120302,train
221364,train
188284,train
202586,train
203632,train
221279,train
191291,train
185578,train
153243,train
199978,train
201214,train
190243,train
226678,train
174644,train
185189,train
188797,train
174310,train
175673,train
175831,train
166896,train
169297,train
198432,train
221558,train
178628,train
171563,train
177664,train
201561,train
173661,train
202506,train
186496,train
128065,train
192382,train
175310,train
145405,train
176293,train
223229,train
175272,train
171113,train
222191,train
226786,train
212890,train
203298,train
221293,train
195320,train
196930,train
205081,train
209856,train
182600,train
197238,train
185999,train
173296,train
158056,train
181880,train
183444,train
183245,train
223587,train
195929,train
125234,train
219015,train
208198,train
225993,train
219548,train
137101,train
203275,train
202731,train
180832,train
208553,train
175759,train
120298,train
200166,train
146602,train
183942,train
223355,train
212251,train
223602,train
181958,train
189717,train
179484,train
118442,train
133583,train
101699,train
146409,train
202072,train
220435,train
92769,train
173021,train
198829,train
227739,train
220460,train
175326,train
178292,train
224583,train
174928,train
120470,train
193356,train
178543,train
185403,train
202823,train
188892,train
189367,train
224913,train
190256,train
173038,train
190349,train
176614,train
166264,train
200408,train
219692,train
203289,train
196856,train
185344,train
186859,train
175932,train
223930,train
184794,train
190755,train
222240,train
202448,train
196931,train
176046,train
216064,train
200414,train
225137,train
219881,train
205777,train
133270,train
202289,train
174422,train
196109,train
175527,train
220731,train
222426,train
223699,train
118682,train
221825,train
227372,train
180963,train
175681,train
201675,train
186984,train
117943,train
220921,train
121360,train
120674,train
220374,train
227277,train
171934,train
174457,train
182104,train
173512,train
183836,train
211652,train
222250,train
199692,train
211451,train
175637,train
189226,train
228181,train
184947,train
207567,train
126090,train
177493,train
188560,train
222739,train
219889,train
173516,train
133698,train
183706,train
172238,train
222143,train
220723,train
193358,train
118634,train
127138,train
207673,train
192286,train
221273,train
222566,train
169166,train
189492,train
185995,train
172408,train
177041,train
131276,train
198456,train
213630,train
197457,train
223211,train
192629,train
203406,train
175400,train
174665,train
186399,train
196104,train
187006,train
218133,train
186547,train
199434,train
222176,train
197202,train
205517,train
190313,train
211647,train
181867,train
179224,train
194702,train
197694,train
203375,train
130989,train
223821,train
177796,train
174743,train
92746,train
166890,train
178154,train
198629,train
174689,train
194068,train
210822,train
200901,train
150835,train
223350,train
175707,train
172433,train
127572,train
171972,train
174068,train
127114,train
203622,train
181468,train
206484,train
183000,train
150899,train
223883,train
224228,train
188588,train
223045,train
181240,train
195430,train
172671,train
199556,train
173780,train
198246,train
184751,train
175122,train
93795,train
126158,train
176706,train
205877,train
222926,train
208086,train
225950,train
196463,train
183886,train
150757,train
193403,train
166606,train
175962,train
166605,train
125026,train
189865,train
184516,train
197107,train
210854,train
219508,train
80161,train
197464,train
211130,train
191586,train
172560,train
175249,train
208666,train
129987,train
172986,train
212113,train
201091,train
182712,train
199986,train
195177,train
223928,train
196358,train
203460,train
186845,train
209151,train
184757,train
195719,train
222465,train
198589,train
174778,train
171899,train
172600,train
182808,train
179782,train
195853,train
180655,train
121367,train
199516,train
175893,train
171748,train
177288,train
221230,train
172913,train
180521,train
201521,train
209181,train
205655,train
175713,train
198663,train
196917,train
187091,train
184682,train
181937,train
174826,train
222962,train
187241,train
184362,train
187567,train
225504,train
188072,train
220100,train
225547,train
205627,train
192105,train
203200,train
194921,train
185947,train
180804,train
194158,train
168175,train
199478,train
187667,train
169095,train
194727,train
195429,train
205651,train
181935,train
212801,train
200302,train
184962,train
204698,train
201492,train
185488,train
176390,train
186398,train
187758,train
185623,train
123439,train
169110,train
185692,train
187541,train
96983,train
180675,train
174810,train
145450,train
145408,train
198845,train
201278,train
198837,train
208711,train
125557,train
145317,train
185572,train
227092,train
125542,train
167333,train
188741,train
177542,train
171918,train
184054,train
220648,train
187595,train
177052,train
185566,train
182511,train
207173,train
189171,train
173926,train
200123,train
184939,train
227650,train
199362,train
103529,train
190492,train
218471,train
220665,train
185807,train
102088,train
208963,train
193595,train
177766,train
137033,train
178962,train
219601,train
207339,train
223853,train
219416,train
184767,train
181582,train
182612,train
186983,train
178993,train
177267,train
178615,train
173302,train
178705,train
175203,train
205560,train
174186,train
173050,train
186940,train
181728,train
196731,train
142646,train
171078,train
180049,train
179595,train
187840,train
177364,train
186816,train
175665,train
197674,train
193315,train
222766,train
93551,train
203672,train
202067,train
125705,train
189047,train
187417,train
128809,train
175572,train
137607,train
179772,train
219801,train
176304,train
182123,train
208656,train
188772,train
201668,train
197537,train
188714,train
174115,train
221127,train
175109,train
202428,train
202804,train
179937,train
175856,train
122997,train
196805,train
174636,train
174950,train
195005,train
199183,train
211515,train
212220,train
183668,train
193584,train
222868,train
209641,train
181217,train
182526,train
179367,train
122787,train
218614,train
212005,train
222845,train
179727,train
179769,train
184436,train
145457,train
194133,train
174607,train
220403,train
189761,train
191677,train
169125,train
197945,train
178486,train
183251,train
177888,train
205635,train
167710,train
174443,train
175559,train
179944,train
155292,train
187376,train
220279,train
173201,train
178281,train
130556,train
186902,train
134533,train
183277,train
173583,train
174803,train
186357,train
175229,train
176398,train
209858,train
202202,train
226249,train
125984,train
172552,train
196867,train
186877,train
220047,train
119147,train
220538,train
221552,train
173042,train
175636,train
182551,train
221989,train
212089,train
222447,train
218070,train
202279,train
209640,train
133697,train
202701,train
227012,train
198226,train
183337,train
168123,train
185565,train
150779,train
185103,train
180499,train
181654,train
212875,train
181678,train
181038,train
177497,train
183984,train
170987,train
201326,train
180328,train
203669,train
173135,train
202039,train
189916,train
175459,train
185290,train
176969,train
178483,train
217678,train
137343,train
201171,train
180122,train
214726,train
208535,train
196653,train
203780,train
180549,train
196425,train
202043,train
189597,train
182745,train
183250,train
213292,train
206514,train
224551,train
184976,train
182638,train
178729,train
221972,train
175645,train
188000,train
174680,train
197954,train
187044,train
194152,train
171316,train
221312,train
191986,train
224522,train
212804,train
187375,train
176243,train
186389,train
181135,train
183289,train
182060,train
221910,train
120575,train
212093,train
140285,train
220294,train
180076,train
183384,train
198720,train
209904,train
175954,train
203125,train
182402,train
178550,train
219517,train
224532,train
179764,train
141530,train
201308,train
195389,train
184376,train
224053,train
203525,train
183551,train
190069,train
122112,train
197098,train
195090,train
175219,train
94128,train
201439,train
171751,train
207576,train
186996,train
175590,train
223885,train
182515,train
178233,train
181551,train
219408,train
178259,train
185675,train
100572,train
101695,train
93711,train
211437,train
202189,train
190803,train
199611,train
208524,train
223028,train
168014,train
198369,train
181946,train
185674,train
227681,train
191264,train
174664,train
176349,train
184729,train
192363,train
171481,train
148269,train
212856,train
223150,train
176468,train
208581,train
189833,train
126327,train
191367,train
176295,train
169371,train
179080,train
199757,train
171897,train
210589,train
190801,train
124890,train
183894,train
200406,train
179363,train
182304,train
194617,train
168199,train
211774,train
219476,train
181770,train
219429,train
193539,train
213604,train
218489,train
219153,train
97517,train
139585,train
196587,train
133620,train
214630,train
177032,train
219036,train
189535,train
137983,train
209869,train
190784,train
179925,train
127904,train
220321,train
137038,train
118057,train
197333,train
221308,train
201514,train
183325,train
198247,train
181218,train
200973,train
171363,train
182672,train
185327,train
219730,train
206324,train
125886,train
216758,train
188724,train
227111,train
172028,train
227025,train
223869,train
203295,train
226553,train
202510,train
205726,train
209418,train
207218,train
221485,train
227552,train
200719,train
175789,train
93584,train
173750,train
184756,train
220262,train
181499,train
178931,train
175721,train
174271,train
209924,train
173510,train
171749,train
193361,train
225528,train
207757,train
175861,train
179381,train
193496,train
221896,train
180859,train
227656,train
199315,train
221718,train
175620,train
177596,train
176503,train
189015,train
177834,train
222576,train
203657,train
202078,train
176464,train
175690,train
175534,train
191611,train
141628,train
215290,train
200300,train
187347,train
208976,train
190761,train
188962,train
173509,train
224510,train
184293,train
181266,train
190756,train
180625,train
193598,train
183828,train
133575,train
180463,train
194733,train
196495,train
175018,train
208675,train
226205,train
175108,train
190142,train
174532,train
122989,train
209674,train
207448,train
173682,train
177775,train
182048,train
194495,train
182081,train
227663,train
177854,train
207928,train
182412,train
222025,train
97398,train
220113,train
197993,train
191688,train
181919,train
179717,train
172885,train
227252,train
195589,train
220387,train
200074,train
183227,train
201235,train
200863,train
197334,train
222505,train
171680,train
177906,train
190335,train
222953,train
197136,train
214745,train
166080,train
187266,train
202929,train
195245,train
150848,train
166826,train
195743,train
195169,train
122100,train
207274,train
198242,train
183734,train
174705,train
183210,train
102061,train
122488,train
124363,train
125808,train
171983,train
175105,train
190699,train
180623,train
146392,train
180585,train
176895,train
205853,train
152973,train
209982,train
120402,train
201486,train
173863,train
187072,train
145409,train
220107,train
181973,train
223728,train
203663,train
173298,train
191067,train
171761,train
219950,train
189016,train
222602,train
224292,train
173052,train
195754,train
222216,train
217940,train
136955,train
181873,train
221310,train
173680,train
122939,train
188825,train
211455,train
199428,train
222203,train
181907,train
136909,train
211452,train
222516,train
208123,train
143588,train
139357,train
192710,train
172389,train
196524,train
131294,train
183143,train
178707,train
121370,train
175344,train
224600,train
207476,train
134729,train
219519,train
199368,train
202854,train
174789,train
173230,train
97521,train
129493,train
219295,train
201480,train
169236,train
150592,train
187067,train
199566,train
182370,train
178246,train
179125,train
186644,train
217926,train
175102,train
105697,train
177520,train
208920,train
126077,train
208697,train
176932,train
192253,train
143483,train
175316,train
226397,train
177293,train
220040,train
193670,train
221708,train
222548,train
221439,train
205472,train
219456,train
190933,train
155774,train
206319,train
227305,train
206348,train
199073,train
176878,train
190370,train
211428,train
179744,train
178786,train
214725,train
200053,train
179236,train
222942,train
182447,train
178025,train
197234,train
179477,train
122855,train
202801,train
173270,train
219343,train
131141,train
207465,train
198410,train
180729,train
222445,train
184422,train
165979,train
179790,train
207354,train
204977,train
131143,train
206675,train
182167,train
176666,train
133622,train
224307,train
133624,train
218736,train
122261,train
228157,train
194628,train
197547,train
185550,train
190178,train
204656,train
181342,train
126000,train
187869,train
192098,train
172966,train
221025,train
184446,train
182472,train
193572,train
193113,train
174102,train
194719,train
209413,train
176378,train
187345,train
168136,train
222192,train
137141,train
118472,train
200117,train
181506,train
169289,train
179167,train
172372,train
189097,train
145471,train
198503,train
194126,train
172230,train
193555,train
184378,train
193398,train
138649,train
227399,train
179952,train
167351,train
209918,train
198340,train
207188,train
223221,train
198506,train
176014,train
208213,train
187522,train
188441,train
184891,train
205623,train
203543,train
173086,train
200805,train
176278,train
169090,train
176843,train
196248,train
174128,train
201025,train
208204,train
209704,train
186650,train
175584,train
206583,train
217490,train
221868,train
205427,train
201113,train
127667,train
220504,train
169183,train
186359,train
185778,train
182018,train
209126,train
175501,train
200902,train
225903,train
171978,train
190352,train
203645,train
181345,train
205637,train
222621,train
181411,train
179145,train
191971,train
120308,train
205873,train
176522,train
196637,train
224440,train
219304,train
143421,train
186660,train
207180,train
204841,train
196833,train
194147,train
195844,train
126161,train
137269,train
188449,train
220324,train
98752,train
171889,train
127316,train
226777,train
196242,train
182662,train
186463,train
178808,train
203515,train
181791,train
176412,train
176613,train
175963,train
211640,train
181099,train
96405,train
174663,train
203142,train
171580,train
191167,train
168158,train
183323,train
171097,train
200134,train
118558,train
224237,train
93517,train
188035,train
223995,train
199179,train
180085,train
203779,train
175684,train
207687,train
205886,train
145254,train
205650,train
172067,train
178995,train
173862,train
219096,train
179139,train
204970,train
173386,train
184075,train
188108,train
172380,train
208551,train
188455,train
193049,train
120744,train
208624,train
221780,train
222217,train
177807,train
137886,train
203507,train
184671,train
126167,train
133586,train
173875,train
223461,train
192033,train
192718,train
218484,train
127145,train
219034,train
199316,train
225964,train
195024,train
183221,train
212907,train
223690,train
179695,train
122056,train
120555,train
221021,train
97523,train
180101,train
223691,train
221945,train
212511,train
168678,train
174455,train
171781,train
189116,train
197392,train
208839,train
227560,train
202037,train
203187,train
179558,train
227715,train
177572,train
178217,train
223218,train
198286,train
201369,train
168129,train
197001,train
185141,train
120457,train
178827,train
211349,train
174467,train
205187,train
224040,train
208928,train
222088,train
169335,train
192509,train
172108,train
179928,train
189800,train
142587,train
172312,train
174398,train
172909,train
209057,train
180707,train
219401,train
171117,train
222916,train
222186,train
193852,train
180803,train
210568,train
187360,train
199768,train
189014,train
121926,train
181393,train
173577,train
131280,train
177238,train
190333,train
173226,train
102615,train
181556,train
225030,train
193392,train
196569,train
199749,train
194625,train
198212,train
179633,train
183976,train
196739,train
208101,train
174866,train
186928,train
179888,train
165989,train
123373,train
182875,train
174599,train
222622,train
168832,train
195183,train
207918,train
226733,train
187032,train
207215,train
221672,train
181667,train
201254,train
176057,train
192493,train
227373,train
220130,train
123287,train
205844,train
187621,train
204997,train
228195,train
178636,train
223637,train
175693,train
222444,train
218770,train
206845,train
188844,train
204708,train
201015,train
187007,train
221227,train
185178,train
174273,train
204705,train
184016,train
186896,train
138079,train
182333,train
183600,train
221020,train
193107,train
206715,train
185704,train
203183,train
227047,train
183023,train
185446,train
208075,train
221789,train
191699,train
181609,train
174846,train
167707,train
171964,train
181814,train
172445,train
200889,train
173722,train
219470,train
132085,train
227104,train
184363,train
176795,train
129890,train
176788,train
181542,train
219640,train
222647,train
180446,train
219390,train
202793,train
212299,train
190269,train
220709,train
184583,train
121925,train
118433,train
212029,train
175596,train
178050,train
174104,train
221226,train
183998,train
223696,train
219968,train
193707,train
176103,train
125211,train
190025,train
218754,train
194985,train
200967,train
198005,train
170998,train
193736,train
192441,train
97396,train
130773,train
197496,train
223624,train
168184,train
198471,train
176022,train
184952,train
182147,train
181886,train
192805,train
180641,train
175036,train
179783,train
189490,train
122350,train
197638,train
196271,train
219155,train
145453,train
173614,train
221721,train
172830,train
208651,train
181183,train
205732,train
221420,train
183908,train
192547,train
136537,train
177302,train
194253,train
118385,train
177761,train
221518,train
136965,train
196051,train
187947,train
195053,train
172748,train
191613,train
101951,train
173503,train
188364,train
199032,train
220034,train
186835,train
209926,train
191154,train
153069,train
175131,train
220831,train
178675,train
219338,train
197145,train
199777,train
187106,train
204695,train
184137,train
176700,train
188404,train
177546,train
181847,train
188423,train
127128,train
209902,train
180885,train
182244,train
181387,train
199328,train
221772,train
192276,train
174685,train
123296,train
216368,train
181831,train
181862,train
182324,train
223619,train
195624,train
193792,train
92676,train
209414,train
199508,train
126799,train
223967,train
186447,train
223198,train
188397,train
204805,train
202204,train
186109,train
183723,train
176062,train
188436,train
194992,train
195781,train
174493,train
122825,train
214616,train
181423,train
174551,train
196604,train
161001,train
181520,train
220187,train
125846,train
200671,train
124225,train
126075,train
227458,train
182676,train
176690,train
193439,train
184495,train
188246,train
224633,train
223966,train
198251,train
213629,train
218242,train
220207,train
172867,train
221271,train
184057,train
223683,train
169121,train
222589,train
183728,train
183276,train
220056,train
221983,train
183208,train
200464,train
218549,train
175417,train
181605,train
127546,train
206898,train
208182,train
204718,train
182329,train
186554,train
223976,train
224503,train
185880,train
221304,train
224652,train
202748,train
212077,train
187257,train
224361,train
223810,train
220280,train
227672,train
195112,train
172632,train
169268,train
196589,train
201977,train
194638,train
169933,train
189757,train
172817,train
197951,train
181228,train
155424,train
123487,train
145310,train
170534,train
176761,train
181503,train
186060,train
141705,train
171616,train
193222,train
194231,train
180510,train
178930,train
172405,train
174964,train
209680,train
205922,train
219348,train
179795,train
188518,train
203646,train
173853,train
226294,train
206676,train
166827,train
166002,train
203153,train
223858,train
176956,train
173027,train
196352,train
223882,train
191552,train
178747,train
222442,train
223033,train
184018,train
206900,train
194997,train
101952,train
189753,train
136956,train
222337,train
184763,train
209399,train
226676,train
174533,train
219379,train
225337,train
187903,train
198453,train
170912,train
210377,train
221346,train
175964,train
180545,train
176486,train
219524,train
195805,train
191970,train
175157,train
92678,train
137037,train
227316,train
197111,train
77861,train
122878,train
179214,train
173183,train
186334,train
181921,train
183735,train
196905,train
127563,train
201383,train
188498,train
214687,train
180051,train
192394,train
92812,train
214692,train
185786,train
133654,train
177381,train
182252,train
179012,train
187052,train
183194,train
185338,train
200530,train
181805,train
176947,train
171075,train
226890,train
93574,train
207937,train
174961,train
172887,train
176766,train
206619,train
203359,train
225066,train
201776,train
205409,train
127671,train
123232,train
184071,train
203194,train
196969,train
142677,train
224263,train
219688,train
212234,train
189311,train
183625,train
200932,train
214699,train
194652,train
183780,train
181975,train
226723,train
220126,train
172954,train
206366,train
133714,train
219543,train
197554,train
176007,train
185011,train
125815,train
211656,train
179581,train
184696,train
223752,train
178849,train
179643,train
175815,train
176756,train
205012,train
171343,train
221542,train
194738,train
190342,train
180217,train
183253,train
187611,train
222399,train
188010,train
165983,train
197754,train
150832,train
204554,train
193345,train
220554,train
199390,train
187254,train
200512,train
200899,train
179658,train
182538,train
194823,train
223693,train
130468,train
221765,train
178861,train
190779,train
204706,train
175591,train
188411,train
148324,train
182497,train
123679,train
171408,train
169509,train
179011,train
183291,train
125455,train
200851,train
192543,train
180568,train
179981,train
204050,train
197390,train
124883,train
221906,train
145660,train
223941,train
174138,train
223032,train
176573,train
194176,train
224659,train
207214,train
82110,train
220664,train
197557,train
198491,train
172703,train
194855,train
203149,train
186523,train
193402,train
219562,train
122725,train
179612,train
176437,train
222490,train
176929,train
177515,train
175057,train
205828,train
103647,train
177648,train
123904,train
145202,train
129854,train
181344,train
213119,train
185358,train
177958,train
196243,train
184434,train
186417,train
218780,train
196922,train
193460,train
199126,train
195779,train
196640,train
205324,train
94134,train
168975,train
206848,train
188421,train
119906,train
197201,train
184058,train
176222,train
214451,train
181098,train
152106,train
182098,train
174676,train
194991,train
184874,train
145378,train
185114,train
190248,train
177778,train
138177,train
180770,train
178464,train
192364,train
189043,train
220352,train
226334,train
203679,train
215966,train
178417,train
224155,train
200169,train
119995,train
223437,train
196105,train
222749,train
172321,train
118461,train
182400,train
227036,train
222402,train
223960,train
204697,train
203333,train
182322,train
179025,train
174517,train
191366,train
221535,train
192447,train
227451,train
209632,train
222387,train
184739,train
209540,train
199933,train
203265,train
172076,train
182381,train
194050,train
219502,train
176644,train
199710,train
170949,train
196940,train
199994,train
180330,train
221694,train
221296,train
145456,train
184853,train
196621,train
174771,train
179009,train
194160,train
203284,train
187503,train
197551,train
223087,train
174768,train
185396,train
219178,train
175787,train
178847,train
173681,train
221742,train
196438,train
205602,train
179995,train
190854,train
173032,train
179165,train
185783,train
180408,train
172910,train
119483,train
120145,train
187794,train
187781,train
190034,train
120319,train
136910,train
175166,train
193429,train
192124,train
195286,train
210823,train
190661,train
200004,train
211432,train
216342,train
142849,train
182297,train
218905,train
220454,train
127112,train
227360,train
204086,train
136040,train
190217,train
185733,train
201330,train
178719,train
180880,train
206637,train
134721,train
172529,train
181534,train
220719,train
200127,train
190954,train
199688,train
184647,train
219364,train
190488,train
174127,train
121835,train
224214,train
210641,train
185405,train
200462,train
102608,train
174431,train
176420,train
196898,train
183722,train
181453,train
197396,train
220477,train
177488,train
193566,train
192890,train
180906,train
221998,train
145325,train
198366,train
184897,train
211389,train
207275,train
180711,train
92779,train
185147,train
207207,train
184498,train
228144,train
228209,train
185384,train
172265,train
172367,train
185812,train
227180,train
180435,train
205054,train
200014,train
221873,train
128759,train
183720,train
192736,train
189146,train
177229,train
201443,train
203658,train
121239,train
207277,train
131562,train
145467,train
105870,train
188320,train
210972,train
172774,train
221143,train
171847,train
181810,train
79656,train
197963,train
203535,train
205477,train
175146,train
224114,train
181593,train
204798,train
201354,train
193664,train
182432,train
169170,train
108768,train
127315,train
200888,train
178462,train
121530,train
205902,train
185176,train
223665,train
181966,train
219648,train
166055,train
185776,train
190680,train
196512,train
179578,train
194535,train
182667,train
218771,train
178452,train
180031,train
172834,train
212174,train
177553,train
176185,train
214619,train
204669,train
183893,train
176633,train
227200,train
178072,train
209049,train
222983,train
223788,train
197553,train
137346,train
191527,train
212561,train
191617,train
173157,train
167902,train
89825,train
226742,train
182145,train
98073,train
131036,train
225811,train
196663,train
195937,train
121014,train
178974,train
175588,train
198670,train
194615,train
189355,train
119328,train
190628,train
192392,train
211524,train
201314,train
179531,train
184925,train
169114,train
184145,train
172424,train
181024,train
189788,train
100009,train
219571,train
177569,train
173467,train
220128,train
173761,train
185223,train
189954,train
175881,train
167307,train
226414,train
186248,train
208698,train
168140,train
188843,train
222742,train
221257,train
195015,train
196514,train
177613,train
137147,train
200022,train
227804,train
201418,train
196603,train
227787,train
187994,train
172590,train
205615,train
200007,train
180433,train
180117,train
223952,train
222127,train
181638,train
218742,train
223228,train
193522,train
207175,train
121588,train
175651,train
136966,train
200862,train
197972,train
206814,train
202984,train
182671,train
191930,train
207090,train
173698,train
199503,train
189113,train
146367,train
224299,train
138102,train
179121,train
179480,train
227735,train
209297,train
137251,train
188485,train
185813,train
166952,train
173382,train
216839,train
219157,train
219661,train
175799,train
186801,train
196827,train
175158,train
176338,train
200255,train
185555,train
189763,train
191149,train
222975,train
220543,train
194751,train
207849,train
181918,train
176572,train
105403,train
179059,train
183268,train
136808,train
171977,train
224350,train
199938,train
122707,train
205013,train
200541,train
173567,train
197665,train
171835,train
187833,train
137421,train
199149,train
186955,train
200565,train
187803,train
211457,train
183636,train
166863,train
183933,train
222910,train
182294,train
182714,train
171954,train
172858,train
190019,train
203544,train
180359,train
183402,train
189665,train
183189,train
207194,train
194179,train
126920,train
184645,train
202296,train
166944,train
178868,train
180045,train
182125,train
129990,train
205840,train
184500,train
222603,train
178053,train
220700,train
136776,train
220190,train
223512,train
220428,train
175453,train
173472,train
120454,train
189746,train
185871,train
221996,train
225057,train
118777,train
174627,train
123534,train
181645,train
186874,train
208482,train
175670,train
185172,train
227434,train
176654,train
141697,train
140016,train
130795,train
195113,train
175672,train
216780,train
223237,train
200595,train
186978,train
208080,train
215769,train
188262,train
219614,train
130781,train
194075,train
179573,train
97392,train
187877,train
196716,train
182092,train
184359,train
193791,train
173460,train
184120,train
211351,train
212456,train
218751,train
169109,train
187765,train
210157,train
199687,train
198004,train
127910,train
146715,train
217759,train
194031,train
197929,train
192756,train
181959,train
221831,train
180490,train
210930,train
185414,train
197348,train
123746,train
167795,train
207929,train
186353,train
186456,train
130481,train
208674,train
227822,train
169660,train
216545,train
187409,train
227778,train
201446,train
173505,train
203666,train
216942,train
219426,train
124952,train
200523,train
224251,train
227043,train
184768,train
194155,train
172962,train
207530,train
223212,train
225335,train
187112,train
137492,train
174440,train
188432,train
185105,train
200634,train
225093,train
187796,train
223444,train
185220,train
206745,train
181766,train
171984,train
173112,train
195092,train
181248,train
180708,train
200103,train
92777,train
203514,train
125288,train
175068,train
183899,train
148490,train
139065,train
225295,train
199765,train
179606,train
220667,train
183082,train
194222,train
198244,train
173751,train
186238,train
183404,train
185525,train
207688,train
177739,train
173876,train
193926,train
119556,train
126786,train
195114,train
201506,train
211379,train
148272,train
133702,train
140010,train
175283,train
185775,train
174196,train
180518,train
137199,train
137384,train
92794,train
108822,train
219342,train
194177,train
169024,train
180370,train
221830,train
221172,train
215885,train
196614,train
190866,train
176595,train
223440,train
126571,train
205720,train
186552,train
120565,train
211743,train
182074,train
190216,train
181590,train
176673,train
187432,train
222993,train
172837,train
186994,train
223607,train
173707,train
179854,train
197337,train
199200,train
193082,train
99848,train
183312,train
224685,train
188790,train
197573,train
187505,train
203548,train
183562,train
222021,train
172873,train
219166,train
196639,train
175760,train
205406,train
208548,train
169101,train
126770,train
199716,train
180289,train
196886,train
193335,train
173587,train
171540,train
190220,train
177516,train
211347,train
224975,train
176257,train
222740,train
184066,train
178616,train
167862,train
130762,train
124881,train
201580,train
133662,train
221955,train
168151,train
177669,train
123393,train
166875,train
217915,train
206823,train
146471,train
223725,train
156345,train
178341,train
96826,train
193579,train
120424,train
136920,train
212243,train
177367,train
202712,train
179718,train
196710,train
183397,train
200860,train
181409,train
175646,train
176659,train
169208,train
177868,train
200495,train
203283,train
218996,train
189760,train
203211,train
221584,train
135900,train
179443,train
184941,train
175328,train
183352,train
179295,train
185803,train
192812,train
207582,train
176931,train
178221,train
208488,train
137303,train
189822,train
219744,train
184107,train
205593,train
194739,train
219074,train
145446,train
176594,train
221699,train
208515,train
222527,train
188712,train
174301,train
105654,train
181459,train
177765,train
195801,train
174824,train
195566,train
179019,train
145248,train
206188,train
172267,train
223807,train
199541,train
197497,train
193562,train
173223,train
199055,train
189111,train
96974,train
202797,train
188717,train
205000,train
119603,train
201547,train
186924,train
183052,train
211371,train
125847,train
178887,train
221952,train
222046,train
209933,train
206506,train
123270,train
173820,train
174957,train
180765,train
167857,train
181330,train
202749,train
187943,train
169078,train
222630,train
227121,train
180966,train
184815,train
196579,train
175256,train
122139,train
169145,train
185348,train
190035,train
181715,train
166882,train
184316,train
191222,train
187416,train
169154,train
212253,train
217828,train
172234,train
97512,train
226400,train
224119,train
175251,train
188708,train
171566,train
212567,train
224212,train
181454,train
168439,train
218502,train
212362,train
221311,train
173307,train
206541,train
217972,train
179692,train
192645,train
214736,train
174373,train
102073,train
201328,train
199462,train
191727,train
196919,train
201013,train
185295,train
179864,train
175457,train
197112,train
138650,train
96434,train
171771,train
223786,train
209990,train
133692,train
176056,train
188003,train
220027,train
184848,train
103689,train
178368,train
182654,train
201267,train
139101,train
190091,train
203463,train
167172,train
93579,train
184934,train
189789,train
200218,train
212091,train
196904,train
202821,train
203256,train
217743,train
181580,train
166003,train
176135,train
178766,train
183511,train
223724,train
224586,train
226702,train
197761,train
215971,train
178937,train
176660,train
119314,train
202798,train
172524,train
210391,train
132631,train
187433,train
212398,train
227084,train
213662,train
181601,train
174446,train
185378,train
227083,train
186992,train
189586,train
225347,train
177273,train
201779,train
219336,train
101712,train
223694,train
219570,train
119261,train
155775,train
184810,train
184802,train
196953,train
121939,train
199491,train
181465,train
174819,train
196720,train
186950,train
120894,train
143513,train
188536,train
203423,train
191615,train
101906,train
177617,train
174463,train
190930,train
181599,train
193001,train
127898,train
176752,train
195095,train
173381,train
222033,train
125988,train
176645,train
194149,train
203274,train
208169,train
199035,train
173622,train
137088,train
205576,train
185152,train
122698,train
176883,train
214954,train
129857,train
192401,train
183918,train
180403,train
197394,train
187047,train
184209,train
182813,train
200400,train
172861,train
176274,train
183401,train
224120,train
175445,train
227471,train
194586,train
220551,train
182766,train
186396,train
199197,train
210980,train
182601,train
197338,train
190252,train
137456,train
120384,train
199129,train
145466,train
176076,train
188721,train
117139,train
187270,train
170394,train
121642,train
138653,train
225509,train
205439,train
177558,train
222084,train
171936,train
123986,train
184669,train
226756,train
201649,train
172498,train
194701,train
202467,train
200285,train
186800,train
199008,train
179473,train
184158,train
167310,train
188221,train
196110,train
209070,train
174158,train
211243,train
195313,train
180353,train
206135,train
187039,train
183591,train
183148,train
208650,train
187308,train
221871,train
206233,train
176682,train
208955,train
197133,train
136833,train
204921,train
183012,train
222951,train
125541,train
173552,train
183518,train
193106,train
225080,train
198771,train
176140,train
101693,train
183510,train
221250,train
195046,train
119886,train
220174,train
130491,train
184689,train
221817,train
195106,train
201110,train
182071,train
220192,train
123622,train
225013,train
225822,train
208171,train
127888,train
221657,train
176316,train
147917,train
196897,train
189298,train
220541,train
180526,train
191339,train
219495,train
203859,train
192583,train
214611,train
181225,train
138565,train
186943,train
142963,train
202508,train
219813,train
199766,train
109128,train
176712,train
214700,train
222032,train
169653,train
191706,train
216059,train
200931,train
224630,train
227377,train
202455,train
186641,train
187504,train
219027,train
180053,train
221569,train
93578,train
206493,train
224309,train
194086,train
211207,train
203738,train
191372,train
182405,train
173785,train
170963,train
137422,train
171082,train
191962,train
121961,train
173006,train
200892,train
211730,train
173366,train
221957,train
225012,train
194282,train
178518,train
182616,train
180034,train
211798,train
227370,train
223713,train
172869,train
208394,train
200122,train
190172,train
179234,train
137274,train
178471,train
178740,train
171853,train
227243,train
174410,train
203282,train
174108,train
186324,train
120892,train
224196,train
172273,train
171519,train
177830,train
174296,train
173596,train
169089,train
220349,train
217896,train
193571,train
182844,train
181744,train
180544,train
180981,train
173719,train
169281,train
169364,train
183736,train
174956,train
137393,train
220389,train
173715,train
195088,train
179923,train
126886,train
187852,train
195195,train
224123,train
176912,train
181942,train
177419,train
182431,train
224412,train
181253,train
223534,train
178581,train
204993,train
187606,train
194945,train
222504,train
130077,train
176337,train
193458,train
189409,train
181070,train
198802,train
200773,train
222158,train
185294,train
176381,train
224149,train
191156,train
177661,train
181494,train
195315,train
175028,train
200138,train
122145,train
183247,train
173007,train
183243,train
222909,train
174614,train
214976,train
225813,train
125818,train
137254,train
203155,train
183418,train
174370,train
218828,train
206367,train
188150,train
217860,train
209923,train
227694,train
200577,train
209051,train
172547,train
155762,train
195768,train
179146,train
179985,train
185155,train
184887,train
143318,train
125611,train
168550,train
208534,train
182919,train
209318,train
96377,train
178588,train
130991,train
225052,train
122722,train
187824,train
178836,train
175946,train
170723,train
177325,train
199794,train
200504,train
180103,train
201122,train
175232,train
163713,train
186890,train
150891,train
143373,train
143330,train
222564,train
200204,train
184459,train
226002,train
192415,train
176642,train
205542,train
196508,train
133652,train
198587,train
82852,train
199249,train
152977,train
193396,train
180501,train
185304,train
208559,train
222373,train
196977,train
222969,train
183590,train
183073,train
155866,train
181078,train
168185,train
223570,train
184092,train
128761,train
222857,train
177225,train
186478,train
155850,train
201859,train
184786,train
211655,train
123166,train
171981,train
149810,train
185193,train
215752,train
198396,train
172653,train
222254,train
215034,train
137313,train
183618,train
169756,train
226014,train
227030,train
208953,train
178438,train
205418,train
189424,train
196599,train
200721,train
186017,train
195813,train
181377,train
193415,train
195096,train
212052,train
137974,train
179950,train
200616,train
172992,train
208486,train
140011,train
174678,train
207577,train
204059,train
198447,train
223775,train
168186,train
222728,train
179726,train
142505,train
209857,train
118546,train
190639,train
213297,train
227863,train
196605,train
192594,train
205713,train
227647,train
212535,train
208393,train
175408,train
227485,train
201498,train
223076,train
187754,train
187059,train
184700,train
203198,train
200029,train
214972,train
186007,train
203270,train
225118,train
223992,train
177320,train
180133,train
166915,train
186111,train
174781,train
219893,train
219389,train
191144,train
207733,train
172958,train
184135,train
176650,train
85334,train
177560,train
219735,train
200546,train
173652,train
227181,train
177356,train
206397,train
126054,train
186391,train
183074,train
201149,train
199679,train
227465,train
172200,train
195027,train
201408,train
211133,train
196791,train
178622,train
228150,train
187771,train
227197,train
182410,train
206500,train
191070,train
122864,train
191076,train
221820,train
185369,train
181747,train
211561,train
195527,train
190662,train
187084,train
145639,train
194695,train
209055,train
139971,train
122965,train
198209,train
197073,train
188545,train
206557,train
180440,train
222690,train
127712,train
192876,train
189315,train
219600,train
179039,train
198706,train
202757,train
200976,train
179237,train
202334,train
177623,train
224549,train
224254,train
166881,train
176260,train
199532,train
188882,train
126087,train
175950,train
197722,train
184631,train
202792,train
201557,train
182119,train
227524,train
118523,train
183375,train
188440,train
195219,train
189832,train
220399,train
226637,train
103645,train
189605,train
221472,train
202355,train
188090,train
224990,train
184435,train
212282,train
214291,train
185169,train
203290,train
182097,train
212323,train
124237,train
178478,train
188060,train
202290,train
173088,train
176389,train
197532,train
224049,train
184924,train
176454,train
167647,train
197070,train
172660,train
220976,train
174561,train
171158,train
179641,train
199303,train
184398,train
221096,train
182584,train
214372,train
193979,train
175727,train
184759,train
198590,train
222055,train
171565,train
203261,train
172816,train
200869,train
189112,train
220714,train
184406,train
130116,train
180496,train
174787,train
126762,train
175054,train
122044,train
222692,train
219817,train
179624,train
189379,train
185219,train
176199,train
178759,train
197092,train
185237,train
188561,train
195038,train
172027,train
179485,train
178775,train
183889,train
190319,train
184049,train
193271,train
176263,train
179541,train
172066,train
221800,train
193412,train
222683,train
137414,train
227294,train
126334,train
187678,train
181380,train
221391,train
118636,train
174575,train
123162,train
150885,train
118582,train
226166,train
173128,train
185864,train
183438,train
208187,train
223002,train
105467,train
196829,train
125587,train
193504,train
201198,train
120338,train
187150,train
192452,train
197598,train
173943,train
189539,train
224257,train
200148,train
202297,train
188329,train
131027,train
193586,train
176571,train
212651,train
187857,train
172417,train
122981,train
181172,train
227495,train
177202,train
225999,train
175793,train
175668,train
182069,train
212315,train
172984,train
199719,train
192706,train
184114,train
185400,train
181047,train
198781,train
175077,train
184807,train
208664,train
186948,train
205442,train
183621,train
183895,train
227460,train
173659,train
180044,train
218734,train
118613,train
173127,train
201991,train
223850,train
195772,train
220904,train
216365,train
187874,train
201331,train
169172,train
181059,train
179476,train
93709,train
203166,train
187271,train
197691,train
172443,train
198372,train
136915,train
196123,train
192792,train
184854,train
138651,train
188417,train
221891,train
186484,train
222091,train
180500,train
171848,train
122057,train
199163,train
223630,train
195713,train
212664,train
185855,train
227493,train
200716,train
177528,train
177785,train
173380,train
212403,train
178373,train
225873,train
176024,train
200474,train
123431,train
211664,train
180605,train
167872,train
123208,train
223140,train
189024,train
193359,train
170120,train
188501,train
220084,train
177518,train
204991,train
174814,train
226484,train
190227,train
207719,train
221244,train
225980,train
184915,train
179459,train
180546,train
192325,train
177593,train
146290,train
223423,train
188415,train
176487,train
166251,train
184382,train
173288,train
167691,train
186099,train
171880,train
199222,train
188253,train
183321,train
181026,train
214694,train
186956,train
223180,train
178181,train
224260,train
226621,train
218544,train
183483,train
221703,train
195857,train
220674,train
198551,train
177446,train
201572,train
178858,train
211693,train
200130,train
201484,train
224416,train
203192,train
201272,train
200451,train
198424,train
224073,train
200091,train
197140,train
211365,train
190654,train
183610,train
192020,train
219652,train
185227,train
203524,train
184292,train
185800,train
118679,train
192654,train
221550,train
175140,train
174688,train
138655,train
186254,train
177080,train
186451,train
173615,train
190064,train
187015,train
123278,train
177954,train
209908,train
173242,train
221243,train
182641,train
185939,train
189599,train
171111,train
183230,train
196988,train
172166,train
205460,train
188764,train
201558,train
221815,train
175301,train
178587,train
199201,train
93520,train
215774,train
223649,train
179051,train
206844,train
203233,train
196799,train
131034,train
184865,train
185609,train
184957,train
185267,train
171839,train
178751,train
185415,train
151020,train
227202,train
146414,train
172896,train
200518,train
175892,train
208191,train
202404,train
207553,train
190772,train
220181,train
185368,train
182682,train
184240,train
137098,train
191294,train
123179,train
168710,train
187236,train
187058,train
219603,train
200949,train
192881,train
180593,train
174825,train
184882,train
181767,train
185280,train
204614,train
126585,train
207924,train
174947,train
225972,train
181781,train
188751,train
222359,train
220105,train
218482,train
180634,train
175813,train
170609,train
222099,train
221556,train
98367,train
186895,train
227779,train
209619,train
186051,train
172322,train
184449,train
192374,train
221704,train
188433,train
201964,train
223824,train
176097,train
178388,train
222972,train
221725,train
172218,train
202278,train
166000,train
185741,train
176639,train
172737,train
172767,train
226902,train
192772,train
196740,train
176591,train
120888,train
178741,train
221984,train
174547,train
124462,train
175318,train
174822,train
187238,train
182041,train
211217,train
181602,train
224547,train
179071,train
201288,train
207857,train
203271,train
183180,train
175951,train
191508,train
186407,train
197193,train
134762,train
178434,train
184572,train
103525,train
224684,train
142938,train
178850,train
221536,train
220593,train
167885,train
200636,train
191973,train
98760,train
194640,train
195105,train
221599,train
189114,train
222112,train
179041,train
178387,train
203667,train
184418,train
142384,train
167756,train
220215,train
205475,train
187357,train
205455,train
124976,train
198472,train
123672,train
194822,train
212449,train
199490,train
172945,train
145401,train
181854,train
87394,train
186265,train
183298,train
199140,train
130002,train
176044,train
220138,train
181148,train
227801,train
120365,train
220687,train
123923,train
180007,train
186961,train
172204,train
122764,train
78402,train
180489,train
190953,train
203099,train
189296,train
105773,train
199771,train
137388,train
120986,train
184301,train
202151,train
219154,train
226820,train
189431,train
179230,train
171928,train
227007,train
185333,train
146815,train
219806,train
192811,train
126671,train
207965,train
192643,train
196381,train
206349,train
219665,train
220697,train
127332,train
124955,train
220874,train
176629,train
203474,train
181530,train
183789,train
185809,train
183999,train
221948,train
185859,train
118431,train
175998,train
182730,train
205740,train
189967,train
192770,train
183672,train
183349,train
225617,train
187172,train
186033,train
191604,train
222639,train
185135,train
173008,train
208177,train
185213,train
205862,train
224923,train
187021,train
173138,train
181579,train
200108,train
227105,train
199104,train
173864,train
205421,train
144208,train
178379,train
200422,train
222579,train
220325,train
192065,train
186941,train
193551,train
205611,train
176194,train
183442,train
186468,train
170184,train
223791,train
200027,train
212573,train
227074,train
196973,train
175317,train
179445,train
193287,train
194737,train
211739,train
145315,train
188762,train
223413,train
93674,train
165980,train
215782,train
205395,train
175883,train
172033,train
176568,train
205852,train
223926,train
174524,train
221129,train
205588,train
221784,train
173703,train
179489,train
184801,train
200475,train
189101,train
177354,train
222448,train
221656,train
191490,train
187931,train
153154,train
145458,train
172009,train
202979,train
222785,train
145115,train
186118,train
205384,train
185820,train
172580,train
145451,train
90020,train
184415,train
204836,train
192511,train
189707,train
181826,train
117910,train
223225,train
182000,train
121863,train
174615,train
182367,train
130995,train
181642,train
220308,train
179587,train
203088,train
221942,train
131285,train
180487,train
195760,train
224574,train
173325,train
185558,train
172751,train
176703,train
141641,train
187194,train
127516,train
179457,train
192064,train
181212,train
220150,train
186455,train
201487,train
176626,train
176850,train
202363,train
175462,train
145375,train
179375,train
224367,train
177738,train
189021,train
81837,train
179126,train
179758,train
222727,train
209873,train
197601,train
196882,train
184550,train
213061,train
203633,train
194731,train
199270,train
180022,train
195516,train
202344,train
223557,train
185092,train
217985,train
191293,train
182372,train
203639,train
203459,train
187132,train
169700,train
179721,train
178942,train
200144,train
201461,train
173129,train
182760,train
182386,train
184850,train
185771,train
153144,train
180595,train
219904,train
188443,train
185539,train
226618,train
181025,train
186418,train
199684,train
168009,train
167626,train
199245,train
178226,train
209930,train
188846,train
125889,train
179348,train
188097,train
186465,train
227309,train
193227,train
180363,train
185599,train
197916,train
142673,train
188836,train
219411,train
217643,train
175780,train
207672,train
176839,train
172631,train
123275,train
224004,train
201319,train
180817,train
189595,train
190254,train
172785,train
194803,train
222005,train
221932,train
97279,train
181539,train
211385,train
92760,train
178268,train
149694,train
182867,train
171530,train
209286,train
178367,train
201724,train
190015,train
176357,train
182439,train
170748,train
194092,train
93519,train
121373,train
199713,train
184710,train
193775,train
154440,train
186883,train
168178,train
210997,train
213617,train
206809,train
220064,train
181581,train
175060,train
200633,train
117940,train
185740,train
223500,train
222111,train
122727,train
187159,train
219308,train
175455,train
195985,train
171841,train
174932,train
221908,train
188408,train
214988,train
211651,train
196607,train
179594,train
209139,train
187202,train
200016,train
118600,train
196671,train
176358,train
175053,train
196872,train
124954,train
182972,train
178194,train
208570,train
197915,train
214625,train
196991,train
179094,train
207680,train
178046,train
185861,train
219367,train
203424,train
183985,train
199668,train
225298,train
224888,train
168155,train
195014,train
172849,train
203464,train
193822,train
224478,train
220076,train
173873,train
126773,train
184141,train
198395,train
225523,train
182029,train
174392,train
174829,train
190334,train
188330,train
180226,train
180700,train
176809,train
131290,train
180013,train
174840,train
184883,train
190133,train
105672,train
200199,train
183279,train
180470,train
176600,train
183827,train
219403,train
172907,train
218116,train
180931,train
171868,train
218438,train
185548,train
181575,train
180780,train
178716,train
121531,train
208382,train
122877,train
133701,train
205438,train
184333,train
197518,train
185767,train
173678,train
220834,train
224626,train
203109,train
180472,train
178097,train
179228,train
133668,train
211381,train
175177,train
125580,train
173434,train
178502,train
143659,train
174513,train
105579,train
211363,train
189149,train
125469,train
92680,train
223595,train
226938,train
174741,train
190655,train
131318,train
178674,train
198664,train
183428,train
173266,train
182513,train
199247,train
172765,train
178765,train
208654,train
174415,train
198542,train
222546,train
172610,train
209053,train
198407,train
179265,train
190042,train
172749,train
179115,train
172637,train
189811,train
176180,train
184849,train
181111,train
179397,train
212348,train
186340,train
197266,train
198641,train
210625,train
193419,train
227249,train
198464,train
189145,train
220425,train
180434,train
223604,train
204809,train
224280,train
143746,train
220563,train
177426,train
119701,train
182325,train
146496,train
197703,train
125565,train
214196,train
227114,train
184047,train
126577,train
227091,train
212599,train
173592,train
219421,train
220562,train
186475,train
186844,train
171909,train
227397,train
191308,train
202040,train
220342,train
173450,train
166933,train
189793,train
182590,train
181792,train
203419,train
131737,train
126155,train
176907,train
200006,train
120439,train
209048,train
194093,train
120481,train
178860,train
203438,train
134192,train
204084,train
203398,train
190149,train
202292,train
228175,train
183066,train
219656,train
220404,train
221622,train
206815,train
193738,train
221495,train
219955,train
120341,train
176851,train
174459,train
222215,train
191710,train
205898,train
127730,train
225002,train
178132,train
220263,train
138568,train
183859,train
189109,train
187083,train
208411,train
194715,train
222777,train
192747,train
174815,train
199311,train
173144,train
214501,train
168623,train
188327,train
187004,train
224363,train
171780,train
222655,train
178520,train
171881,train
177498,train
208317,train
207172,train
203531,train
122885,train
197137,train
180844,train
200934,train
92710,train
87258,train
192721,train
221967,train
183223,train
227098,train
199721,train
177347,train
189106,train
193682,train
182862,train
200635,train
190246,train
181798,train
211519,train
184986,train
180325,train
224039,train
195788,train
144068,train
169247,train
204038,train
186965,train
211947,train
174520,train
171442,train
223719,train
195144,train
123440,train
203678,train
120332,train
220048,train
169359,train
168350,train
226003,train
194529,train
211611,train
189266,train
184937,train
186818,train
200852,train
173057,train
177915,train
178875,train
180827,train
180914,train
184413,train
172040,train
195906,train
167876,train
196277,train
222006,train
197992,train
222369,train
192592,train
174780,train
126781,train
181657,train
146280,train
214978,train
175234,train
227459,train
174122,train
199509,train
220491,train
227275,train
174335,train
207519,train
209304,train
225123,train
174809,train
224936,train
174832,train
173145,train
177065,train
172366,train
203748,train
223249,train
188138,train
173048,train
183538,train
175180,train
192766,train
127340,train
199762,train
228189,train
223848,train
180100,train
172026,train
181372,train
167681,train
131567,train
184665,train
223166,train
119404,train
222898,train
198613,train
186479,train
181157,train
201721,train
224339,train
218019,train
222554,train
146419,train
176018,train
175476,train
219696,train
197933,train
227556,train
174439,train
131031,train
189609,train
203619,train
200556,train
178469,train
180478,train
202710,train
225897,train
193363,train
120311,train
179613,train
211374,train
199969,train
176910,train
181606,train
213913,train
202742,train
150916,train
219663,train
223541,train
174779,train
187770,train
221589,train
187041,train
220306,train
220298,train
176450,train
222121,train
182756,train
211383,train
171612,train
200610,train
131535,train
122428,train
211793,train
177417,train
185763,train
197868,train
179616,train
208410,train
176005,train
226724,train
178709,train
208558,train
187240,train
172514,train
189765,train
218362,train
171755,train
189262,train
188106,train
208078,train
193931,train
215770,train
120343,train
170997,train
144732,train
192548,train
211446,train
199224,train
176028,train
184858,train
194378,train
186464,train
198498,train
218755,train
200751,train
182603,train
176182,train
171572,train
96413,train
172870,train
121832,train
199485,train
196736,train
175654,train
182490,train
166953,train
193341,train
177816,train
213471,train
171101,train
203080,train
177397,train
192127,train
193465,train
179753,train
173672,train
176705,train
185780,train
174873,train
196115,train
172519,train
175792,train
173569,train
195769,train
182195,train
197183,train
198544,train
205071,train
193491,train
176811,train
224346,train
170592,train
181165,train
206778,train
224645,train
173103,train
190670,train
133571,train
180893,train
174945,train
193311,train
120336,train
214974,train
218913,train
208702,train
120014,train
198637,train
192639,train
190045,train
174088,train
181374,train
167689,train
225254,train
173297,train
129856,train
201273,train
199228,train
187827,train
151487,train
220071,train
208537,train
198674,train
197197,train
204694,train
202272,train
166840,train
222149,train
198780,train
137314,train
223117,train
223585,train
179932,train
223439,train
168207,train
206345,train
179642,train
197184,train
180540,train
219644,train
184743,train
197335,train
221655,train
175912,train
178748,train
205566,train
177360,train
183563,train
202411,train
223103,train
179709,train
214357,train
194898,train
226683,train
96026,train
190418,train
122861,train
196824,train
184577,train
183528,train
201167,train
200193,train
221103,train
222944,train
182136,train
137331,train
221720,train
133621,train
205599,train
127689,train
173329,train
186520,train
188167,train
184726,train
178360,train
188904,train
214629,train
178718,train
190187,train
169159,train
200466,train
187649,train
220186,train
198101,train
150378,train
227175,train
173322,train
216056,train
203895,train
218948,train
202288,train
190735,train
200942,train
220432,train
134425,train
223953,train
227528,train
125426,train
149808,train
215012,train
185443,train
184617,train
204784,train
183011,train
176433,train
199990,train
218113,train
180793,train
137096,train
187022,train
207060,train
124963,train
166289,train
173037,train
118428,train
180425,train
211422,train
221663,train
180948,train
188913,train
188711,train
171632,train
214704,train
146096,train
211771,train
190076,train
219818,train
184755,train
201179,train
222291,train
137954,train
223142,train
218444,train
118780,train
180626,train
169824,train
197345,train
174353,train
219916,train
187369,train
167311,train
221231,train
183451,train
145720,train
184298,train
176183,train
223415,train
137258,train
202014,train
214457,train
220377,train
176798,train
224599,train
120887,train
200502,train
199557,train
125800,train
173049,train
137104,train
202956,train
190206,train
186466,train
191305,train
167696,train
188603,train
183784,train
105465,train
201212,train
178488,train
137264,train
223605,train
180762,train
190143,train
177463,train
179542,train
223037,train
199488,train
203203,train
182615,train
203232,train
131138,train
171924,train
181083,train
179859,train
177471,train
222140,train
177535,train
120335,train
203716,train
143426,train
188827,train
223820,train
214284,train
175101,train
212019,train
221662,train
190697,train
178878,train
224579,train
191306,train
174883,train
179046,train
177303,train
178470,train
175785,train
173591,train
225091,train
214610,train
225847,train
212579,train
219177,train
193471,train
223001,train
186503,train
180757,train
173547,train
137995,train
206229,train
205136,train
193655,train
172435,train
196746,train
176356,train
182922,train
222982,train
184805,train
175674,train
136964,train
226939,train
182866,train
204755,train
202196,train
175242,train
181557,train
131035,train
198496,train
122043,train
203723,train
177797,train
182592,train
166817,train
200598,train
177300,train
182383,train
97514,train
174342,train
189321,train
179305,train
202704,train
183054,train
222499,train
182983,train
175734,train
206771,train
184725,train
188283,train
182650,train
175112,train
198513,train
185843,train
181264,train
224341,train
198810,train
215014,train
137028,train
202306,train
186394,train
117859,train
217635,train
181691,train
173231,train
222615,train
126231,train
223060,train
180454,train
221818,train
139597,train
200740,train
185542,train
222126,train
122813,train
195035,train
172805,train
196861,train
180576,train
174064,train
224019,train
127582,train
174350,train
212383,train
186419,train
172634,train
182163,train
216040,train
177468,train
141529,train
184223,train
200124,train
137341,train
184649,train
93766,train
212479,train
206671,train
126338,train
194071,train
173665,train
184898,train
179800,train
180052,train
191897,train
212230,train
183099,train
181641,train
219594,train
219646,train
179138,train
203160,train
183713,train
169480,train
94782,train
183693,train
179669,train
131145,train
227017,train
185554,train
217826,train
120325,train
195308,train
178871,train
221300,train
167348,train
181540,train
185337,train
186656,train
189439,train
190158,train
134661,train
183246,train
205492,train
196091,train
214965,train
214705,train
174409,train
187203,train
214721,train
172550,train
197967,train
186096,train
222817,train
203239,train
174859,train
103500,train
183376,train
174098,train
221059,train
122111,train
222439,train
213187,train
219750,train
187820,train
213727,train
176120,train
211218,train
174078,train
183263,train
198852,train
178270,train
206571,train
102030,train
197139,train
192714,train
131022,train
126597,train
175925,train
183637,train
185614,train
219378,train
182835,train
184400,train
193920,train
203670,train
222592,train
182330,train
198783,train
176708,train
93654,train
224449,train
174772,train
189134,train
168130,train
176448,train
224009,train
178584,train
126154,train
183424,train
207462,train
224573,train
195175,train
218739,train
189054,train
178889,train
185467,train
172972,train
175580,train
185209,train
186080,train
185157,train
206577,train
192052,train
173054,train
199044,train
198692,train
191485,train
183155,train
127296,train
186066,train
185240,train
222907,train
185532,train
178255,train
200824,train
93037,train
172402,train
139591,train
118622,train
224581,train
203417,train
175788,train
186809,train
190063,train
212498,train
172390,train
120284,train
198517,train
202050,train
200487,train
219626,train
206316,train
123375,train
188756,train
219405,train
192883,train
177901,train
197428,train
204830,train
175182,train
179728,train
167860,train
173775,train
174555,train
173851,train
188021,train
177813,train
203210,train
198504,train
105432,train
187956,train
125018,train
186925,train
188431,train
171436,train
181489,train
197920,train
185944,train
218177,train
216556,train
221960,train
192635,train
222163,train
224061,train
196987,train
220436,train
150418,train
186993,train
212306,train
205082,train
174212,train
175183,train
184960,train
200356,train
120293,train
179436,train
202818,train
185769,train
176067,train
179684,train
137340,train
219563,train
173920,train
211650,train
108830,train
197485,train
205929,train
181771,train
208369,train
222676,train
206902,train
220398,train
187517,train
218898,train
210986,train
183065,train
195859,train
197708,train
174449,train
227741,train
180274,train
172730,train
218674,train
189715,train
225934,train
208918,train
179075,train
195013,train
175988,train
198457,train
175931,train
185703,train
192080,train
171990,train
179620,train
181333,train
177222,train
172377,train
173788,train
185272,train
223797,train
203456,train
221616,train
219407,train
188001,train
205464,train
125029,train
225981,train
183183,train
192705,train
171865,train
215636,train
177756,train
198628,train
122879,train
176269,train
143009,train
206395,train
198521,train
174084,train
130711,train
185718,train
202340,train
219064,train
179688,train
184429,train
177233,train
186457,train
184028,train
195309,train
171526,train
166281,train
174704,train
192299,train
101698,train
173168,train
140243,train
175002,train
201995,train
208019,train
219556,train
180083,train
202825,train
181891,train
191085,train
188076,train
207652,train
200498,train
97397,train
202861,train
182464,train
122181,train
127104,train
128070,train
209989,train
192301,train
195284,train
166945,train
189578,train
181074,train
178721,train
216154,train
193527,train
182204,train
224487,train
180458,train
182765,train
223652,train
171896,train
119465,train
122102,train
212634,train
175000,train
205685,train
184790,train
122141,train
176409,train
223187,train
168675,train
196901,train
221395,train
145465,train
176059,train
225000,train
188398,train
127564,train
171079,train
126220,train
191964,train
179884,train
125821,train
180791,train
211689,train
187250,train
213654,train
187986,train
228210,train
222959,train
223052,train
205458,train
188770,train
184148,train
134724,train
149430,train
222567,train
208874,train
189851,train
125539,train
193735,train
179748,train
129997,train
183089,train
227324,train
183063,train
189471,train
178717,train
221544,train
202299,train
207280,train
209147,train
212183,train
179803,train
205729,train
145724,train
197383,train
207333,train
179441,train
181339,train
199973,train
174806,train
198562,train
175688,train
123498,train
172946,train
185976,train
213476,train
219745,train
106647,train
208978,train
175327,train
186959,train
174914,train
120091,train
171615,train
189050,train
124219,train
181685,train
198936,train
172937,train
173272,train
121237,train
223241,train
200075,train
176711,train
225868,train
179136,train
182068,train
184128,train
189591,train
219608,train
186315,train
126217,train
174420,train
222040,train
145388,train
197893,train
132832,train
120141,train
177670,train
189374,train
218470,train
198341,train
175170,train
199106,train
201967,train
168825,train
195866,train
193569,train
191709,train
184948,train
225051,train
169179,train
225047,train
181315,train
92813,train
227827,train
221052,train
227886,train
206561,train
211327,train
207860,train
186469,train
211745,train
179554,train
196479,train
182540,train
173723,train
176321,train
196959,train
209705,train
192751,train
210935,train
222272,train
205416,train
220176,train
220622,train
172215,train
219067,train
169233,train
225943,train
214957,train
168200,train
186486,train
202175,train
191229,train
206382,train
176277,train
223464,train
179565,train
185535,train
184780,train
196081,train
132449,train
222765,train
222194,train
196669,train
118586,train
222045,train
183652,train
172192,train
148616,train
223128,train
200775,train
181042,train
190074,train
199729,train
171758,train
219037,train
177744,train
226417,train
123171,train
179440,train
178612,train
176676,train
191488,train
182857,train
175631,train
196943,train
97393,train
196093,train
184644,train
168972,train
207057,train
205901,train
178795,train
177021,train
169164,train
202895,train
201717,train
192703,train
105297,train
182436,train
176430,train
194252,train
190003,train
194124,train
172434,train
124238,train
120283,train
199569,train
179878,train
196879,train
125879,train
171140,train
203806,train
204592,train
221988,train
186016,train
109579,train
177211,train
171945,train
190285,train
196857,train
192773,train
225029,train
202509,train
195346,train
186381,train
127530,train
202720,train
171087,train
187555,train
177877,train
172328,train
185483,train
175934,train
173084,train
131023,train
219952,train
122182,train
180522,train
201545,train
182434,train
182881,train
166904,train
181820,train
214659,train
176229,train
187863,train
214635,train
194883,train
206687,train
203643,train
138047,train
208084,train
205935,train
170958,train
140019,train
199748,train
184061,train
228136,train
181057,train
171855,train
135746,train
182589,train
172505,train
226892,train
193681,train
221220,train
177529,train
200939,train
181309,train
223711,train
219699,train
126908,train
127661,train
190382,train
127902,train
219978,train
174445,train
212724,train
176985,train
200848,train
222981,train
166820,train
183741,train
205052,train
186794,train
193723,train
172411,train
223673,train
227299,train
187762,train
216032,train
192861,train
186059,train
200938,train
223203,train
198229,train
123926,train
208950,train
205059,train
223206,train
130983,train
179574,train
173608,train
99539,train
184222,train
183342,train
139605,train
173827,train
181445,train
118629,train
153023,train
195325,train
206562,train
187932,train
180324,train
227890,train
173113,train
202677,train
200641,train
220057,train
175628,train
203379,train
190137,train
176646,train
190174,train
223712,train
206179,train
174821,train
147829,train
172244,train
199326,train
176753,train
221865,train
189640,train
170161,train
189214,train
171362,train
220905,train
175570,train
194153,train
223527,train
175751,train
228135,train
167774,train
192862,train
203713,train
177762,train
169086,train
183798,train
174635,train
188174,train
200628,train
172449,train
179850,train
169382,train
179101,train
221799,train
168153,train
227234,train
120764,train
209401,train
209928,train
202796,train
208406,train
184439,train
185943,train
177172,train
149939,train
221176,train
120228,train
171151,train
223866,train
223449,train
219611,train
221374,train
184987,train
222167,train
222146,train
200313,train
207270,train
208550,train
180193,train
221183,train
200449,train
176842,train
226975,train
183392,train
182306,train
177800,train
199620,train
226940,train
207915,train
175034,train
181045,train
203212,train
209135,train
177686,train
102269,train
206116,train
199763,train
203710,train
177668,train
223784,train
197181,train
196233,train
180465,train
223767,train
202273,train
222306,train
221965,train
223961,train
204066,train
201318,train
184462,train
199645,train
180118,train
177279,train
138071,train
172401,train
186317,train
190185,train
206682,train
137336,train
194884,train
183242,train
204822,train
125590,train
179157,train
199416,train
176151,train
175961,train
173694,train
202482,train
103648,train
200692,train
187800,train
200515,train
193648,train
220045,train
220125,train
219695,train
185835,train
207916,train
187188,train
119741,train
93782,train
105852,train
159136,train
207035,train
224525,train
197349,train
123676,train
182559,train
126159,train
179563,train
212205,train
222590,train
175252,train
204545,train
210658,train
183910,train
175233,train
191233,train
197799,train
219879,train
214720,train
192577,train
180486,train
214691,train
172031,train
206829,train
199685,train
223657,train
185345,train
178160,train
181925,train
192801,train
176077,train
201941,train
175699,train
198978,train
184890,train
222939,train
184581,train
187013,train
221693,train
171879,train
170339,train
203676,train
186370,train
171932,train
179704,train
121236,train
127674,train
212054,train
188696,train
173216,train
173039,train
181527,train
211985,train
185489,train
185549,train
180467,train
208391,train
220418,train
181043,train
167837,train
208242,train
126081,train
220351,train
178706,train
221017,train
193494,train
206717,train
103643,train
185882,train
199376,train
133584,train
221781,train
175777,train
198055,train
196858,train
214354,train
197555,train
200417,train
224287,train
213635,train
138126,train
180097,train
184186,train
184456,train
210684,train
188823,train
201188,train
182595,train
221383,train
169148,train
191566,train
184003,train
208580,train
174958,train
185289,train
202048,train
182424,train
186498,train
172563,train
177313,train
183326,train
194500,train
190741,train
173239,train
200095,train
218454,train
119909,train
165887,train
184119,train
185906,train
221847,train
177630,train
180610,train
221557,train
178260,train
122061,train
223227,train
185966,train
121532,train
195811,train
183792,train
174530,train
198760,train
137508,train
187105,train
203671,train
172323,train
177224,train
175702,train
180360,train
198538,train
120896,train
199458,train
179910,train
221152,train
227665,train
209871,train
227358,train
190060,train
146491,train
188492,train
223806,train
127337,train
202512,train
205624,train
205857,train
130780,train
121372,train
182250,train
129421,train
222047,train
145251,train
134644,train
227526,train
187826,train
193869,train
185275,train
173674,train
176049,train
223623,train
93783,train
174117,train
174112,train
201538,train
169358,train
184928,train
214722,train
194917,train
176365,train
118662,train
178769,train
220526,train
181067,train
197872,train
176275,train
175076,train
152065,train
173014,train
177567,train
175335,train
97522,train
199619,train
200563,train
183267,train
175469,train
184238,train
226720,train
171973,train
141200,train
219121,train
174798,train
184152,train
174865,train
181957,train
186863,train
195287,train
222889,train
179076,train
105397,train
170951,train
182493,train
185468,train
199691,train
177111,train
197222,train
188702,train
202001,train
227530,train
179329,train
171356,train
192389,train
209410,train
146808,train
187411,train
189572,train
175386,train
192774,train
196699,train
171785,train
189322,train
184956,train
195412,train
186524,train
184417,train
150764,train
124316,train
173735,train
194691,train
174882,train
222670,train
224558,train
125890,train
204064,train
219865,train
179164,train
183762,train
121963,train
200221,train
126163,train
138066,train
205197,train
133579,train
180645,train
136971,train
216031,train
172853,train
222608,train
226299,train
176060,train
180951,train
193004,train
225992,train
192863,train
220650,train
194264,train
119558,train
221745,train
203105,train
191959,train
169658,train
196122,train
223210,train
124676,train
220840,train
180571,train
220651,train
194703,train
208775,train
184732,train
221201,train
120483,train
223648,train
201602,train
184195,train
223543,train
126014,train
223039,train
206820,train
198707,train
227383,train
169131,train
204573,train
183339,train
224054,train
189830,train
200987,train
183543,train
186022,train
224056,train
179487,train
179939,train
191151,train
144220,train
223923,train
182618,train
217747,train
120320,train
190071,train
186884,train
198768,train
199361,train
201437,train
175600,train
198371,train
183521,train
193474,train
175511,train
195826,train
100580,train
176339,train
174414,train
223108,train
223474,train
171406,train
206644,train
182571,train
174368,train
180375,train
171946,train
175154,train
212185,train
178458,train
174339,train
199499,train
184977,train
220782,train
182091,train
122045,train
206856,train
187905,train
186866,train
179231,train
168492,train
127164,train
176245,train
223056,train
205420,train
204604,train
125046,train
166146,train
208210,train
193120,train
182720,train
177067,train
177771,train
200190,train
173004,train
183576,train
221524,train
178756,train
172923,train
222200,train
183914,train
204872,train
176074,train
199466,train
195010,train
211518,train
221016,train
178359,train
197069,train
192571,train
182240,train
179818,train
200689,train
174056,train
181655,train
182673,train
216363,train
142670,train
213483,train
125490,train
168187,train
214453,train
201960,train
207923,train
176449,train
224267,train
201663,train
188224,train
211401,train
178167,train
227516,train
137407,train
201610,train
206016,train
134646,train
221531,train
182476,train
190669,train
222955,train
175541,train
178475,train
219883,train
182666,train
200507,train
194072,train
174894,train
223929,train
223030,train
176363,train
180575,train
183586,train
206040,train
200082,train
173151,train
226051,train
186458,train
222837,train
192342,train
130649,train
100559,train
185608,train
209200,train
221837,train
197758,train
206843,train
187239,train
225550,train
208203,train
125548,train
183987,train
183566,train
137528,train
209685,train
224989,train
185709,train
219468,train
172971,train
141594,train
181962,train
219428,train
220488,train
200192,train
172001,train
178668,train
179238,train
218491,train
206343,train
178547,train
180821,train
195829,train
200164,train
189360,train
183585,train
130173,train
223217,train
182371,train
118691,train
181186,train
184041,train
200023,train
133574,train
181600,train
202331,train
192042,train
169123,train
137149,train
205878,train
172606,train
193662,train
178687,train
217718,train
183686,train
175041,train
227271,train
137099,train
196853,train
129995,train
147486,train
194716,train
180329,train
220033,train
219582,train
187358,train
211517,train
180268,train
183540,train
228143,train
203814,train
121702,train
195319,train
221848,train
225557,train
191126,train
200886,train
192809,train
200924,train
176283,train
184510,train
184979,train
178619,train
171768,train
120999,train
183305,train
218114,train
181983,train
179724,train
190758,train
220202,train
190078,train
227264,train
176854,train
188192,train
192555,train
223993,train
172926,train
195299,train
201683,train
225938,train
167833,train
221649,train
196545,train
189095,train
176177,train
196812,train
222930,train
194928,train
136913,train
173561,train
171358,train
208931,train
102126,train
123368,train
190103,train
117829,train
200477,train
211910,train
226616,train
123010,train
182731,train
119747,train
188818,train
195612,train
169304,train
144131,train
212661,train
211744,train
125540,train
183303,train
177973,train
138581,train
214977,train
185773,train
173560,train
224045,train
209927,train
184051,train
220603,train
221475,train
176879,train
227039,train
185495,train
213043,train
204712,train
228200,train
188720,train
182126,train
220542,train
180492,train
181765,train
188402,train
173502,train
196676,train
180835,train
203481,train
184410,train
143261,train
199217,train
186495,train
186443,train
208179,train
190347,train
223912,train
185383,train
228009,train
178065,train
121846,train
200391,train
172191,train
219767,train
206190,train
202102,train
222950,train
130765,train
175955,train
118426,train
181365,train
176599,train
204802,train
167878,train
204666,train
219418,train
190139,train
201001,train
172225,train
202820,train
182420,train
220476,train
208603,train
186071,train
214741,train
137142,train
213220,train
173907,train
200644,train
173396,train
173473,train
178945,train
184637,train
127134,train
183441,train
186823,train
100570,train
120675,train
189735,train
200419,train
199418,train
206342,train
184566,train
212023,train
168196,train
181931,train
105806,train
189459,train
198375,train
193576,train
192303,train
176694,train
175001,train
205563,train
180924,train
189436,train
200912,train
177291,train
212473,train
221012,train
222604,train
143518,train
185893,train
176169,train
189533,train
127187,train
180724,train
193406,train
174916,train
188420,train
93571,train
221555,train
98750,train
193495,train
208633,train
198815,train
182836,train
223061,train
186358,train
171552,train
137335,train
122856,train
122757,train
218481,train
201670,train
185138,train
181879,train
220120,train
197534,train
202733,train
125803,train
200083,train
193428,train
204029,train
122616,train
187050,train
191696,train
177431,train
199936,train
199252,train
171953,train
182007,train
223465,train
190079,train
166198,train
211522,train
180295,train
174693,train
226976,train
172944,train
123462,train
179545,train
119572,train
171390,train
176047,train
182614,train
207830,train
183912,train
118566,train
200867,train
192200,train
188156,train
142798,train
181084,train
223862,train
173003,train
178762,train
224166,train
122709,train
177811,train
178879,train
185246,train
172382,train
220152,train
179653,train
183152,train
179637,train
131284,train
201147,train
190014,train
214697,train
174661,train
211442,train
184408,train
165981,train
184127,train
181234,train
176714,train
129989,train
209046,train
183612,train
166923,train
171132,train
182377,train
224158,train
137031,train
209265,train
199006,train
188128,train
187676,train
129996,train
225336,train
203426,train
219111,train
176111,train
178395,train
204083,train
204919,train
191353,train
222580,train
195022,train
206350,train
174380,train
175440,train
188543,train
191919,train
178829,train
217644,train
211526,train
127301,train
193591,train
189034,train
195388,train
225031,train
194605,train
174834,train
180652,train
224351,train
198785,train
191803,train
227482,train
127901,train
220332,train
197947,train
227089,train
177299,train
227231,train
123933,train
111156,train
205812,train
121033,train
118489,train
169220,train
208228,train
120323,train
172977,train
184287,train
218940,train
208687,train
172956,train
211203,train
195839,train
227048,train
168945,train
178514,train
198231,train
181313,train
221755,train
192722,train
226159,train
82250,train
200870,train
211228,train
175568,train
205076,train
182537,train
184716,train
197191,train
204801,train
122255,train
186539,train
201500,train
209292,train
171108,train
199727,train
223729,train
192692,train
202207,train
200593,train
195155,train
197721,train
175623,train
123286,train
200597,train
218296,train
224157,train
208951,train
203334,train
176746,train
169094,train
130911,train
208545,train
188103,train
201481,train
226413,train
125538,train
186880,train
210883,train
177928,train
203601,train
186372,train
188422,train
170208,train
142802,train
210579,train
172492,train
183876,train
186815,train
203708,train
171375,train
178355,train
129289,train
198801,train
185879,train
188088,train
178591,train
186964,train
200182,train
176852,train
184930,train
171581,train
182754,train
175012,train
221697,train
185562,train
208085,train
125991,train
215775,train
204818,train
213201,train
218576,train
190205,train
177925,train
190587,train
221849,train
220184,train
178566,train
177934,train
222252,train
172935,train
178451,train
185837,train
125434,train
202152,train
211307,train
191555,train
220578,train
177459,train
192808,train
202745,train
104764,train
227731,train
196266,train
155793,train
197190,train
203813,train
180935,train
195297,train
223949,train
177676,train
188662,train
217683,train
153130,train
178151,train
125420,train
182651,train
211366,train
222000,train
188203,train
205139,train
192636,train
190805,train
190742,train
98744,train
134311,train
170441,train
182852,train
174893,train
226387,train
185699,train
177752,train
227260,train
172571,train
179539,train
124080,train
206897,train
212470,train
225361,train
145393,train
207683,train
196813,train
169521,train
184655,train
199369,train
195746,train
221833,train
206038,train
180666,train
168218,train
195097,train
197265,train
199624,train
172280,train
174237,train
193879,train
173764,train
194958,train
198511,train
180796,train
211822,train
90827,train
178822,train
194692,train
170301,train
126016,train
180012,train
199967,train
172796,train
227259,train
198935,train
89794,train
172863,train
195152,train
210624,train
205005,train
223934,train
193047,train
180691,train
196641,train
182027,train
195191,train
180538,train
193715,train
226650,train
221918,train
185365,train
175650,train
120305,train
223809,train
172233,train
218972,train
181508,train
181853,train
219398,train
185662,train
171993,train
192265,train
182845,train
183839,train
171110,train
222381,train
212481,train
175823,train
195734,train
180766,train
188614,train
130994,train
192246,train
224481,train
105017,train
100558,train
197274,train
205296,train
210702,train
198440,train
216896,train
224043,train
168144,train
172801,train
214364,train
214502,train
198614,train
220557,train
185120,train
218063,train
202790,train
177421,train
190308,train
219008,train
180698,train
124792,train
177792,train
200601,train
224343,train
203252,train
178699,train
205061,train
192784,train
173932,train
187859,train
175835,train
180775,train
220492,train
184749,train
172656,train
203585,train
223514,train
207482,train
192767,train
192761,train
223741,train
200298,train
226405,train
165915,train
211335,train
199937,train
200003,train
194995,train
191553,train
105395,train
224638,train
184773,train
178215,train
182882,train
118724,train
211781,train
209935,train
200114,train
178731,train
206153,train
171522,train
221810,train
188158,train
196822,train
175395,train
180969,train
177215,train
193427,train
189771,train
126160,train
211226,train
177359,train
219238,train
218435,train
176246,train
174915,train
209122,train
136177,train
176810,train
182295,train
177339,train
221567,train
206749,train
223499,train
209360,train
219007,train
196950,train
222079,train
172779,train
205882,train
207670,train
219313,train
179989,train
137350,train
194981,train
144209,train
200970,train
203540,train
200423,train
145464,train
127907,train
177008,train
218971,train
153169,train
204204,train
181816,train
187107,train
222773,train
182814,train
205925,train
197923,train
174193,train
186813,train
223435,train
175276,train
176679,train
123267,train
181184,train
181306,train
192061,train
208188,train
105461,train
205397,train
120329,train
196645,train
175319,train
187410,train
171987,train
193727,train
222682,train
122107,train
200905,train
143309,train
177014,train
187054,train
198499,train
185883,train
185066,train
201552,train
223400,train
198705,train
223750,train
168020,train
195756,train
198585,train
218688,train
170846,train
181619,train
194090,train
214440,train
172582,train
202474,train
178856,train
202483,train
220442,train
176379,train
193184,train
181149,train
176855,train
183481,train
227679,train
125693,train
170950,train
124850,train
197720,train
223523,train
180597,train
183697,train
169150,train
142866,train
187383,train
189890,train
204714,train
177489,train
189806,train
177724,train
222038,train
180831,train
185296,train
195054,train
220918,train
131021,train
131287,train
174969,train
171611,train
184818,train
120890,train
214310,train
175433,train
73604,train
221759,train
144728,train
126226,train
174886,train
196825,train
173404,train
139712,train
221365,train
216457,train
176315,train
220368,train
171878,train
133680,train
131795,train
126759,train
176860,train
173137,train
226376,train
181519,train
196703,train
184793,train
185817,train
226296,train
173451,train
174240,train
211448,train
219796,train
172415,train
183144,train
198657,train
118537,train
197783,train
203775,train
184165,train
205590,train
118235,train
190046,train
104815,train
204834,train
176821,train
166278,train
140238,train
178972,train
180559,train
200015,train
198795,train
214623,train
227330,train
172214,train
177268,train
189096,train
174764,train
175047,train
179540,train
207206,train
205809,train
228040,train
93510,train
186290,train
185865,train
177469,train
219100,train
208090,train
203140,train
201332,train
174550,train
224173,train
214392,train
137955,train
177247,train
176909,train
195321,train
197144,train
227087,train
195775,train
173466,train
212058,train
223174,train
118744,train
223517,train
222559,train
196965,train
175630,train
207450,train
184687,train
212592,train
175475,train
118177,train
181849,train
198804,train
186020,train
222147,train
179668,train
218911,train
120899,train
207497,train
125812,train
197935,train
197108,train
196453,train
127537,train
221665,train
173571,train
122631,train
205911,train
137986,train
189647,train
211485,train
184728,train
211783,train
118563,train
133682,train
227406,train
212235,train
198436,train
218030,train
181851,train
168580,train
183721,train
190144,train
214685,train
222625,train
193408,train
204548,train
127331,train
185982,train
173437,train
169178,train
174491,train
219013,train
227553,train
183479,train
196117,train
165997,train
176902,train
173914,train
186108,train
217580,train
221507,train
205642,train
134654,train
202464,train
225546,train
121549,train
223661,train
202463,train
130555,train
117929,train
176822,train
179691,train
197879,train
195047,train
203389,train
96429,train
180341,train
139102,train
124226,train
184731,train
191329,train
220837,train
177232,train
118736,train
119865,train
188111,train
208659,train
118397,train
199005,train
196290,train
92795,train
186264,train
175652,train
222588,train
207806,train
224219,train
145371,train
227510,train
176515,train
193441,train
180536,train
188915,train
194704,train
217768,train
223126,train
172968,train
212842,train
189129,train
222697,train
179254,train
191319,train
177722,train
189211,train
128821,train
105433,train
181039,train
152296,train
194622,train
169611,train
197051,train
174876,train
182009,train
221905,train
186104,train
174325,train
145432,train
118723,train
165922,train
212969,train
205719,train
184101,train
214060,train
220419,train
223000,train
218182,train
221070,train
189631,train
197550,train
181480,train
224568,train
168465,train
178783,train
185487,train
182653,train
184330,train
127297,train
202130,train
168135,train
204971,train
173658,train
176513,train
202729,train
210971,train
221088,train
124082,train
166920,train
171554,train
188669,train
183963,train
212652,train
205387,train
175215,train
227743,train
185203,train
177343,train
122865,train
222323,train
129842,train
211782,train
176828,train
173150,train
189759,train
173738,train
189472,train
220688,train
203586,train
177527,train
200611,train
176230,train
184997,train
196694,train
181882,train
227491,train
188100,train
176680,train
223881,train
181885,train
224524,train
174591,train
196441,train
184174,train
184198,train
124223,train
174351,train
178692,train
223469,train
214441,train
177780,train
182581,train
126228,train
224181,train
173732,train
218772,train
175574,train
203541,train
224445,train
183726,train
221764,train
125163,train
200264,train
190961,train
138665,train
185201,train
220326,train
131612,train
130787,train
120354,train
197692,train
167319,train
105384,train
190692,train
181855,train
174765,train
175935,train
181055,train
184457,train
227221,train
175127,train
133694,train
172825,train
195188,train
214445,train
205486,train
227263,train
174494,train
210757,train
192730,train
123937,train
188663,train
181501,train
223065,train
196792,train
184150,train
219915,train
192558,train
182202,train
188761,train
219803,train
220641,train
127137,train
221125,train
187727,train
128893,train
195016,train
174888,train
198593,train
200087,train
173508,train
181146,train
198543,train
190696,train
195518,train
227323,train
196635,train
188602,train
119515,train
224276,train
226721,train
138645,train
201234,train
212513,train
188059,train
183445,train
199875,train
221790,train
220265,train
221465,train
223718,train
176508,train
224944,train
219457,train
131123,train
188958,train
171609,train
173430,train
184688,train
199971,train
175315,train
183904,train
223879,train
196099,train
201590,train
198040,train
170960,train
200589,train
189629,train
145323,train
174921,train
175921,train
187215,train
173332,train
183919,train
173752,train
178952,train
173136,train
182066,train
120076,train
183199,train
152142,train
183641,train
199591,train
175413,train
213578,train
125813,train
206396,train
223591,train
125416,train
182058,train
220122,train
100564,train
182088,train
136962,train
176220,train
152983,train
181956,train
120531,train
223195,train
209687,train
224922,train
224535,train
185470,train
205502,train
183647,train
211231,train
221904,train
189464,train
190020,train
180661,train
218097,train
190808,train
225133,train
171118,train
186926,train
201283,train
221646,train
182398,train
174140,train
168622,train
179471,train
194669,train
193674,train
221692,train
179820,train
212277,train
189027,train
179178,train
172604,train
217631,train
227251,train
175685,train
222619,train
214361,train
173208,train
181332,train
207677,train
210697,train
209308,train
202114,train
218975,train
223717,train
122700,train
167894,train
227339,train
221839,train
192418,train
217790,train
201337,train
93796,train
205620,train
190138,train
126221,train
219906,train
212589,train
181652,train
202447,train
184901,train
186013,train
200165,train
174659,train
193744,train
188148,train
172303,train
174563,train
219077,train
225937,train
226772,train
181106,train
170175,train
183553,train
224141,train
177908,train
213142,train
185537,train
192768,train
121341,train
134444,train
199327,train
177824,train
184690,train
174395,train
176692,train
125556,train
205861,train
218216,train
203741,train
183507,train
220044,train
177499,train
187830,train
203144,train
185232,train
183677,train
212399,train
198300,train
201215,train
194620,train
200583,train
177573,train
179495,train
172531,train
176777,train
172754,train
185187,train
176833,train
227797,train
100569,train
180396,train
198360,train
221712,train
194610,train
199141,train
176250,train
205600,train
214717,train
202468,train
190584,train
124956,train
138077,train
223089,train
173030,train
186415,train
186271,train
123868,train
184343,train
178570,train
224210,train
196477,train
221769,train
181260,train
154462,train
190212,train
177484,train
134964,train
217073,train
183192,train
173259,train
179933,train
220141,train
201207,train
123432,train
122971,train
180642,train
198414,train
205065,train
169625,train
92802,train
175394,train
197286,train
200536,train
194908,train
227725,train
204540,train
188802,train
185840,train
227795,train
211375,train
182063,train
199261,train
181929,train
201200,train
207981,train
173271,train
200294,train
174793,train
188646,train
145455,train
221748,train
184792,train
174975,train
201678,train
183340,train
185797,train
175031,train
191987,train
214059,train
118233,train
186954,train
182896,train
121408,train
187495,train
179130,train
175048,train
189739,train
228151,train
227517,train
190967,train
183232,train
174823,train
184146,train
177372,train
92774,train
125581,train
217911,train
206498,train
185017,train
218941,train
192898,train
209678,train
203487,train
126335,train
211600,train
193730,train
185052,train
181730,train
173016,train
200210,train
199755,train
171756,train
176320,train
192701,train
220142,train
192308,train
220626,train
200162,train
176282,train
174698,train
197167,train
175612,train
193499,train
224971,train
213226,train
179434,train
186039,train
125613,train
174769,train
185197,train
184318,train
179715,train
138488,train
179253,train
180934,train
198434,train
201974,train
202635,train
219689,train
77847,train
201264,train
121374,train
178684,train
188204,train
180649,train
168643,train
223475,train
182860,train
222712,train
221480,train
173548,train
172811,train
226290,train
183877,train
207671,train
217682,train
228154,train
195774,train
203138,train
218908,train
219454,train
193413,train
214608,train
204864,train
199242,train
190527,train
205779,train
102041,train
174604,train
203553,train
122870,train
193348,train
176621,train
201435,train
203610,train
127728,train
170331,train
140024,train
179497,train
179501,train
201470,train
222824,train
200508,train
194867,train
173520,train
167693,train
199707,train
189752,train
148328,train
173043,train
202015,train
185658,train
196724,train
219598,train
189779,train
172668,train
176844,train
183324,train
207348,train
193483,train
187365,train
194094,train
137137,train
179893,train
122881,train
184005,train
189966,train
224453,train
206373,train
169998,train
194045,train
180588,train
177332,train
189736,train
182914,train
223563,train
227608,train
221153,train
168946,train
188117,train
199579,train
184149,train
210978,train
179855,train
186998,train
186887,train
166893,train
185156,train
172353,train
185068,train
201390,train
174404,train
222827,train
204028,train
190927,train
184237,train
191159,train
222675,train
216167,train
181092,train
176020,train
184713,train
187002,train
187256,train
180047,train
207682,train
225549,train
201666,train
217901,train
219161,train
184931,train
183978,train
153009,train
201774,train
165985,train
206327,train
133596,train
191290,train
186281,train
211654,train
224297,train
182737,train
227307,train
210687,train
124338,train
220094,train
191594,train
166892,train
220689,train
185413,train
198575,train
180318,train
131140,train
195938,train
182826,train
181870,train
226273,train
177004,train
174406,train
185325,train
130115,train
167994,train
124820,train
190346,train
175460,train
203493,train
180016,train
195288,train
140156,train
186864,train
214989,train
125563,train
124861,train
171913,train
190077,train
192819,train
201579,train
179638,train
184888,train
177221,train
133630,train
193886,train
199786,train
200645,train
170992,train
200910,train
220054,train
185526,train
173594,train
180469,train
206759,train
176737,train
184008,train
138691,train
177642,train
126105,train
177671,train
219529,train
183307,train
225974,train
176143,train
186390,train
176166,train
182296,train
175868,train
187400,train
177873,train
189154,train
180539,train
197386,train
176780,train
213157,train
176280,train
196532,train
180030,train
222565,train
119500,train
188540,train
175655,train
226741,train
204774,train
142795,train
203291,train
102039,train
146396,train
199675,train
175915,train
189596,train
185196,train
176875,train
211309,train
211992,train
182498,train
125472,train
191685,train
220299,train
203003,train
177614,train
198753,train
227124,train
145398,train
199463,train
175676,train
150196,train
224425,train
201270,train
219413,train
100033,train
214743,train
223063,train
142543,train
224304,train
169108,train
154191,train
179914,train
207926,train
173263,train
185270,train
167835,train
192628,train
178335,train
202069,train
184505,train
172426,train
201162,train
211832,train
181513,train
187917,train
175216,train
149343,train
197979,train
168440,train
181993,train
223539,train
190050,train
225955,train
169006,train
206490,train
131130,train
93581,train
201315,train
189213,train
120448,train
120479,train
209988,train
167171,train
227009,train
180436,train
184718,train
218445,train
168210,train
178805,train
197996,train
177799,train
213481,train
219374,train
171352,train
105850,train
221314,train
100579,train
171705,train
175004,train
172406,train
193300,train
224662,train
214415,train
170961,train
181107,train
191065,train
181608,train
180389,train
127310,train
205422,train
137387,train
166914,train
181559,train
193690,train
206139,train
165833,train
189417,train
171551,train
179347,train
208341,train
183328,train
203163,train
186827,train
223998,train
222261,train
176173,train
175208,train
221063,train
203475,train
137939,train
183561,train
218547,train
179649,train
183817,train
225028,train
173909,train
182716,train
138672,train
96829,train
127896,train
120326,train
120584,train
168174,train
182421,train
224593,train
199239,train
179122,train
224262,train
193942,train
181456,train
171982,train
169128,train
211765,train
187879,train
200744,train
199639,train
199987,train
183679,train
223553,train
181841,train
125427,train
182443,train
179054,train
196268,train
185984,train
185985,train
188038,train
219075,train
196693,train
219341,train
190807,train
199610,train
207144,train
207584,train
225078,train
221887,train
199198,train
183504,train
126708,train
198401,train
212228,train
184037,train
185868,train
142382,train
207808,train
170959,train
199058,train
190345,train
182254,train
175794,train
172598,train
138069,train
228039,train
222129,train
203634,train
181840,train
199999,train
187912,train
224597,train
220552,train
177235,train
166814,train
217180,train
150254,train
189372,train
209688,train
217189,train
125428,train
150903,train
191933,train
219522,train
193804,train
178630,train
172488,train
184288,train
185656,train
186015,train
133703,train
125503,train
137903,train
174776,train
181324,train
197110,train
179750,train
184782,train
181711,train
200097,train
223568,train
169080,train
219650,train
224529,train
222488,train
182657,train
185719,train
197083,train
218981,train
184309,train
181224,train
177571,train
173584,train
93275,train
179062,train
103509,train
188829,train
96369,train
183431,train
125819,train
181052,train
172270,train
199372,train
198492,train
184995,train
121923,train
175086,train
172822,train
172418,train
125805,train
167879,train
177719,train
209975,train
176900,train
222731,train
188906,train
119894,train
210781,train
193748,train
185188,train
196464,train
223987,train
193401,train
207273,train
220136,train
137308,train
177545,train
184190,train
222120,train
224128,train
108842,train
215748,train
120459,train
198180,train
152073,train
175675,train
182334,train
219544,train
224014,train
206566,train
224475,train
171148,train
201364,train
178403,train
211592,train
224051,train
121941,train
190141,train
145741,train
204699,train
195856,train
223521,train
197078,train
184450,train
224537,train
185149,train
179998,train
184182,train
201902,train
173471,train
207143,train
222144,train
174658,train
189025,train
202855,train
177487,train
200155,train
187268,train
133617,train
195312,train
181585,train
219248,train
214979,train
120998,train
225142,train
194839,train
193377,train
205681,train
222204,train
222019,train
188890,train
186999,train
193610,train
222002,train
185346,train
175939,train
202286,train
185615,train
186064,train
195159,train
202009,train
181646,train
192771,train
201559,train
222300,train
205565,train
171523,train
177328,train
188747,train
202446,train
192327,train
189784,train
213472,train
222321,train
212070,train
184580,train
183508,train
221993,train
169471,train
184297,train
195861,train
187801,train
202281,train
223627,train
120464,train
183781,train
193599,train
206543,train
203472,train
143587,train
184813,train
155772,train
137330,train
156070,train
150775,train
190595,train
201609,train
200853,train
167728,train
196794,train
122050,train
179483,train
207554,train
226295,train
172983,train
187802,train
174813,train
176241,train
170977,train
181162,train
174851,train
177589,train
170397,train
122101,train
165934,train
185990,train
221874,train
221299,train
175052,train
202440,train
221922,train
181182,train
184761,train
177746,train
221333,train
171131,train
212476,train
223396,train
227695,train
125987,train
198056,train
176001,train
198548,train
211411,train
196821,train
193045,train
200667,train
179241,train
169143,train
172871,train
123677,train
171145,train
179373,train
175006,train
169336,train
187355,train
183327,train
200866,train
179358,train
200986,train
192746,train
182408,train
221305,train
212727,train
176625,train
219719,train
180399,train
175558,train
219491,train
184416,train
179490,train
125558,train
209038,train
224052,train
221412,train
202081,train
178742,train
199152,train
123274,train
193625,train
174052,train
226264,train
182492,train
188223,train
179045,train
183450,train
186298,train
209716,train
200596,train
190700,train
172263,train
221613,train
204657,train
221585,train
208518,train
224775,train
187341,train
209942,train
136803,train
183146,train
171354,train
178453,train
126146,train
146605,train
176596,train
216165,train
202305,train
180726,train
145789,train
196819,train
220780,train
178071,train
201621,train
181910,train
189310,train
182298,train
150920,train
175202,train
226765,train
205609,train
193982,train
222053,train
174545,train
195170,train
117831,train
199269,train
137315,train
127673,train
219918,train
171410,train
174804,train
178590,train
186405,train
227688,train
192412,train
184819,train
133674,train
176773,train
196630,train
208190,train
201150,train
186285,train
202158,train
185860,train
194893,train
226686,train
206672,train
201004,train
172540,train
174100,train
188955,train
171854,train
175090,train
200964,train
178823,train
176751,train
167354,train
227032,train
179908,train
196232,train
180640,train
225055,train
118731,train
227652,train
135792,train
225408,train
221733,train
175738,train
201813,train
200895,train
199402,train
126769,train
172470,train
181898,train
174323,train
168612,train
170991,train
176570,train
123231,train
206960,train
121725,train
202755,train
166929,train
118201,train
180728,train
207449,train
213611,train
177465,train
180002,train
226760,train
177919,train
177809,train
199133,train
117846,train
223573,train
175346,train
182360,train
125526,train
222054,train
190749,train
176721,train
184781,train
200588,train
174354,train
222233,train
168899,train
202794,train
195487,train
183356,train
120788,train
119519,train
176042,train
197528,train
125695,train
205465,train
176458,train
211214,train
227488,train
190770,train
181178,train
146390,train
129875,train
184593,train
179249,train
172706,train
183373,train
172947,train
189294,train
176918,train
201588,train
182668,train
173267,train
175103,train
188450,train
178104,train
214612,train
127113,train
188697,train
203052,train
178443,train
189716,train
201417,train
103653,train
125804,train
217636,train
176265,train
223969,train
193585,train
224494,train
198301,train
171412,train
187260,train
198793,train
204039,train
206544,train
219727,train
179983,train
218436,train
223958,train
219550,train
226788,train
195983,train
196723,train
145370,train
197188,train
220345,train
224000,train
207911,train
178757,train
176762,train
175782,train
200472,train
200528,train
222651,train
198725,train
189953,train
184426,train
134528,train
225944,train
207579,train
190065,train
185693,train
223708,train
137312,train
212465,train
180482,train
219662,train
86323,train
178846,train
170845,train
227315,train
96946,train
96981,train
180889,train
183377,train
221639,train
209639,train
186879,train
182201,train
173160,train
205499,train
152946,train
182604,train
190030,train
205001,train
211507,train
168687,train
196860,train
223519,train
226979,train
220290,train
201850,train
174677,train
204609,train
185507,train
183659,train
205605,train
179127,train
224033,train
120417,train
131561,train
188911,train
185216,train
212533,train
196845,train
202410,train
180285,train
183525,train
218730,train
184340,train
206045,train
188124,train
179623,train
195777,train
219607,train
192495,train
219724,train
191802,train
175254,train
196468,train
174610,train
222394,train
119861,train
172413,train
207848,train
178982,train
178943,train
205656,train
183568,train
200139,train
191966,train
97541,train
98747,train
179712,train
204702,train
203617,train
176866,train
183365,train
200642,train
200444,train
187924,train
209862,train
130770,train
181436,train
178336,train
198627,train
173929,train
201718,train
224467,train
177881,train
195798,train
221829,train
208623,train
177337,train
174691,train
174985,train
177370,train
172421,train
167166,train
177538,train
187698,train
204693,train
176540,train
195296,train
134658,train
196148,train
179482,train
201686,train
203390,train
227733,train
189458,train
168156,train
211415,train
177894,train
126233,train
171048,train
124853,train
177741,train
196808,train
200884,train
222854,train
207930,train
130130,train
182362,train
200469,train
172006,train
192119,train
189108,train
173579,train
182582,train
183346,train
178553,train
126728,train
220732,train
205360,train
181497,train
189531,train
137894,train
166876,train
203477,train
123288,train
185381,train
177285,train
179215,train
203653,train
93525,train
189264,train
219449,train
127171,train
227826,train
141711,train
197131,train
206631,train
189748,train
206579,train
178854,train
189964,train
215239,train
178680,train
220565,train
171842,train
221650,train
222285,train
224491,train
172518,train
178834,train
180662,train
143322,train
201985,train
224511,train
192974,train
183667,train
180531,train
197611,train
196620,train
181155,train
199018,train
219830,train
183138,train
199321,train
143310,train
173106,train
175603,train
166919,train
175260,train
190363,train
187819,train
182713,train
178286,train
203345,train
222371,train
182718,train
142868,train
129998,train
201255,train
188494,train
193661,train
219541,train
108743,train
173053,train
178695,train
188317,train
221416,train
173693,train
219436,train
188801,train
189853,train
192806,train
227022,train
202666,train
223887,train
222392,train
179162,train
185457,train
222977,train
221399,train
198237,train
206126,train
174529,train
196704,train
174055,train
200216,train
126573,train
183214,train
211233,train
168669,train
179492,train
219605,train
176683,train
166965,train
179017,train
212554,train
176593,train
171359,train
178431,train
174747,train
225977,train
197270,train
181680,train
219589,train
176863,train
172888,train
197343,train
179701,train
201186,train
209037,train
222833,train
198051,train
171162,train
227566,train
176495,train
227209,train
177249,train
178948,train
227219,train
198469,train
214613,train
177105,train
200358,train
200885,train
210616,train
117909,train
179456,train
212458,train
175447,train
125562,train
148370,train
168932,train
172235,train
122761,train
173787,train
223878,train
176769,train
175009,train
200099,train
187612,train
207854,train
194660,train
179751,train
174623,train
188139,train
134719,train
124019,train
185423,train
220827,train
199319,train
180464,train
223574,train
175115,train
193917,train
199457,train
219335,train
127095,train
172310,train
223528,train
192712,train
197074,train
125256,train
121256,train
189577,train
141706,train
198596,train
131029,train
175412,train
177503,train
194612,train
222645,train
96971,train
185364,train
175456,train
120971,train
120400,train
176271,train
214435,train
208322,train
199876,train
227691,train
193990,train
145302,train
181887,train
183423,train
138095,train
187023,train
182707,train
171992,train
185175,train
201370,train
199185,train
221991,train
195107,train
180978,train
170945,train
224205,train
223831,train
183936,train
199714,train
179155,train
177207,train
168588,train
195928,train
175143,train
227653,train
198446,train
118772,train
221792,train
196431,train
227203,train
181746,train
181647,train
173034,train
219345,train
217723,train
227555,train
194156,train
144981,train
172212,train
198759,train
183447,train
187373,train
187088,train
134716,train
139368,train
219071,train
223149,train
202709,train
176772,train
150853,train
191228,train
180897,train
220050,train
131565,train
167481,train
175732,train
172978,train
172432,train
219244,train
186756,train
194233,train
186476,train
119671,train
182076,train
221966,train
118624,train
181807,train
177331,train
211725,train
183410,train
167886,train
227523,train
175560,train
195030,train
125459,train
151467,train
168211,train
127909,train
175947,train
205519,train
169568,train
174311,train
222999,train
202167,train
126152,train
205920,train
176778,train
177715,train
181992,train
179577,train
188032,train
206865,train
227262,train
199671,train
220547,train
183597,train
177344,train
117948,train
222884,train
183743,train
227674,train
127328,train
145460,train
185459,train
220123,train
190247,train
222184,train
105377,train
118430,train
190792,train
118490,train
224767,train
184908,train
186819,train
212468,train
219797,train
199320,train
178545,train
171980,train
175920,train
198046,train
202837,train
225963,train
221564,train
180392,train
175865,train
188835,train
122136,train
126922,train
185386,train
181209,train
216866,train
186831,train
121965,train
219660,train
181806,train
177243,train
207063,train
218982,train
169760,train
185849,train
147005,train
180003,train
193462,train
192504,train
193009,train
220078,train
100568,train
183570,train
176785,train
187274,train
185336,train
218437,train
121616,train
179819,train
219520,train
223213,train
203564,train
187795,train
178593,train
193404,train
188879,train
223416,train
184000,train
182176,train
208392,train
196229,train
180530,train
173225,train
186110,train
220875,train
198329,train
196727,train
183556,train
223188,train
227738,train
221144,train
214363,train
180964,train
173468,train
137722,train
181734,train
193411,train
191363,train
222037,train
101713,train
183866,train
208539,train
181388,train
207557,train
222017,train
124325,train
180943,train
184153,train
138927,train
211367,train
178394,train
195750,train
127307,train
201412,train
172752,train
227466,train
176405,train
181664,train
222326,train
137091,train
203094,train
197223,train
219807,train
175653,train
194105,train
177464,train
178981,train
198207,train
133233,train
198623,train
189773,train
219947,train
190786,train
178867,train
194841,train
227216,train
226155,train
223147,train
215785,train
145246,train
223412,train
200974,train
205361,train
205796,train
218773,train
188250,train
172883,train
177327,train
181594,train
201567,train
190337,train
211391,train
120198,train
130760,train
193554,train
218749,train
184839,train
213664,train
180406,train
177214,train
183620,train
199701,train
222637,train
172497,train
173200,train
185293,train
221386,train
125536,train
201455,train
219886,train
220296,train
176466,train
204792,train
212924,train
105491,train
189394,train
174890,train
187158,train
124354,train
197236,train
196726,train
120480,train
197458,train
185265,train
180095,train
183027,train
224286,train
188573,train
201575,train
172446,train
201405,train
183891,train
212051,train
196702,train
181829,train
122883,train
185513,train
217971,train
187350,train
203199,train
176459,train
199702,train
222244,train
219765,train
186349,train
128825,train
183088,train
188316,train
182393,train
191632,train
122092,train
183657,train
176225,train
172891,train
217936,train
203805,train
122114,train
196924,train
180938,train
181053,train
227664,train
168134,train
208079,train
183195,train
177525,train
196461,train
179887,train
176318,train
175589,train
140352,train
148809,train
225467,train
178497,train
208983,train
184798,train
184460,train
176421,train
220155,train
153259,train
185145,train
174482,train
172957,train
223050,train
224044,train
200077,train
223804,train
183482,train
199172,train
200856,train
203193,train
181271,train
205524,train
179247,train
209045,train
201413,train
201849,train
184910,train
182308,train
144934,train
175218,train
188820,train
133232,train
206138,train
226267,train
172530,train
174389,train
172358,train
202416,train
198709,train
223131,train
197671,train
219394,train
188170,train
192556,train
184191,train
208676,train
179272,train
185297,train
171792,train
187560,train
181356,train
179791,train
202977,train
184310,train
187669,train
197129,train
225107,train
144988,train
174054,train
227439,train
168337,train
221541,train
200437,train
194661,train
170974,train
127905,train
194439,train
186021,train
175581,train
212452,train
108835,train
130118,train
171782,train
199941,train
178609,train
188903,train
217836,train
177650,train
213040,train
173593,train
170478,train
94126,train
191683,train
179654,train
201293,train
223721,train
183897,train
214369,train
181337,train
184352,train
212354,train
193785,train
212457,train
200903,train
123187,train
207357,train
183993,train
175926,train
186428,train
194266,train
201993,train
177793,train
125424,train
124997,train
180513,train
203550,train
133688,train
214631,train
183200,train
176035,train
184115,train
222342,train
180566,train
122008,train
192760,train
167896,train
127518,train
185823,train
109406,train
181029,train
182715,train
191618,train
180868,train
191591,train
194713,train
192053,train
196247,train
150756,train
221194,train
196743,train
117886,train
184741,train
187082,train
191513,train
96960,train
186828,train
190794,train
219812,train
180616,train
220503,train
173910,train
219395,train
221363,train
184494,train
218731,train
225140,train
176376,train
183884,train
189755,train
172373,train
150827,train
196907,train
171862,train
206554,train
201542,train
227033,train
222652,train
189742,train
208396,train
145404,train
219474,train
227693,train
119390,train
188568,train
222967,train
172761,train
205621,train
221761,train
184389,train
173557,train
143519,train
177628,train
193519,train
169135,train
183498,train
205411,train
183049,train
190641,train
203654,train
199143,train
118733,train
225302,train
223815,train
122213,train
201349,train
178598,train
200235,train
172577,train
214437,train
129769,train
185690,train
188754,train
178479,train
224431,train
219568,train
178089,train
143314,train
222022,train
200639,train
178385,train
180852,train
178444,train
187837,train
125045,train
227518,train
211447,train
202091,train
187811,train
175687,train
219397,train
221388,train
191143,train
223232,train
206673,train
176129,train
219349,train
191303,train
183692,train
172469,train
180377,train
123284,train
179386,train
212229,train
174863,train
223981,train
181191,train
182809,train
171147,train
145324,train
224232,train
178961,train
179657,train
175197,train
226266,train
221956,train
177568,train
167303,train
203287,train
178551,train
199243,train
222776,train
203415,train
211406,train
180018,train
209692,train
227513,train
179527,train
179147,train
176905,train
195793,train
221886,train
206818,train
186643,train
193919,train
182982,train
227220,train
212248,train
224359,train
189505,train
208263,train
182588,train
203165,train
200619,train
148927,train
221842,train
127579,train
120884,train
184447,train
194082,train
172936,train
185543,train
168171,train
177227,train
179732,train
118533,train
198435,train
180685,train
173777,train
219586,train
199216,train
129278,train
205079,train
124495,train
227286,train
195179,train
150840,train
184750,train
180300,train
101944,train
181034,train
176602,train
202024,train
196516,train
189534,train
207674,train
191236,train
192737,train
198405,train
219635,train
195239,train
180841,train
199374,train
126592,train
202705,train
184374,train
227229,train
217754,train
172967,train
177141,train
172404,train
168496,train
179370,train
181644,train
184845,train
199966,train
201295,train
193643,train
202241,train
123182,train
191585,train
216652,train
175587,train
218452,train
196735,train
183940,train
202681,train
225363,train
171895,train
171541,train
166864,train
184785,train
225108,train
198769,train
204869,train
179455,train
191955,train
139610,train
172143,train
212015,train
218766,train
223723,train
222671,train
124350,train
192269,train
189186,train
176009,train
186338,train
178639,train
186325,train
211412,train
178960,train
227774,train
225511,train
181828,train
120519,train
202413,train
193342,train
181375,train
219515,train
192700,train
184453,train
198816,train
182302,train
173232,train
214365,train
205578,train
222440,train
173779,train
222958,train
200534,train
217586,train
172899,train
180509,train
124224,train
223155,train
130634,train
171870,train
120567,train
214962,train
219639,train
197712,train
227454,train
173254,train
224521,train
223503,train
180073,train
178688,train
221318,train
178806,train
222764,train
221627,train
198367,train
178885,train
222693,train
200026,train
203401,train
193290,train
175938,train
221366,train
170408,train
227013,train
224131,train
180419,train
222890,train
177329,train
196462,train
199199,train
121608,train
172821,train
222076,train
173616,train
200585,train
180910,train
196631,train
227546,train
200412,train
186056,train
182045,train
219827,train
177301,train
179499,train
192041,train
183939,train
227338,train
199469,train
219180,train
197341,train
177574,train
214366,train
197120,train
131131,train
177728,train
129988,train
179549,train
180869,train
191152,train
183953,train
171524,train
187930,train
172014,train
202471,train
122632,train
224533,train
183991,train
179785,train
224332,train
219469,train
180637,train
222710,train
211429,train
200769,train
195858,train
189094,train
194707,train
224915,train
203245,train
185782,train
198181,train
178997,train
183473,train
213213,train
221858,train
188703,train
171582,train
179921,train
92691,train
185357,train
174519,train
173213,train
219566,train
206765,train
177904,train
187117,train
187884,train
176216,train
202172,train
171154,train
131126,train
212593,train
177308,train
188833,train
186648,train
196971,train
185519,train
201249,train
183560,train
222298,train
198008,train
226293,train
190942,train
126073,train
184117,train
221667,train
183729,train
206052,train
199728,train
210382,train
166871,train
192417,train
219083,train
221700,train
172857,train
201788,train
221181,train
183350,train
184189,train
176667,train
183388,train
176297,train
207185,train
180972,train
122710,train
171877,train
179255,train
181899,train
227116,train
212472,train
219971,train
205734,train
211298,train
177860,train
203147,train
202817,train
127092,train
221711,train
177926,train
196439,train
224907,train
195939,train
173871,train
175062,train
187825,train
194241,train
100576,train
172442,train
183896,train
184304,train
182469,train
203393,train
125802,train
175569,train
175246,train
200607,train
195654,train
220303,train
203430,train
220360,train
152075,train
209287,train
150897,train
179379,train
180676,train
203536,train
221098,train
180321,train
221864,train
212173,train
203604,train
126224,train
127298,train
120882,train
208542,train
199150,train
180332,train
193589,train
178197,train
171754,train
186967,train
221408,train
177210,train
203016,train
182039,train
198755,train
180335,train
186514,train
172107,train
176867,train
198937,train
176385,train
221548,train
199181,train
92713,train
178599,train
126003,train
199483,train
178886,train
182086,train
131372,train
219729,train
197884,train
121847,train
138140,train
200256,train
222351,train
206783,train
179618,train
191625,train
197509,train
204075,train
179882,train
208175,train
175313,train
224635,train
167840,train
205554,train
174393,train
92709,train
203509,train
202952,train
200525,train
182742,train
187547,train
121628,train
202046,train
204068,train
187352,train
209479,train
223165,train
124672,train
130774,train
188713,train
175770,train
181221,train
184387,train
190215,train
221794,train
177015,train
219643,train
180644,train
151831,train
92775,train
188447,train
168141,train
124235,train
220715,train
175236,train
224545,train
174355,train
210813,train
181153,train
180302,train
180144,train
221488,train
200010,train
174845,train
187276,train
179648,train
219681,train
183236,train
220288,train
137947,train
210852,train
214287,train
193850,train
172589,train
227018,train
169141,train
177510,train
189768,train
118571,train
187404,train
225056,train
223617,train
203043,train
173457,train
176944,train
186975,train
206552,train
201316,train
181906,train
206768,train
182338,train
225939,train
224192,train
186247,train
205876,train
222663,train
226329,train
217837,train
175432,train
208705,train
198583,train
180680,train
224454,train
205550,train
209866,train
180188,train
145386,train
221403,train
195541,train
177654,train
126777,train
127892,train
204073,train
184210,train
183926,train
87907,train
174559,train
195218,train
181278,train
220139,train
205665,train
134666,train
184438,train
178592,train
196646,train
179913,train
202675,train
169147,train
200977,train
209450,train
192868,train
200865,train
207635,train
189607,train
221530,train
173675,train
222886,train
191164,train
220424,train
197928,train
187413,train
201217,train
179143,train
187571,train
188548,train
199594,train
227078,train
224206,train
185844,train
219381,train
177921,train
186444,train
194151,train
222895,train
227227,train
192938,train
222479,train
220524,train
201589,train
186945,train
152980,train
186055,train
88766,train
192790,train
182752,train
189291,train
184626,train
221018,train
185256,train
208178,train
125425,train
172398,train
200126,train
118531,train
130568,train
182011,train
180519,train
193928,train
177957,train
194962,train
167726,train
221327,train
222338,train
175692,train
177581,train
217875,train
184314,train
227186,train
205453,train
196967,train
195044,train
187281,train
179730,train
222685,train
192650,train
185836,train
202295,train
200963,train
181180,train
172425,train
175583,train
196551,train
171943,train
183302,train
175867,train
223565,train
183689,train
219435,train
129862,train
192807,train
176479,train
185174,train
193653,train
219682,train
183434,train
120083,train
220608,train
198625,train
216153,train
190146,train
200102,train
176898,train
174633,train
183453,train
171109,train
217979,train
179069,train
181496,train
174352,train
178670,train
169482,train
105799,train
125732,train
221274,train
227462,train
175055,train
174275,train
190331,train
182002,train
172778,train
186810,train
181491,train
219160,train
127584,train
202203,train
184963,train
189898,train
196149,train
177018,train
168139,train
205393,train
127097,train
221869,train
204969,train
178330,train
209542,train
173282,train
174641,train
185177,train
201549,train
179389,train
215252,train
194712,train
204999,train
152976,train
227456,train
217722,train
205007,train
179774,train
198798,train
168096,train
185301,train
225009,train
185636,train
183205,train
187866,train
215225,train
188061,train
200600,train
198805,train
218744,train
196811,train
210260,train
177524,train
174951,train
195111,train
226538,train
188528,train
223653,train
201989,train
133687,train
223009,train
202150,train
105381,train
125806,train
85979,train
170994,train
185212,train
125599,train
191631,train
179427,train
195184,train
219055,train
186308,train
184859,train
186936,train
221202,train
183141,train
206231,train
183639,train
213216,train
212281,train
180008,train
179431,train
181722,train
221824,train
142863,train
193350,train
193310,train
167334,train
176325,train
188789,train
202969,train
192512,train
202060,train
175199,train
170218,train
199705,train
205868,train
177776,train
183013,train
184183,train
128816,train
123148,train
223754,train
222435,train
192201,train
177832,train
219350,train
124677,train
205501,train
166884,train
169156,train
185253,train
193583,train
184814,train
226997,train
203306,train
128885,train
225556,train
188236,train
223067,train
179466,train
183738,train
167711,train
209981,train
197280,train
176178,train
181376,train
137408,train
130982,train
170493,train
175091,train
218546,train
220902,train
203335,train
178971,train
130815,train
175945,train
179810,train
122247,train
196956,train
185498,train
127330,train
177250,train
185983,train
223538,train
181740,train
189795,train
185989,train
227843,train
222353,train
203583,train
220102,train
182318,train
214959,train
213199,train
182964,train
99597,train
193568,train
188765,train
172828,train
197285,train
138101,train
125771,train
184999,train
182300,train
145447,train
207580,train
192455,train
199208,train
205608,train
182047,train
128139,train
131127,train
178626,train
130706,train
190531,train
227532,train
152999,train
172376,train
171912,train
175231,train
224576,train
176201,train
223763,train
120692,train
180459,train
173391,train
186842,train
177104,train
221162,train
185497,train
183204,train
191923,train
202811,train
179302,train
171098,train
105457,train
177551,train
210613,train
177219,train
222623,train
178618,train
122011,train
195122,train
179433,train
184496,train
185035,train
223111,train
217726,train
185140,train
186023,train
181202,train
222464,train
206791,train
186453,train
212461,train
134725,train
179159,train
184052,train
224187,train
201465,train
184082,train
208695,train
181835,train
220721,train
173097,train
179095,train
190225,train
117918,train
207444,train
196818,train
205444,train
208481,train
198460,train
96404,train
204819,train
206858,train
175731,train
209921,train
219380,train
201979,train
211834,train
226747,train
178676,train
202065,train
178196,train
192321,train
175238,train
166934,train
102044,train
186804,train
176658,train
185811,train
184452,train
175100,train
173140,train
193618,train
227839,train
124594,train
198772,train
136959,train
203593,train
174944,train
182113,train
136958,train
222092,train
176159,train
183678,train
176013,train
183217,train
205182,train
180381,train
208872,train
218788,train
179098,train
181699,train
174632,train
148907,train
195494,train
131570,train
171969,train
200314,train
176196,train
223196,train
202155,train
190016,train
142869,train
176153,train
198660,train
204870,train
172575,train
134409,train
224565,train
108781,train
173094,train
198787,train
190173,train
188429,train
182916,train
206805,train
192279,train
178396,train
175085,train
143332,train
174057,train
192395,train
195301,train
196600,train
192596,train
177284,train
174790,train
225892,train
220440,train
184103,train
121403,train
179022,train
226971,train
171922,train
223372,train
125942,train
182587,train
211949,train
174452,train
183427,train
183382,train
181890,train
220545,train
184385,train
212482,train
128398,train
188746,train
220485,train
181686,train
185889,train
182082,train
204785,train
172927,train
176032,train
181050,train
154821,train
186906,train
200535,train
212322,train
185163,train
177315,train
224277,train
184172,train
204925,train
188773,train
214730,train
202210,train
190340,train
202255,train
179242,train
170557,train
184147,train
189499,train
200272,train
180042,train
179525,train
178642,train
219262,train
210810,train
173126,train
197185,train
143419,train
138068,train
180560,train
220869,train
178466,train
195181,train
182056,train
155362,train
217897,train
215240,train
188787,train
216464,train
223162,train
197086,train
177282,train
220055,train
184230,train
203141,train
122996,train
173308,train
188232,train
212876,train
218764,train
184708,train
122042,train
200224,train
223472,train
208986,train
182320,train
199940,train
190935,train
192818,train
212506,train
118407,train
209284,train
145249,train
218942,train
175548,train
193276,train
226821,train
183972,train
137890,train
134563,train
185426,train
194976,train
220252,train
193993,train
189258,train
190760,train
176092,train
191312,train
137148,train
187817,train
204794,train
204559,train
195885,train
183656,train
220496,train
185248,train
183421,train
189215,train
221816,train
188534,train
206957,train
225979,train
176422,train
180692,train
167177,train
184206,train
208338,train
185395,train
203439,train
222732,train
203539,train
200306,train
194626,train
178554,train
181414,train
197350,train
190068,train
172319,train
195178,train
198728,train
178679,train
196274,train
209044,train
193849,train
205417,train
117497,train
200465,train
201014,train
208320,train
186826,train
194087,train
211559,train
198000,train
129991,train
195295,train
117783,train
146386,train
131286,train
220560,train
227444,train
211458,train
224368,train
183732,train
208364,train
198302,train
212926,train
224539,train
172642,train
227730,train
176418,train
181139,train
220525,train
181915,train
220486,train
185721,train
185598,train
197224,train
173431,train
220348,train
184944,train
122183,train
197912,train
138698,train
200738,train
172973,train
204717,train
182711,train
171925,train
193722,train
179383,train
197119,train
178218,train
201624,train
223608,train
223803,train
176848,train
196121,train
220900,train
224598,train
227053,train
199732,train
174029,train
200180,train
132051,train
198981,train
173607,train
196601,train
187661,train
196572,train
205616,train
193570,train
199597,train
173002,train
209541,train
174299,train
139275,train
173174,train
188179,train
220865,train
175284,train
190226,train
125468,train
182558,train
182109,train
178295,train
170335,train
181687,train
189131,train
221962,train
181450,train
227014,train
176796,train
184630,train
203820,train
222760,train
194211,train
223759,train
199664,train
198458,train
206057,train
177840,train
173734,train
182607,train
184734,train
195420,train
181075,train
199460,train
196469,train
222964,train
197998,train
137344,train
204787,train
227212,train
206635,train
138081,train
184824,train
178746,train
184125,train
144815,train
175863,train
220070,train
173202,train
222173,train
205582,train
130766,train
146462,train
109943,train
201107,train
177663,train
177641,train
173101,train
190773,train
178641,train
208626,train
173828,train
222716,train
167698,train
222984,train
184007,train
211352,train
190781,train
170685,train
169124,train
225869,train
184921,train
184523,train
135829,train
194723,train
213487,train
138143,train
120279,train
184826,train
200230,train
201375,train
207463,train
197917,train
183211,train
177769,train
176193,train
187845,train
201513,train
211858,train
174337,train
183756,train
204873,train
124784,train
183417,train
175415,train
176611,train
200608,train
203574,train
194268,train
207105,train
214423,train
183412,train
179391,train
221643,train
189750,train
180506,train
173905,train
189766,train
214973,train
171360,train
192802,train
225803,train
200509,train
173176,train
196670,train
169624,train
191899,train
181046,train
127924,train
220912,train
198374,train
209910,train
224541,train
122248,train
206046,train
202708,train
182102,train
177751,train
174405,train
189588,train
125497,train
180444,train
216932,train
181231,train
196817,train
211643,train
175927,train
218967,train
198622,train
120304,train
193678,train
203103,train
183717,train
203576,train
186949,train
184224,train
193399,train
214975,train
222122,train
125918,train
191153,train
118458,train
223220,train
222290,train
220577,train
221086,train
179773,train
221389,train
200922,train
197502,train
184239,train
125142,train
183092,train
182967,train
195156,train
219475,train
198425,train
188968,train
120898,train
174155,train
174674,train
193621,train
191733,train
225018,train
218616,train
184658,train
184108,train
172746,train
178351,train
211789,train
173185,train
165991,train
201312,train
220534,train
205580,train
201462,train
220271,train
186090,train
172242,train
173207,train
175431,train
197549,train
223070,train
172484,train
201170,train
191687,train
182705,train
174536,train
193298,train
178697,train
133608,train
121615,train
198502,train
223703,train
126901,train
200170,train
218952,train
181061,train
187374,train
173575,train
173934,train
173313,train
184563,train
205399,train
206753,train
187665,train
171059,train
183759,train
199706,train
222522,train
179747,train
145380,train
220203,train
142871,train
173147,train
179789,train
189594,train
184241,train
173523,train
226984,train
184332,train
186072,train
185184,train
223634,train
176276,train
179042,train
175074,train
210981,train
176770,train
221072,train
179980,train
199250,train
224946,train
131017,train
171790,train
172933,train
205449,train
176184,train
203257,train
202276,train
198726,train
133577,train
220898,train
179935,train
189006,train
137411,train
175940,train
184770,train
172975,train
191230,train
175937,train
173253,train
140355,train
219810,train
145954,train
182634,train
181035,train
183624,train
185349,train
186548,train
183161,train
225343,train
172961,train
179423,train
172375,train
176010,train
202758,train
176911,train
207570,train
177119,train
129994,train
193500,train
184312,train
174637,train
205038,train
202834,train
187246,train
185784,train
218551,train
184776,train
212231,train
211603,train
168190,train
227371,train
190797,train
212655,train
206440,train
198315,train
179742,train
180774,train
197079,train
199598,train
174227,train
176689,train
207272,train
204653,train
183139,train
122142,train
212215,train
194138,train
219409,train
221523,train
187387,train
204654,train
226810,train
138519,train
191194,train
175694,train
146296,train
189649,train
219631,train
183989,train
186242,train
197903,train
181093,train
193683,train
205884,train
199100,train
224772,train
204783,train
207844,train
172473,train
201719,train
199082,train
176820,train
173315,train
185022,train
226897,train
120388,train
121962,train
223999,train
188326,train
221915,train
180840,train
181490,train
184361,train
201501,train
199417,train
214706,train
190208,train
93514,train
197329,train
202672,train
199928,train
185164,train
193718,train
184140,train
185380,train
185863,train
227685,train
200996,train
196887,train
186229,train
75241,train
207681,train
180800,train
188390,train
199421,train
199268,train
217633,train
219630,train
178114,train
175149,train
200106,train
189573,train
186356,train
178310,train
198408,train
224540,train
186318,train
214621,train
199214,train
167882,train
190244,train
211370,train
213331,train
150307,train
223204,train
104261,train
179634,train
203264,train
224982,train
181794,train
177507,train
202959,train
221370,train
187972,train
199537,train
127735,train
196526,train
181391,train
137329,train
178660,train
201451,train
209618,train
219009,train
205581,train
92677,train
195830,train
197128,train
203606,train
190041,train
203519,train
194734,train
178701,train
123390,train
174730,train
188322,train
206819,train
186269,train
177531,train
120975,train
122487,train
219002,train
178199,train
176921,train
171960,train
206499,train
208621,train
222065,train
182072,train
190931,train
178635,train
174047,train
196925,train
126574,train
146376,train
221709,train
174274,train
201382,train
179598,train
201279,train
183197,train
189312,train
134374,train
200540,train
177513,train
188406,train
196963,train
211378,train
184877,train
105830,train
193995,train
179821,train
200785,train
200032,train
180635,train
222502,train
125892,train
174137,train
180696,train
224493,train
182401,train
108734,train
206491,train
127666,train
176348,train
173194,train
219877,train
126072,train
214848,train
192102,train
196253,train
119395,train
187962,train
222226,train
195794,train
197122,train
197118,train
178884,train
223441,train
183333,train
224197,train
165992,train
178623,train
208093,train
175880,train
177434,train
177458,train
176656,train
101955,train
185493,train
172897,train
227408,train
188785,train
205923,train
226936,train
180091,train
178147,train
183643,train
195771,train
207843,train
175130,train
189702,train
178970,train
176574,train
197552,train
200482,train
178477,train
185210,train
195173,train
138174,train
220903,train
183957,train
203513,train
169354,train
221145,train
165974,train
177621,train
120362,train
176801,train
141646,train
179845,train
190928,train
205586,train
193839,train
187870,train
200647,train
199230,train
204778,train
189604,train
191606,train
145308,train
176497,train
180922,train
178161,train
226998,train
173942,train
222279,train
169566,train
199188,train
195283,train
172065,train
190326,train
125456,train
188324,train
186100,train
175990,train
174573,train
186284,train
176027,train
179313,train
200623,train
221686,train
193673,train
176608,train
206346,train
187249,train
227798,train
199240,train
221866,train
217913,train
181361,train
205607,train
200660,train
208222,train
201472,train
195291,train
176948,train
220173,train
202970,train
126299,train
182999,train
173759,train
219525,train
186410,train
183399,train
219501,train
222202,train
227256,train
221270,train
197693,train
209309,train
191901,train
223470,train
137021,train
178183,train
187336,train
198386,train
203650,train
125052,train
224697,train
189428,train
226479,train
172732,train
183564,train
212556,train
203825,train
179395,train
206467,train
195199,train
171989,train
203742,train
183565,train
227027,train
187818,train
197889,train
133580,train
224199,train
174139,train
179853,train
216060,train
174903,train
220133,train
125579,train
196807,train
199665,train
179929,train
187362,train
121627,train
184286,train
174739,train
173105,train
186412,train
179014,train
97528,train
223250,train
227178,train
92683,train
180769,train
179448,train
194959,train
150798,train
199333,train
100013,train
205769,train
177683,train
126774,train
212662,train
189126,train
173515,train
223122,train
219404,train
188235,train
122941,train
199092,train
183257,train
224005,train
174492,train
181305,train
173673,train
150824,train
185118,train
200941,train
225037,train
176388,train
215565,train
200917,train
193542,train
183490,train
212581,train
201309,train
150759,train
190072,train
125992,train
180618,train
211250,train
226204,train
182273,train
193984,train
193430,train
227194,train
152211,train
208082,train
208286,train
193165,train
202419,train
179731,train
211555,train
209677,train
223676,train
211350,train
203480,train
180411,train
181323,train
221885,train
177129,train
181418,train
185605,train
145366,train
125489,train
176704,train
200098,train
172826,train
186839,train
125990,train
199654,train
219674,train
218455,train
208985,train
174433,train
224877,train
173091,train
214493,train
186243,train
206563,train
184518,train
223667,train
225577,train
223633,train
142685,train
130319,train
189798,train
177874,train
172409,train
178933,train
188099,train
199770,train
175704,train
140069,train
188142,train
201550,train
122880,train
178603,train
197002,train
205817,train
187951,train
176093,train
189706,train
215411,train
177625,train
209543,train
225378,train
174306,train
205998,train
209182,train
181304,train
171403,train
205491,train
96403,train
215776,train
205107,train
210574,train
125501,train
191961,train
194903,train
219664,train
208631,train
179943,train
220649,train
205806,train
174712,train
222616,train
177659,train
182162,train
158577,train
201855,train
122115,train
221803,train
196475,train
185300,train
205781,train
177594,train
209629,train
178447,train
194930,train
172374,train
192595,train
184772,train
173255,train
193202,train
189221,train
193720,train
219207,train
194159,train
181301,train
180936,train
200522,train
222193,train
188579,train
186076,train
223168,train
204775,train
203665,train
221083,train
183609,train
205689,train
173791,train
205512,train
176618,train
214711,train
199266,train
155757,train
198668,train
175634,train
175116,train
199184,train
198002,train
204710,train
187156,train
190221,train
219537,train
209071,train
203217,train
172848,train
178873,train
93790,train
224347,train
179043,train
179010,train
194608,train
126147,train
191147,train
126907,train
213509,train
180722,train
196934,train
176601,train
179770,train
145372,train
188798,train
193456,train
192501,train
201923,train
166004,train
214374,train
198462,train
184109,train
171376,train
187348,train
176888,train
172766,train
205909,train
223631,train
227452,train
187024,train
130472,train
179902,train
137419,train
227540,train
128824,train
184579,train
181302,train
172316,train
205459,train
224345,train
190593,train
199580,train
221867,train
205671,train
203471,train
199444,train
189313,train
118773,train
227266,train
183133,train
223243,train
173598,train
187069,train
202027,train
208350,train
224994,train
182416,train
167863,train
214703,train
194101,train
171610,train
119365,train
183024,train
200071,train
195110,train
177626,train
223223,train
199750,train
190154,train
184211,train
220536,train
183916,train
193497,train
205471,train
161961,train
182746,train
185456,train
185199,train
176730,train
183079,train
177369,train
178841,train
187343,train
174423,train
193816,train
179602,train
221673,train
118395,train
188965,train
221091,train
131129,train
171141,train
125880,train
220863,train
188110,train
208368,train
176330,train
191972,train
192775,train
205718,train
220906,train
222235,train
98832,train
188439,train
207720,train
174450,train
180333,train
178855,train
199530,train
201502,train
173395,train
179822,train
174959,train
187767,train
176360,train
221165,train
189432,train
184320,train
199487,train
197723,train
181924,train
175477,train
180688,train
188220,train
189984,train
225941,train
179005,train
192565,train
146458,train
219496,train
194682,train
194646,train
207278,train
130558,train
200918,train
201684,train
130560,train
210601,train
175556,train
184379,train
189306,train
175817,train
188519,train
217818,train
207934,train
185262,train
190153,train
130488,train
224139,train
191766,train
225661,train
174386,train
207025,train
173321,train
224281,train
184351,train
180502,train
222965,train
227748,train
222586,train
227805,train
219028,train
222108,train
202703,train
197277,train
172917,train
200712,train
198495,train
222231,train
183320,train
192416,train
199673,train
214627,train
200526,train
191483,train
181998,train
195049,train
174714,train
218434,train
179217,train
223502,train
214429,train
177733,train
189045,train
198365,train
189363,train
92771,train
222863,train
146475,train
200234,train
170954,train
192874,train
227119,train
197715,train
191492,train
174318,train
173371,train
224274,train
219344,train
181398,train
222862,train
198809,train
199439,train
190804,train
193540,train
199394,train
203301,train
199139,train
218745,train
174965,train
207828,train
124254,train
187029,train
185264,train
181974,train
176408,train
179938,train
188842,train
144213,train
223743,train
184035,train
198507,train
197679,train
199237,train
190309,train
202302,train
223244,train
179454,train
223445,train
200019,train
180535,train
206714,train
180669,train
224272,train
187049,train
186803,train
180461,train
139921,train
187175,train
131144,train
219181,train
183898,train
176876,train
178371,train
188256,train
200452,train
215781,train
180867,train
193109,train
182161,train
121752,train
202515,train
219116,train
188496,train
129899,train
227692,train
203681,train
208033,train
223674,train
133681,train
180098,train
203399,train
189494,train
180511,train
138138,train
174577,train
173939,train
170996,train
181401,train
179978,train
186331,train
206599,train
153150,train
208661,train
182984,train
188805,train
200567,train
166943,train
190184,train
222720,train
123282,train
176606,train
219165,train
218241,train
175206,train
166538,train
189895,train
123382,train
225178,train
200935,train
177274,train
222372,train
184393,train
205872,train
122002,train
219698,train
194710,train
119354,train
122984,train
226983,train
227536,train
185230,train
200076,train
174082,train
227479,train
176578,train
178777,train
174729,train
188743,train
167829,train
179904,train
186518,train
174085,train
179235,train
182407,train
183965,train
219337,train
206896,train
203329,train
177802,train
224156,train
175390,train
183448,train
222171,train
138702,train
180505,train
173123,train
189698,train
171525,train
180040,train
223252,train
186414,train
202077,train
173613,train
186553,train
226165,train
171544,train
203331,train
176526,train
176612,train
203720,train
202782,train
180009,train
200073,train
184281,train
175728,train
201140,train
152994,train
175152,train
193367,train
174472,train
206573,train
212025,train
194261,train
181649,train
214448,train
220481,train
174967,train
172664,train
204658,train
188493,train
203655,train
197672,train
214360,train
173235,train
202634,train
223856,train
142796,train
178023,train
216157,train
185828,train
171970,train
173218,train
224064,train
187674,train
177296,train
96370,train
208982,train
192517,train
202859,train
224649,train
137382,train
118474,train
219422,train
200486,train
203719,train
219731,train
214729,train
176052,train
179184,train
197965,train
175107,train
188046,train
178495,train
170947,train
172423,train
204570,train
188727,train
221114,train
200582,train
221934,train
125589,train
218264,train
186292,train
199589,train
100587,train
205721,train
179792,train
182255,train
200605,train
121433,train
199995,train
199424,train
179048,train
200680,train
130990,train
193003,train
187607,train
195570,train
196571,train
181452,train
171882,train
189590,train
218464,train
214618,train
176731,train
179816,train
174874,train
221812,train
175240,train
197219,train
184411,train
212569,train
130587,train
188193,train
180361,train
224374,train
198762,train
101903,train
119846,train
185962,train
117950,train
170975,train
181914,train
183366,train
173931,train
227099,train
192289,train
193913,train
208777,train
180443,train
201376,train
225844,train
175745,train
150884,train
180367,train
222620,train
186898,train
223592,train
203159,train
204069,train
188606,train
227727,train
189370,train
148782,train
189944,train
195070,train
175308,train
200005,train
224283,train
225192,train
222864,train
223019,train
218995,train
224301,train
178489,train
118669,train
191012,train
126344,train
198459,train
189486,train
149186,train
211718,train
183070,train
176858,train
179926,train
212453,train
169808,train
168471,train
188578,train
182435,train
222315,train
186857,train
182084,train
184401,train
227732,train
227328,train
203624,train
178944,train
200936,train
183601,train
156655,train
145303,train
206824,train
190365,train
200442,train
127151,train
197541,train
200081,train
191588,train
174807,train
182997,train
125584,train
173340,train
142865,train
184825,train
179647,train
222174,train
184556,train
222974,train
212024,train
219097,train
176889,train
186288,train
187251,train
176139,train
185218,train
177163,train
186054,train
224034,train
174061,train
178459,train
193340,train
203161,train
227450,train
211806,train
227097,train
197536,train
224441,train
181307,train
193827,train
193426,train
225095,train
224069,train
179941,train
209709,train
188908,train
174553,train
197653,train
184864,train
188321,train
210373,train
172979,train
220781,train
213666,train
176113,train
200891,train
212659,train
184280,train
200753,train
130717,train
222649,train
203694,train
181326,train
200916,train
189817,train
133670,train
183472,train
145783,train
189781,train
186422,train
176270,train
198767,train
173663,train
201291,train
171968,train
172325,train
124626,train
188152,train
176008,train
184348,train
192185,train
207920,train
126148,train
172459,train
179639,train
199323,train
192717,train
130119,train
198672,train
125005,train
219423,train
206838,train
223946,train
212887,train
176767,train
180121,train
177532,train
193545,train
180398,train
224013,train
172457,train
184440,train
181615,train
202005,train
189511,train
193732,train
221980,train
204701,train
176493,train
181308,train
177620,train
192505,train
92707,train
126760,train
102347,train
206192,train
192275,train
203182,train
216016,train
203530,train
173924,train
190704,train
173789,train
176167,train
205106,train
181598,train
175796,train
189782,train
177473,train
183147,train
223421,train
182331,train
180453,train
192384,train
188312,train
179737,train
213631,train
166866,train
200672,train
172880,train
188201,train
221234,train
208635,train
195133,train
205511,train
199040,train
176670,train
200978,train
168194,train
178340,train
177810,train
196113,train
196830,train
200478,train
181955,train
179352,train
187942,train
176359,train
189120,train
207850,train
181422,train
177566,train
124650,train
222093,train
219539,train
181732,train
200434,train
188305,train
176958,train
180783,train
199646,train
176529,train
184373,train
179418,train
180907,train
201512,train
203613,train
182637,train
174952,train
212181,train
211180,train
166921,train
194720,train
218538,train
125996,train
224195,train
207905,train
175008,train
175489,train
222172,train
96372,train
196656,train
184922,train
126596,train
186249,train
174442,train
89056,train
228204,train
193422,train
209991,train
184234,train
182501,train
196125,train
217907,train
179860,train
203268,train
201317,train
195619,train
219164,train
180784,train
202819,train
173188,train
208508,train
155080,train
217976,train
214615,train
211546,train
192798,train
214368,train
182768,train
171794,train
202073,train
201163,train
219516,train
182140,train
175773,train
179498,train
179355,train
184403,train
178413,train
178040,train
119726,train
203288,train
182863,train
189138,train
199652,train
168202,train
195311,train
178643,train
220625,train
153145,train
227534,train
171300,train
179552,train
222618,train
184199,train
177682,train
220507,train
128461,train
193015,train
169207,train
196108,train
190075,train
118602,train
179371,train
214456,train
191486,train
174319,train
175669,train
200223,train
196563,train
197856,train
209931,train
175320,train
180613,train
176475,train
191288,train
218379,train
198541,train
187928,train
199244,train
177900,train
192765,train
222391,train
190330,train
181616,train
223764,train
178785,train
226767,train
179385,train
222375,train
175151,train
175820,train
227117,train
185471,train
181656,train
186400,train
221935,train
178934,train
176355,train
185735,train
203054,train
124221,train
101939,train
220402,train
171935,train
185730,train
188894,train
182173,train
174716,train
103490,train
166959,train
180909,train
175322,train
193856,train
183660,train
217942,train
215746,train
181597,train
186986,train
205916,train
176548,train
137380,train
202856,train
220459,train
179377,train
203856,train
182016,train
185478,train
174608,train
186933,train
180172,train
183523,train
180417,train
98091,train
219946,train
174868,train
199496,train
186026,train
200579,train
177576,train
190886,train
189256,train
205858,train
176981,train
192337,train
171799,train
179464,train
118561,train
188081,train
179074,train
227054,train
180822,train
124783,train
167884,train
195172,train
145260,train
167688,train
225839,train
193924,train
184282,train
188816,train
173328,train
182299,train
181028,train
225942,train
186903,train
189585,train
207556,train
170239,train
177770,train
137982,train
184099,train
125989,train
197398,train
173442,train
203534,train
223986,train
222048,train
177720,train
179579,train
201563,train
125893,train
138671,train
209136,train
226399,train
204815,train
220000,train
200517,train
133651,train
213659,train
187894,train
181187,train
184791,train
182819,train
174713,train
201296,train
220330,train
175311,train
189314,train
219410,train
180241,train
205822,train
194182,train
145452,train
102617,train
179960,train
175795,train
199717,train
186651,train
177425,train
181113,train
218212,train
200030,train
197130,train
203169,train
179590,train
220520,train
221735,train
224338,train
211852,train
175819,train
198621,train
193078,train
182876,train
194872,train
219417,train
175743,train
176972,train
198811,train
209636,train
221651,train
188607,train
201505,train
214442,train
189764,train
184992,train
179869,train
177514,train
185972,train
190229,train
173167,train
185332,train
182514,train
190809,train
216557,train
218824,train
199974,train
175710,train
190059,train
167729,train
134420,train
221813,train
198536,train
178711,train
184667,train
182706,train
200173,train
182463,train
178927,train
226026,train
137145,train
204081,train
131012,train
187829,train
176579,train
177638,train
203686,train
187272,train
174111,train
181569,train
222609,train
203611,train
97384,train
117953,train
173227,train
214632,train
203139,train
122766,train
167875,train
144620,train
173143,train
200497,train
207155,train
212514,train
124217,train
223551,train
176725,train
176075,train
211136,train
175972,train
204788,train
122039,train
201350,train
203017,train
152146,train
183807,train
125665,train
193988,train
180712,train
225112,train
190044,train
179702,train
222851,train
226300,train
117819,train
190461,train
199561,train
166916,train
227250,train
201904,train
176779,train
196730,train
205888,train
126351,train
185668,train
224887,train
200928,train
180369,train
175917,train
182645,train
183611,train
172904,train
118647,train
203332,train
180382,train
184624,train
136963,train
174436,train
144067,train
180923,train
205579,train
199930,train
189318,train
105798,train
221795,train
137390,train
205860,train
209396,train
197725,train
221456,train
203158,train
205424,train
205468,train
184666,train
93572,train
176210,train
203304,train
186445,train
131735,train
187114,train
176590,train
184601,train
212160,train
97525,train
198045,train
179472,train
187492,train
181121,train
191592,train
186501,train
181743,train
227436,train
133637,train
125021,train
125246,train
175957,train
174382,train
214955,train
177783,train
199581,train
227745,train
172213,train
188086,train
135798,train
200745,train
188899,train
171438,train
187949,train
193607,train
218486,train
213632,train
187955,train
173689,train
188112,train
184096,train
203571,train
177784,train
172549,train
183670,train
174777,train
220978,train
122144,train
176161,train
134732,train
179589,train
136960,train
225255,train
184558,train
183684,train
192817,train
206369,train
166954,train
201972,train
201544,train
177346,train
105673,train
214723,train
178637,train
205773,train
185766,train
214872,train
96824,train
199211,train
96419,train
212493,train
194070,train
220843,train
174388,train
192347,train
188177,train
185024,train
199030,train
197227,train
205819,train
204817,train
199196,train
200226,train
212889,train
221958,train
172370,train
209210,train
178016,train
205456,train
217593,train
121880,train
221528,train
224057,train
182172,train
151425,train
199013,train
223143,train
180151,train
200229,train
176089,train
197072,train
179210,train
187027,train
118645,train
176323,train
198656,train
221303,train
184905,train
189825,train
176926,train
192408,train
204922,train
186268,train
183712,train
129859,train
222236,train
185207,train
195193,train
227239,train
208192,train
225022,train
212226,train
199265,train
175858,train
223387,train
141703,train
223783,train
181197,train
178772,train
207108,train
182199,train
145314,train
176410,train
197900,train
131288,train
208200,train
174867,train
221471,train
198580,train
121611,train
227533,train
177836,train
220529,train
172115,train
205483,train
184504,train
221159,train
209534,train
172607,train
137328,train
173323,train
219995,train
193410,train
193587,train
227796,train
204655,train
172458,train
121389,train
168145,train
207451,train
198409,train
215777,train
220284,train
202789,train
202171,train
188073,train
139360,train
189683,train
153001,train
121235,train
186313,train
174086,train
172824,train
212224,train
221525,train
179871,train
196616,train
199056,train
189581,train
175191,train
208041,train
219948,train
175952,train
175226,train
201277,train
200952,train
96958,train
175096,train
177597,train
190062,train
199550,train
198784,train
176426,train
194994,train
105339,train
189465,train
184133,train
173731,train
179867,train
180768,train
195865,train
176701,train
197200,train
171583,train
154842,train
120260,train
223709,train
194106,train
179088,train
186490,train
217181,train
182185,train
214728,train
123922,train
93469,train
188006,train
192188,train
189786,train
221381,train
193580,train
214991,train
105620,train
198853,train
178704,train
182157,train
176189,train
187012,train
175507,train
138094,train
174611,train
122262,train
186024,train
222946,train
194718,train
196673,train
199202,train
174094,train
213475,train
174628,train
212669,train
205396,train
193185,train
189167,train
176575,train
223107,train
207723,train
194084,train
176877,train
121027,train
191700,train
188523,train
166870,train
214773,train
178348,train
185514,train
146394,train
181471,train
127281,train
227044,train
189924,train
189099,train
202434,train
181928,train
222957,train
186989,train
203366,train
189219,train
204797,train
121527,train
105378,train
175409,train
177714,train
126906,train
137252,train
188135,train
176827,train
195622,train
175905,train
220146,train
211127,train
221954,train
120521,train
214443,train
196705,train
183446,train
201479,train
189843,train
188970,train
175083,train
221645,train
173441,train
185716,train
192383,train
137950,train
165999,train
189255,train
218447,train
189963,train
188134,train
220350,train
211105,train
180681,train
191722,train
184643,train
207617,train
196921,train
177307,train
126706,train
181737,train
183951,train
182070,train
206580,train
112542,train
183546,train
146379,train
187034,train
167353,train
171620,train
181214,train
145239,train
205918,train
227737,train
218667,train
222489,train
188217,train
196619,train
196258,train
212469,train
186401,train
136914,train
172593,train
205871,train
197289,train
182257,train
125848,train
177804,train
187559,train
184803,train
211659,train
203130,train
200747,train
185206,train
186019,train
205440,train
212050,train
219506,train
215424,train
222952,train
220151,train
186976,train
227395,train
171776,train
202271,train
172985,train
212678,train
174297,train
200205,train
221959,train
181689,train
220487,train
221850,train
96835,train
198799,train
198518,train
119699,train
172745,train
183680,train
188522,train
200562,train
191532,train
178983,train
178869,train
184220,train
192562,train
175483,train
169100,train
120286,train
203096,train
220134,train
203442,train
185881,train
215241,train
199511,train
131016,train
134229,train
137678,train
219358,train
179550,train
192518,train
222358,train
184306,train
92690,train
179775,train
173435,train
180731,train
203255,train
223569,train
224523,train
187253,train
187149,train
133655,train
177779,train
98388,train
221574,train
180107,train
212020,train
183574,train
183016,train
181097,train
193544,train
167704,train
186851,train
173372,train
185815,train
174498,train
173461,train
203636,train
225965,train
199590,train
202282,train
172912,train
208348,train
193409,train
198042,train
197513,train
196467,train
190280,train
219597,train
182534,train
186658,train
174477,train
222247,train
177580,train
185418,train
214434,train
211353,train
187210,train
227803,train
189787,train
192575,train
184562,train
213164,train
184232,train
123290,train
221941,train
202044,train
173861,train
202888,train
173134,train
221247,train
198946,train
223381,train
200890,train
220635,train
76592,train
133607,train
197540,train
223215,train
193498,train
174856,train
184664,train
183264,train
217466,train
172771,train
186462,train
173769,train
196151,train
174095,train
220830,train
174581,train
188323,train
122621,train
180974,train
226541,train
178544,train
227268,train
179787,train
221731,train
221738,train
219785,train
192090,train
220972,train
123920,train
169527,train
173921,train
193679,train
181108,train
203458,train
206230,train
196928,train
200923,train
182479,train
207566,train
223246,train
202002,train
180713,train
183917,train
197991,train
194979,train
145685,train
138372,train
104034,train
197015,train
201184,train
211235,train
128238,train
176586,train
176715,train
120650,train
93684,train
197195,train
172277,train
177271,train
186431,train
172523,train
201925,train
174962,train
222698,train
174580,train
182847,train
187846,train
138093,train
208870,train
169134,train
199467,train
211746,train
204659,train
219587,train
222393,train
213140,train
222772,train
176190,train
190242,train
200214,train
125435,train
184095,train
185594,train
213042,train
186403,train
188178,train
211727,train
174885,train
147916,train
181226,train
203185,train
187501,train
196261,train
220211,train
222523,train
201346,train
128812,train
184187,train
207805,train
185340,train
221140,train
184884,train
182885,train
190224,train
222703,train
173708,train
93786,train
127207,train
220693,train
202639,train
199588,train
202174,train
207823,train
190996,train
181263,train
197125,train
173844,train
223838,train
206589,train
121754,train
223761,train
201945,train
134106,train
203388,train
203822,train
181920,train
204765,train
222362,train
176799,train
180891,train
188414,train
170535,train
126768,train
185827,train
219460,train
173928,train
150299,train
195304,train
205004,train
171144,train
187235,train
207862,train
202265,train
214737,train
194913,train
174429,train
206564,train
204547,train
182698,train
182442,train
177540,train
127951,train
214373,train
185653,train
183235,train
222575,train
144394,train
183673,train
183396,train
196435,train
172194,train
119760,train
184943,train
222605,train
175056,train
220375,train
222598,train
166942,train
179458,train
205064,train
185277,train
185236,train
178242,train
172839,train
180156,train
183489,train
190118,train
174050,train
223679,train
176109,train
176322,train
120366,train
207483,train
197291,train
209789,train
205365,train
211558,train
183471,train
114418,train
180752,train
219980,train
227445,train
167899,train
221513,train
126758,train
174640,train
222089,train
222721,train
184985,train
205410,train
220322,train
175762,train
175195,train
199769,train
222132,train
214351,train
211247,train
205867,train
126240,train
223748,train
212670,train
206779,train
223751,train
194769,train
178441,train
120229,train
218963,train
190682,train
172982,train
173017,train
208165,train
186278,train
177902,train
190971,train
99819,train
175139,train
189552,train
212588,train
177786,train
208022,train
175003,train
172483,train
176240,train
177726,train
202462,train
225551,train
199223,train
181402,train
196471,train
181096,train
181406,train
223181,train
176377,train
187165,train
175554,train
124849,train
175544,train
195063,train
205692,train
98748,train
195468,train
227781,train
172394,train
200413,train
183095,train
222424,train
181809,train
206125,train
125040,train
226394,train
176233,train
207262,train
178045,train
198606,train
175918,train
208199,train
224024,train
175522,train
183552,train
176198,train
184569,train
120482,train
181498,train
183391,train
208921,train
189316,train
223518,train
182065,train
198392,train
150788,train
217711,train
184657,train
178750,train
193616,train
185020,train
227496,train
214425,train
198508,train
184636,train
181451,train
183522,train
222997,train
140493,train
178596,train
219412,train
221872,train
227086,train
202457,train
176702,train
204867,train
187835,train
175781,train
184911,train
184640,train
175852,train
222539,train
169167,train
203403,train
211275,train
146473,train
206318,train
225874,train
179481,train
189813,train
192093,train
184701,train
187119,train
223224,train
199375,train
174625,train
198047,train
222941,train
150793,train
222491,train
126150,train
189522,train
210996,train
183415,train
189776,train
227335,train
200409,train
202841,train
171963,train
125883,train
196695,train
186972,train
171520,train
184443,train
152925,train
174687,train
214449,train
205138,train
211641,train
221278,train
179361,train
224189,train
218449,train
182450,train
174684,train
200937,train
225858,train
195722,train
169533,train
172808,train
145445,train
176163,train
135254,train
177727,train
191691,train
125495,train
200609,train
220339,train
198397,train
101943,train
226280,train
218746,train
221881,train
205618,train
185833,train
172747,train
118685,train
202082,train
118435,train
224460,train
125494,train
210156,train
124493,train
173555,train
184490,train
96401,train
198054,train
189496,train
184344,train
189541,train
220127,train
183336,train
187836,train
192716,train
131037,train
121242,train
186246,train
178560,train
179530,train
208226,train
199221,train
200617,train
100566,train
204780,train
219913,train
198467,train
223596,train
223594,train
227085,train
201441,train
187862,train
137034,train
222377,train
189206,train
223996,train
105771,train
184353,train
177428,train
166815,train
198391,train
188042,train
178467,train
189292,train
198626,train
185347,train
207210,train
178876,train
177639,train
190169,train
194689,train
219528,train
224686,train
192546,train
197239,train
122628,train
198658,train
188577,train
175162,train
195711,train
210546,train
210979,train
178363,train
178932,train
197777,train
206877,train
173361,train
207474,train
175289,train
183202,train
223071,train
199718,train
223556,train
218441,train
206816,train
141635,train
181839,train
198204,train
209166,train
219917,train
172363,train
222503,train
179863,train
188814,train
219446,train
216552,train
183338,train
221920,train
179886,train
195845,train
198723,train
220098,train
177177,train
191765,train
221272,train
122170,train
201121,train
204994,train
189780,train
188704,train
200900,train
203476,train
195656,train
221009,train
171368,train
222638,train
214312,train
176298,train
205199,train
180485,train
173755,train
194091,train
177244,train
172613,train
181500,train
90003,train
179474,train
181650,train
142875,train
173688,train
200520,train
201944,train
194163,train
223846,train
155138,train
176616,train
209621,train
176643,train
177743,train
173573,train
202164,train
207935,train
177897,train
201958,train
211324,train
219829,train
218968,train
227461,train
177509,train
168173,train
191593,train
201208,train
219836,train
174858,train
174618,train
181697,train
188777,train
199338,train
205589,train
184827,train
130702,train
176462,train
175196,train
122180,train
187196,train
165886,train
121646,train
178542,train
201562,train
195290,train
96985,train
123147,train
195523,train
173610,train
183419,train
188216,train
188169,train
134495,train
206522,train
182440,train
200897,train
180129,train
204711,train
227564,train
181874,train
188800,train
188416,train
175706,train
191369,train
173083,train
228142,train
173211,train
201457,train
172003,train
194801,train
186362,train
173046,train
185260,train
194609,train
127094,train
177679,train
201516,train
181206,train
179662,train
181160,train
195298,train
206677,train
182141,train
197503,train
126008,train
183150,train
167320,train
120290,train
185367,train
199267,train
171451,train
185892,train
221561,train
191786,train
179802,train
183476,train
219156,train
176501,train
181926,train
177477,train
208571,train
184203,train
226717,train
122890,train
219243,train
222537,train
174973,train
175033,train
173469,train
122349,train
201942,train
220599,train
131134,train
223805,train
175682,train
179762,train
180866,train
193629,train
200564,train
177519,train
175705,train
203278,train
173156,train
193842,train
124015,train
176823,train
206743,train
166406,train
211356,train
188244,train
172915,train
174262,train
184027,train
187011,train
181381,train
172814,train
220285,train
204766,train
176431,train
201307,train
220967,train
201182,train
122613,train
191963,train
176470,train
223051,train
201604,train
185299,train
134783,train
182993,train
178561,train
210380,train
212590,train
120881,train
210623,train
222420,train
219462,train
182010,train
149144,train
197919,train
196384,train
227520,train
207744,train
176439,train
220051,train
166908,train
185104,train
174284,train
195036,train
173362,train
193874,train
223023,train
222453,train
176445,train
179993,train
189809,train
195513,train
215450,train
220167,train
180572,train
178026,train
183587,train
176181,train
173159,train
196562,train
183182,train
102611,train
179906,train
221689,train
222677,train
201185,train
208189,train
165988,train
175213,train
181230,train
182952,train
92705,train
224060,train
184171,train
184548,train
183630,train
178271,train
185281,train
171156,train
125257,train
181328,train
223043,train
168188,train
226737,train
195521,train
180977,train
192499,train
186436,train
183588,train
218965,train
226739,train
185279,train
198537,train
176922,train
173566,train
176266,train
185874,train
181249,train
187298,train
221688,train
190637,train
187608,train
186105,train
200554,train
189741,train
215224,train
186653,train
200195,train
189104,train
137032,train
191095,train
184207,train
173746,train
187381,train
177737,train
186508,train
193577,train
179879,train
120707,train
184990,train
223357,train
221870,train
220319,train
224067,train
205364,train
224046,train
169970,train
198422,train
203177,train
227273,train
192292,train
126780,train
123003,train
157737,train
212546,train
174588,train
199942,train
193983,train
193546,train
179050,train
206586,train
173936,train
195563,train
187961,train
223654,train
189049,train
176774,train
137250,train
221427,train
173293,train
173197,train
188166,train
201980,train
175342,train
194589,train
182502,train
177636,train
188287,train
206822,train
203422,train
201876,train
176311,train
172818,train
220474,train
217834,train
186636,train
210250,train
216057,train
206454,train
222020,train
222917,train
173044,train
183061,train
180322,train
196520,train
203156,train
185821,train
180312,train
181137,train
189468,train
144682,train
223011,train
190234,train
118667,train
204696,train
207932,train
209703,train
225845,train
173736,train
180278,train
222654,train
186316,train
197654,train
184820,train
199708,train
131273,train
188637,train
223625,train
173730,train
210916,train
183775,train
183485,train
224354,train
177570,train
174438,train
208959,train
221726,train
175862,train
184242,train
205564,train
227474,train
211413,train
219119,train
221522,train
123497,train
194833,train
187110,train
196568,train
183581,train
223389,train
184571,train
192678,train
220690,train
122892,train
199147,train
201996,train
122618,train
196608,train
219382,train
181229,train
199486,train
173448,train
221944,train
218479,train
207914,train
209539,train
172865,train
216566,train
180683,train
201495,train
182670,train
202928,train
180066,train
169249,train
208544,train
182521,train
224137,train
188574,train
93703,train
176375,train
182001,train
171920,train
192210,train
182642,train
219585,train
206020,train
224930,train
180430,train
222007,train
179396,train
224878,train
184156,train
200835,train
185421,train
188428,train
172392,train
193105,train
194690,train
179380,train
192601,train
180422,train
191280,train
117850,train
183140,train
219498,train
169139,train
185801,train
184048,train
225648,train
202003,train
142761,train
217766,train
186654,train
220318,train
182253,train
187785,train
199730,train
205603,train
205677,train
153504,train
205652,train
219399,train
189356,train
197096,train
226001,train
194162,train
186639,train
214617,train
198437,train
196505,train
140267,train
200630,train
179131,train
180646,train
176219,train
138901,train
225007,train
177479,train
186460,train
226383,train
205906,train
184196,train
174720,train
131133,train
185570,train
219463,train
205660,train
221329,train
176084,train
206775,train
182541,train
205683,train
146489,train
200196,train
175599,train
211359,train
203857,train
228042,train
172672,train
172545,train
221527,train
201906,train
223789,train
174724,train
225085,train
137133,train
185818,train
180846,train
210820,train
194773,train
222104,train
200191,train
191377,train
203445,train
175744,train
143312,train
223945,train
188162,train
199209,train
173445,train
183015,train
174010,train
192122,train
143521,train
183907,train
122035,train
177317,train
137266,train
177174,train
184226,train
171892,train
176896,train
190266,train
206486,train
208202,train
187040,train
194966,train
185204,train
202352,train
207335,train
226443,train
200457,train
176681,train
222861,train
184485,train
222874,train
223659,train
183058,train
193553,train
172908,train
127734,train
169036,train
190073,train
190324,train
207912,train
199367,train
93509,train
172416,train
221860,train
121960,train
184111,train
80510,train
194077,train
205661,train
219844,train
188509,train
200533,train
191506,train
200295,train
224492,train
221773,train
224972,train
195785,train
208694,train
203558,train
122763,train
196510,train
209059,train
221164,train
182044,train
133594,train
201570,train
184380,train
174795,train
178334,train
181528,train
198001,train
193873,train
222912,train
195023,train
211251,train
227509,train
207342,train
185134,train
145389,train
177270,train
137309,train
202200,train
188053,train
200415,train
196989,train
129787,train
210573,train
205559,train
202275,train
198387,train
201327,train
179252,train
175923,train
200178,train
143431,train
182524,train
80439,train
172502,train
136230,train
178565,train
206679,train
202206,train
215057,train
220633,train
222775,train
178996,train
222987,train
188132,train
179468,train
119598,train
220727,train
224300,train
203745,train
222514,train
199373,train
195561,train
219340,train
195139,train
180380,train
150770,train
138129,train
167687,train
133604,train
188319,train
195803,train
196976,train
223816,train
179013,train
203556,train
172813,train
190230,train
126580,train
226636,train
199877,train
177992,train
92688,train
223681,train
228044,train
141902,train
180705,train
168939,train
222838,train
177355,train
205048,train
181701,train
120893,train
187351,train
205869,train
175020,train
200168,train
197332,train
185560,train
143728,train
221749,train
209123,train
225602,train
176259,train
125811,train
227029,train
218485,train
124352,train
134925,train
196804,train
226878,train
127903,train
188251,train
193294,train
179452,train
186960,train
199145,train
211348,train
157693,train
199028,train
222361,train
182142,train
174734,train
176812,train
171765,train
198234,train
219392,train
202744,train
177228,train
227318,train
168191,train
171070,train
171550,train
202853,train
223531,train
219606,train
208344,train
203397,train
210375,train
196718,train
212542,train
205573,train
222004,train
175485,train
227682,train
226168,train
166867,train
223012,train
203057,train
179428,train
201475,train
190701,train
199756,train
168477,train
219448,train
122116,train
177230,train
184683,train
172669,train
196885,train
174483,train
122795,train
148491,train
205358,train
181198,train
194144,train
206051,train
194000,train
178715,train
200929,train
220826,train
186239,train
221378,train
123213,train
176424,train
203227,train
146466,train
225832,train
222330,train
175035,train
223872,train
192977,train
186930,train
171901,train
172770,train
182483,train
201274,train
204660,train
181507,train
127705,train
205513,train
186944,train
186549,train
184635,train
177506,train
176434,train
177502,train
222166,train
93526,train
194647,train
180532,train
220188,train
198403,train
201800,train
197678,train
172881,train
205899,train
185323,train
192257,train
206339,train
124216,train
118749,train
179874,train
192754,train
205992,train
171579,train
182427,train
124208,train
179564,train
178698,train
216980,train
97524,train
93671,train
147353,train
201297,train
211663,train
166600,train
221563,train
181370,train
165933,train
193552,train
175306,train
203578,train
184675,train
182428,train
201488,train
180653,train
140512,train
187057,train
223059,train
224068,train
187026,train
191484,train
118469,train
172786,train
192815,train
178511,train
221208,train
222601,train
179166,train
179079,train
185214,train
130656,train
211937,train
218115,train
223795,train
220666,train
202451,train
183436,train
178186,train
213294,train
179229,train
214388,train
222650,train
179219,train
187821,train
173179,train
174134,train
207941,train
201410,train
181102,train
220522,train
215787,train
174918,train
222462,train
214066,train
179817,train
181312,train
187756,train
138708,train
186545,train
178904,train
213486,train
175288,train
189297,train
182477,train
224393,train
185288,train
210034,train
222180,train
199009,train
220717,train
142844,train
153522,train
173074,train
217820,train
173589,train
127175,train
207212,train
195153,train
182817,train
183231,train
223073,train
200933,train
176023,train
209047,train
187885,train
176940,train
92727,train
122614,train
175134,train
195093,train
174058,train
201399,train
216805,train
179327,train
222287,train
93794,train
187390,train
190740,train
176989,train
217909,train
196627,train
187242,train
137253,train
174497,train
199465,train
168015,train
183332,train
203522,train
145377,train
222729,train
203455,train
192752,train
150777,train
223884,train
186820,train
222529,train
130998,train
186267,train
175255,train
179021,train
221511,train
120285,train
205725,train
187518,train
224528,train
184753,train
227793,train
186483,train
200531,train
207952,train
202049,train
213473,train
206766,train
194251,train
196866,train
209874,train
205060,train
181164,train
188589,train
183795,train
123229,train
219791,train
220566,train
218552,train
218260,train
167339,train
194926,train
175414,train
181032,train
176996,train
101958,train
174837,train
205619,train
188102,train
203521,train
176328,train
202472,train
190147,train
204036,train
212360,train
198347,train
177565,train
187655,train
145113,train
200024,train
201535,train
118742,train
225805,train
223239,train
146383,train
187367,train
175163,train
191717,train
224471,train
191996,train
176165,train
183055,train
205883,train
199783,train
193557,train
198205,train
183690,train
227276,train
144935,train
126899,train
179566,train
169158,train
110507,train
193745,train
206154,train
193355,train
176091,train
182911,train
214587,train
176589,train
183506,train
198043,train
176413,train
214352,train
196245,train
200150,train
145245,train
183719,train
211118,train
227543,train
175772,train
173996,train
205643,train
169528,train
182572,train
206370,train
176179,train
192744,train
222711,train
188089,train
203196,train
222976,train
203483,train
180829,train
137972,train
221155,train
176893,train
220832,train
173564,train
206751,train
207177,train
203631,train
220172,train
210381,train
134562,train
215747,train
134657,train
189051,train
218814,train
195167,train
188109,train
193353,train
192646,train
186378,train
178178,train
222263,train
122624,train
182748,train
222480,train
220617,train
186899,train
190567,train
210610,train
195717,train
171991,train
188641,train
176256,train
189666,train
182073,train
172110,train
225040,train
104312,train
198691,train
206228,train
204772,train
181731,train
199468,train
188885,train
182165,train
175671,train
219444,train
212057,train
182015,train
168125,train
201853,train
227852,train
189580,train
178583,train
175633,train
188959,train
182536,train
207437,train
178939,train
205594,train
191523,train
176783,train
207856,train
188745,train
220212,train
191804,train
201907,train
171952,train
177295,train
211999,train
190679,train
222988,train
227522,train
183982,train
125888,train
189023,train
223113,train
139598,train
173683,train
218938,train
218732,train
193925,train
105690,train
189785,train
189501,train
205824,train
179529,train
181076,train
206542,train
171365,train
176672,train
153381,train
182533,train
219063,train
188230,train
212416,train
187267,train
211306,train
125554,train
173373,train
182077,train
176333,train
180579,train
206323,train
211661,train
205903,train
185190,train
173784,train
92759,train
145307,train
198734,train
203148,train
174254,train
101704,train
207107,train
222185,train
166189,train
180743,train
203573,train
120419,train
221804,train
223919,train
184632,train
226160,train
184762,train
175624,train
224223,train
186963,train
200480,train
228153,train
184217,train
224488,train
200312,train
196719,train
166272,train
181603,train
192604,train
208094,train
224973,train
196222,train
176757,train
221664,train
201269,train
204980,train
179861,train
213767,train
193226,train
203896,train
200915,train
190802,train
177674,train
226389,train
188104,train
202028,train
204563,train
211354,train
185634,train
205405,train
199307,train
211402,train
201005,train
177887,train
175230,train
199411,train
182105,train
172960,train
137686,train
181804,train
210262,train
103652,train
203449,train
182858,train
188105,train
121834,train
198779,train
183351,train
175354,train
135729,train
212619,train
201608,test
175411,test
199529,test
184993,test
218752,test
227345,test
211823,test
193339,test
151464,test
134733,test
127897,test
117936,test
188410,test
123684,test
186894,test
187911,test
216532,test
101956,test
186081,test
221936,test
178513,test
166813,test
179681,test
223432,test
172236,test
212674,test
179686,test
226382,test
188107,test
179652,test
189778,test
209907,test
176048,test
201431,test
193286,test
181138,test
181027,test
205489,test
220132,test
125010,test
227651,test
146978,test
185546,test
219372,test
146500,test
185547,test
210970,test
208167,test
217967,test
206334,test
187973,test
181199,test
205904,test
197220,test
173047,test
206826,test
203107,test
172646,test
184291,test
191298,test
207953,test
197081,test
176744,test
122862,test
137410,test
176051,test
221023,test
183308,test
227701,test
206821,test
122772,test
179208,test
179037,test
190163,test
205654,test
197018,test
184724,test
177505,test
218467,test
227028,test
205532,test
184356,test
184585,test
198667,test
205006,test
208098,test
199146,test
103651,test
202476,test
189474,test
200135,test
137412,test
224578,test
220292,test
197873,test
184912,test
190583,test
212227,test
186504,test
160942,test
184646,test
203216,test
126230,test
122140,test
200786,test
175801,test
222001,test
226096,test
176955,test
189808,test
92708,test
186942,test
223507,test
170426,test
222220,test
213640,test
174955,test
173917,test
175996,test
202198,test
200421,test
181940,test
128818,test
181049,test
176340,test
96978,test
193076,test
181753,test
220450,test
192557,test
221982,test
196662,test
182025,test
176039,test
190666,test
126456,test
212464,test
176530,test
123683,test
176857,test
177912,test
221826,test
218457,test
220521,test
174402,test
177278,test
120392,test
192209,test
102033,test
221101,test
222510,test
134971,test
221375,test
174645,test
191695,test
193802,test
138024,test
199686,test
220580,test
221971,test
98923,test
227016,test
209868,test
194642,test
198727,test
131125,test
208648,test
179557,test
92797,test
133832,test
220344,test
143472,test
188225,test
201723,test
181936,test
178738,test
200898,test
208172,test
178843,test
180227,test
133851,test
180874,test
188131,test
105749,test
205462,test
138688,test
185667,test
223973,test
188080,test
183633,test
205080,test
131014,test
182375,test
184154,test
203186,test
210449,test
222225,test
222572,test
174979,test
169950,test
173453,test
183087,test
179895,test
183654,test
176347,test
166128,test
179220,test
196506,test
219641,test
187005,test
207802,test
192391,test
184396,test
188257,test
103143,test
185541,test
180319,test
196083,test
169888,test
220165,test
206042,test
176254,test
201988,test
222992,test
196923,test
137093,test
187018,test
191684,test
184744,test
194270,test
184607,test
182019,test
120333,test
146469,test
197275,test
184268,test
202146,test
184347,test
219649,test
171071,test
182606,test
187109,test
184360,test
166960,test
101957,test
200463,test
177595,test
190677,test
183675,test
178032,test
167705,test
179848,test
169126,test
190057,test
225505,test
212279,test
193666,test
194083,test
219885,test
199772,test
219419,test
177721,test
183966,test
121392,test
213210,test
117885,test
199608,test
222189,test
124749,test
223548,test
206497,test
179916,test
189762,test
219684,test
191994,test
171338,test
208359,test
195120,test
207922,test
153279,test
212247,test
173792,test
175767,test
175563,test
205457,test
184545,test
105459,test
176354,test
122242,test
227563,test
200476,test
184988,test
166215,test
203432,test
222331,test
175711,test
178956,test
176582,test
184991,test
199601,test
214350,test
198426,test
221687,test
210977,test
118518,test
183274,test
143515,test
223687,test
188874,test
119171,test
184894,test
224030,test
221814,test
218901,test
176835,test
188707,test
177643,test
183157,test
179909,test
176302,test
173125,test
182425,test
189639,test
188227,test
193781,test
200105,test
178474,test
189999,test
186509,test
218776,test
172387,test
142835,test
126595,test
193650,test
195745,test
169122,test
218176,test
203563,test
184555,test
221937,test
212575,test
220096,test
120299,test
174063,test
177501,test
222733,test
174919,test
213609,test
196584,test
149332,test
220979,test
192068,test
198295,test
178461,test
97015,test
169214,test
179378,test
152991,test
222778,test
122049,test
177321,test
179134,test
227167,test
183980,test
180484,test
127099,test
146459,test
153148,test
213627,test
128939,test
189502,test
188734,test
196574,test
182117,test
181660,test
120041,test
194483,test
207341,test
155761,test
221577,test
177653,test
205484,test
225865,test
174417,test
188537,test
194165,test
126910,test
215235,test
166099,test
218783,test
182840,test
214690,test
183911,test
224165,test
204880,test
225348,test
201320,test
187184,test
185781,test
203299,test
193912,test
169999,test
180015,test
210159,test
122615,test
173586,test
181908,test
146468,test
223646,test
178499,test
157159,test
140107,test
97278,test
181653,test
224058,test
174107,test
193660,test
199501,test
224443,test
203504,test
134730,test
226736,test
184200,test
206592,test
206191,test
181553,test
172465,test
92398,test
189897,test
185266,test
195034,test
181741,test
184463,test
186852,test
182032,test
225139,test
180371,test
125491,test
207939,test
223430,test
189532,test
175357,test
200257,test
181255,test
214622,test
214980,test
120458,test
208081,test
180186,test
205855,test
174857,test
210374,test
192782,test
208383,test
188976,test
199662,test
218431,test
199731,test
205494,test
226386,test
209538,test
180088,test
167725,test
206371,test
184464,test
219567,test
181232,test
176784,test
222213,test
178030,test
130561,test
209630,test
96416,test
178624,test
203615,test
122110,test
189491,test
194237,test
168208,test
183799,test
186921,test
181725,test
177342,test
199190,test
198306,test
167717,test
174508,test
194301,test
186255,test
218976,test
224282,test
133678,test
179559,test
180636,test
205614,test
219636,test
175092,test
188902,test
126215,test
221168,test
192410,test
201466,test
186652,test
226990,test
211645,test
188784,test
189794,test
214958,test
127583,test
188971,test
176406,test
173888,test
193687,test
195180,test
213208,test
185720,test
226407,test
174265,test
177351,test
223003,test
208354,test
211785,test
223026,test
182563,test
176138,test
194161,test
185523,test
187071,test
178951,test
173839,test
224377,test
92768,test
207917,test
147090,test
200505,test
108189,test
188900,test
179070,test
198564,test
185491,test
219509,test
182674,test
188426,test
166955,test
219685,test
200632,test
219677,test
191551,test
197999,test
174785,test
192791,test
193099,test
181658,test
131291,test
187838,test
193806,test
186366,test
199521,test
184305,test
187415,test
196734,test
137262,test
222617,test
177588,test
184386,test
207804,test
198545,test
175015,test
203042,test
119755,test
220765,test
209626,test
186098,test
202168,test
183604,test
181552,test
203385,test
190586,test
193338,test
202277,test
181428,test
173950,test
178604,test
200663,test
184176,test
206176,test
211514,test
186937,test
184404,test
184764,test
177794,test
222927,test
189052,test
226328,test
181762,test
181141,test
212663,test
177460,test
176563,test
127152,test
181327,test
172886,test
212571,test
222360,test
201499,test
212454,test
196570,test
120322,test
169550,test
179585,test
223964,test
185788,test
181780,test
152077,test
190843,test
219484,test
183970,test
200776,test
147918,test
181971,test
183669,test
190150,test
189863,test
206321,test
184064,test
202746,test
197837,test
179096,test
178941,test
183191,test
200911,test
182391,test
174525,test
212082,test
205830,test
175025,test
180057,test
179055,test
220555,test
178297,test
188793,test
218494,test
221583,test
172018,test
171947,test
187746,test
203112,test
224484,test
208045,test
190664,test
118630,test
177583,test
227195,test
184509,test
180886,test
224025,test
186371,test
183558,test
169800,test
180372,test
187899,test
220053,test
226651,test
177991,test
168815,test
189767,test
180894,test
205815,test
206633,test
209693,test
208176,test
200649,test
190315,test
187414,test
172948,test
176303,test
121924,test
172581,test
177740,test
200594,test
179560,test
178629,test
219728,test
214278,test
196851,test
218747,test
185394,test
196647,test
202197,test
154278,test
200118,test
208366,test
200177,test
183123,test
205009,test
228048,test
224677,test
223977,test
188832,test
173716,test
222384,test
134726,test
172777,test
195505,test
208091,test
201532,test
199977,test
179569,test
185567,test
221680,test
187913,test
172224,test
223214,test
183702,test
169163,test
119662,test
187144,test
181081,test
190080,test
222642,test
174646,test
191016,test
199782,test
197283,test
204574,test
218692,test
195504,test
182499,test
211425,test
180693,test
169258,test
167316,test
183941,test
173904,test
92722,test
211528,test
224509,test
178020,test
220981,test
185014,test
176045,test
223710,test
176668,test
127528,test
184829,test
174522,test
178184,test
227690,test
199606,test
180105,test
188049,test
199142,test
172515,test
202670,test
178247,test
100560,test
201714,test
218894,test
173669,test
224182,test
131289,test
171688,test
198607,test
183149,test
220698,test
199683,test
189019,test
186991,test
188480,test
117830,test
120895,test
203127,test
222058,test
173930,test
212321,test
182496,test
214260,test
177482,test
190525,test
215015,test
221440,test
121353,test
196652,test
182915,test
151034,test
127338,test
219360,test
224482,test
169161,test
218698,test
125502,test
185302,test
207963,test
207397,test
173033,test
189797,test
206496,test
172436,test
108780,test
185705,test
219645,test
183443,test
211737,test
174791,test
98085,test
188779,test
175871,test
125471,test
192252,test
191628,test
223989,test
120934,test
184711,test
212311,test
191967,test
188771,test
175039,test
194999,test
200212,test
184290,test
224472,test
175051,test
174732,test
185258,test
183255,test
178391,test
224497,test
194863,test
223825,test
203123,test
227127,test
217898,test
169104,test
110592,test
174330,test
196737,test
172220,test
193421,test
196834,test
137095,test
137975,test
131790,test
206504,test
185376,test
168415,test
150766,test
131282,test
197206,test
222876,test
182006,test
211550,test
186837,test
225053,test
221701,test
214439,test
220153,test
181379,test
179221,test
190850,test
224546,test
176066,test
174875,test
218105,test
222700,test
174762,test
222873,test
175956,test
194670,test
227662,test
196612,test
217494,test
182052,test
184193,test
222318,test
200779,test
184653,test
223136,test
145472,test
201305,test
222532,test
196820,test
182166,test
222860,test
203693,test
222010,test
200906,test
219505,test
191528,test
198218,test
181822,test
176697,test
217330,test
207913,test
177629,test
125583,test
184357,test
193657,test
182475,test
184270,test
183239,test
177297,test
189537,test
167842,test
219680,test
179430,test
185670,test
200104,test
221808,test
175533,test
177420,test
176787,test
214334,test
223242,test
180789,test
174427,test
222199,test
182763,test
179354,test
171752,test
186836,test
176334,test
177749,test
186806,test
169659,test
205485,test
177842,test
222073,test
183943,test
197969,test
190452,test
195194,test
223938,test
198417,test
198775,test
182991,test
173600,test
180870,test
121727,test
200717,test
172511,test
192251,test
199617,test
182995,test
142588,test
168563,test
176782,test
128808,test
204754,test
173392,test
198233,test
210617,test
227278,test
173478,test
223706,test
123921,test
93567,test
207645,test
133611,test
195045,test
218973,test
196849,test
177555,test
196665,test
199481,test
184822,test
180416,test
223847,test
169146,test
184227,test
152526,test
200078,test
207392,test
204984,test
193564,test
202920,test
184161,test
219523,test
226000,test
194255,test
121406,test
183207,test
195723,test
190359,test
171750,test
172282,test
172980,test
207954,test
206355,test
201365,test
185695,test
182022,test
180944,test
218451,test
184399,test
181066,test
188424,test
187783,test
179451,test
176443,test
227002,test
192074,test
200145,test
175038,test
177787,test
179628,test
200072,test
183380,test
184278,test
120706,test
137339,test
146417,test
175875,test
174424,test
178416,test
211386,test
175598,test
199773,test
206600,test
206399,test
226019,test
153270,test
201956,test
203569,test
185534,test
214504,test
212225,test
200031,test
223189,test
196444,test
172036,test
179632,test
211504,test
188749,test
206530,test
187356,test
97508,test
199165,test
202346,test
204572,test
199459,test
169041,test
185243,test
167525,test
211433,test
125820,test
189852,test
127736,test
226291,test
184369,test
180456,test
175449,test
218432,test
192742,test
129753,test
152816,test
171890,test
206402,test
176147,test
170943,test
118651,test
211121,test
198474,test
199754,test
221275,test
227554,test
145444,test
168414,test
190165,test
93512,test
184454,test
192409,test
200242,test
173056,test
223666,test
188054,test
120637,test
183945,test
170501,test
145383,test
132776,test
183272,test
186557,test
123453,test
122176,test
144551,test
200551,test
187808,test
200755,test
220735,test
138663,test
223870,test
176663,test
200513,test
195855,test
186294,test
198609,test
198515,test
125281,test
205644,test
178992,test
209719,test
198438,test
178076,test
186097,test
179475,test
179174,test
118743,test
198423,test
122059,test
121866,test
96359,test
205347,test
199674,test
222114,test
181310,test
212529,test
178057,test
223734,test
122689,test
199166,test
214967,test
186537,test
168781,test
209074,test
118411,test
204918,test
188584,test
201998,test
221372,test
189826,test
218725,test
181802,test
92799,test
196397,test
181583,test
122777,test
191559,test
181932,test
149554,test
182636,test
97080,test
224288,test
181756,test
191140,test
180753,test
177716,test
124328,test
166183,test
212888,test
225346,test
228193,test
118746,test
216536,test
220785,test
227785,test
193863,test
179334,test
135367,test
121626,test
187393,test
204791,test
184502,test
201478,test
176813,test
131038,test
205693,test
180388,test
172856,test
193632,test
176488,test
199464,test
222725,test
189035,test
222541,test
190581,test
176247,test
223990,test
179858,test
212328,test
207546,test
202026,test
177578,test
153147,test
172949,test
179912,test
199715,test
172403,test
123234,test
144366,test
198617,test
176630,test
189686,test
189434,test
202469,test
184900,test
196628,test
212352,test
176763,test
197387,test
96953,test
194303,test
200416,test
171072,test
202104,test
219777,test
187384,test
222865,test
118680,test
202402,test
209637,test
222459,test
212309,test
176026,test
186470,test
220561,test
177582,test
224115,test
175882,test
182101,test
170088,test
192749,test
190573,test
201403,test
222699,test
185351,test
136972,test
183226,test
171369,test
118774,test
223193,test
187763,test
191146,test
181071,test
200985,test
187230,test
190275,test
186985,test
227537,test
194648,test
182062,test
174675,test
178821,test
222594,test
105472,test
190594,test
220035,test
130483,test
178866,test
187919,test
199335,test
193684,test
193659,test
195089,test
205066,test
175994,test
142876,test
196073,test
213291,test
202499,test
122704,test
198634,test
186452,test
180594,test
197399,test
192962,test
207943,test
222754,test
179947,test
199309,test
193469,test
219040,test
174464,test
189495,test
221647,test
182182,test
223428,test
188129,test
183905,test
202061,test
171361,test
191557,test
206512,test
219452,test
214951,test
194277,test
201456,test
136912,test
125228,test
192507,test
145413,test
122608,test
172508,test
188525,test
202678,test
205865,test
227607,test
176826,test
125994,test
181433,test
219690,test
200624,test
181576,test
182812,test
206419,test
211815,test
170610,test
174298,test
169508,test
205772,test
198370,test
170180,test
171617,test
185765,test
127311,test
220118,test
219595,test
223501,test
125620,test
201524,test
206516,test
181813,test
145791,test
191123,test
228045,test
202076,test
173432,test
199767,test
219438,test
222322,test
205610,test
224483,test
195914,test
227274,test
176268,test
184727,test
175468,test
170449,test
125498,test
125462,test
178067,test
222774,test
221285,test
222128,test
179576,test
167102,test
130992,test
196517,test
187784,test
189124,test
180589,test
177838,test
155769,test
133713,test
100024,test
201385,test
202293,test
221753,test
130055,test
177763,test
191572,test
197353,test
180748,test
223580,test
147466,test
195416,test
185435,test
137019,test
175698,test
127172,test
183921,test
201395,test
190633,test
145240,test
195549,test
219437,test
224364,test
123239,test
184721,test
126048,test
227478,test
224121,test
175579,test
211742,test
196915,test
172168,test
223738,test
200521,test
218440,test
184893,test
220147,test
181574,test
201310,test
181755,test
200094,test
175159,test
182122,test
205791,test
174401,test
178862,test
182596,test
108740,test
195150,test
198540,test
179883,test
221424,test
178689,test
197389,test
180592,test
199761,test
195753,test
209870,test
142993,test
185974,test
155768,test
196848,test
201527,test
149807,test
193620,test
207549,test
227788,test
208569,test
200861,test
139663,test
187055,test
182565,test
224349,test
193270,test
211444,test
177556,test
129758,test
191720,test
143576,test
221442,test
226588,test
222067,test
225836,test
192239,test
174802,test
222297,test
179567,test
220530,test
205497,test
183474,test
196935,test
197357,test
181062,test
188583,test
180055,test
178507,test
183322,test
182332,test
201397,test
178346,test
129999,test
122238,test
174800,test
142626,test
137409,test
211804,test
179682,test
176853,test
178760,test
199493,test
180920,test
170157,test
187563,test
224127,test
196958,test
177467,test
173621,test
177037,test
187045,test
187893,test
193845,test
175765,test
127576,test
200258,test
184019,test
126222,test
224562,test
184847,test
219366,test
103656,test
174066,test
202968,test
221964,test
202445,test
203362,test
176469,test
181627,test
202357,test
197564,test
183064,test
194687,test
168152,test
193313,test
184197,test
180786,test
192520,test
226167,test
227559,test
220483,test
174949,test
208736,test
190590,test
183681,test
186971,test
189536,test
219686,test
178309,test
226034,test
168740,test
197284,test
178446,test
195338,test
175857,test
190293,test
182012,test
206670,test
184020,test
180904,test
221494,test
190585,test
183003,test
213478,test
195123,test
93670,test
183440,test
175021,test
187243,test
167868,test
119851,test
184980,test
175508,test
126911,test
196448,test
152982,test
201205,test
182164,test
183154,test
198702,test
178601,test
188821,test
197938,test
217384,test
220104,test
188098,test
187479,test
169098,test
200140,test
197276,test
179123,test
220468,test
201467,test
222052,test
88027,test
220087,test
204998,test
176696,test
125612,test
219873,test
179486,test
184204,test
138072,test
221844,test
201548,test
203579,test
174978,test
189324,test
222653,test
177723,test
223044,test
227558,test
210261,test
185298,test
219069,test
222673,test
207443,test
182710,test
222029,test
192795,test
183395,test
188055,test
170512,test
138699,test
191141,test
222066,test
185000,test
175016,test
204665,test
226163,test
177768,test
212718,test
223886,test
122444,test
122767,test
226018,test
183742,test
215018,test
169455,test
196721,test
92800,test
204992,test
192720,test
171869,test
219314,test
179630,test
183083,test
192396,test
181550,test
225843,test
182510,test
180823,test
206149,test
211642,test
181421,test
176313,test
194998,test
205784,test
130977,test
194851,test
158441,test
202285,test
199260,test
226025,test
181331,test
179897,test
173130,test
174481,test
193628,test
124343,test
183527,test
145257,test
189225,test
175227,test
188252,test
174622,test
191011,test
125505,test
172186,test
175353,test
225119,test
195134,test
146389,test
221757,test
169132,test
220877,test
184228,test
173725,test
222082,test
221139,test
211264,test
169185,test
184492,test
125552,test
201566,test
192638,test
213205,test
179053,test
204578,test
109819,test
175575,test
227292,test
205622,test
183343,test
185352,test
189951,test
173739,test
118575,test
125609,test
188043,test
199153,test
213619,test
220412,test
176251,test
182717,test
185822,test
190056,test
152812,test
197685,test
103654,test
205192,test
146495,test
182020,test
226377,test
178180,test
184796,test
185130,test
127229,test
222094,test
133830,test
176500,test
173742,test
219569,test
192035,test
211733,test
178491,test
127278,test
184097,test
186482,test
185388,test
212499,test
175700,test
175024,test
192343,test
200425,test
182438,test
126017,test
130996,test
198566,test
182379,test
179318,test
85969,test
180671,test
124017,test
177672,test
190343,test
108783,test
212451,test
183132,test
181329,test
208402,test
199618,test
183413,test
208264,test
184167,test
169129,test
186393,test
135550,test
204811,test
209860,test
122699,test
142803,test
189503,test
225021,test
182864,test
207944,test
176223,test
222249,test
221838,test
186646,test
183456,test
144160,test
186878,test
174786,test
224253,test
185401,test
206685,test
223231,test
179588,test
123940,test
180960,test
184889,test
211835,test
186797,test
203838,test
207548,test
187377,test
180541,test
127531,test
178924,test
182382,test
121294,test
174328,test
183592,test
219406,test
209872,test
189040,test
181251,test
118459,test
169055,test
200989,test
185359,test
214458,test
143594,test
196100,test
202007,test
182323,test
199445,test
223799,test
150801,test
187960,test
203608,test
212022,test
188078,test
217639,test
171706,test
192120,test
169152,test
202862,test
222473,test
210698,test
186301,test
199371,test
170392,test
221487,test
120472,test
186908,test
197907,test
188452,test
187247,test
201515,test
181492,test
175022,test
172268,test
176327,test
214371,test
210815,test
212471,test
197116,test
172109,test
202835,test
181020,test
188136,test
203259,test
193933,test
221533,test
183137,test
187087,test
224507,test
199554,test
180608,test
185707,test
180528,test
176264,test
188718,test
181595,test
191536,test
175629,test
185334,test
196362,test
141159,test
188185,test
125598,test
178269,test
201401,test
176688,test
174327,test
125948,test
220393,test
175261,test
172820,test
164901,test
183010,test
173670,test
126737,test
179211,test
204633,test
184098,test
185886,test
173701,test
173700,test
179294,test
182784,test
176800,test
126558,test
221675,test
176816,test
200490,test
173374,test
211220,test
173387,test
190429,test
223944,test
183514,test
176598,test
203457,test
178494,test
125482,test
227544,test
188248,test
190743,test
182093,test
183219,test
181884,test
223460,test
203478,test
180863,test
220092,test
185385,test
197596,test
197687,test
191315,test
184595,test
211384,test
227035,test
192564,test
203168,test
183500,test
207689,test
135256,test
130653,test
177280,test
224124,test
172586,test
201468,test
182750,test
182629,test
197511,test
180737,test
224372,test
179446,test
203818,test
193424,test
183084,test
180892,test
185616,test
178487,test
194876,test
205764,test
190572,test
170224,test
179561,test
176366,test
220710,test
184659,test
205362,test
177584,test
98761,test
225155,test
211527,test
189816,test
219976,test
196244,test
186812,test
201673,test
225948,test
212720,test
206576,test
125034,test
212658,test
199191,test
219439,test
123244,test
220414,test
217905,test
186833,test
210717,test
223640,test
204879,test
227490,test
206340,test
206773,test
166874,test
213756,test
192069,test
202488,test
173294,test
204667,test
220382,test
179488,test
219062,test
119327,test
197656,test
184368,test
180621,test
172119,test
180096,test
220484,test
205402,test
192307,test
183381,test
196674,test
121617,test
219473,test
182488,test
200559,test
222332,test
222628,test
186881,test
222281,test
201687,test
175516,test
166898,test
199996,test
202177,test
195094,test
184892,test
205369,test
171150,test
178946,test
189758,test
223736,test
187768,test
184349,test
174788,test
139366,test
184969,test
194904,test
173163,test
180794,test
208233,test
181916,test
169105,test
216316,test
222376,test
220154,test
181541,test
137100,test
212654,test
179903,test
186025,test
224543,test
210371,test
194651,test
172557,test
185129,test
183486,test
179720,test
207559,test
189105,test
188164,test
182506,test
186050,test
225971,test
187372,test
174396,test
209291,test
184747,test
208197,test
134237,test
213479,test
193868,test
222859,test
212302,test
199724,test
175922,test
198468,test
201611,test
195248,test
184783,test
180154,test
184804,test
192887,test
184576,test
121934,test
179083,test
194740,test
101691,test
166266,test
185168,test
181159,test
201644,test
186112,test
224657,test
214748,test
221400,test
187907,test
198287,test
206320,test
224485,test
220179,test
226595,test
178402,test
180695,test
117841,test
188841,test
212459,test
173601,test
223151,test
172477,test
227356,test
223205,test
222210,test
219969,test
194975,test
226785,test
221553,test
203440,test
119491,test
168006,test
223127,test
228148,test
186252,test
214588,test
182827,test
123167,test
223047,test
223544,test
185119,test
173301,test
179584,test
175827,test
199539,test
224027,test
179711,test
186319,test
177485,test
183359,test
226946,test
198363,test
122186,test
217808,test
199725,test
223105,test
219312,test
182014,test
188808,test
203701,test
224611,test
192552,test
221766,test
199448,test
219447,test
223950,test
166110,test
192748,test
118646,test
208235,test
219658,test
137025,test
183364,test
182482,test
205682,test
196097,test
205463,test
181897,test
168172,test
166936,test
176856,test
173654,test
175392,test
191166,test
190018,test
199656,test
194850,test
133589,test
209623,test
220363,test
195969,test
181883,test
183495,test
221095,test
222562,test
223394,test
226731,test
156777,test
192268,test
193538,test
221637,test
178647,test
150901,test
226316,test
193914,test
174044,test
223366,test
184295,test
178824,test
127890,test
137090,test
184026,test
223431,test
182504,test
175235,test
205495,test
198516,test
195704,test
220675,test
204824,test
177886,test
179808,test
221519,test
220915,test
137136,test
222607,test
179793,test
183603,test
184835,test
206325,test
178445,test
221373,test
217720,test
179797,test
226005,test
127568,test
193929,test
221969,test
219610,test
205521,test
200547,test
199174,test
196745,test
181220,test
175953,test
186805,test
180818,test
219540,test
186966,test
184116,test
173164,test
176174,test
182527,test
196636,test
210565,test
219122,test
199965,test
180235,test
179857,test
225345,test
103650,test
192500,test
172077,test
134664,test
185234,test
199963,test
184307,test
201571,test
198510,test
120001,test
186283,test
201424,test
212076,test
203722,test
178825,test
185353,test
184627,test
175607,test
176186,test
208536,test
184175,test
205461,test
169487,test
204661,test
199582,test
182704,test
221776,test
185728,test
192864,test
189860,test
171138,test
192212,test
203466,test
177466,test
199616,test
183731,test
203729,test
186404,test
192063,test
224668,test
212246,test
78401,test
209679,test
142867,test
197652,test
208251,test
171621,test
179778,test
193918,test
171574,test
120891,test
181892,test
176267,test
174251,test
96027,test
174124,test
130461,test
206680,test
172262,test
181596,test
211995,test
210599,test
208356,test
172162,test
188491,test
206736,test
187934,test
224896,test
187405,test
199231,test
195828,test
173446,test
187053,test
118693,test
184885,test
200309,test
198415,test
222452,test
191549,test
145313,test
220366,test
204613,test
183938,test
200253,test
199929,test
191514,test
219483,test
226385,test
206713,test
173023,test
222039,test
193663,test
190294,test
197400,test
207572,test
182531,test
210512,test
202188,test
221827,test
133603,test
173712,test
224884,test
227550,test
196984,test
196602,test
175173,test
197955,test
190292,test
176011,test
220343,test
221669,test
208977,test
218483,test
218545,test
185846,test
213607,test
166599,test
185158,test
214605,test
182107,test
117934,test
166868,test
190810,test
177472,test
203468,test
200461,test
125561,test
224255,test
167897,test
195736,test
179544,test
173025,test
202902,test
201556,test
219824,test
196523,test
224502,test
183849,test
153518,test
183462,test
177216,test
203190,test
200171,test
205253,test
181368,test
222365,test
127912,test
184139,test
188018,test
185672,test
182364,test
185729,test
222920,test
181785,test
180222,test
174087,test
187864,test
227228,test
227218,test
172561,test
199504,test
199722,test
221010,test
212245,test
121439,test
187301,test
218672,test
171873,test
221392,test
193561,test
181079,test
185372,test
75317,test
180555,test
211796,test
173771,test
220823,test
191232,test
185186,test
194957,test
187031,test
117844,test
181978,test
219604,test
179225,test
227293,test
202480,test
206628,test
195537,test
203433,test
221297,test
197973,test
118598,test
184311,test
124341,test
218101,test
174340,test
178880,test
180838,test
193480,test
196518,test
202332,test
177736,test
203405,test
193548,test
181169,test
183371,test
176628,test
126047,test
211993,test
178156,test
97283,test
146373,test
221173,test
175141,test
175695,test
195037,test
174400,test
175336,test
221846,test
223571,test
166888,test
191160,test
173334,test
196852,test
184010,test
199649,test
223191,test
200479,test
168495,test
179788,test
223511,test
193654,test
185731,test
200510,test
179212,test
92772,test
180326,test
198671,test
145250,test
218448,test
172317,test
176134,test
222125,test
195425,test
202162,test
199723,test
190800,test
198701,test
186811,test
125547,test
172499,test
146295,test
137092,test
124088,test
191568,test
188051,test
174014,test
179942,test
202858,test
186974,test
174594,test
166969,test
173655,test
180848,test
207578,test
219500,test
188840,test
222335,test
217831,test
219400,test
205625,test
202750,test
180041,test
201471,test
201716,test
189976,test
209987,test
171930,test
146412,test
190652,test
208979,test
176691,test
181171,test
176636,test
208555,test
186987,test
198053,test
185249,test
219637,test
172266,test
181246,test
176622,test
207102,test
183218,test
189598,test
221691,test
176309,test
194206,test
171786,test
173155,test
213610,test
195004,test
195068,test
177311,test
174528,test
184350,test
187302,test
198445,test
210612,test
186355,test
181713,test
199492,test
178819,test
184173,test
170738,test
221889,test
203328,test
176953,test
172105,test
174668,test
193362,test
188804,test
105692,test
168160,test
211252,test
199778,test
221999,test
172658,test
174416,test
125801,test
200714,test
185596,test
170203,test
178227,test
226391,test
194700,test
190106,test
182026,test
190188,test
200516,test
203561,test
200211,test
194650,test
203554,test
206636,test
199540,test
203146,test
181265,test
174774,test
171529,test
189701,test
195522,test
120126,test
224291,test
223185,test
212312,test
206857,test
174437,test
180442,test
185283,test
214740,test
175965,test
189012,test
177858,test
169501,test
100561,test
197521,test
220980,test
179001,test
182910,test
224313,test
225135,test
188748,test
193386,test
181100,test
227535,test
184289,test
183285,test
227026,test
184354,test
222578,test
182769,test
207676,test
185462,test
208554,test
176664,test
180043,test
223062,test
173142,test
194961,test
191511,test
173517,test
205634,test
185342,test
223829,test
182473,test
197507,test
178562,test
220535,test
184338,test
218915,test
222782,test
188795,test
181072,test
221690,test
177304,test
195498,test
100582,test
189625,test
223159,test
187980,test
222196,test
225548,test
181547,test
200604,test
223161,test
225424,test
192813,test
219283,test
187806,test
127683,test
203286,test
166856,test
199446,test
222286,test
119666,test
167909,test
193836,test
104339,test
183190,test
119838,test
200096,test
186559,test
192366,test
181193,test
197395,test
208089,test
225990,test
222262,test
189358,test
138127,test
186307,test
92796,test
196843,test
125423,test
202492,test
206558,test
128933,test
223120,test
208193,test
174998,test
178315,test
176698,test
220110,test
224116,test
188488,test
174784,test
205993,test
175948,test
124336,test
189359,test
172675,test
189319,test
174617,test
174266,test
172700,test
222908,test
184321,test
223057,test
174556,test
175005,test
190067,test
222600,test
176792,test
179350,test
178574,test
193837,test
211237,test
92807,test
185529,test
188037,test
179176,test
198449,test
177913,test
173020,test
192097,test
171409,test
223583,test
188960,test
221320,test
155151,test
182772,test
222555,test
179065,test
208954,test
184740,test
180586,test
145299,test
214642,test
184670,test
130980,test
186274,test
173337,test
192878,test
222283,test
222288,test
170948,test
182495,test
206352,test
221262,test
105470,test
204777,test
190920,test
174136,test
136961,test
207836,test
221526,test
175030,test
175323,test
174972,test
200834,test
175537,test
126763,test
175383,test
227400,test
191612,test
220699,test
221093,test
222450,test
209319,test
167312,test
153072,test
180958,test
199262,test
169099,test
174889,test
159523,test
223427,test
174419,test
168159,test
193014,test
184169,test
180184,test
211244,test
222080,test
193656,test
197397,test
169106,test
183913,test
227657,test
201483,test
178664,test
196086,test
146463,test
185375,test
223647,test
183426,test
130784,test
173766,test
172453,test
167851,test
192957,test
186720,test
179651,test
176425,test
174287,test
212021,test
224191,test
196437,test
193908,test
222634,test
145312,test
200859,test
173475,test
225364,test
188549,test
127565,test
180816,test
198419,test
219581,test
190782,test
212356,test
105831,test
93568,test
121365,test
178602,test
174977,test
173717,test
133593,test
203327,test
105824,test
187064,test
176709,test
190806,test
166695,test
183614,test
226381,test
101710,test
203251,test
227265,test
199901,test
146493,test
175632,test
175267,test
128310,test
173995,test
222631,test
191703,test
176232,test
181857,test
184660,test
189421,test
184102,test
223124,test
222501,test
199135,test
203596,test
209683,test
128817,test
220381,test
179936,test
119481,test
178430,test
201722,test
183193,test
176581,test
190180,test
196826,test
196124,test
211996,test
126004,test
221702,test
182055,test
185185,test
222519,test
200088,test
220219,test
184062,test
188180,test
209272,test
220493,test
193475,test
204607,test
177024,test
186904,test
188133,test
174746,test
193217,test
123385,test
226824,test
140060,test
223599,test
224501,test
219087,test
184940,test
186905,test
189900,test
208044,test
194667,test
200401,test
175550,test
221438,test
120647,test
187764,test
205846,test
184159,test
202728,test
200818,test
176729,test
144070,test
203668,test
223917,test
189053,test
221832,test
185303,test
227497,test
173141,test
176414,test
223865,test
199531,test
180497,test
174462,test
174639,test
201377,test
222657,test
183386,test
184998,test
195190,test
181888,test
181131,test
200571,test
185838,test
203620,test
206341,test
222251,test
174316,test
199482,test
220519,test
131269,test
166912,test
212595,test
189812,test
194688,test
223083,test
26046,test
185278,test
219878,test
205915,test
118465,test
181837,test
203618,test
176768,test
190155,test
137977,test
208405,test
185853,test
138168,test
182328,test
210711,test
124073,test
201893,test
176213,test
173726,test
172272,test
120289,test
175662,test
204768,test
219465,test
127153,test
219245,test
188161,test
175072,test
202201,test
219895,test
174860,test
218781,test
153002,test
179068,test
219843,test
122963,test
204239,test
212660,test
190577,test
201903,test
127279,test
185665,test
187599,test
119679,test
203705,test
213480,test
172385,test
222888,test
121888,test
185641,test
217838,test
133696,test
214961,test
197666,test
198389,test
202013,test
203258,test
184160,test
184163,test
201523,test
127687,test
168154,test
191162,test
222404,test
83952,test
176620,test
222130,test
180168,test
222131,test
174496,test
120391,test
219822,test
177298,test
174670,test
226327,test
186454,test
182586,test
137260,test
173098,test
151703,test
178797,test
171107,test
182633,test
167865,test
178980,test
220582,test
207675,test
197650,test
176577,test
176456,test
193069,test
182611,test
200913,test
187248,test
187564,test
193198,test
196537,test
131572,test
122816,test
223029,test
128823,test
208957,test
170840,test
170396,test
226815,test
137946,test
227120,test
207478,test
197867,test
205490,test
201321,test
177590,test
176155,test
223626,test
176671,test
220410,test
183653,test
200141,test
118649,test
212295,test
204976,test
183932,test
197729,test
181717,test
208960,test
211808,test
181546,test
173463,test
192121,test
195020,test
223304,test
178424,test
174065,test
180805,test
137311,test
207837,test
187970,test
177988,test
137102,test
126223,test
195146,test
175329,test
179478,test
225802,test
184414,test
175582,test
204704,test
206494,test
196802,test
176411,test
119882,test
207082,test
198665,test
176317,test
188531,test
178515,test
185977,test
175540,test
185389,test
215535,test
206036,test
207551,test
168197,test
96368,test
198757,test
179364,test
102035,test
180779,test
196487,test
98683,test
172789,test
170862,test
178493,test
193464,test
178349,test
176236,test
203086,test
207454,test
223238,test
174071,test
205775,test
174189,test
220835,test
172587,test
166008,test
201447,test
191673,test
183665,test
173524,test
120393,test
221206,test
179351,test
119891,test
201416,test
199408,test
148609,test
216150,test
222932,test
149703,test
197279,test
92805,test
174042,test
172764,test
219833,test
187545,test
223978,test
196697,test
178328,test
184878,test
177872,test
188742,test
175647,test
175638,test
199593,test
183687,test
174842,test
179372,test
137895,test
175426,test
122687,test
190219,test
190303,test
217904,test
218933,test
191386,test
176364,test
181094,test
187904,test
200581,test
196979,test
211802,test
220829,test
199447,test
192293,test
194836,test
175010,test
121930,test
193541,test
180481,test
181088,test
198752,test
218998,test
185286,test
120478,test
174521,test
188484,test
123219,test
189117,test
222398,test
196427,test
187601,test
214349,test
179344,test
220267,test
189630,test
190325,test
126346,test
201616,test
198197,test
133626,test
205851,test
191318,test
220420,test
202674,test
218463,test
179761,test
218939,test
205447,test
127662,test
175065,test
220416,test
184487,test
179898,test
194726,test
180615,test
184144,test
205359,test
179467,test
224151,test
208984,test
174374,test
176386,test
219260,test
204550,test
167846,test
123280,test
176279,test
175305,test
190000,test
185545,test
176191,test
222341,test
187385,test
190574,test
192758,test
214604,test
202066,test
176580,test
202010,test
118668,test
171545,test
179161,test
222998,test
196832,test
187744,test
96418,test
199060,test
215297,test
191767,test
199787,test
173184,test
179058,test
197004,test
178752,test
211609,test
169157,test
206684,test
178690,test
177373,test
197835,test
173019,test
187406,test
219584,test
199162,test
219642,test
202803,test
222423,test
180038,test
186990,test
219115,test
172271,test
181239,test
188297,test
188448,test
204030,test
180394,test
191571,test
120287,test
184023,test
184650,test
173854,test
183406,test
219617,test
122462,test
150802,test
206180,test
221713,test
183650,test
171979,test
196500,test
202148,test
212030,test
189896,test
184855,test
128312,test
193646,test
195011,test
186543,test
168148,test
222751,test
188490,test
202339,test
193279,test
204576,test
223855,test
200484,test
186350,test
185536,test
152986,test
194936,test
211530,test
200626,test
181848,test
202170,test
200411,test
131707,test
149688,test
195055,test
172379,test
222718,test
178826,test
172386,test
174048,test
180112,test
211736,test
214734,test
188740,test
227736,test
179432,test
182197,test
173012,test
227784,test
125003,test
178232,test
182743,test
197123,test
225253,test
174075,test
206757,test
176332,test
197542,test
179141,test
220373,test
187255,test
206853,test
172327,test
137261,test
171916,test
199194,test
224080,test
174448,test
180875,test
180167,test
211665,test
178682,test
202176,test
192413,test
94125,test
199207,test
173319,test
182042,test
177585,test
223622,test
119991,test
173290,test
195802,test
204555,test
171086,test
183334,test
188052,test
187136,test
199660,test
133609,test
224612,test
199484,test
201576,test
173599,test
195791,test
176489,test
175752,test
175667,test
198378,test
221537,test
181960,test
227314,test
138139,test
223601,test
189909,test
176158,test
119525,test
213474,test
190157,test
202086,test
207377,test
128810,test
216151,test
187699,test
180842,test
177345,test
124242,test
183616,test
193371,test
200443,test
210154,test
223936,test
221828,test
122626,test
202017,test
182890,test
182423,test
221404,test
174210,test
184754,test
150839,test
197085,test
212565,test
175714,test
212303,test
203616,test
211909,test
128316,test
189824,test
213608,test
176244,test
184419,test
200539,test
124855,test
173181,test
178573,test
188851,test
187340,test
185420,test
221698,test
176815,test
203269,test
201261,test
133699,test
167836,test
195324,test
178376,test
175561,test
182850,test
179592,test
177500,test
208220,test
180524,test
177631,test
175661,test
175967,test
177828,test
220621,test
183216,test
201258,test
195164,test
186360,test
198579,test
193454,test
211508,test
225351,test
192091,test
222027,test
223422,test
221598,test
173786,test
181190,test
222658,test
180196,test
178498,test
173099,test
172069,test
129898,test
184143,test
127911,test
226447,test
184844,test
182548,test
185850,test
223757,test
92699,test
119902,test
131281,test
209050,test
200586,test
167881,test
221630,test
218756,test
182530,test
203689,test
205557,test
187791,test
123227,test
177592,test
175193,test
206836,test
188141,test
134335,test
172412,test
223175,test
179988,test
211812,test
222684,test
178410,test
188964,test
205585,test
150750,test
210253,test
129347,test
199452,test
186796,test
173011,test
146411,test
139347,test
213976,test
126776,test
120089,test
171407,test
181869,test
185877,test
93801,test
225122,test
201329,test
190523,test
185774,test
174357,test
224273,test
181923,test
196955,test
222461,test
225537,test
199410,test
192740,test
177534,test
181624,test
207281,test
195293,test
143321,test
188883,test
205552,test
221661,test
188163,test
193613,test
204978,test
209137,test
183341,test
185768,test
175894,test
187496,test
188425,test
197011,test
185654,test
195531,test
178968,test
127617,test
172501,test
183345,test
218769,test
174466,test
183329,test
221295,test
183414,test
179930,test
174145,test
186429,test
195314,test
138524,test
205401,test
188418,test
179780,test
182774,test
222165,test
224534,test
139344,test
185284,test
200450,test
177511,test
201012,test
178172,test
217984,test
182683,test
183873,test
193357,test
171558,test
91422,test
192407,test
186113,test
210372,test
223613,test
205488,test
180976,test
182245,test
172447,test
186257,test
187565,test
224294,test
223840,test
184840,test
149672,test
227660,test
172919,test
178433,test
100562,test
127542,test
184383,test
118398,test
180742,test
186489,test
184596,test
207080,test
181852,test
175748,test
189517,test
183648,test
125506,test
126162,test
205736,test
96407,test
204205,test
170953,test
141639,test
202967,test
190589,test
213612,test
209274,test
199604,test
181930,test
194614,test
179605,test
197864,test
178148,test
199226,test
214713,test
167783,test
178382,test
210819,test
195086,test
180548,test
174571,test
177007,test
173204,test
180558,test
177353,test
177522,test
125591,test
199774,test
177680,test
218460,test
218775,test
189260,test
125022,test
200116,test
226835,test
161970,test
173869,test
195347,test
176686,test
176467,test
192728,test
172562,test
203533,test
227082,test
171521,test
128811,test
121243,test
173790,test
180507,test
181760,test
138090,test
201183,test
137027,test
188871,test
185506,test
184214,test
140921,test
189974,test
201096,test
174160,test
209303,test
219592,test
181493,test
183952,test
187805,test
195848,test
174830,test
168491,test
172906,test
203254,test
195137,test
189582,test
208511,test
219450,test
185276,test
195040,test
193450,test
204543,test
96400,test
186065,test
130512,test
203565,test
214710,test
184032,test
138712,test
198466,test
212219,test
202679,test
198394,test
186988,test
187309,test
195067,test
117905,test
202442,test
169025,test
122243,test
118473,test
184886,test
227331,test
188147,test
189026,test
219006,test
185181,test
204670,test
175303,test
178422,test
204483,test
188212,test
196654,test
183400,test
191623,test
221371,test
193563,test
183725,test
196578,test
177326,test
131283,test
185994,test
150754,test
126775,test
127547,test
218917,test
172278,test
173500,test
176172,test
221754,test
218964,test
201125,test
220769,test
179090,test
227103,test
176400,test
193556,test
173691,test
120880,test
123436,test
150902,test
201463,test
201493,test
181735,test
216563,test
123977,test
224355,test
183776,test
223179,test
223851,test
209861,test
225969,test
205415,test
184735,test
139073,test
193592,test
209310,test
200557,test
179077,test
186958,test
177240,test
175492,test
179470,test
127783,test
194830,test
93682,test
227233,test
175657,test
174925,test
222466,test
180451,test
184488,test
181150,test
192593,test
187303,test
195819,test
176021,test
214738,test
222719,test
175205,test
179675,test
198362,test
126755,test
192208,test
171915,test
179667,test
219494,test
184907,test
124083,test
195932,test
192386,test
199381,test
213606,test
191968,test
219059,test
125810,test
172420,test
190135,test
125809,test
176585,test
127788,test
174313,test
200176,test
222496,test
175382,test
201348,test
167838,test
198563,test
178144,test
185215,test
204575,test
193981,test
213229,test
172455,test
200613,test
213223,test
190270,test
188182,test
178238,test
196916,test
175321,test
192708,test
201169,test
206551,test
96831,test
208365,test
175617,test
166830,test
171958,test
183405,test
199735,test
202485,test
118675,test
142383,test
211445,test
133706,test
153056,test
174643,test
177042,test
220822,test
177814,test
221801,test
193779,test
179044,test
127136,test
177989,test
179865,test
226555,test
171405,test
101933,test
185511,test
219965,test
219609,test
216061,test
187025,test
185845,test
220075,test
209056,test
185452,test
202052,test
179690,test
223997,test
177541,test
197087,test
172044,test
181487,test
200231,test
174750,test
191537,test
219510,test
208484,test
131786,test
127294,test
173602,test
178947,test
122088,test
93808,test
168610,test
190489,test
190783,test
92814,test
220465,test
221493,test
224513,test
181668,test
177550,test
222385,test
193688,test
171783,test
127929,test
208381,test
183571,test
207308,test
179621,test
222956,test
184748,test
181095,test
168206,test
181346,test
227101,test
216533,test
183390,test
188181,test
203106,test
174695,test
167845,test
184497,test
206358,test
192047,test
180583,test
175911,test
125417,test
208561,test
227088,test
220662,test
134717,test
190017,test
181683,test
130798,test
122179,test
198994,test
183711,test
219388,test
175427,test
177474,test
200090,test
180533,test
214430,test
78409,test
206668,test
185533,test
182868,test
172063,test
199227,test
223776,test
188444,test
184059,test
199212,test
175448,test
222014,test
214614,test
185876,test
123675,test
224671,test
203202,test
187925,test
180982,test
171578,test
181060,test
185582,test
175467,test
193878,test
126782,test
192691,test
190936,test
212466,test
213299,test
203404,test
200675,test
223955,test
198331,test
200317,test
205798,test
182246,test
108824,test
200017,test
222260,test
196577,test
219068,test
96944,test
129863,test
187014,test
219513,test
182631,test
206575,test
203208,test
191783,test
179007,test
219535,test
184072,test
219884,test
182374,test
182116,test
182539,test
102040,test
187858,test
120121,test
121366,test
182770,test
180432,test
179580,test
173768,test
203402,test
177002,test
145318,test
184702,test
182878,test
189039,test
189133,test
218782,test
222947,test
220807,test
217932,test
227031,test
184208,test
191481,test
70190,test
172485,test
182075,test
123269,test
183903,test
187839,test
176619,test
188298,test
176805,test
227742,test
219872,test
185659,test
198455,test
220158,test
117916,test
185239,test
219001,test
127180,test
223968,test
173748,test
177591,test
172757,test
189542,test
176004,test
216664,test
123442,test
195862,test
225025,test
195778,test
198048,test
199583,test
219683,test
192285,test
186515,test
214952,test
198009,test
185287,test
184758,test
187867,test
219816,test
182542,test
186785,test
123207,test
174801,test
150783,test
176880,test
205897,test
183967,test
217186,test
174631,test
204700,test
219125,test
125507,test
189037,test
196622,test
185611,test
181570,test
197857,test
199502,test
126428,test
201489,test
223055,test
207890,test
181203,test
224536,test
179723,test
223532,test
184918,test
219375,test
191622,test
222767,test
226012,test
194990,test
142650,test
221658,test
223662,test
125919,test
175402,test
192058,test
200843,test
175627,test
195933,test
193020,test
193395,test
174796,test
176374,test
173162,test
184499,test
93660,test
197741,test
171914,test
172221,test
187985,test
222613,test
188039,test
222451,test
180397,test
173303,test
186124,test
152817,test
182319,test
202958,test
176218,test
176146,test
193453,test
224479,test
178457,test
185802,test
182373,test
225536,test
184038,test
193686,test
202735,test
227857,test
123365,test
125499,test
187847,test
136911,test
120900,test
215449,test
224512,test
125617,test
122832,test
93780,test
219579,test
227112,test
185255,test
86324,test
198448,test
177753,test
206831,test
119279,test
185397,test
221302,test
151975,test
181751,test
206728,test
181976,test
129346,test
173692,test
222304,test
172324,test
181845,test
181865,test
223197,test
223157,test
223411,test
192256,test
178693,test
190392,test
169102,test
182818,test
173251,test
120288,test
198145,test
180477,test
223935,test
182115,test
219545,test
183398,test
220544,test
204713,test
188195,test
176963,test
221104,test
177508,test
173095,test
195186,test
175465,test
204769,test
222209,test
196582,test
219346,test
186448,test
182871,test
190176,test
206945,test
182359,test
138928,test
184002,test
198364,test
202995,test
212562,test
181189,test
143482,test
181019,test
186420,test
211606,test
180606,test
220828,test
122859,test
177587,test
217970,test
207821,test
184126,test
167888,test
200752,test
126765,test
177234,test
188639,test
140026,test
202787,test
194929,test
187099,test
128545,test
219518,test
181872,test
120237,test
186953,test
174578,test
143323,test
176490,test
220908,test
122103,test
182429,test
172222,test
222581,test
196994,test
187798,test
179522,test
209936,test
193550,test
221840,test
167683,test
143467,test
200293,test
218743,test
96408,test
201286,test
174694,test
190490,test
181317,test
201835,test
202349,test
221022,test
178404,test
134330,test
119967,test
178702,test
187028,test
167776,test
137035,test
175439,test
211183,test
225003,test
184451,test
185221,test
189307,test
136823,test
171994,test
89475,test
199753,test
227791,test
181143,test
175786,test
135195,test
184899,test
199870,test
181613,test
195220,test
176367,test
223114,test
200966,test
188412,test
207183,test
198812,test
176928,test
131573,test
184275,test
146494,test
222115,test
201263,test
184339,test
204344,test
174045,test
179719,test
185402,test
155388,test
192822,test
178872,test
175566,test
198786,test
173685,test
183613,test
205558,test
123168,test
119759,test
203272,test
93566,test
203547,test
187061,test
174891,test
211833,test
222664,test
181977,test
208032,test
212676,test
179918,test
178490,test
186901,test
103655,test
199253,test
181063,test
204577,test
189589,test
186280,test
130722,test
227302,test
198303,test
122191,test
209398,test
198800,test
173447,test
210566,test
220135,test
180260,test
200783,test
190134,test
227346,test
195564,test
186062,test
123367,test
228211,test
176908,test
152923,test
222500,test
206590,test
181895,test
193602,test
177910,test
219973,test
213198,test
222302,test
220546,test
196575,test
224159,test
188476,test
105142,test
222832,test
190904,test
206565,test
173713,test
108773,test
213203,test
207565,test
215730,test
134662,test
125876,test
143420,test
125687,test
130562,test
194627,test
170812,test
192044,test
172676,test
176017,test
193470,test
187868,test
225848,test
167719,test
204612,test
181738,test
176417,test
186232,test
195316,test
195787,test
220441,test
187933,test
201251,test
207458,test
200666,test
198368,test
200802,test
120919,test
182535,test
176933,test
222432,test
188753,test
221322,test
171023,test
178579,test
173333,test
206833,test
186311,test
186368,test
194732,test
175878,test
180050,test
216173,test
169301,test
222831,test
203337,test
120408,test
168168,test
224469,test
168124,test
187650,test
174538,test
201164,test
223190,test
198398,test
189697,test
137089,test
184235,test
185878,test
224340,test
134923,test
211450,test
196632,test
178389,test
177767,test
221203,test
201010,test
183763,test
121619,test
205617,test
218753,test
179856,test
227211,test
177859,test
195507,test
220779,test
176131,test
168182,test
193485,test
125493,test
220206,test
173906,test
179891,test
190754,test
184151,test
214987,test
215784,test
180851,test
219391,test
226004,test
211361,test
167723,test
208174,test
177017,test
206738,test
182726,test
221926,test
183707,test
194292,test
172113,test
205423,test
195574,test
185792,test
222535,test
220820,test
173826,test
186432,test
190673,test
194722,test
220438,test
225591,test
177006,test
172216,test
173078,test
195128,test
199011,test
177818,test
123932,test
171557,test
181789,test
223446,test
195091,test
178725,test
220463,test
177907,test
136919,test
146400,test
205003,test
176255,test
223364,test
173740,test
127132,test
192963,test
147081,test
219356,test
184777,test
201510,test
133519,test
223874,test
185194,test
224654,test
181378,test
222528,test
222049,test
145265,test
193844,test
224063,test
189855,test
226988,test
207569,test
177533,test
207715,test
167672,test
172784,test
192637,test
176693,test
174454,test
185499,test
227386,test
222561,test
119969,test
152083,test
185231,test
184863,test
201526,test
131742,test
199241,test
93678,test
187354,test
211523,test
185482,test
199175,test
185139,test
197294,test
193916,test
222885,test
176647,test
191702,test
178504,test
203205,test
197535,test
214695,test
193144,test
180882,test
192793,test
226157,test
137026,test
181318,test
182837,test
178429,test
99841,test
183902,test
205392,test
127548,test
184680,test
198326,test
165877,test
180573,test
180111,test
123268,test
176760,test
220539,test
184491,test
194603,test
193567,test
206681,test
212587,test
178853,test
185165,test
174407,test
220737,test
184493,test
185907,test
179875,test
201280,test
122106,test
193594,test
120455,test
198776,test
188769,test
221611,test
192319,test
209307,test
121528,test
175944,test
217819,test
176871,test
126082,test
184641,test
109482,test
227334,test
196788,test
223354,test
169484,test
189022,test
219834,test
119821,test
194624,test
138662,test
166594,test
213104,test
183097,test
180668,test
213613,test
188715,test
188875,test
176312,test
171527,test
206489,test
199192,test
187258,test
186413,test
199599,test
227304,test
207237,test
173767,test
218472,test
184394,test
190776,test
125500,test
178261,test
142645,test
182061,test
194888,test
227836,test
182703,test
168183,test
199474,test
187060,test
207336,test
220193,test
223688,test
226659,test
220482,test
205185,test
205785,test
212378,test
167712,test
224658,test
183986,test
167690,test
173234,test
178210,test
178936,test
180912,test
214708,test
208156,test
197342,test
126764,test
206481,test
205776,test
194911,test
182474,test
177223,test
185601,test
185474,test
176242,test
196929,test
192776,test
173938,test
187849,test
211856,test
182755,test
181114,test
184346,test
212706,test
183629,test
192804,test
105466,test
179945,test
175746,test
125431,test
228141,test
173880,test
182552,test
193488,test
182751,test
179438,test
176882,test
169332,test
200566,test
211245,test
173676,test
211305,test
93549,test
188819,test
173378,test
182064,test
179110,test
220032,test
224520,test
171137,test
181366,test
175378,test
180011,test
207925,test
123435,test
199533,test
178460,test
220574,test
188995,test
190921,test
179683,test
181723,test
210577,test
193721,test
182040,test
173832,test
188582,test
214455,test
224589,test
169448,test
222008,test
184405,test
178888,test
184506,test
226722,test
186951,test
211991,test
191042,test
197339,test
221407,test
118399,test
176726,test
176724,test
183958,test
203347,test
191161,test
224603,test
179700,test
214607,test
167850,test
219368,test
207940,test
220364,test
199072,test
179940,test
199874,test
222755,test
212467,test
179205,test
184695,test
177666,test
198662,test
227499,test
198412,test
176675,test
127534,test
191142,test
195941,test
199403,test
188015,test
180905,test
169263,test
170445,test
213120,test
224499,test
220081,test
181089,test
171788,test
165916,test
195712,test
189606,test
195071,test
219558,test
197997,test
195108,test
205200,test
184279,test
183703,test
221710,test
187431,test
182550,test
222995,test
203651,test
204763,test
222487,test
198444,test
200715,test
224234,test
183796,test
212081,test
125884,test
221968,test
212314,test
198052,test
126019,test
123238,test
171105,test
221281,test
182337,test
203577,test
181811,test
139977,test
188850,test
222011,test
179911,test
118408,test
193307,test
125817,test
184967,test
173276,test
213926,test
131030,test
222460,test
190762,test
173161,test
190752,test
221158,test
185842,test
121558,test
199931,test
226395,test
223618,test
172169,test
181672,test
175194,test
209299,test
122824,test
174722,test
185524,test
182721,test
186807,test
109278,test
125206,test
146395,test
200209,test
179570,test
190274,test
172448,test
105340,test
180808,test
188442,test
207587,test
189575,test
132239,test
175061,test
196664,test
198539,test
212319,test
177864,test
191679,test
228037,test
177031,test
193789,test
191614,test
188363,test
194118,test
203555,test
195006,test
223510,test
198356,test
139592,test
187872,test
137416,test
180005,test
182578,test
186995,test
150548,test
179596,test
219402,test
220637,test
190454,test
137394,test
175265,test
187035,test
182301,test
206582,test
227204,test
200446,test
182892,test
202047,test
201095,test
220581,test
193535,test
117928,test
184402,test
179479,test
200227,test
173433,test
221859,test
221014,test
178814,test
180826,test
189463,test
227126,test
175019,test
200040,test
92706,test
172729,test
185770,test
173606,test
212249,test
171859,test
206674,test
185159,test
222551,test
181951,test
187688,test
175895,test
152627,test
199647,test
120300,test
212027,test
217728,test
174773,test
184303,test
133631,test
190524,test
221819,test
224596,test
173390,test
92770,test
180682,test
186825,test
197544,test
200254,test
171143,test
202063,test
180736,test
191805,test
181850,test
186408,test
179369,test
218256,test
199325,test
190899,test
201685,test
224500,test
125474,test
122244,test
169697,test
185652,test
192769,test
121539,test
168294,test
198421,test
176353,test
180421,test
210809,test
201323,test
142847,test
184388,test
181866,test
200433,test
177893,test
189498,test
201603,test
223984,test
219455,test
198208,test
185350,test
201518,test
187605,test
175766,test
205049,test
223069,test
184950,test
121728,test
119553,test
202507,test
207269,test
182437,test
184608,test
181538,test
183584,test
222018,test
143376,test
177564,test
142860,test
197466,test
196748,test
186440,test
187726,test
200548,test
221893,test
206617,test
194868,test
183888,test
198708,test
185261,test
202491,test
188295,test
184795,test
212278,test
106948,test
218380,test
176015,test
134647,test
179268,test
188775,test
126909,test
145414,test
178677,test
180447,test
218895,test
141593,test
186251,test
186477,test
203414,test
182869,test
203296,test
174453,test
171090,test
223153,test
172812,test
140021,test
184055,test
197885,test
187964,test
222643,test
227077,test
121540,test
118782,test
124326,test
173617,test
187157,test
176592,test
142797,test
179245,test
222097,test
184694,test
207459,test
178249,test
222056,test
184194,test
180214,test
173686,test
183557,test
176617,test
200303,test
188502,test
209119,test
96984,test
181938,test
187620,test
189777,test
140015,test
195012,test
183056,test
224375,test
200292,test
184121,test
225954,test
134199,test
218994,test
198632,test
177791,test
185150,test
195149,test
175749,test
227359,test
192036,test
127326,test
183824,test
190151,test
174980,test
181815,test
177890,test
138104,test
199695,test
222723,test
206041,test
184236,test
176832,test
169224,test
224298,test
198475,test
179099,test
225340,test
218909,test
125630,test
118676,test
180414,test
199187,test
224152,test
194128,test
175222,test
136072,test
193124,test
182757,test
180323,test
220704,test
185888,test
180916,test
128319,test
187245,test
129287,test
198616,test
196270,test
177363,test
195864,test
173452,test
199535,test
185002,test
179846,test
215501,test
172454,test
137898,test
184056,test
196615,test
165837,test
175098,test
221163,test
193018,test
225256,test
174458,test
178450,test
176291,test
218405,test
125615,test
120460,test
222320,test
184370,test
179894,test
189076,test
172104,test
211322,test
201485,test
219347,test
221940,test
205795,test
175530,test
223555,test
150755,test
213639,test
204835,test
226773,test
178456,test
191265,test
197870,test
203197,test
180992,test
180873,test
225866,test
124862,test
133587,test
196725,test
181963,test
150008,test
193676,test
185795,test
176804,test
196974,test
183549,test
137423,test
222425,test
221415,test
198216,test
170986,test
184221,test
192725,test
177821,test
188967,test
220091,test
193940,test
150752,test
187386,test
179061,test
183696,test
193536,test
214739,test
176491,test
222934,test
226284,test
219638,test
200914,test
198236,test
206776,test
173677,test
111301,test
184774,test
171314,test
192204,test
227884,test
178890,test
119590,test
193680,test
187844,test
194119,test
124075,test
179104,test
197288,test
183694,test
180404,test
209929,test
197322,test
191590,test
129897,test
206525,test
101941,test
195550,test
206193,test
92711,test
127672,test
200213,test
208014,test
226758,test
183788,test
189965,test
198463,test
137259,test
137306,test
148209,test
180557,test
103375,test
174630,test
222724,test
209416,test
189259,test
168484,test
219385,test
219805,test
221529,test
170002,test
172760,test
190582,test
127333,test
205799,test
180316,test
187647,test
196315,test
180926,test
181181,test
179462,test
205470,test
182110,test
177673,test
208734,test
120151,test
219549,test
200971,test
137146,test
202280,test
180651,test
197866,test
178510,test
179601,test
186253,test
184959,test
121964,test
211368,test
146399,test
185940,test
187062,test
178852,test
137417,test
222050,test
122245,test
221112,test
125460,test
182422,test
171872,test
199939,test
221977,test
191686,test
179435,test
180701,test
167900,test
167870,test
207447,test
170982,test
178730,test
223753,test
201715,test
175075,test
179670,test
184489,test
173714,test
176794,test
190751,test
195614,test
194696,test
175490,test
182518,test
206037,test
197924,test
188314,test
219357,test
224664,test
180565,test
227052,test
177526,test
203383,test
183503,test
175716,test
184966,test
212488,test
176249,test
127280,test
200305,test
225141,test
140072,test
223700,test
202303,test
172491,test
227775,test
205436,test
197505,test
125555,test
203434,test
185247,test
227199,test
204804,test
220455,test
179881,test
201525,test
214709,test
175933,test
219526,test
179442,test
183299,test
206587,test
120344,test
218610,test
182509,test
222557,test
182680,test
193418,test
207678,test
170957,test
198202,test
205063,test
172931,test
185727,test
173280,test
176765,test
214639,test
201402,test
187353,test
184384,test
187179,test
201494,test
189092,test
177239,test
225011,test
183494,test
170192,test
171718,test
205633,test
180277,test
179330,test
195157,test
217805,test
152529,test
186640,test
226934,test
125680,test
203276,test
227223,test
206510,test
125567,test
200233,test
191279,test
182389,test
173945,test
172506,test
173309,test
183676,test
183022,test
189608,test
196624,test
176372,test
198765,test
188699,test
119234,test
199752,test
187016,test
127036,test
172205,test
201339,test
219914,test
217833,test
216296,test
221197,test
197676,test
122820,test
176818,test
218442,test
175784,test
219362,test
219459,test
178138,test
177543,test
202732,test
153006,test
191145,test
187810,test
175844,test
175884,test
179353,test
212301,test
197634,test
202080,test
208665,test
219580,test
208790,test
199998,test
200561,test
120505,test
174812,test
199658,test
189137,test
118132,test
206711,test
201216,test
199103,test
183212,test
227287,test
223230,test
197871,test
222512,test
179664,test
174733,test
184876,test
190193,test
186871,test
126025,test
188905,test
221949,test
167903,test
200407,test
168780,test
184118,test
182024,test
194619,test
222356,test
197514,test
173657,test
205531,test
120805,test
169127,test
173476,test
102037,test
220821,test
180093,test
126498,test
172921,test
174425,test
196667,test
173666,test
192644,test
174872,test
208083,test
184063,test
207855,test
202992,test
177348,test
195565,test
172565,test
178569,test
202011,test
221642,test
179982,test
223234,test
196894,test
192579,test
196850,test
138170,test
146387,test
211426,test
182114,test
198789,test
206333,test
181087,test
92723,test
122829,test
221632,test
220114,test
175730,test
191526,test
127344,test
208876,test
125814,test
181176,test
125162,test
126157,test
180163,test
221236,test
137097,test
201681,test
223154,test
222274,test
124882,test
185494,test
203250,test
180684,test
194697,test
140067,test
225129,test
133590,test
220369,test
172647,test
181354,test
219835,test
176884,test
206347,test
118778,test
189103,test
189610,test
190588,test
221156,test
126772,test
205500,test
223164,test
199609,test
177895,test
173743,test
168982,test
147055,test
199784,test
184964,test
185464,test
129290,test
206550,test
207467,test
175017,test
188973,test
170980,test
138924,test
208404,test
179899,test
219736,test
176499,test
205722,test
184112,test
177286,test
131019,test
195117,test
188154,test
179533,test
174486,test
187388,test
145781,test
190591,test
124086,test
214688,test
174999,test
221394,test
183300,test
105696,test
172478,test
178535,test
223182,test
199380,test
101909,test
195822,test
179645,test
178820,test
174816,test
185787,test
197147,test
169780,test
197008,test
183225,test
199640,test
175458,test
184867,test
172603,test
165807,test
167401,test
200147,test
214498,test
182585,test
145196,test
188116,test
126583,test
211646,test
202454,test
193438,test
200524,test
226281,test
173013,test
137130,test
177952,test
127684,test
173822,test
186873,test
176684,test
177204,test
222970,test
201206,test
197515,test
198373,test
222374,test
207126,test
191357,test
177478,test
130125,test
203394,test
175594,test
178415,test
181126,test
188413,test
221355,test
173858,test
188149,test
179232,test
206232,test
188165,test
223722,test
177884,test
210120,test
200069,test
173595,test
204800,test
184011,test
220495,test
143308,test
179955,test
209035,test
168161,test
171322,test
168809,test
171955,test
169821,test
142901,test
180479,test
227799,test
200217,test
93787,test
175725,test
183491,test
175343,test
141170,test
200584,test
220286,test
201564,test
184692,test
175471,test
101702,test
180170,test
184651,test
125672,test
194635,test
215205,test
181545,test
176234,test
184896,test
200483,test
224007,test
122051,test
188172,test
182411,test
183449,test
200599,test
184994,test
185473,test
222280,test
118403,test
223864,test
185274,test
185102,test
221562,test
179142,test
176865,test
201709,test
183060,test
125415,test
143095,test
166007,test
212530,test
197949,test
211246,test
149969,test
223988,test
167880,test
196061,test
200754,test
179349,test
201344,test
192038,test
186441,test
205325,test
146474,test
221705,test
222531,test
181917,test
226015,test
199612,test
174110,test
193668,test
188792,test
197391,test
190321,test
118475,test
196839,test
182553,test
178804,test
209415,test
186799,test
215055,test
202041,test
224985,test
141696,test
130487,test
221417,test
174775,test
186481,test
201540,test
177885,test
186287,test
225863,test
188144,test
193010,test
193375,test
126791,test
175123,test
183304,test
189197,test
222169,test
180895,test
190968,test
219546,test
125492,test
177577,test
207263,test
201689,test
151596,test
222750,test
195294,test
202236,test
188403,test
185671,test
173650,test
96378,test
227222,test
197460,test
198393,test
185192,test
181863,test
201582,test
174721,test
175210,test
181868,test
219960,test
182397,test
222015,test
150821,test
223564,test
184612,test
221050,test
207936,test
197876,test
198619,test
145459,test
183425,test
199329,test
168715,test
121648,test
118599,test
182874,test
192711,test
222123,test
137029,test
200288,test
189119,test
206825,test
194923,test
184816,test
173837,test
202074,test
172794,test
201574,test
175726,test
206492,test
200011,test
206503,test
216567,test
172776,test
172160,test
176710,test
171967,test
194706,test
170237,test
199134,test
185595,test
199637,test
173122,test
212671,test
179246,test
206572,test
177242,test
211700,test
226909,test
193291,test
209939,test
182484,test
193647,test
196978,test
190955,test
126557,test
206638,test
181769,test
181719,test
