user_id,fold
223105,train
208872,train
220463,train
184901,train
120881,train
189363,train
219055,train
226097,train
201849,train
203773,train
172401,train
224168,train
130722,train
125499,train
143426,train
175931,train
222306,train
192257,train
176588,train
192451,train
194991,train
194898,train
187339,train
199875,train
224766,train
175895,train
210577,train
125546,train
179744,train
185943,train
102617,train
222833,train
220766,train
172855,train
197133,train
184099,train
185721,train
187927,train
220549,train
176752,train
173335,train
196177,train
174630,train
187021,train
192643,train
181110,train
218692,train
147353,train
201328,train
173014,train
101699,train
183589,train
202179,train
174659,train
187505,train
206843,train
176234,train
187188,train
212924,train
179104,train
184780,train
181541,train
153522,train
193986,train
223113,train
96369,train
183123,train
183322,train
176912,train
173216,train
171495,train
194691,train
181496,train
216365,train
190148,train
214967,train
199410,train
184364,train
182244,train
222567,train
131040,train
207918,train
174410,train
227204,train
223145,train
184851,train
187986,train
225140,train
187988,train
173875,train
218397,train
175230,train
196608,train
191280,train
199874,train
180471,train
143009,train
174054,train
188015,train
192292,train
188700,train
209910,train
201418,train
197562,train
221172,train
119846,train
208251,train
181962,train
181087,train
184779,train
204822,train
161300,train
223505,train
178502,train
101693,train
218441,train
202977,train
184805,train
203197,train
191153,train
176955,train
227647,train
177483,train
182636,train
212309,train
180951,train
205584,train
196839,train
198816,train
189605,train
131390,train
209099,train
174608,train
213037,train
198634,train
200089,train
188489,train
177474,train
176092,train
144732,train
226541,train
178808,train
184406,train
194997,train
199750,train
224579,train
193291,train
131271,train
220123,train
223856,train
110595,train
181167,train
175147,train
201312,train
108823,train
202920,train
201624,train
222179,train
136964,train
171577,train
80145,train
143881,train
174886,train
93681,train
208169,train
221015,train
176059,train
225336,train
152973,train
189598,train
205723,train
182467,train
137947,train
211362,train
196823,train
198435,train
185192,train
194146,train
120319,train
221295,train
176947,train
226659,train
224588,train
198183,train
187029,train
225954,train
207917,train
109617,train
177568,train
175110,train
193985,train
105692,train
225537,train
173044,train
204921,train
183904,train
174033,train
188189,train
183670,train
179318,train
188098,train
194736,train
183986,train
173046,train
134528,train
166867,train
187091,train
187854,train
130977,train
214741,train
218095,train
125541,train
175196,train
173361,train
195773,train
204997,train
222122,train
119281,train
185480,train
166934,train
187770,train
133687,train
189639,train
180774,train
150897,train
199009,train
188487,train
198400,train
177232,train
212482,train
176948,train
146402,train
193536,train
181299,train
184144,train
191706,train
201663,train
227509,train
219803,train
208580,train
212465,train
197712,train
193663,train
224775,train
178855,train
195771,train
180780,train
190156,train
175381,train
117948,train
133588,train
191783,train
221864,train
194669,train
177340,train
121924,train
188077,train
190931,train
177841,train
175966,train
137019,train
186242,train
220048,train
97505,train
133620,train
181622,train
180241,train
189585,train
193850,train
199234,train
122011,train
222620,train
199659,train
212356,train
195802,train
222719,train
212727,train
197466,train
203745,train
189324,train
129988,train
225114,train
201400,train
226773,train
176509,train
101950,train
181263,train
221562,train
224393,train
186876,train
223571,train
208666,train
179543,train
125585,train
146458,train
197970,train
208693,train
204692,train
199934,train
207852,train
205622,train
199481,train
184182,train
178682,train
96405,train
188256,train
174423,train
227497,train
182016,train
187782,train
212718,train
92727,train
184306,train
182718,train
188221,train
201292,train
143318,train
179793,train
176589,train
177080,train
125501,train
178624,train
217875,train
201774,train
189588,train
192704,train
183903,train
224457,train
203392,train
172580,train
171842,train
196800,train
176569,train
177567,train
175776,train
216805,train
194624,train
205531,train
171572,train
175872,train
205763,train
92729,train
181252,train
173290,train
222964,train
226160,train
181099,train
177468,train
205773,train
208392,train
199639,train
137312,train
223968,train
222259,train
179865,train
186382,train
175267,train
205921,train
168203,train
199707,train
119823,train
125810,train
190147,train
182756,train
186023,train
205993,train
207953,train
219887,train
205798,train
182450,train
186460,train
205582,train
203653,train
175068,train
148907,train
195188,train
200605,train
219652,train
173332,train
211375,train
198584,train
180378,train
181670,train
179919,train
175065,train
180695,train
177773,train
166146,train
176781,train
183429,train
221439,train
181835,train
172044,train
187908,train
177892,train
188890,train
195164,train
221710,train
137274,train
187341,train
223833,train
185972,train
183075,train
190243,train
204768,train
166833,train
182059,train
198408,train
181038,train
186334,train
174591,train
173389,train
180110,train
221171,train
138069,train
202485,train
209264,train
200999,train
198514,train
175445,train
221980,train
137037,train
177830,train
205065,train
220435,train
122065,train
205397,train
225346,train
179165,train
173741,train
224484,train
200000,train
193491,train
212398,train
200580,train
187402,train
179206,train
223389,train
186306,train
183569,train
177913,train
222202,train
219427,train
192293,train
180188,train
176389,train
169184,train
186959,train
189255,train
221095,train
226702,train
191485,train
195518,train
180673,train
223556,train
185124,train
205643,train
170990,train
171909,train
183618,train
185821,train
172262,train
175768,train
203363,train
189050,train
173147,train
187044,train
181242,train
213480,train
207339,train
175039,train
199617,train
172870,train
204702,train
179249,train
181640,train
186461,train
191568,train
192269,train
181689,train
179905,train
179353,train
183472,train
200255,train
133234,train
197889,train
203547,train
118583,train
175942,train
133655,train
219071,train
195185,train
183528,train
169185,train
223149,train
178980,train
191901,train
186508,train
179441,train
222309,train
132051,train
173615,train
176007,train
178180,train
171947,train
217770,train
184492,train
193408,train
180493,train
182080,train
222088,train
180529,train
176188,train
185357,train
193480,train
193687,train
206344,train
204028,train
127545,train
193287,train
174965,train
180002,train
193886,train
127172,train
179022,train
176635,train
179739,train
195425,train
178689,train
176878,train
143323,train
212056,train
206550,train
192550,train
166921,train
126587,train
182408,train
193848,train
201149,train
209398,train
225665,train
221886,train
185504,train
143321,train
188875,train
224981,train
105142,train
214496,train
127662,train
174513,train
220840,train
203212,train
175715,train
180779,train
223067,train
127114,train
203432,train
213484,train
181212,train
189590,train
174491,train
204660,train
145413,train
179934,train
188968,train
198723,train
186648,train
97400,train
185085,train
127705,train
194303,train
150777,train
181421,train
194138,train
173136,train
183937,train
126021,train
211530,train
191142,train
93682,train
224561,train
199970,train
195137,train
202287,train
185328,train
197722,train
214349,train
225944,train
219735,train
198591,train
222612,train
197947,train
185510,train
222065,train
221561,train
180597,train
189498,train
169161,train
224041,train
189367,train
182400,train
222203,train
92724,train
183909,train
174725,train
186090,train
167842,train
193836,train
121970,train
199650,train
179217,train
214604,train
204610,train
214606,train
174783,train
117918,train
180861,train
179531,train
193594,train
202161,train
140019,train
228042,train
186880,train
208547,train
194527,train
109406,train
178520,train
194161,train
176644,train
220100,train
167685,train
176352,train
212725,train
173771,train
199203,train
174975,train
172043,train
180006,train
184581,train
173517,train
222227,train
193414,train
220138,train
208550,train
210813,train
200480,train
185443,train
179908,train
108743,train
182413,train
179097,train
200096,train
117890,train
201559,train
130575,train
125582,train
121235,train
96440,train
183406,train
182752,train
221776,train
181540,train
180399,train
188366,train
188129,train
219411,train
125417,train
217682,train
121848,train
175456,train
174254,train
145446,train
176223,train
179657,train
205517,train
97304,train
181220,train
199534,train
184695,train
186238,train
186948,train
223973,train
190169,train
171023,train
145471,train
205693,train
183657,train
197967,train
148324,train
189599,train
137141,train
194646,train
191386,train
127942,train
199505,train
179756,train
223534,train
184093,train
103643,train
191995,train
200629,train
219434,train
128825,train
169124,train
186897,train
188535,train
194679,train
222565,train
203524,train
180426,train
177989,train
181855,train
190080,train
111156,train
173007,train
184593,train
122622,train
196083,train
219971,train
204591,train
212278,train
220540,train
222508,train
198811,train
177720,train
188549,train
177276,train
173248,train
180043,train
175792,train
189372,train
222163,train
127617,train
185995,train
225192,train
227674,train
123707,train
189009,train
126231,train
219391,train
171130,train
207684,train
196699,train
195020,train
184684,train
179107,train
189305,train
173510,train
223763,train
176407,train
176350,train
141706,train
189683,train
201261,train
227017,train
224253,train
182084,train
220819,train
224365,train
118201,train
196695,train
194119,train
228048,train
143421,train
203105,train
187599,train
178359,train
195051,train
185850,train
198053,train
190213,train
221475,train
105470,train
196743,train
118395,train
127306,train
222599,train
175567,train
220625,train
181753,train
203207,train
185653,train
224205,train
181740,train
200918,train
205801,train
181550,train
183645,train
202797,train
133701,train
220833,train
150196,train
152143,train
193017,train
127340,train
180700,train
220644,train
205664,train
118529,train
181327,train
216533,train
188149,train
186831,train
218999,train
183211,train
131288,train
215014,train
227557,train
171996,train
183279,train
225807,train
222436,train
226742,train
222287,train
201604,train
179887,train
187355,train
223089,train
182678,train
184412,train
185489,train
182509,train
223958,train
190159,train
184455,train
131125,train
189100,train
177177,train
206620,train
222589,train
176282,train
205413,train
223413,train
184863,train
175651,train
153012,train
171363,train
195248,train
189535,train
219730,train
176818,train
221173,train
205898,train
196878,train
203260,train
208630,train
183219,train
178383,train
189581,train
220286,train
200896,train
205563,train
181683,train
203125,train
219830,train
204799,train
211654,train
182031,train
180559,train
190752,train
213659,train
177303,train
181227,train
183386,train
197135,train
223786,train
182372,train
203625,train
227078,train
192711,train
188902,train
218545,train
193018,train
173701,train
223119,train
200122,train
221255,train
227207,train
103644,train
226810,train
208383,train
173038,train
187267,train
222740,train
172935,train
227330,train
175037,train
222630,train
196515,train
186349,train
223667,train
198575,train
170512,train
214729,train
206651,train
175937,train
180453,train
178546,train
202295,train
179211,train
183263,train
90597,train
224645,train
183021,train
180981,train
221539,train
222711,train
195941,train
200076,train
212464,train
173751,train
204818,train
193541,train
179897,train
222455,train
227747,train
120366,train
188474,train
199722,train
203464,train
193664,train
213635,train
203415,train
205395,train
129572,train
211217,train
203713,train
198499,train
188421,train
124820,train
108835,train
214351,train
226392,train
201330,train
137260,train
217186,train
189002,train
179380,train
224026,train
185848,train
212542,train
193360,train
171785,train
193845,train
175352,train
220455,train
105491,train
226731,train
120076,train
199780,train
226979,train
223843,train
178861,train
195821,train
145251,train
190904,train
207456,train
194904,train
125010,train
224346,train
196514,train
185413,train
219644,train
174116,train
176815,train
184841,train
179618,train
220002,train
178694,train
181159,train
125803,train
207687,train
184464,train
224291,train
195128,train
179914,train
199255,train
176874,train
219549,train
200171,train
179621,train
195314,train
169162,train
200721,train
215427,train
181657,train
171520,train
127145,train
174080,train
183647,train
223162,train
175003,train
205524,train
195218,train
175918,train
176895,train
137314,train
193469,train
223848,train
201719,train
192413,train
178428,train
225292,train
196725,train
80161,train
196701,train
190952,train
221355,train
221310,train
221902,train
181441,train
193537,train
175195,train
199147,train
205907,train
222041,train
221850,train
223068,train
200100,train
178877,train
214713,train
222579,train
189502,train
211600,train
204842,train
177614,train
189027,train
182409,train
140110,train
183552,train
187110,train
180126,train
180703,train
185552,train
145317,train
180034,train
221147,train
195844,train
174318,train
146411,train
185834,train
197186,train
182717,train
178603,train
176633,train
198203,train
190025,train
125492,train
203454,train
173467,train
193319,train
195756,train
133624,train
203558,train
198660,train
171861,train
194822,train
185141,train
224070,train
171705,train
182001,train
184238,train
169080,train
223997,train
199031,train
138072,train
196101,train
227694,train
199969,train
189319,train
180783,train
172785,train
180931,train
183399,train
183246,train
194711,train
137350,train
172850,train
221680,train
202305,train
216225,train
176044,train
180762,train
191696,train
206182,train
219575,train
222463,train
177229,train
221853,train
189996,train
223977,train
225135,train
181519,train
189429,train
193490,train
198674,train
108189,train
183069,train
175449,train
173058,train
181161,train
173129,train
214768,train
118469,train
185176,train
185157,train
190275,train
224361,train
190138,train
211412,train
181179,train
207474,train
184177,train
204607,train
223249,train
142677,train
226727,train
119558,train
171629,train
181841,train
146414,train
169207,train
188051,train
179233,train
125506,train
226811,train
220075,train
177901,train
127332,train
170949,train
144070,train
220399,train
127547,train
122710,train
174457,train
180498,train
211327,train
182116,train
181425,train
123687,train
175325,train
122258,train
184310,train
199307,train
155793,train
198145,train
184040,train
190340,train
223511,train
145259,train
171111,train
174691,train
185533,train
168153,train
214423,train
183987,train
201568,train
222961,train
186398,train
205417,train
207853,train
185535,train
219617,train
188767,train
214725,train
220094,train
176928,train
122190,train
192368,train
180606,train
215252,train
200490,train
192118,train
125046,train
174434,train
176792,train
187373,train
212720,train
187930,train
190184,train
192210,train
184120,train
194535,train
182633,train
206480,train
220622,train
177749,train
184785,train
145415,train
187492,train
151578,train
122832,train
185615,train
175830,train
183072,train
176848,train
221993,train
176008,train
172915,train
193411,train
186840,train
180544,train
177227,train
179683,train
187783,train
192284,train
195064,train
133587,train
184292,train
185471,train
188113,train
208366,train
178748,train
222963,train
186066,train
224140,train
209139,train
178334,train
172891,train
128313,train
178084,train
185977,train
179307,train
181060,train
226003,train
187015,train
173328,train
222621,train
194832,train
193209,train
178497,train
198376,train
195719,train
193576,train
176203,train
191681,train
173567,train
205886,train
193849,train
202729,train
173910,train
184736,train
186998,train
208093,train
194098,train
190735,train
221417,train
208365,train
168592,train
183876,train
183374,train
220457,train
204791,train
122630,train
227517,train
200671,train
171400,train
120464,train
223203,train
176344,train
199424,train
197139,train
200933,train
213604,train
176355,train
227533,train
209122,train
215239,train
195153,train
203306,train
193781,train
196885,train
209632,train
181331,train
204983,train
108732,train
174628,train
182645,train
123274,train
185066,train
193355,train
175628,train
184983,train
204835,train
188484,train
172265,train
152523,train
196384,train
205182,train
188754,train
218894,train
219429,train
195010,train
223190,train
173261,train
200400,train
170723,train
174855,train
184794,train
199733,train
192744,train
184989,train
180521,train
202068,train
196628,train
183550,train
183549,train
182386,train
196987,train
184826,train
222988,train
227333,train
204978,train
198286,train
184320,train
184708,train
181524,train
207821,train
190554,train
200091,train
173161,train
214357,train
197511,train
199720,train
176501,train
180193,train
227218,train
186842,train
188577,train
222335,train
134199,train
187072,train
172634,train
124357,train
180844,train
145240,train
189816,train
166198,train
169760,train
226720,train
221696,train
181820,train
175035,train
181465,train
120934,train
197515,train
126377,train
223872,train
182768,train
219505,train
220374,train
197391,train
169258,train
142763,train
176134,train
211206,train
177017,train
203198,train
193670,train
208403,train
203088,train
205779,train
138102,train
180849,train
222977,train
207206,train
196724,train
218483,train
204795,train
173783,train
187842,train
204540,train
224368,train
227227,train
223437,train
197136,train
184740,train
202447,train
173276,train
169301,train
175932,train
178460,train
120455,train
179584,train
136803,train
186427,train
203158,train
200095,train
197051,train
188584,train
126762,train
179616,train
178403,train
181726,train
219673,train
105457,train
206670,train
196444,train
203007,train
179456,train
220120,train
145781,train
125887,train
153154,train
207860,train
127303,train
225752,train
218490,train
206564,train
181892,train
202855,train
185251,train
212113,train
198998,train
175629,train
175030,train
204579,train
207807,train
196856,train
198414,train
171112,train
196914,train
180675,train
201272,train
167339,train
219403,train
190333,train
168211,train
127092,train
221141,train
223602,train
207308,train
184510,train
202289,train
218990,train
179955,train
219416,train
221888,train
188398,train
180105,train
192580,train
180129,train
197837,train
174950,train
199259,train
178715,train
126574,train
199484,train
193728,train
221248,train
183480,train
187931,train
203522,train
199651,train
205634,train
188192,train
224536,train
221838,train
189715,train
184662,train
179937,train
173703,train
100563,train
172590,train
214312,train
191622,train
202446,train
209688,train
185211,train
177644,train
120289,train
214425,train
193348,train
177513,train
171384,train
186495,train
206503,train
205729,train
190944,train
182626,train
166084,train
222104,train
201369,train
197725,train
179871,train
121392,train
174495,train
198734,train
213607,train
175561,train
182299,train
180819,train
198663,train
137031,train
200170,train
200897,train
198626,train
186521,train
100579,train
189297,train
181255,train
175242,train
172816,train
220396,train
193600,train
221813,train
174335,train
173404,train
180517,train
182157,train
207578,train
183304,train
195817,train
186451,train
202494,train
222523,train
133709,train
180671,train
167729,train
193580,train
175706,train
212546,train
202813,train
188774,train
178067,train
174740,train
221496,train
218467,train
177366,train
170685,train
178097,train
178259,train
118780,train
220628,train
219506,train
172449,train
124350,train
184168,train
123372,train
174128,train
196642,train
176431,train
222015,train
206669,train
119967,train
208663,train
171563,train
90827,train
227083,train
197721,train
212051,train
193428,train
221632,train
182199,train
148328,train
219579,train
167888,train
183421,train
200285,train
212229,train
222506,train
220414,train
224374,train
219960,train
219886,train
205420,train
180891,train
172851,train
189967,train
213630,train
223070,train
183558,train
94782,train
171784,train
220722,train
120487,train
179988,train
189417,train
181225,train
124851,train
218242,train
199782,train
211349,train
108824,train
219240,train
93671,train
227022,train
173101,train
139921,train
184340,train
182161,train
224175,train
197939,train
195519,train
222345,train
179500,train
222957,train
138680,train
185961,train
226908,train
207342,train
167886,train
190251,train
194162,train
122615,train
195052,train
173502,train
227221,train
207568,train
130001,train
171549,train
201710,train
209643,train
208088,train
178449,train
179549,train
209415,train
219494,train
226414,train
118670,train
167862,train
200084,train
201215,train
207926,train
137332,train
173257,train
126156,train
181178,train
172321,train
220913,train
196601,train
178981,train
200689,train
182252,train
193549,train
221824,train
203191,train
190876,train
187230,train
199264,train
184760,train
224079,train
185301,train
186985,train
192390,train
184443,train
214702,train
188427,train
200612,train
137422,train
188813,train
182018,train
223418,train
184655,train
181814,train
122614,train
188589,train
126907,train
200564,train
177174,train
184610,train
188771,train
223369,train
131274,train
181229,train
206506,train
176029,train
123234,train
226004,train
174155,train
172426,train
184109,train
207392,train
204841,train
181511,train
197080,train
190286,train
194917,train
185509,train
176493,train
191700,train
223033,train
190311,train
179778,train
197974,train
122869,train
171935,train
198995,train
171790,train
192543,train
212093,train
188442,train
191011,train
200442,train
181249,train
214360,train
179574,train
180038,train
176791,train
130779,train
173650,train
193988,train
176022,train
137977,train
172923,train
193710,train
194638,train
173706,train
203304,train
202898,train
188327,train
182479,train
223357,train
204199,train
191557,train
176300,train
198232,train
149807,train
125482,train
167852,train
142673,train
201266,train
93608,train
197503,train
219180,train
184268,train
222235,train
118407,train
182064,train
175140,train
174325,train
217818,train
200824,train
206595,train
179893,train
201510,train
127997,train
201286,train
192385,train
184842,train
199148,train
118681,train
102127,train
188205,train
210531,train
199467,train
200297,train
221507,train
202956,train
177865,train
225648,train
177517,train
227265,train
186972,train
148809,train
200931,train
174409,train
190757,train
184862,train
214435,train
175390,train
174677,train
183735,train
202995,train
139593,train
173926,train
118647,train
226555,train
126908,train
191381,train
173103,train
182063,train
208197,train
197679,train
183096,train
177214,train
185207,train
206684,train
195169,train
224299,train
200805,train
168175,train
221024,train
221126,train
165988,train
185255,train
206737,train
127207,train
193011,train
203404,train
199458,train
206179,train
207183,train
182039,train
184110,train
215775,train
143519,train
105017,train
192797,train
120288,train
221220,train
170184,train
185529,train
219003,train
192872,train
176897,train
198422,train
222857,train
193015,train
212588,train
186350,train
184356,train
194977,train
174435,train
160780,train
200462,train
171788,train
137385,train
180708,train
223981,train
184635,train
197502,train
98384,train
200269,train
219812,train
177032,train
134732,train
146391,train
179438,train
171552,train
189468,train
128064,train
224594,train
214722,train
184710,train
137950,train
185871,train
174547,train
176727,train
176508,train
179472,train
193978,train
227335,train
179947,train
206149,train
200125,train
167756,train
219872,train
131029,train
189222,train
206138,train
181574,train
170953,train
180737,train
131789,train
203215,train
196797,train
124233,train
199701,train
206794,train
168652,train
221537,train
187929,train
221598,train
178154,train
194703,train
196113,train
184344,train
227107,train
186251,train
225538,train
125676,train
165997,train
198980,train
181112,train
221456,train
216151,train
176504,train
188232,train
176283,train
213187,train
200090,train
186109,train
196315,train
172603,train
188561,train
172907,train
225651,train
209311,train
221348,train
193645,train
206369,train
190955,train
222362,train
127187,train
218461,train
207567,train
181108,train
195805,train
171357,train
175401,train
172366,train
185515,train
182524,train
188330,train
137259,train
225002,train
222017,train
182772,train
175956,train
182862,train
202992,train
184969,train
221640,train
224050,train
182176,train
199390,train
176185,train
185882,train
219824,train
198411,train
177782,train
211808,train
130978,train
200987,train
175723,train
180751,train
192751,train
203389,train
200094,train
210819,train
178435,train
175644,train
227397,train
186488,train
187864,train
204976,train
167303,train
226997,train
188403,train
201258,train
221314,train
196632,train
137343,train
227092,train
201446,train
125500,train
187053,train
224877,train
184848,train
197596,train
187862,train
201550,train
181025,train
187595,train
192746,train
223030,train
191233,train
206366,train
173255,train
185787,train
206400,train
175627,train
174823,train
187667,train
221125,train
185667,train
203474,train
137308,train
173556,train
129302,train
203668,train
208381,train
173830,train
180317,train
223000,train
132776,train
219125,train
176638,train
184692,train
199572,train
184434,train
186420,train
125494,train
200561,train
191287,train
188145,train
184595,train
221790,train
196104,train
173791,train
224128,train
191899,train
193632,train
180134,train
219249,train
196461,train
219469,train
187522,train
186550,train
189808,train
196190,train
126018,train
208077,train
191013,train
168136,train
198054,train
219077,train
197395,train
185457,train
221969,train
222052,train
137958,train
128815,train
220468,train
186900,train
183611,train
183506,train
187410,train
181409,train
175665,train
146488,train
190061,train
219512,train
173263,train
173158,train
175584,train
134495,train
125705,train
221940,train
221794,train
227499,train
186059,train
178839,train
220641,train
194706,train
199678,train
172899,train
197069,train
125532,train
125462,train
177491,train
127636,train
185553,train
97541,train
200623,train
172407,train
186282,train
184858,train
177659,train
185958,train
184653,train
179234,train
172776,train
209855,train
209934,train
214392,train
214740,train
124336,train
209680,train
203654,train
172215,train
199734,train
198755,train
214659,train
197900,train
122140,train
185201,train
188639,train
225546,train
190590,train
221910,train
167312,train
184107,train
186836,train
201448,train
212506,train
198784,train
195795,train
183324,train
171794,train
123151,train
190151,train
220584,train
219681,train
180415,train
101952,train
221686,train
174068,train
223935,train
200019,train
198702,train
201514,train
199553,train
180055,train
206561,train
198006,train
181839,train
196859,train
171918,train
186804,train
226398,train
175310,train
181582,train
199239,train
182922,train
225017,train
221466,train
131129,train
183775,train
192601,train
119973,train
220339,train
202666,train
184711,train
224488,train
221889,train
212160,train
182640,train
176174,train
178924,train
213617,train
224517,train
224353,train
200526,train
180088,train
220875,train
147055,train
176728,train
206037,train
205768,train
177296,train
184980,train
192108,train
127294,train
200633,train
189854,train
138049,train
199333,train
177574,train
179482,train
183470,train
177752,train
170987,train
223075,train
221691,train
220905,train
175693,train
219879,train
222528,train
217968,train
136969,train
188039,train
205472,train
220898,train
218737,train
188152,train
126228,train
175211,train
219604,train
194661,train
199660,train
174100,train
187872,train
188428,train
221297,train
185582,train
221267,train
172985,train
180053,train
171436,train
175238,train
78409,train
186965,train
223252,train
181955,train
181184,train
178521,train
165934,train
194651,train
201001,train
190742,train
189053,train
174967,train
187604,train
189855,train
184907,train
98747,train
176715,train
170994,train
223500,train
121348,train
193653,train
187598,train
145396,train
181697,train
173588,train
180786,train
149332,train
208195,train
195914,train
179242,train
227178,train
187870,train
189900,train
219581,train
227341,train
197674,train
145244,train
205494,train
205475,train
181246,train
211230,train
212323,train
192593,train
214632,train
131146,train
177617,train
134358,train
197018,train
203826,train
188846,train
186436,train
208633,train
208950,train
177984,train
173851,train
183200,train
223937,train
195040,train
200313,train
96421,train
121256,train
172751,train
130483,train
199566,train
166915,train
197291,train
173476,train
201603,train
194617,train
118624,train
183141,train
173137,train
190687,train
226326,train
222167,train
197601,train
199761,train
199995,train
174834,train
198387,train
121752,train
190756,train
222464,train
185818,train
195619,train
168139,train
199998,train
174850,train
194836,train
124317,train
177369,train
222275,train
176269,train
219090,train
198655,train
227801,train
177664,train
175233,train
176383,train
193304,train
183967,train
206343,train
198751,train
186816,train
165891,train
173927,train
211661,train
186292,train
177721,train
211384,train
181222,train
201191,train
193655,train
182741,train
198661,train
171540,train
179061,train
214989,train
193587,train
137335,train
172612,train
200752,train
93567,train
171317,train
144213,train
119851,train
180469,train
173054,train
133715,train
173433,train
221210,train
205719,train
216932,train
211203,train
171141,train
176788,train
219495,train
202266,train
176279,train
198304,train
178268,train
184572,train
153381,train
222997,train
201610,train
186879,train
180321,train
222297,train
223574,train
213767,train
199592,train
127334,train
209179,train
173782,train
119261,train
218980,train
179990,train
172906,train
183207,train
191527,train
225872,train
203504,train
199204,train
204784,train
192558,train
219452,train
176798,train
203703,train
123268,train
180825,train
170991,train
165973,train
174918,train
221843,train
188798,train
194710,train
185477,train
190016,train
207105,train
200405,train
207843,train
189765,train
221663,train
223019,train
95961,train
178026,train
203188,train
190886,train
175967,train
183379,train
189054,train
186297,train
201489,train
201373,train
203093,train
200884,train
179357,train
217634,train
183784,train
169141,train
175743,train
126347,train
220303,train
187844,train
93828,train
176423,train
227230,train
177006,train
205406,train
212091,train
220125,train
219259,train
94136,train
174056,train
185527,train
221089,train
203615,train
198011,train
180327,train
174632,train
204070,train
227449,train
124701,train
187144,train
202084,train
185120,train
171878,train
171149,train
188692,train
120299,train
190921,train
140016,train
181553,train
194253,train
119368,train
202307,train
219501,train
186458,train
166929,train
172116,train
176013,train
183023,train
205591,train
176630,train
180552,train
173309,train
181264,train
189115,train
181781,train
189258,train
222670,train
181806,train
196527,train
176305,train
205553,train
187698,train
199189,train
196477,train
185337,train
227804,train
187371,train
206118,train
177724,train
181101,train
211606,train
188751,train
179010,train
175778,train
194650,train
183681,train
175051,train
186793,train
179007,train
122437,train
210449,train
169780,train
224222,train
176723,train
182847,train
138127,train
172454,train
197011,train
184133,train
198570,train
189591,train
193341,train
105773,train
172417,train
169087,train
220692,train
140061,train
226637,train
189761,train
224219,train
179720,train
199060,train
175759,train
171527,train
212724,train
218212,train
206902,train
181019,train
218898,train
122113,train
175546,train
207836,train
227679,train
126077,train
223153,train
215772,train
188913,train
180419,train
217932,train
125459,train
176235,train
186319,train
203542,train
175541,train
199177,train
207930,train
173125,train
184566,train
201855,train
202996,train
182866,train
172517,train
217835,train
207566,train
174414,train
178775,train
176361,train
153243,train
205682,train
187743,train
120286,train
204776,train
120977,train
222165,train
193983,train
224654,train
197484,train
144220,train
181319,train
124996,train
219614,train
171612,train
218895,train
193601,train
176104,train
175687,train
183230,train
223107,train
175823,train
181138,train
122179,train
195416,train
182603,train
195618,train
176406,train
208196,train
175400,train
177275,train
224052,train
143588,train
155203,train
180104,train
206711,train
178114,train
105852,train
196916,train
123436,train
223439,train
220730,train
204399,train
101711,train
187358,train
193686,train
176657,train
207981,train
219588,train
175205,train
190589,train
178709,train
172111,train
211386,train
222859,train
198359,train
197334,train
121624,train
196150,train
127911,train
214410,train
200312,train
93796,train
184389,train
172162,train
167837,train
181630,train
223427,train
118525,train
227837,train
224515,train
137885,train
204763,train
193628,train
217837,train
189102,train
185514,train
176768,train
220563,train
195571,train
197402,train
181095,train
191500,train
196634,train
181338,train
189863,train
172706,train
176695,train
119480,train
205813,train
137417,train
192504,train
171946,train
188114,train
185418,train
222658,train
221395,train
220978,train
216545,train
205844,train
188743,train
170912,train
200620,train
209473,train
212498,train
182074,train
179495,train
214952,train
180681,train
176244,train
122989,train
181897,train
174684,train
227124,train
169888,train
224169,train
176414,train
178721,train
209417,train
183052,train
182769,train
198796,train
222315,train
201179,train
194082,train
185674,train
200632,train
138101,train
131291,train
177738,train
123393,train
220410,train
176486,train
223171,train
185536,train
120278,train
226987,train
215226,train
194648,train
180711,train
172958,train
226758,train
130561,train
188823,train
200177,train
180031,train
176830,train
187668,train
148037,train
184896,train
126299,train
204036,train
184193,train
124853,train
173262,train
174945,train
218405,train
208979,train
194773,train
223467,train
196748,train
221157,train
171892,train
219379,train
125630,train
227567,train
181214,train
125537,train
134971,train
172857,train
211353,train
179360,train
123373,train
180938,train
212258,train
138708,train
126571,train
214987,train
185367,train
203143,train
175173,train
220132,train
174467,train
219663,train
183875,train
222927,train
220728,train
219373,train
133851,train
202824,train
184792,train
190346,train
203493,train
188225,train
224456,train
188170,train
192447,train
187671,train
219916,train
218970,train
226384,train
186828,train
203097,train
180905,train
201294,train
181417,train
204882,train
198805,train
175820,train
202782,train
186970,train
188257,train
183362,train
182110,train
220542,train
172637,train
210381,train
138090,train
201265,train
204813,train
96985,train
153145,train
175750,train
175312,train
170339,train
181908,train
224019,train
189021,train
179062,train
125012,train
203397,train
192105,train
187384,train
221442,train
205384,train
137032,train
147486,train
200173,train
184892,train
166963,train
200193,train
202024,train
175817,train
218733,train
177041,train
223193,train
224118,train
224269,train
128818,train
185734,train
190767,train
186869,train
206342,train
134958,train
176620,train
171987,train
176349,train
226180,train
173134,train
127311,train
220252,train
131038,train
200430,train
198608,train
201944,train
201532,train
186651,train
190401,train
189471,train
109482,train
172200,train
190452,train
179726,train
221208,train
192639,train
218995,train
87898,train
180925,train
184164,train
214374,train
175717,train
193227,train
175938,train
203307,train
199452,train
176111,train
227743,train
187060,train
180739,train
172194,train
184319,train
120089,train
211305,train
209861,train
182744,train
195047,train
184878,train
151831,train
220404,train
199645,train
182167,train
174889,train
224502,train
214956,train
223039,train
118580,train
175699,train
188502,train
207937,train
222549,train
228197,train
187675,train
185708,train
218776,train
177875,train
182258,train
175691,train
206631,train
224333,train
124328,train
181884,train
171964,train
195775,train
119240,train
210378,train
144551,train
227035,train
174408,train
207218,train
95451,train
179295,train
136537,train
172754,train
103689,train
186072,train
179221,train
223440,train
188965,train
179852,train
182996,train
186947,train
118553,train
173450,train
121672,train
175338,train
219554,train
126911,train
198766,train
182042,train
222424,train
177811,train
173020,train
182618,train
212674,train
201194,train
180335,train
205727,train
128896,train
200236,train
202712,train
93525,train
188911,train
222709,train
176047,train
156777,train
200531,train
178982,train
180443,train
188406,train
201263,train
183677,train
192363,train
197004,train
195906,train
188815,train
187301,train
93519,train
172834,train
180342,train
223826,train
177629,train
138488,train
180022,train
173655,train
224922,train
204836,train
181624,train
171986,train
183981,train
220146,train
225841,train
165893,train
214979,train
93490,train
188195,train
224349,train
224372,train
206898,train
177475,train
199674,train
131143,train
149144,train
198732,train
181436,train
198421,train
203578,train
222193,train
172398,train
178416,train
214737,train
212499,train
182629,train
189600,train
182052,train
224033,train
176785,train
220447,train
219765,train
179569,train
186955,train
224069,train
211359,train
195290,train
179864,train
222747,train
224412,train
221643,train
142901,train
122041,train
127316,train
194625,train
188131,train
187984,train
195096,train
186859,train
196615,train
184391,train
172597,train
182141,train
207547,train
185052,train
131131,train
193928,train
223876,train
204701,train
185806,train
214536,train
203169,train
200124,train
176626,train
221664,train
178591,train
189278,train
126040,train
194602,train
179996,train
124226,train
221479,train
180573,train
191494,train
188833,train
176441,train
172858,train
205618,train
222366,train
180436,train
205489,train
203269,train
174441,train
171899,train
211371,train
188696,train
187241,train
169755,train
204816,train
189359,train
211806,train
203156,train
200014,train
185130,train
199711,train
202091,train
211774,train
179480,train
178414,train
175197,train
207677,train
200187,train
190920,train
213164,train
195785,train
223155,train
185245,train
223510,train
175914,train
137130,train
180092,train
123296,train
221961,train
221090,train
188217,train
206770,train
129849,train
222127,train
168832,train
202462,train
173520,train
224044,train
225341,train
193603,train
174042,train
172757,train
210810,train
201548,train
171322,train
200458,train
219816,train
205418,train
176754,train
179068,train
175601,train
226722,train
181531,train
181314,train
199327,train
215784,train
222500,train
179489,train
220163,train
182834,train
202001,train
202003,train
194716,train
222004,train
175492,train
175787,train
191637,train
176996,train
190144,train
170002,train
177015,train
227455,train
185289,train
223122,train
208190,train
205776,train
219918,train
126770,train
168780,train
222541,train
193498,train
201605,train
176854,train
198717,train
180382,train
216664,train
176660,train
191618,train
187895,train
178800,train
227669,train
186419,train
227565,train
177282,train
226329,train
209719,train
188573,train
204550,train
177573,train
155762,train
179781,train
182025,train
204817,train
223950,train
212510,train
127093,train
192555,train
174158,train
207581,train
225843,train
179550,train
179457,train
224030,train
171438,train
131130,train
185893,train
215010,train
212360,train
182268,train
197082,train
175865,train
193916,train
196469,train
175252,train
212451,train
178019,train
169093,train
220921,train
184556,train
190862,train
205139,train
182446,train
187837,train
172505,train
219119,train
210972,train
183013,train
118460,train
182607,train
195566,train
176181,train
208535,train
190332,train
204783,train
199423,train
169382,train
190793,train
176062,train
185523,train
226743,train
180757,train
207035,train
175470,train
183968,train
193668,train
197841,train
183607,train
194823,train
212726,train
222880,train
192512,train
220902,train
220282,train
220190,train
121616,train
208571,train
183402,train
219875,train
168205,train
168178,train
168124,train
178867,train
125424,train
211565,train
186081,train
172541,train
180142,train
186845,train
176042,train
174692,train
98073,train
223592,train
221814,train
173902,train
198588,train
175654,train
177823,train
181867,train
224134,train
177796,train
150891,train
191925,train
177771,train
186113,train
211045,train
223960,train
173122,train
183327,train
179596,train
220151,train
181728,train
172844,train
202861,train
137898,train
221391,train
131126,train
207655,train
186822,train
123008,train
168471,train
166893,train
173141,train
193816,train
172433,train
184048,train
184912,train
121940,train
173768,train
176265,train
181860,train
203455,train
221412,train
190453,train
184562,train
138565,train
208489,train
199493,train
209926,train
189998,train
227547,train
228009,train
142685,train
175653,train
220560,train
150320,train
196636,train
181935,train
212467,train
176659,train
196858,train
185773,train
213216,train
205423,train
222480,train
121656,train
126090,train
184449,train
196984,train
181849,train
214383,train
186465,train
181992,train
120470,train
186785,train
181866,train
125026,train
184400,train
178707,train
217181,train
120919,train
211275,train
178727,train
182754,train
93551,train
99539,train
176323,train
195155,train
220034,train
130077,train
189778,train
219446,train
119760,train
190234,train
189362,train
134229,train
175168,train
177742,train
122111,train
220052,train
219895,train
197634,train
223563,train
139065,train
180698,train
227478,train
190680,train
192803,train
118779,train
187504,train
208569,train
192706,train
201160,train
179987,train
203407,train
227474,train
193409,train
202271,train
173239,train
130766,train
172675,train
176131,train
223198,train
186513,train
172242,train
199381,train
172425,train
206824,train
225858,train
145453,train
186383,train
193584,train
181021,train
140073,train
197383,train
185863,train
167713,train
222459,train
221906,train
120260,train
202480,train
204923,train
192510,train
177352,train
200981,train
221495,train
220558,train
222166,train
97279,train
207934,train
167840,train
197115,train
179787,train
119995,train
191933,train
124018,train
101710,train
219164,train
118723,train
193792,train
227520,train
178705,train
172661,train
123374,train
196738,train
208603,train
184432,train
183014,train
176254,train
227043,train
175589,train
220167,train
193314,train
228210,train
188167,train
184657,train
203080,train
205642,train
92809,train
199211,train
221421,train
121619,train
179566,train
206551,train
179999,train
195016,train
222220,train
198378,train
188128,train
175117,train
200613,train
122829,train
180712,train
175452,train
184139,train
222535,train
204867,train
186457,train
204793,train
202049,train
190792,train
188231,train
223237,train
174693,train
200295,train
187829,train
179184,train
219727,train
185147,train
173508,train
216059,train
225507,train
172461,train
225372,train
199605,train
183340,train
177826,train
125892,train
203406,train
197341,train
145246,train
198539,train
181079,train
122862,train
120041,train
214717,train
193504,train
211581,train
204667,train
201411,train
176218,train
205869,train
183153,train
212031,train
171970,train
217860,train
145325,train
118645,train
211519,train
167838,train
128238,train
179777,train
199492,train
219402,train
145301,train
204657,train
172600,train
182844,train
178639,train
221666,train
190490,train
184363,train
181999,train
199427,train
180761,train
174661,train
198468,train
200917,train
184378,train
122787,train
131741,train
190058,train
187016,train
203286,train
172525,train
196513,train
201709,train
198759,train
176640,train
223213,train
96442,train
185184,train
206856,train
223165,train
188003,train
202405,train
168339,train
209706,train
182298,train
222622,train
199533,train
181406,train
197913,train
186538,train
180625,train
174469,train
192636,train
181760,train
188586,train
198500,train
184836,train
90003,train
218911,train
131318,train
222655,train
223031,train
118531,train
204050,train
174014,train
187084,train
171139,train
174112,train
77861,train
184578,train
178183,train
119741,train
218605,train
222018,train
185366,train
190172,train
220175,train
204873,train
222327,train
172947,train
180107,train
224037,train
223147,train
218439,train
198593,train
211127,train
219283,train
171968,train
198495,train
209923,train
208959,train
185370,train
181271,train
191148,train
175861,train
198412,train
172968,train
185797,train
168152,train
207549,train
186543,train
222995,train
216839,train
205589,train
225822,train
121966,train
181791,train
203119,train
209074,train
183205,train
222902,train
181081,train
175661,train
205873,train
144132,train
179613,train
117916,train
183314,train
212022,train
186551,train
216563,train
186412,train
200583,train
175150,train
173601,train
184724,train
185507,train
175002,train
221756,train
131743,train
189597,train
198000,train
118618,train
207715,train
176142,train
179083,train
191803,train
224199,train
186356,train
121551,train
201110,train
97283,train
127897,train
188322,train
174734,train
133699,train
172831,train
208099,train
217985,train
210702,train
183000,train
222608,train
177889,train
188166,train
120720,train
224193,train
130780,train
202073,train
201392,train
184178,train
182827,train
214954,train
227727,train
195430,train
201255,train
181513,train
183061,train
205080,train
195612,train
221818,train
159136,train
185704,train
195559,train
181411,train
221401,train
207530,train
182617,train
182910,train
203719,train
223507,train
146495,train
224410,train
180734,train
208395,train
197955,train
223783,train
174084,train
120306,train
195533,train
186452,train
227400,train
221847,train
182082,train
197118,train
190860,train
198783,train
193524,train
127297,train
222461,train
178552,train
177363,train
179070,train
203266,train
209622,train
184491,train
195420,train
174905,train
224263,train
125493,train
172578,train
179925,train
221494,train
172775,train
200082,train
186312,train
202018,train
180950,train
120882,train
205732,train
170392,train
219467,train
173334,train
194126,train
171369,train
186810,train
199590,train
180655,train
200929,train
202831,train
203375,train
208581,train
213061,train
189430,train
205428,train
128759,train
219961,train
197117,train
172113,train
195159,train
179330,train
188156,train
201805,train
222914,train
181779,train
177245,train
203536,train
178476,train
223944,train
222363,train
198658,train
188154,train
179432,train
122101,train
120478,train
180879,train
205809,train
202286,train
117905,train
185048,train
134563,train
196504,train
176867,train
175672,train
171880,train
220539,train
190809,train
186325,train
207553,train
140024,train
175958,train
219166,train
185557,train
204971,train
196813,train
189992,train
181963,train
181796,train
182306,train
189768,train
175781,train
118459,train
192764,train
181089,train
214060,train
206483,train
173017,train
183243,train
175163,train
188545,train
194634,train
177678,train
188105,train
199999,train
176228,train
189049,train
172574,train
199256,train
181253,train
221729,train
186652,train
202241,train
186868,train
195034,train
203147,train
224576,train
150321,train
187172,train
118600,train
174825,train
221713,train
207579,train
133630,train
220843,train
183629,train
105464,train
175727,train
175041,train
178485,train
225022,train
211227,train
197997,train
223509,train
186401,train
103653,train
191959,train
193579,train
223518,train
171992,train
195296,train
201003,train
123679,train
179522,train
120302,train
184602,train
122767,train
181777,train
202172,train
176052,train
221754,train
198797,train
178944,train
227302,train
185494,train
137133,train
100013,train
220581,train
190701,train
175923,train
194910,train
222488,train
173086,train
178594,train
130711,train
178232,train
126346,train
177753,train
173396,train
219843,train
184987,train
177590,train
181894,train
187092,train
192308,train
176348,train
194945,train
168014,train
190670,train
214883,train
189537,train
193418,train
213207,train
182989,train
193943,train
126016,train
180414,train
224157,train
184667,train
187928,train
176751,train
220608,train
201813,train
192977,train
188955,train
211648,train
194495,train
209987,train
225903,train
185940,train
210977,train
175590,train
126224,train
221258,train
172828,train
126906,train
182367,train
224704,train
209136,train
173033,train
175881,train
220298,train
197864,train
189893,train
222262,train
219593,train
200220,train
223525,train
209536,train
198391,train
207615,train
223250,train
219415,train
195776,train
199509,train
220215,train
178628,train
183221,train
169154,train
222960,train
218445,train
176802,train
215785,train
193335,train
195180,train
177219,train
220185,train
205001,train
130773,train
191623,train
208242,train
174831,train
223696,train
183062,train
151464,train
127137,train
181185,train
172318,train
172792,train
196717,train
174951,train
223749,train
194211,train
183633,train
185388,train
200214,train
187258,train
184357,train
199609,train
181453,train
186890,train
197698,train
137387,train
198457,train
223603,train
126166,train
122244,train
197275,train
124718,train
183691,train
136916,train
93614,train
149808,train
198981,train
208172,train
185555,train
205593,train
172763,train
224537,train
209864,train
184906,train
218762,train
166865,train
176906,train
186417,train
182667,train
96956,train
211524,train
223436,train
219831,train
222664,train
195172,train
225516,train
186285,train
196963,train
205594,train
220804,train
143317,train
219116,train
120479,train
185236,train
195813,train
227701,train
187179,train
189777,train
179600,train
195866,train
181160,train
192033,train
220610,train
224675,train
175490,train
174761,train
120324,train
198802,train
179498,train
211996,train
190593,train
214278,train
201835,train
210377,train
184161,train
179571,train
146399,train
201121,train
197943,train
173160,train
133271,train
137258,train
120298,train
203164,train
203203,train
220098,train
194967,train
182863,train
219024,train
118606,train
184072,train
190134,train
186825,train
171620,train
221191,train
197222,train
121234,train
202737,train
192823,train
180091,train
203016,train
192736,train
203460,train
209148,train
180944,train
223941,train
189494,train
123497,train
143431,train
144934,train
125590,train
171519,train
195021,train
205458,train
185795,train
203199,train
169175,train
194801,train
173041,train
196489,train
184208,train
221333,train
177872,train
203244,train
178777,train
221326,train
201457,train
173614,train
179789,train
202303,train
123232,train
188185,train
199942,train
201443,train
172961,train
168678,train
172883,train
219563,train
201999,train
221628,train
194039,train
226586,train
118458,train
177231,train
120293,train
177797,train
217720,train
174134,train
92770,train
186455,train
208622,train
198606,train
183471,train
198181,train
199939,train
179373,train
184370,train
195498,train
173613,train
199228,train
181643,train
189762,train
170493,train
224191,train
194695,train
178743,train
175408,train
207109,train
193556,train
197123,train
224257,train
122608,train
187847,train
227769,train
178595,train
208108,train
221962,train
184607,train
185513,train
178827,train
203112,train
183727,train
172827,train
203507,train
134330,train
167882,train
136911,train
186642,train
186653,train
221669,train
167693,train
189748,train
119342,train
183451,train
196244,train
203253,train
178765,train
171314,train
131609,train
122695,train
177764,train
193591,train
191786,train
119915,train
171146,train
189606,train
226723,train
199700,train
181215,train
133606,train
192760,train
181335,train
182558,train
190003,train
92680,train
203619,train
170961,train
200634,train
186456,train
176058,train
181056,train
182670,train
176321,train
223961,train
166908,train
223955,train
192095,train
201323,train
227803,train
176373,train
203160,train
208711,train
197332,train
200835,train
137033,train
219955,train
198501,train
196427,train
125612,train
180972,train
166947,train
126075,train
172820,train
203508,train
127929,train
211456,train
146059,train
176060,train
196976,train
183210,train
223185,train
97522,train
185163,train
193202,train
185134,train
174496,train
222365,train
183431,train
96822,train
105381,train
172942,train
204700,train
200459,train
201644,train
193088,train
205588,train
223061,train
125507,train
146395,train
181546,train
221012,train
180513,train
221783,train
184220,train
173298,train
185739,train
222298,train
173154,train
227504,train
196974,train
110521,train
203303,train
216165,train
169157,train
179431,train
174599,train
177503,train
200937,train
222628,train
181170,train
167350,train
183897,train
181869,train
174785,train
192127,train
220599,train
219386,train
145374,train
178856,train
184749,train
177921,train
182140,train
198303,train
220140,train
179467,train
145382,train
182040,train
179586,train
136968,train
196233,train
203613,train
180333,train
209145,train
220155,train
199214,train
205253,train
221972,train
179903,train
129347,train
100587,train
222150,train
137945,train
180044,train
181082,train
198813,train
174522,train
196247,train
212474,train
224311,train
125816,train
174083,train
190163,train
187017,train
180375,train
175815,train
224642,train
182389,train
200520,train
201942,train
126331,train
180651,train
221781,train
218746,train
182488,train
137137,train
123162,train
225122,train
197197,train
189824,train
184112,train
175574,train
205495,train
201313,train
186367,train
198237,train
222934,train
192414,train
168006,train
195826,train
208653,train
184459,train
189366,train
181577,train
205484,train
196248,train
173132,train
206490,train
206373,train
203274,train
187210,train
178804,train
191147,train
168495,train
202100,train
192761,train
138078,train
182250,train
186039,train
122059,train
186302,train
179723,train
177469,train
197084,train
177470,train
181645,train
196834,train
179401,train
200525,train
226616,train
222429,train
182091,train
140011,train
175772,train
184195,train
205908,train
181119,train
212596,train
172946,train
120457,train
190804,train
192411,train
222754,train
181115,train
224130,train
181376,train
205443,train
172672,train
177896,train
202752,train
202477,train
137099,train
175394,train
203596,train
179455,train
198415,train
218814,train
184940,train
186503,train
110516,train
174298,train
125890,train
140267,train
184763,train
219448,train
199729,train
181072,train
205444,train
223885,train
184061,train
174928,train
126583,train
211665,train
183932,train
146419,train
188237,train
201995,train
201000,train
199140,train
194641,train
177446,train
90020,train
206492,train
179071,train
93568,train
189699,train
97393,train
100009,train
97278,train
224541,train
186888,train
188528,train
173684,train
92763,train
122889,train
173127,train
181380,train
180885,train
227101,train
184049,train
213204,train
198367,train
224431,train
176744,train
209628,train
121294,train
173025,train
192452,train
199366,train
193124,train
181976,train
223996,train
213120,train
196816,train
185539,train
176379,train
223789,train
184228,train
178688,train
212076,train
205874,train
184974,train
179115,train
203182,train
205365,train
221804,train
133652,train
218471,train
119464,train
200412,train
179773,train
173822,train
220863,train
175468,train
180632,train
185335,train
202081,train
222070,train
200023,train
206833,train
202756,train
183081,train
223082,train
228040,train
186021,train
175357,train
181532,train
199967,train
222129,train
165998,train
120692,train
197006,train
182125,train
205711,train
145238,train
209539,train
207177,train
219372,train
206848,train
195927,train
202342,train
134646,train
201010,train
204037,train
212327,train
201143,train
178614,train
220866,train
180020,train
192045,train
221377,train
183551,train
203194,train
180592,train
188893,train
172549,train
172952,train
227663,train
198456,train
213331,train
165886,train
178950,train
174464,train
195187,train
216056,train
187611,train
179689,train
212883,train
175919,train
180680,train
222514,train
176004,train
216758,train
188314,train
128812,train
223578,train
180458,train
208687,train
168149,train
181842,train
176358,train
127673,train
219885,train
178541,train
125985,train
190461,train
198541,train
178469,train
205596,train
222784,train
124956,train
182373,train
217826,train
195149,train
175566,train
224376,train
125434,train
194378,train
184823,train
127712,train
179135,train
174607,train
222482,train
143594,train
179077,train
199600,train
170408,train
178206,train
198451,train
125566,train
203104,train
172268,train
186640,train
122170,train
133621,train
175634,train
183309,train
196270,train
205659,train
191606,train
184793,train
187250,train
209274,train
200566,train
220477,train
213611,train
194932,train
172575,train
226162,train
176838,train
176315,train
182504,train
193563,train
179190,train
193629,train
118646,train
181521,train
182490,train
125542,train
171578,train
183947,train
178431,train
200916,train
184495,train
220129,train
178588,train
179354,train
182057,train
222295,train
133608,train
179371,train
212060,train
184641,train
212511,train
178410,train
177731,train
185462,train
175728,train
120384,train
181533,train
201301,train
198460,train
203676,train
175228,train
184999,train
227782,train
120993,train
225470,train
182477,train
173690,train
222648,train
219876,train
119590,train
177973,train
219837,train
176322,train
197234,train
180572,train
219027,train
211365,train
190850,train
133580,train
221642,train
202440,train
212513,train
167172,train
191960,train
173736,train
226785,train
185440,train
221540,train
212301,train
173258,train
174873,train
195245,train
179727,train
211322,train
211121,train
221741,train
188831,train
181510,train
96027,train
179564,train
198520,train
223769,train
189984,train
219518,train
166920,train
178934,train
105472,train
202060,train
219426,train
187412,train
190995,train
179485,train
220181,train
93580,train
122996,train
126233,train
177486,train
145759,train
179178,train
180484,train
192120,train
211782,train
180368,train
176526,train
214964,train
222084,train
177495,train
178757,train
209399,train
187055,train
179309,train
199460,train
131567,train
219396,train
176930,train
171405,train
211269,train
172648,train
207341,train
206544,train
182604,train
175472,train
182020,train
184834,train
184290,train
197932,train
222559,train
175329,train
197343,train
192279,train
122820,train
172933,train
183543,train
224905,train
184820,train
186278,train
208014,train
185180,train
171108,train
225317,train
182680,train
219158,train
199468,train
207573,train
133604,train
210565,train
202006,train
210701,train
181680,train
177727,train
192631,train
120456,train
176210,train
187119,train
127128,train
219073,train
176935,train
225969,train
221954,train
176324,train
189322,train
197695,train
118435,train
176183,train
218965,train
189011,train
172382,train
179313,train
181418,train
137336,train
211408,train
171749,train
187343,train
202709,train
184154,train
173609,train
212003,train
188215,train
176688,train
193119,train
221231,train
125820,train
202801,train
182214,train
184852,train
120333,train
223411,train
211910,train
173135,train
184807,train
183477,train
119747,train
187561,train
180773,train
127725,train
224047,train
120335,train
198394,train
194862,train
201185,train
199044,train
211457,train
204635,train
222367,train
179321,train
137267,train
176702,train
221816,train
195046,train
176451,train
122183,train
183417,train
223818,train
217790,train
200528,train
126758,train
196549,train
177553,train
126760,train
105458,train
198672,train
92722,train
195041,train
172501,train
227643,train
184756,train
178111,train
202798,train
123382,train
227212,train
176083,train
189569,train
186558,train
198770,train
202677,train
223187,train
174098,train
168217,train
175742,train
224260,train
199614,train
224077,train
228045,train
200865,train
179774,train
188832,train
228143,train
129992,train
191554,train
168414,train
184158,train
207276,train
174102,train
198631,train
183220,train
133571,train
218436,train
225934,train
208203,train
184223,train
192720,train
217637,train
125465,train
174562,train
145260,train
222219,train
128885,train
209865,train
135729,train
177424,train
189434,train
181423,train
189523,train
184926,train
100652,train
186864,train
221997,train
173378,train
167901,train
224373,train
135763,train
129899,train
124216,train
187545,train
101939,train
184096,train
184744,train
200621,train
184827,train
218489,train
179059,train
219774,train
179218,train
197703,train
223926,train
196881,train
191691,train
208486,train
182498,train
180570,train
185693,train
197882,train
187071,train
188180,train
199643,train
196086,train
227748,train
228135,train
220344,train
218105,train
186540,train
206815,train
186805,train
191235,train
137340,train
178890,train
176225,train
186116,train
200510,train
179110,train
207849,train
188724,train
169123,train
198434,train
208951,train
201376,train
170812,train
219370,train
173196,train
194729,train
200416,train
212053,train
193290,train
171928,train
203857,train
216296,train
200464,train
188056,train
188603,train
185435,train
185387,train
187563,train
205138,train
178870,train
180962,train
214972,train
214974,train
177576,train
120567,train
201390,train
181256,train
123929,train
173088,train
185720,train
224526,train
119354,train
175912,train
179732,train
100582,train
199173,train
221440,train
187365,train
192265,train
198853,train
180077,train
210248,train
195055,train
192730,train
221424,train
137089,train
194645,train
184921,train
196716,train
185718,train
169055,train
179752,train
174117,train
209932,train
182398,train
189740,train
176699,train
188216,train
221123,train
186826,train
121727,train
179537,train
182652,train
202939,train
182714,train
169135,train
146498,train
172973,train
221378,train
142835,train
180495,train
184278,train
194153,train
180277,train
226553,train
187560,train
197238,train
227525,train
197758,train
193718,train
222942,train
214062,train
178821,train
183720,train
201462,train
172237,train
190246,train
180875,train
118438,train
221305,train
227313,train
117934,train
196508,train
176419,train
200521,train
205557,train
220354,train
192511,train
174425,train
219457,train
137995,train
179361,train
117940,train
220193,train
219631,train
187495,train
120998,train
223423,train
227211,train
148491,train
178031,train
180121,train
184803,train
179142,train
184071,train
220308,train
196880,train
215008,train
227175,train
120505,train
199061,train
201983,train
225343,train
213639,train
188179,train
134925,train
209683,train
187961,train
96826,train
198306,train
176683,train
175100,train
199030,train
183907,train
188433,train
223188,train
192509,train
194726,train
170157,train
199753,train
214721,train
195523,train
214976,train
201216,train
227690,train
196999,train
173322,train
209307,train
123435,train
180408,train
176222,train
171792,train
176197,train
146978,train
175307,train
204698,train
213217,train
201480,train
208019,train
186795,train
138567,train
182746,train
141633,train
203329,train
199402,train
203276,train
126764,train
177329,train
200296,train
178522,train
187754,train
224586,train
183267,train
184042,train
173663,train
225351,train
183946,train
193977,train
183366,train
192628,train
202804,train
190229,train
174573,train
227450,train
179555,train
195175,train
192036,train
121530,train
214695,train
206325,train
174540,train
227299,train
173076,train
193602,train
198365,train
209037,train
125845,train
208082,train
125538,train
202145,train
179799,train
222651,train
184707,train
127912,train
176691,train
207455,train
172224,train
185280,train
191955,train
171923,train
222539,train
218543,train
181171,train
150796,train
195624,train
185843,train
201370,train
222427,train
221920,train
199987,train
187273,train
183525,train
179049,train
186386,train
173083,train
196077,train
185177,train
128461,train
92723,train
198935,train
180558,train
201275,train
189490,train
195179,train
222473,train
211367,train
173373,train
178581,train
220176,train
217711,train
208364,train
176319,train
183341,train
177906,train
197949,train
227244,train
178542,train
123267,train
212277,train
176621,train
214455,train
184229,train
206777,train
180802,train
172077,train
181544,train
150592,train
178505,train
183780,train
178495,train
169566,train
145720,train
223364,train
173552,train
184948,train
198224,train
185234,train
175354,train
171528,train
122859,train
201332,train
189151,train
186526,train
77866,train
200672,train
186111,train
183018,train
168815,train
148927,train
199708,train
223775,train
227077,train
171754,train
199749,train
189007,train
187697,train
180977,train
207463,train
190758,train
199464,train
200121,train
176831,train
223631,train
189037,train
173030,train
197287,train
220454,train
141530,train
182763,train
183392,train
125818,train
182076,train
188490,train
186960,train
120320,train
181500,train
224505,train
171783,train
185886,train
181918,train
219529,train
174983,train
199408,train
192805,train
188720,train
180769,train
174551,train
205915,train
203209,train
223045,train
190091,train
176026,train
188444,train
193419,train
184600,train
196573,train
197933,train
90430,train
193554,train
220159,train
223224,train
192887,train
118465,train
215424,train
167684,train
212322,train
181311,train
203401,train
205106,train
170845,train
117947,train
101944,train
175171,train
181863,train
196576,train
183441,train
178457,train
138047,train
223698,train
206576,train
203227,train
224520,train
205615,train
88433,train
227456,train
197915,train
202008,train
176742,train
192220,train
190655,train
118634,train
223470,train
194713,train
220428,train
215964,train
137859,train
208192,train
183071,train
207144,train
152065,train
225358,train
224355,train
173734,train
181156,train
174151,train
221825,train
172593,train
173184,train
224293,train
175924,train
172873,train
171985,train
178858,train
181315,train
219517,train
184971,train
211425,train
124341,train
173145,train
201005,train
222716,train
209902,train
221569,train
173909,train
183195,train
220979,train
180117,train
188515,train
201349,train
122861,train
219470,train
190000,train
200154,train
198619,train
206440,train
208092,train
172502,train
225003,train
174453,train
224364,train
183586,train
198664,train
222254,train
222387,train
174830,train
211352,train
181730,train
176311,train
189903,train
148209,train
185168,train
89192,train
188485,train
186549,train
183579,train
174824,train
186773,train
224499,train
210852,train
224277,train
182585,train
222889,train
187960,train
199454,train
173900,train
186472,train
124343,train
187608,train
223575,train
145212,train
211730,train
189775,train
175465,train
112092,train
169024,train
223839,train
118566,train
178647,train
183973,train
224888,train
201435,train
182713,train
179214,train
130055,train
205815,train
183381,train
93709,train
186243,train
145113,train
190020,train
209991,train
179595,train
187509,train
197342,train
183592,train
209872,train
204789,train
221153,train
191229,train
198244,train
169659,train
131121,train
182915,train
196648,train
181258,train
172921,train
182027,train
190740,train
204581,train
118431,train
188423,train
224662,train
182494,train
119755,train
179650,train
186837,train
204592,train
218701,train
205451,train
127175,train
220323,train
202275,train
186464,train
131133,train
193022,train
199495,train
224664,train
227031,train
175159,train
189310,train
178420,train
201439,train
176904,train
222492,train
200087,train
186843,train
227786,train
121040,train
183298,train
194674,train
185376,train
172647,train
181162,train
184625,train
129758,train
167851,train
125472,train
221925,train
209270,train
207280,train
197948,train
199209,train
210620,train
188843,train
212723,train
227514,train
211700,train
203325,train
217180,train
171988,train
185595,train
121026,train
219537,train
217976,train
206355,train
184904,train
202675,train
223790,train
177326,train
201577,train
191319,train
94126,train
96828,train
226140,train
205410,train
196867,train
172910,train
199762,train
198800,train
181848,train
176616,train
195814,train
183964,train
176195,train
186812,train
226588,train
201552,train
221905,train
173504,train
177834,train
223576,train
198545,train
179870,train
222028,train
217896,train
175031,train
142543,train
203674,train
126597,train
185291,train
214977,train
105467,train
195712,train
170177,train
212651,train
195429,train
193012,train
210706,train
212312,train
177539,train
178196,train
138095,train
171912,train
183713,train
131025,train
179675,train
181181,train
185261,train
96400,train
210610,train
181879,train
202955,train
176129,train
225602,train
197356,train
176599,train
200550,train
190006,train
180472,train
206714,train
223432,train
193312,train
174627,train
187867,train
192500,train
223583,train
172977,train
194707,train
174498,train
223142,train
185149,train
225295,train
227540,train
175151,train
220467,train
207857,train
180430,train
187042,train
145202,train
174050,train
185841,train
171621,train
119969,train
219734,train
192790,train
191996,train
199316,train
210157,train
117886,train
201547,train
227250,train
200639,train
182478,train
224894,train
193598,train
190962,train
180596,train
203141,train
173021,train
226815,train
203142,train
226386,train
185591,train
123286,train
207905,train
203577,train
183418,train
121642,train
179127,train
124493,train
182513,train
208986,train
203350,train
222326,train
185825,train
177925,train
174819,train
142645,train
200165,train
193351,train
181819,train
226327,train
194928,train
191318,train
122487,train
197394,train
188486,train
180949,train
222044,train
196674,train
167687,train
222277,train
184129,train
179654,train
215887,train
197205,train
208963,train
177985,train
186326,train
186748,train
195243,train
205490,train
192415,train
197675,train
210883,train
197759,train
174368,train
126159,train
187602,train
220698,train
178486,train
193044,train
191628,train
190628,train
182566,train
220529,train
203820,train
118666,train
187025,train
218734,train
183624,train
207713,train
181217,train
219122,train
171858,train
225509,train
211970,train
182197,train
226394,train
198694,train
174153,train
186448,train
182650,train
140355,train
200847,train
173392,train
142876,train
194911,train
195100,train
179885,train
185381,train
224283,train
133680,train
181738,train
179598,train
224151,train
179929,train
177421,train
193499,train
207952,train
208045,train
174638,train
212634,train
214495,train
180013,train
183359,train
199535,train
121646,train
179462,train
173133,train
189552,train
197728,train
198444,train
187817,train
176643,train
194772,train
180839,train
131021,train
194292,train
173941,train
195781,train
222732,train
222498,train
186992,train
153130,train
209935,train
134327,train
187810,train
182172,train
224632,train
131127,train
223499,train
194333,train
175412,train
224597,train
203621,train
171403,train
172653,train
199013,train
182090,train
220207,train
138174,train
119679,train
189716,train
181269,train
173579,train
176097,train
173906,train
221762,train
196799,train
173880,train
220443,train
118676,train
206323,train
133584,train
184886,train
137087,train
172650,train
192064,train
182009,train
219503,train
134650,train
196235,train
191727,train
124084,train
199871,train
132086,train
185354,train
198401,train
179900,train
203637,train
118555,train
109579,train
195711,train
184757,train
200438,train
180809,train
186769,train
228189,train
178845,train
199582,train
178565,train
165924,train
176513,train
175020,train
191963,train
175819,train
185240,train
227608,train
220521,train
179652,train
193458,train
188424,train
197936,train
195661,train
125162,train
197015,train
219587,train
176270,train
191324,train
210382,train
181707,train
203818,train
181596,train
206679,train
221945,train
177589,train
122428,train
122623,train
175961,train
176018,train
221311,train
189374,train
170124,train
208518,train
137096,train
194888,train
174694,train
189147,train
171771,train
220262,train
179696,train
223212,train
199149,train
181059,train
172482,train
224158,train
209126,train
227338,train
93509,train
199459,train
179348,train
204717,train
184041,train
225955,train
199033,train
227541,train
198621,train
185737,train
138118,train
196961,train
176989,train
206401,train
122824,train
171098,train
226756,train
200505,train
124676,train
192460,train
224018,train
171359,train
222512,train
198579,train
187082,train
176826,train
120091,train
127149,train
121526,train
210250,train
183010,train
205819,train
192321,train
92719,train
186439,train
167909,train
142871,train
192065,train
174400,train
190014,train
183266,train
86323,train
198437,train
187830,train
133788,train
214707,train
177250,train
181922,train
201572,train
174108,train
199769,train
190775,train
220603,train
204772,train
177884,train
118675,train
202860,train
172003,train
173031,train
201720,train
182021,train
202823,train
212228,train
205511,train
207063,train
202743,train
199103,train
177657,train
201925,train
181771,train
173759,train
145454,train
173448,train
225994,train
174477,train
150902,train
183535,train
202067,train
153363,train
169249,train
195511,train
184402,train
190567,train
220519,train
199765,train
174413,train
150821,train
205796,train
210617,train
175086,train
197137,train
187714,train
179333,train
210652,train
178951,train
223064,train
181731,train
130653,train
172368,train
222885,train
210373,train
177732,train
220310,train
175109,train
127667,train
209907,train
192401,train
179855,train
222532,train
181365,train
185288,train
185338,train
92713,train
183619,train
186906,train
190173,train
189022,train
186450,train
203620,train
202466,train
194079,train
227848,train
182396,train
203486,train
182366,train
184528,train
207587,train
193995,train
184127,train
125432,train
202931,train
201091,train
188970,train
198459,train
224309,train
190353,train
211105,train
223196,train
173264,train
188144,train
191595,train
195751,train
207890,train
206540,train
222787,train
188238,train
220621,train
182321,train
177628,train
119401,train
222594,train
186259,train
183564,train
179802,train
222285,train
180298,train
187416,train
184546,train
180463,train
199486,train
193771,train
167861,train
205811,train
222973,train
179461,train
202344,train
220841,train
185659,train
143521,train
98744,train
178875,train
222016,train
177515,train
215015,train
176799,train
205966,train
214638,train
203805,train
185490,train
201402,train
223058,train
174420,train
224581,train
174263,train
190328,train
202808,train
179141,train
218944,train
223034,train
178480,train
227210,train
169509,train
227091,train
179390,train
221645,train
175415,train
173722,train
150763,train
196845,train
183966,train
219731,train
175675,train
223693,train
208546,train
177293,train
176490,train
185464,train
218432,train
188713,train
119174,train
181982,train
177934,train
93515,train
167836,train
190179,train
220504,train
137419,train
190145,train
178578,train
200722,train
190418,train
178438,train
173043,train
196619,train
222425,train
188160,train
218751,train
184873,train
145660,train
194931,train
204661,train
188050,train
183412,train
203398,train
174713,train
188019,train
174827,train
215299,train
93571,train
180081,train
198665,train
178563,train
181308,train
217828,train
182388,train
142802,train
196605,train
133686,train
175959,train
200450,train
189045,train
200073,train
180684,train
183358,train
175188,train
200503,train
120999,train
178451,train
207155,train
172414,train
219404,train
214447,train
177498,train
182538,train
189217,train
176884,train
179023,train
172456,train
178456,train
221578,train
179648,train
205771,train
141159,train
218998,train
125559,train
189105,train
174532,train
143103,train
172598,train
206153,train
197654,train
125435,train
175054,train
195321,train
212232,train
198375,train
203477,train
201065,train
182737,train
175905,train
170862,train
223994,train
199194,train
152142,train
196694,train
179126,train
188814,train
221844,train
183444,train
209876,train
167895,train
187899,train
179703,train
206844,train
223498,train
176647,train
184199,train
186971,train
201264,train
223231,train
121965,train
208736,train
143373,train
185188,train
85969,train
205822,train
179884,train
204880,train
183523,train
176332,train
174890,train
194077,train
102053,train
194623,train
222633,train
150884,train
196982,train
200859,train
169098,train
179888,train
227329,train
101703,train
193354,train
178132,train
174645,train
181542,train
185104,train
186366,train
125880,train
179591,train
179690,train
125555,train
182415,train
219522,train
202114,train
200755,train
126351,train
152075,train
190595,train
124881,train
203127,train
218481,train
120301,train
132085,train
187800,train
195019,train
125801,train
200984,train
137607,train
133622,train
186026,train
195088,train
218589,train
220797,train
220732,train
184383,train
122890,train
217644,train
193459,train
192791,train
155029,train
188550,train
190935,train
153169,train
219358,train
185985,train
186253,train
200475,train
168176,train
179592,train
181384,train
184539,train
175779,train
172483,train
221573,train
206583,train
201014,train
199763,train
211743,train
127229,train
196613,train
206539,train
200179,train
137301,train
175773,train
183527,train
187853,train
190996,train
172914,train
186357,train
140062,train
222834,train
221981,train
222111,train
137456,train
176216,train
198936,train
173442,train
223541,train
183694,train
172430,train
196441,train
179602,train
180550,train
173658,train
217189,train
212801,train
205513,train
191016,train
166941,train
227671,train
165877,train
172773,train
225550,train
137091,train
207688,train
176316,train
125421,train
110592,train
200662,train
200227,train
221583,train
176606,train
187507,train
134923,train
173617,train
210546,train
182611,train
213140,train
199641,train
192583,train
215771,train
122136,train
222467,train
172404,train
211666,train
191143,train
181804,train
118720,train
200393,train
215061,train
176705,train
184405,train
124221,train
179923,train
199929,train
180535,train
207333,train
188236,train
180958,train
182545,train
226724,train
153671,train
120469,train
177228,train
187064,train
207806,train
222527,train
127282,train
218950,train
189719,train
186286,train
120334,train
119671,train
171410,train
179050,train
172372,train
179750,train
219539,train
178844,train
200919,train
200818,train
178367,train
175055,train
195521,train
199594,train
196804,train
196464,train
121608,train
197739,train
174707,train
222519,train
122689,train
102030,train
125491,train
143419,train
222576,train
125042,train
125047,train
174882,train
200011,train
138071,train
125554,train
178242,train
174454,train
194264,train
206751,train
198467,train
214697,train
92718,train
201522,train
202512,train
172010,train
200001,train
172514,train
168158,train
151989,train
213756,train
181557,train
203779,train
180041,train
224672,train
172419,train
218256,train
209975,train
184669,train
172395,train
201235,train
203457,train
127907,train
203639,train
187955,train
205713,train
183223,train
187157,train
196519,train
193003,train
205565,train
177524,train
190703,train
199379,train
145380,train
185548,train
175419,train
181341,train
125505,train
181334,train
206634,train
196935,train
219161,train
181608,train
187063,train
221144,train
147061,train
193822,train
174633,train
199243,train
199473,train
188972,train
206419,train
203190,train
200115,train
152144,train
197894,train
121548,train
200139,train
173287,train
221858,train
167850,train
201183,train
166961,train
223999,train
185105,train
180793,train
174888,train
168605,train
179861,train
182533,train
224565,train
179902,train
138698,train
188745,train
174530,train
209694,train
179775,train
173871,train
203573,train
170501,train
179082,train
207965,train
180490,train
187879,train
182101,train
183940,train
180940,train
137346,train
126088,train
192384,train
207290,train
200288,train
174622,train
203550,train
207839,train
220126,train
180364,train
202200,train
139585,train
137384,train
179268,train
191284,train
182672,train
214746,train
181135,train
193311,train
217824,train
184967,train
177829,train
181508,train
188041,train
202448,train
214629,train
174443,train
210258,train
221745,train
125819,train
202796,train
220057,train
182103,train
169094,train
225040,train
212399,train
172568,train
227120,train
183597,train
89056,train
126776,train
220369,train
185729,train
181837,train
189909,train
177866,train
198242,train
102039,train
187149,train
199507,train
196390,train
226014,train
118642,train
198526,train
220446,train
177792,train
208953,train
183894,train
182593,train
199377,train
180647,train
177223,train
214699,train
224297,train
203720,train
179619,train
176470,train
221810,train
178247,train
202768,train
118743,train
166189,train
214955,train
190762,train
176435,train
185846,train
224212,train
203478,train
220171,train
225093,train
200508,train
166922,train
205556,train
218380,train
220353,train
220528,train
182726,train
174264,train
185623,train
220828,train
219159,train
173908,train
190954,train
220191,train
219335,train
170981,train
224659,train
179349,train
213619,train
186767,train
192646,train
203250,train
171300,train
121934,train
205412,train
185129,train
221519,train
181480,train
212215,train
199073,train
181336,train
175328,train
142650,train
178172,train
224288,train
177730,train
223797,train
227539,train
223246,train
193557,train
199474,train
208524,train
181039,train
192185,train
145324,train
172971,train
189772,train
220320,train
122143,train
165929,train
169143,train
192399,train
184900,train
183482,train
219884,train
186505,train
204078,train
181942,train
140010,train
222231,train
174835,train
200932,train
105798,train
198637,train
226290,train
197086,train
203204,train
176615,train
150756,train
207723,train
214706,train
225340,train
199564,train
174767,train
193120,train
211846,train
174127,train
146566,train
217825,train
138678,train
191555,train
224944,train
175939,train
222616,train
171993,train
172806,train
182119,train
227441,train
219889,train
204547,train
126899,train
172107,train
222271,train
178269,train
226315,train
193412,train
187601,train
223625,train
172238,train
183231,train
221436,train
185204,train
195121,train
190800,train
222014,train
176822,train
184416,train
173097,train
173616,train
182463,train
194983,train
129280,train
212294,train
225968,train
173566,train
127579,train
203386,train
182391,train
185486,train
143308,train
195615,train
199040,train
220149,train
185253,train
177504,train
221998,train
212458,train
133703,train
203200,train
176457,train
182200,train
175786,train
131748,train
187353,train
199144,train
227536,train
198397,train
179848,train
175927,train
200802,train
205486,train
184925,train
220211,train
181035,train
215748,train
183259,train
197352,train
219778,train
223964,train
178945,train
177481,train
222093,train
122213,train
224314,train
205764,train
192684,train
176256,train
187865,train
173117,train
174836,train
189257,train
181146,train
193279,train
173462,train
200779,train
189035,train
181933,train
190682,train
150783,train
181877,train
203102,train
212678,train
218546,train
188252,train
225091,train
183473,train
177714,train
183003,train
209899,train
223923,train
121532,train
134730,train
122687,train
176066,train
183710,train
225078,train
202277,train
195929,train
197195,train
130130,train
211571,train
177505,train
203259,train
203470,train
222443,train
201717,train
222659,train
179563,train
221274,train
175414,train
184555,train
173288,train
180372,train
146390,train
185906,train
200647,train
212025,train
175225,train
211364,train
199597,train
176692,train
189742,train
142865,train
185248,train
177358,train
181071,train
223032,train
105806,train
226940,train
178674,train
121372,train
182107,train
181305,train
197921,train
217979,train
125844,train
172752,train
173917,train
118649,train
201794,train
193404,train
175082,train
187357,train
182297,train
198852,train
179943,train
166008,train
223354,train
133832,train
222497,train
209854,train
219465,train
172786,train
187892,train
154440,train
186440,train
215746,train
178543,train
204824,train
211247,train
201273,train
199372,train
174088,train
128809,train
225080,train
169248,train
184346,train
218595,train
183272,train
198462,train
203256,train
167846,train
202059,train
200166,train
206573,train
222479,train
121866,train
185963,train
184069,train
173932,train
221809,train
186267,train
199784,train
190801,train
200983,train
211641,train
197128,train
200551,train
185502,train
192644,train
183409,train
197931,train
219601,train
127906,train
223114,train
212082,train
186250,train
145451,train
192817,train
198937,train
152816,train
184911,train
188962,train
145321,train
138129,train
179394,train
178756,train
179561,train
174339,train
183706,train
174925,train
220217,train
187349,train
176459,train
181805,train
198580,train
180341,train
186423,train
137339,train
147916,train
189923,train
142382,train
223861,train
195144,train
184493,train
224290,train
127903,train
217639,train
211183,train
182616,train
168975,train
222420,train
173035,train
209870,train
204082,train
228136,train
206582,train
209862,train
100580,train
193618,train
184812,train
172230,train
227123,train
222499,train
192200,train
212569,train
211446,train
175511,train
180690,train
176206,train
194913,train
130787,train
100574,train
179042,train
211356,train
173072,train
184855,train
126022,train
227264,train
173050,train
206600,train
191070,train
137035,train
184498,train
140017,train
202146,train
180709,train
151975,train
200978,train
172975,train
205421,train
223854,train
180735,train
202329,train
184288,train
218446,train
175920,train
201468,train
193588,train
187265,train
137104,train
177234,train
212531,train
202080,train
166695,train
138663,train
188416,train
177743,train
214504,train
172443,train
213631,train
176972,train
221915,train
205992,train
221480,train
171845,train
176386,train
126229,train
96403,train
176400,train
191591,train
200590,train
205062,train
200614,train
186019,train
224313,train
181196,train
221181,train
181971,train
179435,train
186287,train
174616,train
93579,train
181317,train
181199,train
186441,train
121023,train
181047,train
202167,train
181367,train
177596,train
197333,train
181085,train
198218,train
119601,train
182061,train
131277,train
202017,train
166600,train
207678,train
214453,train
199741,train
218464,train
168214,train
199368,train
227126,train
175926,train
155850,train
168218,train
188405,train
223568,train
203623,train
200867,train
173859,train
223047,train
177838,train
199421,train
220697,train
125815,train
188418,train
223759,train
167867,train
175293,train
211814,train
137088,train
190171,train
183197,train
169471,train
176600,train
124075,train
220039,train
207828,train
176820,train
166914,train
203534,train
221772,train
182871,train
189945,train
227875,train
173437,train
219422,train
228141,train
168536,train
92795,train
180644,train
173774,train
199613,train
180083,train
188409,train
198302,train
179452,train
224121,train
221103,train
120488,train
223464,train
198210,train
204716,train
177587,train
227027,train
220827,train
204803,train
175892,train
168131,train
145459,train
174253,train
172586,train
174312,train
201454,train
172849,train
135747,train
205617,train
218447,train
221385,train
146367,train
175154,train
196471,train
182551,train
127104,train
222369,train
181077,train
221955,train
183132,train
190527,train
228044,train
198204,train
167710,train
186405,train
192600,train
196814,train
176773,train
198720,train
191764,train
140341,train
127941,train
180556,train
218774,train
187650,train
185209,train
190337,train
118744,train
201958,train
190803,train
193009,train
172390,train
221052,train
184201,train
128824,train
176317,train
176460,train
186414,train
194644,train
121961,train
222301,train
186322,train
189576,train
137199,train
172796,train
185200,train
184054,train
186893,train
193298,train
173130,train
187571,train
222422,train
206242,train
192374,train
223779,train
208485,train
175146,train
93572,train
207204,train
205375,train
224064,train
195497,train
185183,train
199511,train
181828,train
181048,train
167841,train
196673,train
186393,train
197884,train
202702,train
186997,train
221749,train
167717,train
178841,train
227566,train
203328,train
175256,train
220612,train
181769,train
224287,train
171859,train
197917,train
185178,train
181332,train
179369,train
174463,train
219680,train
172325,train
211725,train
205863,train
182639,train
178993,train
214962,train
173678,train
223679,train
225523,train
181932,train
152116,train
222286,train
210641,train
198347,train
179939,train
155388,train
198436,train
199755,train
183481,train
181200,train
182543,train
145467,train
122700,train
212310,train
190961,train
184627,train
211912,train
178942,train
182865,train
201122,train
175079,train
175182,train
199315,train
122613,train
221697,train
189954,train
223435,train
175954,train
227219,train
184451,train
195181,train
92708,train
192501,train
171355,train
220118,train
130988,train
203255,train
184840,train
188109,train
174274,train
214730,train
185020,train
198208,train
175218,train
221266,train
227032,train
226650,train
183426,train
175648,train
186813,train
176845,train
122707,train
185343,train
200205,train
175459,train
206593,train
200527,train
182476,train
124795,train
199362,train
181414,train
184207,train
203700,train
224453,train
173451,train
199777,train
174529,train
211827,train
170153,train
188408,train
190034,train
184497,train
195306,train
198521,train
220837,train
135256,train
225617,train
197335,train
218778,train
193550,train
173586,train
196671,train
185652,train
222652,train
142798,train
227510,train
221541,train
217904,train
224124,train
182814,train
123167,train
192252,train
219498,train
173654,train
220543,train
200663,train
193573,train
172963,train
185803,train
197142,train
176443,train
188441,train
191577,train
227220,train
168208,train
179856,train
226892,train
106647,train
181491,train
178514,train
219001,train
181792,train
176880,train
180016,train
109943,train
193650,train
191511,train
129984,train
188969,train
222189,train
191293,train
196610,train
227045,train
174374,train
213509,train
171101,train
183060,train
203294,train
124876,train
227662,train
171544,train
202293,train
212803,train
211358,train
121928,train
172748,train
222580,train
179471,train
185465,train
171950,train
185614,train
137974,train
190135,train
169125,train
191962,train
183387,train
192780,train
211214,train
221848,train
200890,train
188958,train
198425,train
207449,train
204039,train
173192,train
220442,train
181638,train
223940,train
189364,train
209413,train
179342,train
190206,train
208348,train
206454,train
220924,train
123689,train
221104,train
181663,train
176093,train
189792,train
188712,train
173666,train
215254,train
223059,train
185421,train
193643,train
220340,train
200425,train
143261,train
196907,train
195014,train
186124,train
178328,train
175921,train
105466,train
96987,train
178286,train
183301,train
211368,train
200887,train
176774,train
174696,train
197513,train
183598,train
200747,train
209038,train
208541,train
183063,train
206340,train
133585,train
182765,train
180755,train
125617,train
198246,train
185845,train
119572,train
192884,train
166877,train
178115,train
120890,train
189901,train
138688,train
168939,train
175563,train
191614,train
144067,train
224622,train
126052,train
219829,train
209070,train
211858,train
175658,train
172829,train
185859,train
204204,train
225940,train
206570,train
227785,train
168717,train
204960,train
178104,train
177569,train
96366,train
214494,train
227545,train
225363,train
205609,train
223111,train
192890,train
183660,train
220158,train
196822,train
199703,train
205626,train
222328,train
186953,train
218904,train
138131,train
220142,train
98752,train
223366,train
180741,train
179501,train
127280,train
198505,train
200192,train
120279,train
219980,train
183656,train
195173,train
199681,train
174871,train
178819,train
221117,train
136918,train
228051,train
146490,train
175624,train
172729,train
178209,train
183256,train
172936,train
174451,train
175632,train
223605,train
190314,train
219245,train
194667,train
191326,train
199556,train
223210,train
179820,train
185691,train
131573,train
192796,train
178755,train
224650,train
142820,train
180560,train
138655,train
177362,train
187562,train
178227,train
172821,train
198416,train
201580,train
118731,train
168588,train
179078,train
222972,train
187972,train
94134,train
191158,train
227451,train
122262,train
180156,train
221823,train
200902,train
182493,train
208322,train
120483,train
185478,train
202506,train
184348,train
219808,train
220333,train
187159,train
176302,train
188177,train
175602,train
172746,train
194996,train
174726,train
187101,train
173235,train
172109,train
183672,train
188480,train
171959,train
214456,train
227014,train
177854,train
125987,train
184279,train
225995,train
176014,train
202272,train
200540,train
174069,train
181122,train
199369,train
189771,train
205056,train
178742,train
136791,train
101941,train
174955,train
120607,train
198629,train
192688,train
202082,train
121237,train
220349,train
175534,train
192735,train
188298,train
126327,train
221343,train
175789,train
200101,train
210896,train
183582,train
203506,train
211443,train
203741,train
225178,train
226420,train
197546,train
175072,train
203603,train
201971,train
218672,train
168982,train
208511,train
218317,train
178475,train
203138,train
130980,train
224990,train
102040,train
174699,train
219964,train
173131,train
190280,train
194959,train
181931,train
167704,train
182149,train
203205,train
186338,train
176584,train
218828,train
202061,train
188107,train
171573,train
221662,train
150789,train
198729,train
180519,train
201985,train
184240,train
219476,train
192268,train
176617,train
158577,train
119828,train
178169,train
169126,train
92760,train
184960,train
181967,train
184545,train
182661,train
183422,train
214415,train
178866,train
192968,train
171097,train
193007,train
212281,train
184012,train
176803,train
177339,train
181187,train
179960,train
184942,train
189136,train
183989,train
218941,train
171376,train
223524,train
185257,train
175686,train
219347,train
175965,train
212453,train
223809,train
192794,train
175548,train
173546,train
208368,train
120637,train
201613,train
206116,train
222441,train
120303,train
192727,train
223002,train
180260,train
214701,train
180863,train
188297,train
181840,train
207744,train
222910,train
208199,train
186407,train
200900,train
179069,train
205532,train
193198,train
200143,train
224485,train
193577,train
204970,train
200178,train
213477,train
176138,train
225996,train
212282,train
177235,train
182079,train
182716,train
177669,train
176257,train
223052,train
197485,train
188111,train
193561,train
188741,train
218463,train
224286,train
173921,train
179444,train
128139,train
189439,train
180759,train
96413,train
222125,train
196528,train
119617,train
96372,train
212876,train
181381,train
188733,train
182117,train
206636,train
221639,train
123627,train
130488,train
174729,train
181815,train
131035,train
173503,train
222783,train
183919,train
222322,train
196598,train
121558,train
193467,train
176245,train
184202,train
186981,train
204654,train
198381,train
184242,train
220546,train
190930,train
183623,train
189787,train
204834,train
171757,train
119991,train
195250,train
203633,train
203675,train
224599,train
174961,train
124783,train
120454,train
185190,train
174822,train
183338,train
219540,train
122061,train
138712,train
179935,train
188203,train
205360,train
218974,train
188702,train
180635,train
222854,train
185300,train
131275,train
198709,train
217716,train
226676,train
179877,train
123675,train
152083,train
149703,train
178270,train
82250,train
187827,train
182364,train
215501,train
178751,train
182029,train
175935,train
200582,train
183560,train
211852,train
200230,train
137256,train
205917,train
205547,train
174581,train
178098,train
203585,train
173447,train
172195,train
214690,train
217962,train
180504,train
217911,train
222675,train
200907,train
184829,train
175061,train
193657,train
218782,train
96969,train
219407,train
185802,train
200267,train
186489,train
222762,train
137026,train
227102,train
150898,train
179138,train
178070,train
201308,train
186494,train
225551,train
173506,train
198445,train
171110,train
185842,train
123936,train
177289,train
183139,train
185256,train
202968,train
166905,train
167892,train
179746,train
167722,train
194893,train
186363,train
185243,train
221011,train
184275,train
75241,train
195856,train
220403,train
183620,train
171548,train
119861,train
227100,train
222899,train
180421,train
172664,train
195092,train
180456,train
96408,train
181957,train
202793,train
181144,train
185499,train
177744,train
183375,train
226651,train
222725,train
169443,train
185232,train
220066,train
135195,train
176936,train
186950,train
181343,train
199963,train
189226,train
212234,train
170996,train
186106,train
214624,train
174774,train
123937,train
220161,train
215532,train
227360,train
205405,train
173162,train
126337,train
92711,train
202476,train
207950,train
222147,train
180477,train
198049,train
199679,train
209621,train
202292,train
177477,train
175582,train
178985,train
195722,train
179667,train
198446,train
120759,train
190139,train
173761,train
214059,train
178157,train
141641,train
150822,train
195528,train
183049,train
227233,train
199028,train
203715,train
219801,train
226395,train
184315,train
171145,train
178683,train
197903,train
193395,train
120629,train
211218,train
178850,train
221893,train
209867,train
130562,train
174821,train
185336,train
138168,train
212283,train
224192,train
173578,train
186071,train
208661,train
150916,train
180051,train
183335,train
176491,train
178859,train
213613,train
181847,train
207462,train
212247,train
105339,train
227177,train
183368,train
188417,train
173282,train
176993,train
125471,train
177840,train
171074,train
184523,train
194090,train
199933,train
214373,train
186428,train
223139,train
178496,train
222491,train
180807,train
219659,train
127783,train
224567,train
118749,train
222662,train
206320,train
183638,train
172950,train
219567,train
184403,train
136040,train
205562,train
176985,train
179376,train
176318,train
214613,train
204994,train
196470,train
183682,train
185179,train
172353,train
205580,train
121027,train
173478,train
217832,train
203441,train
201346,train
179367,train
183916,train
214449,train
180668,train
183067,train
174528,train
219339,train
121540,train
108768,train
221966,train
198654,train
195130,train
179611,train
185880,train
193488,train
186318,train
177819,train
198551,train
221088,train
195295,train
198795,train
174846,train
222546,train
172499,train
191551,train
185634,train
180614,train
188894,train
180205,train
177613,train
226167,train
183817,train
212173,train
139873,train
185610,train
174914,train
188148,train
196319,train
181313,train
198463,train
202859,train
197518,train
211432,train
185358,train
209540,train
197282,train
209286,train
209640,train
186408,train
173746,train
189517,train
186442,train
181570,train
180600,train
211646,train
172767,train
180373,train
202176,train
120805,train
202493,train
220967,train
220915,train
206820,train
173725,train
187797,train
172264,train
223838,train
201279,train
203106,train
222390,train
211406,train
181326,train
169129,train
182470,train
221675,train
193566,train
211306,train
186052,train
191164,train
222642,train
224613,train
176469,train
211999,train
203223,train
197145,train
199245,train
96946,train
179954,train
179634,train
122777,train
175326,train
176275,train
197110,train
206816,train
220271,train
194182,train
208536,train
223990,train
179378,train
129289,train
221661,train
126765,train
202498,train
205883,train
145311,train
210811,train
170960,train
172226,train
209299,train
184291,train
222148,train
182195,train
193690,train
192547,train
175138,train
199145,train
168206,train
205447,train
205453,train
169183,train
206130,train
138110,train
181197,train
202857,train
138176,train
199725,train
202412,train
176846,train
105433,train
205498,train
181158,train
227290,train
180531,train
197645,train
196510,train
199658,train
174058,train
211718,train
184888,train
221808,train
175279,train
188446,train
173149,train
201401,train
207712,train
179753,train
187102,train
143513,train
190225,train
108392,train
126017,train
206397,train
223204,train
185488,train
177750,train
225097,train
212661,train
188300,train
189496,train
189574,train
225555,train
200905,train
179453,train
219594,train
153006,train
201687,train
185976,train
175129,train
169487,train
194179,train
185703,train
171965,train
195546,train
184630,train
142626,train
187237,train
212529,train
185774,train
211835,train
200155,train
211746,train
168687,train
205462,train
172319,train
225133,train
227731,train
182642,train
200628,train
189536,train
201382,train
182098,train
182872,train
205602,train
177957,train
185782,train
183738,train
225997,train
220054,train
172755,train
182818,train
174386,train
175305,train
193049,train
185641,train
184876,train
201293,train
196969,train
226783,train
196425,train
191366,train
171338,train
200467,train
217231,train
204239,train
188134,train
187565,train
178795,train
192394,train
196959,train
119618,train
153053,train
222374,train
193920,train
182857,train
192097,train
173107,train
209873,train
201570,train
219683,train
218967,train
219977,train
217747,train
209678,train
198472,train
184899,train
125893,train
219070,train
197923,train
175208,train
182427,train
220219,train
224445,train
176255,train
203624,train
186281,train
202036,train
190123,train
190335,train
101930,train
191146,train
188146,train
187501,train
177053,train
212321,train
172979,train
128811,train
226447,train
176331,train
225846,train
196463,train
173745,train
219013,train
173872,train
187011,train
227496,train
184752,train
222296,train
224468,train
199626,train
208083,train
201456,train
176519,train
133626,train
221363,train
187105,train
219356,train
191162,train
208191,train
187045,train
205783,train
122816,train
154821,train
222265,train
188498,train
224549,train
186517,train
195760,train
199705,train
221649,train
187366,train
209272,train
175221,train
218438,train
145308,train
219337,train
205408,train
125457,train
130991,train
206558,train
207921,train
196948,train
142861,train
120472,train
186469,train
24586,train
197557,train
184683,train
225976,train
173110,train
172504,train
174352,train
122142,train
182709,train
203520,train
219163,train
176487,train
138699,train
181525,train
204925,train
178396,train
202188,train
188964,train
201673,train
204614,train
185266,train
184920,train
223465,train
177723,train
194833,train
193847,train
174066,train
183226,train
174578,train
181650,train
183474,train
170216,train
202720,train
189746,train
190062,train
178884,train
176382,train
213142,train
94900,train
192548,train
171930,train
179074,train
187303,train
172392,train
219075,train
122114,train
179881,train
201375,train
102061,train
172453,train
180638,train
178620,train
172978,train
186874,train
187024,train
125536,train
173236,train
222516,train
184407,train
175612,train
184702,train
126014,train
180697,train
175791,train
131737,train
182024,train
184187,train
176618,train
180608,train
219589,train
123152,train
204807,train
199171,train
182548,train
201738,train
184651,train
222038,train
205627,train
224668,train
147918,train
206817,train
180927,train
171882,train
197598,train
193006,train
220279,train
191717,train
217586,train
189096,train
182188,train
223828,train
222445,train
193347,train
219744,train
194251,train
179302,train
221637,train
226788,train
214872,train
199615,train
192204,train
222720,train
196551,train
180073,train
175862,train
175694,train
176824,train
200553,train
185481,train
222048,train
206495,train
196730,train
174101,train
191590,train
175250,train
205772,train
204764,train
203418,train
175226,train
199422,train
227277,train
180897,train
96978,train
152980,train
183648,train
189776,train
93808,train
180316,train
118433,train
190454,train
183790,train
169119,train
185767,train
182917,train
227791,train
213926,train
178696,train
184704,train
223222,train
220470,train
207676,train
197928,train
176922,train
137269,train
171048,train
188021,train
187919,train
184332,train
180489,train
123172,train
220045,train
122621,train
203123,train
227125,train
176267,train
178719,train
176851,train
201365,train
203590,train
121939,train
172370,train
173724,train
222361,train
184975,train
174110,train
98761,train
188407,train
195935,train
180324,train
203636,train
220484,train
179245,train
142938,train
182534,train
188091,train
185417,train
176184,train
223029,train
174371,train
121973,train
184947,train
174057,train
190018,train
176833,train
179857,train
118533,train
166048,train
182399,train
196397,train
213218,train
202086,train
222510,train
130319,train
207569,train
178016,train
187028,train
195161,train
179368,train
188967,train
187395,train
226946,train
179542,train
222992,train
214502,train
226767,train
174640,train
134970,train
189145,train
178429,train
206347,train
224878,train
183432,train
125942,train
100571,train
197120,train
125732,train
222948,train
223787,train
175268,train
227215,train
175503,train
177488,train
199443,train
177908,train
192121,train
150195,train
123672,train
191298,train
174952,train
198659,train
176753,train
202201,train
178156,train
179715,train
216320,train
190192,train
185137,train
214728,train
183969,train
222323,train
218745,train
179493,train
185223,train
219777,train
192678,train
191077,train
227229,train
192047,train
179930,train
182380,train
203183,train
221050,train
105380,train
184173,train
187951,train
174094,train
205871,train
122051,train
191685,train
140069,train
188132,train
181901,train
175558,train
167354,train
202834,train
222666,train
170946,train
183712,train
190078,train
134654,train
183257,train
201571,train
177778,train
153150,train
195291,train
206814,train
214711,train
196539,train
174644,train
188820,train
178415,train
219822,train
177324,train
168952,train
176887,train
187833,train
175378,train
176721,train
228148,train
200533,train
134717,train
184882,train
181132,train
139597,train
221801,train
222270,train
178553,train
227377,train
188838,train
219514,train
175405,train
181190,train
178341,train
187894,train
179593,train
226022,train
206321,train
222697,train
137103,train
125045,train
169148,train
175130,train
212293,train
205528,train
175888,train
212673,train
125618,train
175342,train
220665,train
180730,train
189898,train
227114,train
175709,train
172966,train
184811,train
197636,train
92398,train
200449,train
184889,train
221939,train
193842,train
93654,train
179731,train
189472,train
205497,train
185345,train
198413,train
172403,train
200294,train
200909,train
198502,train
219368,train
185828,train
179995,train
180100,train
180437,train
176746,train
179358,train
182952,train
133270,train
179228,train
184365,train
194747,train
167701,train
152146,train
181344,train
169245,train
205860,train
204918,train
166965,train
206398,train
172521,train
192286,train
145302,train
126727,train
182747,train
189894,train
183651,train
211324,train
172830,train
186908,train
195124,train
211304,train
182517,train
119662,train
205920,train
185487,train
118563,train
208870,train
176650,train
181452,train
209904,train
220820,train
198542,train
180642,train
184995,train
171160,train
122891,train
120669,train
223744,train
178930,train
191592,train
131036,train
179743,train
181433,train
194701,train
193810,train
198440,train
194619,train
181478,train
176243,train
166882,train
187387,train
223166,train
172039,train
180455,train
226647,train
227046,train
193302,train
183268,train
183295,train
192798,train
222692,train
210253,train
203681,train
176578,train
226772,train
200463,train
127888,train
178615,train
173939,train
172167,train
199676,train
173140,train
175463,train
198404,train
132048,train
172909,train
175962,train
214450,train
201246,train
198213,train
205501,train
198583,train
185605,train
197396,train
223103,train
181736,train
193475,train
192632,train
137409,train
127690,train
187825,train
201903,train
194282,train
220182,train
197181,train
99609,train
190155,train
176230,train
203248,train
206668,train
198564,train
213478,train
221982,train
207460,train
223150,train
188966,train
181312,train
183631,train
225947,train
226164,train
187381,train
203831,train
222861,train
187054,train
186537,train
150775,train
180794,train
194622,train
200594,train
205911,train
190630,train
168172,train
187098,train
200199,train
122462,train
197554,train
182916,train
196646,train
211233,train
227781,train
188882,train
200439,train
219548,train
228153,train
179985,train
180538,train
169086,train
200072,train
222847,train
193001,train
184373,train
227158,train
218948,train
211781,train
202302,train
171574,train
123278,train
179347,train
193722,train
199757,train
193454,train
183305,train
176464,train
166826,train
221936,train
177643,train
223721,train
193575,train
220267,train
197678,train
223776,train
188908,train
224235,train
169131,train
199685,train
125460,train
222458,train
184150,train
154819,train
226482,train
203124,train
195234,train
198727,train
125461,train
181606,train
123904,train
173164,train
172360,train
225123,train
185150,train
219341,train
206370,train
182676,train
199178,train
169111,train
171775,train
202104,train
221672,train
168563,train
172234,train
218614,train
223055,train
180440,train
125503,train
177367,train
128319,train
200782,train
128823,train
215205,train
180753,train
222862,train
223304,train
182554,train
171934,train
191969,train
197926,train
181322,train
219405,train
208235,train
180796,train
173434,train
183389,train
217184,train
213229,train
176217,train
200116,train
177278,train
184023,train
102035,train
193732,train
223936,train
181656,train
222180,train
223232,train
223527,train
181579,train
209856,train
208185,train
196934,train
142670,train
127307,train
222263,train
220826,train
180859,train
206900,train
143874,train
181224,train
201318,train
182712,train
225874,train
208674,train
132241,train
175201,train
182486,train
203186,train
221909,train
193402,train
181858,train
139357,train
142795,train
181878,train
224179,train
176334,train
122309,train
179765,train
176639,train
205884,train
187980,train
193939,train
224596,train
189916,train
200257,train
175550,train
179108,train
183373,train
169139,train
191709,train
180566,train
203177,train
205799,train
175004,train
182043,train
172186,train
197544,train
225037,train
200203,train
223356,train
201270,train
177991,train
182589,train
199682,train
198424,train
189534,train
178853,train
209542,train
169660,train
184981,train
223953,train
122981,train
104261,train
185819,train
172894,train
196575,train
124861,train
226299,train
205969,train
188496,train
125022,train
219022,train
181309,train
210815,train
201461,train
219336,train
186968,train
207211,train
96409,train
218971,train
205608,train
121832,train
172553,train
171576,train
203295,train
182165,train
174806,train
131289,train
223683,train
184361,train
173118,train
222574,train
200451,train
199528,train
194106,train
182375,train
189116,train
172421,train
221533,train
226280,train
182473,train
120565,train
207583,train
202076,train
222246,train
170951,train
174624,train
194497,train
219597,train
202000,train
220056,train
217838,train
199596,train
203292,train
175276,train
119553,train
185373,train
219545,train
227471,train
180803,train
212471,train
227476,train
168809,train
175028,train
191986,train
193610,train
105461,train
201182,train
222932,train
176422,train
173665,train
184295,train
92681,train
200103,train
193422,train
190028,train
182087,train
149343,train
105297,train
195024,train
216556,train
141646,train
223235,train
168157,train
126767,train
178032,train
176215,train
187100,train
186033,train
183953,train
204608,train
195008,train
176537,train
213223,train
183083,train
192285,train
182745,train
210622,train
102037,train
182115,train
169102,train
82852,train
221318,train
186514,train
199150,train
188035,train
197998,train
179475,train
219034,train
180157,train
189225,train
174732,train
183218,train
171752,train
174514,train
118651,train
179806,train
137890,train
220107,train
133696,train
187271,train
226018,train
209936,train
176176,train
186979,train
194702,train
209985,train
200601,train
129346,train
171952,train
179899,train
187649,train
196602,train
173595,train
185885,train
184381,train
187869,train
199035,train
171840,train
168125,train
190794,train
180359,train
206190,train
195468,train
179385,train
179653,train
205496,train
183192,train
224213,train
173325,train
176816,train
129787,train
179577,train
195160,train
182100,train
227112,train
128819,train
150801,train
173752,train
193625,train
191506,train
180688,train
224970,train
168179,train
204609,train
223027,train
177273,train
185422,train
192731,train
218910,train
209450,train
176155,train
183413,train
151487,train
223036,train
226328,train
221812,train
173387,train
180789,train
193863,train
175933,train
219813,train
180541,train
99841,train
173928,train
220700,train
201545,train
199978,train
127517,train
221731,train
195753,train
131535,train
202185,train
205324,train
171991,train
183227,train
173146,train
182440,train
130763,train
179918,train
221021,train
172411,train
223181,train
192810,train
172447,train
207929,train
178201,train
219385,train
222019,train
189531,train
203054,train
185546,train
224067,train
180817,train
184677,train
176456,train
183395,train
190293,train
209642,train
186388,train
172885,train
169801,train
224532,train
117139,train
167857,train
188579,train
180122,train
188413,train
188807,train
176794,train
202011,train
178679,train
150460,train
166925,train
218664,train
211354,train
186817,train
193008,train
169272,train
184965,train
188772,train
173784,train
180049,train
199153,train
219346,train
190141,train
122879,train
178470,train
198815,train
121553,train
176476,train
197116,train
202063,train
181266,train
199928,train
194124,train
205718,train
187370,train
189291,train
202704,train
174637,train
174330,train
187768,train
219381,train
199530,train
198392,train
173183,train
174680,train
182497,train
208984,train
200391,train
186483,train
174075,train
179450,train
203399,train
138177,train
173010,train
222331,train
199216,train
171764,train
196109,train
173466,train
175734,train
200989,train
219156,train
185403,train
137034,train
169176,train
218698,train
183396,train
177008,train
197507,train
198701,train
202005,train
212572,train
200075,train
208564,train
140067,train
184339,train
205612,train
192881,train
173731,train
189141,train
182359,train
183059,train
206847,train
223807,train
200738,train
220723,train
189794,train
221268,train
192297,train
182443,train
192974,train
221655,train
224633,train
195170,train
221513,train
121543,train
190783,train
220416,train
217819,train
210698,train
184214,train
223815,train
219904,train
182660,train
202363,train
183613,train
227550,train
200242,train
196437,train
182173,train
178860,train
222423,train
173435,train
223595,train
200176,train
211744,train
120141,train
93575,train
196647,train
186064,train
177302,train
180096,train
226051,train
227209,train
204706,train
217829,train
178178,train
119440,train
168142,train
226636,train
196792,train
186434,train
175382,train
200559,train
190064,train
191369,train
195324,train
219568,train
219890,train
185378,train
217929,train
223921,train
186504,train
184092,train
219352,train
206139,train
205459,train
193221,train
172217,train
146464,train
179080,train
196981,train
227246,train
203704,train
199412,train
192303,train
190773,train
207357,train
190146,train
224513,train
181497,train
220977,train
175235,train
206745,train
209401,train
175851,train
223557,train
198979,train
190136,train
168187,train
176202,train
221285,train
220545,train
196853,train
169950,train
219736,train
197537,train
183325,train
209050,train
123290,train
167778,train
177832,train
172267,train
218442,train
174071,train
182487,train
174525,train
176645,train
173767,train
186943,train
202341,train
177538,train
184698,train
101955,train
176236,train
120931,train
207910,train
179912,train
201500,train
170706,train
199990,train
170978,train
201189,train
166289,train
179633,train
171870,train
224125,train
181523,train
214704,train
206522,train
177894,train
172794,train
199339,train
183616,train
220966,train
123238,train
194980,train
180302,train
175333,train
194999,train
188749,train
215242,train
211776,train
208202,train
222940,train
197347,train
203206,train
212306,train
216057,train
131290,train
176710,train
201315,train
173600,train
218362,train
168135,train
200070,train
176503,train
224181,train
202456,train
200587,train
175893,train
192701,train
226272,train
202669,train
168202,train
223925,train
177530,train
177459,train
223206,train
209692,train
134333,train
191687,train
173873,train
192058,train
184239,train
204800,train
178039,train
139977,train
185763,train
222386,train
182572,train
182182,train
192571,train
146460,train
187108,train
218780,train
225116,train
194868,train
181613,train
210375,train
221302,train
200272,train
180227,train
186801,train
193430,train
187035,train
208985,train
227489,train
201097,train
197552,train
183719,train
181899,train
208695,train
179362,train
184499,train
184269,train
184458,train
180909,train
184518,train
186020,train
176148,train
176359,train
208415,train
226407,train
196729,train
205296,train
194271,train
220180,train
174405,train
179351,train
205369,train
218729,train
169121,train
224985,train
174300,train
173045,train
182869,train
192699,train
222788,train
173692,train
120026,train
183741,train
165978,train
186499,train
191321,train
196123,train
192455,train
175650,train
137094,train
174055,train
198492,train
124019,train
175894,train
185876,train
226763,train
189134,train
175670,train
182145,train
169113,train
181387,train
211550,train
173514,train
209479,train
185430,train
141648,train
121365,train
199088,train
214620,train
185205,train
213626,train
177822,train
97523,train
197265,train
175227,train
145409,train
92685,train
227462,train
133702,train
205862,train
221299,train
197112,train
182071,train
187508,train
181493,train
118621,train
151703,train
184382,train
207673,train
183140,train
197979,train
205561,train
186418,train
177267,train
135550,train
189759,train
205067,train
175232,train
184206,train
125535,train
126728,train
224930,train
183388,train
185791,train
196577,train
223805,train
134425,train
199940,train
189431,train
213065,train
179873,train
178931,train
201249,train
220368,train
176725,train
201984,train
221892,train
188173,train
184019,train
169177,train
206488,train
203122,train
213634,train
131037,train
153001,train
220096,train
119402,train
204808,train
148609,train
223652,train
203669,train
190241,train
205661,train
139605,train
205542,train
195311,train
206644,train
189963,train
169041,train
118778,train
178991,train
193184,train
203712,train
183711,train
175318,train
181078,train
117829,train
185800,train
189628,train
220084,train
227119,train
180979,train
175952,train
200885,train
214437,train
198510,train
195293,train
227386,train
197457,train
198426,train
223164,train
186068,train
202340,train
185835,train
224238,train
187517,train
179020,train
224013,train
220383,train
223778,train
212019,train
182065,train
190013,train
182861,train
183836,train
179046,train
218431,train
203402,train
176201,train
155151,train
220199,train
205347,train
188410,train
200415,train
184115,train
189575,train
195938,train
174481,train
122096,train
220503,train
195409,train
221018,train
184505,train
185695,train
207274,train
177625,train
175770,train
135792,train
195239,train
176905,train
184617,train
133617,train
123288,train
196438,train
227306,train
175081,train
196121,train
200169,train
181926,train
179681,train
182242,train
214366,train
180361,train
118586,train
170426,train
125693,train
219260,train
214304,train
96824,train
188770,train
178499,train
222776,train
227307,train
130115,train
168338,train
175351,train
200943,train
176842,train
183622,train
182552,train
173681,train
138024,train
198368,train
223028,train
201466,train
127568,train
126344,train
170688,train
188032,train
186821,train
192060,train
178515,train
182406,train
172480,train
146602,train
176194,train
180618,train
181211,train
222210,train
195033,train
194615,train
185165,train
197399,train
180855,train
126146,train
203627,train
184026,train
202975,train
167879,train
182731,train
179553,train
119365,train
184916,train
181609,train
176365,train
184716,train
222236,train
197912,train
223874,train
130656,train
125665,train
124326,train
224141,train
182010,train
177804,train
175581,train
205603,train
122913,train
227665,train
223593,train
189788,train
188025,train
226905,train
176326,train
178761,train
208777,train
181165,train
187262,train
209318,train
195113,train
196073,train
224152,train
195346,train
219364,train
187375,train
171481,train
223012,train
224521,train
143309,train
212220,train
207733,train
172819,train
173887,train
131736,train
175317,train
182896,train
212599,train
211592,train
199016,train
166960,train
205197,train
207336,train
186371,train
200745,train
200619,train
177500,train
196078,train
180151,train
200589,train
134656,train
195090,train
187404,train
224473,train
175531,train
222958,train
188522,train
119404,train
202207,train
176325,train
200723,train
182595,train
189666,train
120287,train
183943,train
179614,train
201525,train
186925,train
223579,train
181538,train
182590,train
222435,train
125468,train
173318,train
193317,train
219995,train
221932,train
174964,train
183445,train
201515,train
174859,train
188837,train
219838,train
179585,train
188320,train
171902,train
224367,train
177473,train
184368,train
224303,train
183557,train
121964,train
203530,train
145452,train
185350,train
203608,train
192331,train
173016,train
171442,train
199727,train
219600,train
207560,train
195791,train
200927,train
221400,train
183245,train
185181,train
189546,train
193294,train
196495,train
182482,train
178580,train
196703,train
120459,train
223857,train
169335,train
204782,train
202016,train
219811,train
173385,train
223136,train
178397,train
227026,train
203896,train
145456,train
190755,train
166061,train
209946,train
173138,train
173930,train
178503,train
200538,train
179383,train
185325,train
186969,train
172245,train
192015,train
224068,train
178926,train
179940,train
200022,train
208394,train
125619,train
227459,train
206399,train
174794,train
213042,train
220918,train
96984,train
176296,train
120121,train
178255,train
223724,train
178941,train
195000,train
186884,train
196258,train
207823,train
178874,train
179576,train
183189,train
199593,train
181325,train
227222,train
171755,train
203265,train
191683,train
179066,train
169127,train
220636,train
199199,train
176911,train
186060,train
177225,train
219325,train
195117,train
197656,train
175735,train
181904,train
172660,train
176461,train
209541,train
205199,train
194642,train
209266,train
205685,train
179980,train
201584,train
196268,train
177497,train
225661,train
183137,train
179578,train
203403,train
198798,train
219542,train
120481,train
221390,train
182123,train
180689,train
137020,train
127514,train
223740,train
186359,train
207938,train
223637,train
149694,train
203468,train
152073,train
194958,train
181504,train
178824,train
186807,train
222321,train
224455,train
208876,train
118693,train
227263,train
180221,train
202297,train
123986,train
182738,train
201960,train
204766,train
217766,train
117862,train
207172,train
210697,train
140285,train
172867,train
172099,train
176669,train
181823,train
193608,train
184076,train
222739,train
222276,train
185783,train
181586,train
193113,train
198781,train
183068,train
180000,train
186973,train
181635,train
185750,train
183908,train
189944,train
195418,train
228175,train
220872,train
118730,train
197008,train
208174,train
181191,train
187255,train
193315,train
186844,train
197990,train
120393,train
221752,train
177300,train
187344,train
204926,train
224687,train
207278,train
165984,train
221995,train
188305,train
198611,train
181226,train
195036,train
188248,train
174450,train
219511,train
184985,train
226417,train
180434,train
219678,train
203469,train
184287,train
180692,train
175216,train
130468,train
175473,train
183354,train
175710,train
178462,train
198458,train
180103,train
195985,train
174010,train
178446,train
221164,train
187088,train
193719,train
208654,train
185186,train
193496,train
219474,train
212075,train
193593,train
195862,train
188822,train
221926,train
180948,train
174544,train
161970,train
176381,train
183307,train
197140,train
224189,train
209052,train
119390,train
193852,train
199569,train
192546,train
199654,train
209695,train
187238,train
203553,train
122931,train
211440,train
176446,train
206683,train
199190,train
137149,train
184914,train
170963,train
191632,train
187806,train
173052,train
222288,train
179494,train
200567,train
180772,train
211249,train
168633,train
221584,train
205861,train
180860,train
221566,train
184488,train
195746,train
185877,train
182439,train
183918,train
219502,train
181451,train
183260,train
120856,train
219630,train
209140,train
187417,train
215787,train
187022,train
201876,train
171132,train
191357,train
144394,train
186410,train
223461,train
183950,train
183423,train
179254,train
184645,train
182070,train
225511,train
186881,train
190220,train
184017,train
174769,train
171407,train
173005,train
182049,train
188283,train
193069,train
206865,train
181069,train
219950,train
214443,train
184503,train
221178,train
203296,train
183970,train
200952,train
201988,train
223608,train
199973,train
200088,train
187880,train
202792,train
173225,train
196940,train
185414,train
201566,train
190030,train
223866,train
175816,train
212573,train
173777,train
203775,train
177890,train
225256,train
153002,train
176374,train
167316,train
192809,train
93786,train
188193,train
127279,train
179730,train
134533,train
200715,train
224182,train
169809,train
186027,train
212249,train
182496,train
140238,train
222224,train
177926,train
182097,train
173925,train
179948,train
185068,train
137944,train
167310,train
179536,train
189294,train
204708,train
186796,train
190748,train
127537,train
176298,train
176877,train
193479,train
223739,train
188182,train
191624,train
136907,train
123375,train
190673,train
180654,train
196892,train
222874,train
211136,train
176968,train
179375,train
189764,train
180172,train
87907,train
176499,train
173013,train
175255,train
166599,train
177463,train
121930,train
211382,train
172006,train
173563,train
166251,train
197388,train
169089,train
219412,train
196597,train
172018,train
199011,train
190345,train
198233,train
221657,train
179364,train
227030,train
189463,train
175112,train
178450,train
171068,train
176304,train
181303,train
222908,train
227548,train
186424,train
170405,train
227535,train
96407,train
165992,train
188100,train
195749,train
220113,train
212656,train
211526,train
202294,train
177036,train
182967,train
191353,train
221830,train
226777,train
223934,train
187600,train
196829,train
77847,train
221339,train
198046,train
120486,train
192690,train
222042,train
219677,train
188977,train
150757,train
173837,train
102033,train
176963,train
184734,train
224004,train
181913,train
183378,train
190067,train
186926,train
184754,train
125813,train
201538,train
225577,train
227266,train
124354,train
225361,train
222039,train
195537,train
92699,train
208978,train
195195,train
122139,train
219729,train
206722,train
202789,train
175720,train
150036,train
211657,train
185992,train
151020,train
196801,train
174395,train
220212,train
177620,train
222570,train
181927,train
176711,train
181873,train
128317,train
171547,train
178181,train
124637,train
171566,train
206335,train
122619,train
200630,train
121556,train
228149,train
201945,train
123231,train
182536,train
199686,train
138140,train
209166,train
179668,train
186091,train
221979,train
184369,train
152991,train
212007,train
175647,train
196734,train
191536,train
221381,train
173167,train
176209,train
186954,train
225840,train
190508,train
167711,train
191722,train
219425,train
222300,train
96981,train
196664,train
202488,train
212257,train
174229,train
221952,train
208350,train
190303,train
189973,train
188419,train
191526,train
220050,train
222145,train
174603,train
181623,train
214372,train
175254,train
183143,train
172508,train
175433,train
186889,train
208515,train
153009,train
217755,train
179423,train
190431,train
176590,train
212473,train
171554,train
220865,train
211132,train
174798,train
196894,train
219157,train
192497,train
201169,train
204773,train
188304,train
228144,train
178587,train
171799,train
203166,train
219906,train
205066,train
170748,train
210935,train
194177,train
221759,train
97512,train
176420,train
175934,train
183088,train
191372,train
192063,train
221589,train
227454,train
185817,train
182919,train
216567,train
136958,train
205438,train
169268,train
187906,train
183356,train
172945,train
176676,train
127563,train
203651,train
86306,train
137146,train
218379,train
117783,train
227798,train
209716,train
190488,train
129890,train
180214,train
179629,train
192091,train
153148,train
185304,train
174894,train
189793,train
211793,train
196676,train
200661,train
202291,train
194075,train
182755,train
174867,train
221550,train
171529,train
225028,train
226397,train
227127,train
185468,train
79656,train
197691,train
223104,train
173259,train
187989,train
194610,train
213294,train
187679,train
179687,train
185994,train
172783,train
200548,train
170481,train
211522,train
186967,train
205925,train
184590,train
202794,train
178482,train
223421,train
222890,train
183504,train
189307,train
177645,train
104034,train
190203,train
200539,train
222639,train
178700,train
224590,train
222260,train
187348,train
195412,train
208091,train
167171,train
184671,train
171982,train
226444,train
226737,train
180095,train
224771,train
180914,train
175339,train
137390,train
223733,train
180543,train
190651,train
199555,train
227252,train
178791,train
174946,train
192755,train
173598,train
130774,train
199007,train
122097,train
206805,train
188827,train
220637,train
182405,train
179247,train
181735,train
176253,train
197400,train
183400,train
189321,train
180106,train
188697,train
127152,train
178510,train
150766,train
200301,train
176587,train
176817,train
170591,train
197692,train
172405,train
194907,train
184786,train
146278,train
191088,train
186470,train
206481,train
197010,train
196523,train
124073,train
119500,train
169808,train
121239,train
223694,train
123271,train
221684,train
184703,train
154462,train
220225,train
133683,train
199557,train
227278,train
204879,train
201478,train
183985,train
184388,train
192638,train
199499,train
188034,train
184456,train
169144,train
180021,train
198771,train
181053,train
182846,train
146401,train
174893,train
194156,train
130798,train
219583,train
185765,train
221996,train
175880,train
193581,train
193990,train
222668,train
203531,train
200435,train
202181,train
182839,train
199774,train
193106,train
222022,train
200098,train
187963,train
171979,train
184411,train
198372,train
202671,train
179579,train
225504,train
119171,train
176680,train
177769,train
175688,train
186223,train
220178,train
211422,train
213486,train
188537,train
180634,train
188411,train
175689,train
173323,train
177895,train
125431,train
104306,train
108830,train
179915,train
223699,train
215599,train
209538,train
175788,train
205585,train
199580,train
200547,train
179863,train
182424,train
176246,train
209476,train
207272,train
222845,train
174355,train
220831,train
175346,train
181647,train
218938,train
219390,train
145386,train
137407,train
189817,train
219340,train
172861,train
185363,train
188836,train
185826,train
227852,train
184184,train
180380,train
173916,train
181445,train
200888,train
122963,train
222252,train
196893,train
180892,train
165985,train
149240,train
127576,train
182425,train
220900,train
225943,train
191156,train
183640,train
188777,train
197551,train
203490,train
201906,train
176303,train
199447,train
173524,train
221227,train
122856,train
203208,train
173211,train
223869,train
181527,train
221829,train
199361,train
223676,train
171352,train
186355,train
188693,train
202972,train
195803,train
205387,train
173606,train
183054,train
173691,train
176736,train
167765,train
125423,train
215636,train
200869,train
173024,train
200922,train
195505,train
200235,train
172477,train
203137,train
175249,train
227551,train
125489,train
175516,train
174320,train
185705,train
214698,train
196971,train
174781,train
175152,train
212318,train
120115,train
197535,train
208600,train
223539,train
120228,train
175080,train
227259,train
184964,train
174022,train
200515,train
126226,train
121528,train
220145,train
130491,train
225591,train
195150,train
221851,train
125504,train
173308,train
222146,train
219392,train
227304,train
208167,train
227292,train
176916,train
89475,train
219846,train
149939,train
171953,train
212928,train
176778,train
175866,train
214703,train
125613,train
222931,train
181373,train
217224,train
173473,train
176889,train
178440,train
183859,train
190666,train
211561,train
127278,train
185837,train
141902,train
211528,train
180852,train
182873,train
148926,train
186254,train
197107,train
225950,train
180478,train
168909,train
184934,train
185607,train
222426,train
226993,train
138702,train
181302,train
202094,train
200591,train
223460,train
131279,train
214965,train
213220,train
122261,train
178629,train
223659,train
175854,train
171390,train
221574,train
203139,train
207915,train
178113,train
224065,train
182323,train
185169,train
220557,train
193804,train
180045,train
172825,train
125919,train
186984,train
181177,train
194086,train
227053,train
124072,train
172036,train
96957,train
222555,train
189896,train
184165,train
189704,train
184066,train
195589,train
188534,train
190269,train
201150,train
205394,train
192808,train
78401,train
193218,train
222693,train
174422,train
188568,train
188764,train
210601,train
214808,train
178599,train
203813,train
214430,train
175733,train
218449,train
180873,train
187052,train
222768,train
175161,train
199403,train
165837,train
204555,train
173315,train
202184,train
198417,train
182007,train
210587,train
178577,train
168143,train
199785,train
208705,train
184100,train
185594,train
180626,train
180648,train
188711,train
201399,train
134562,train
173213,train
203666,train
216415,train
171839,train
181489,train
224684,train
176075,train
201535,train
219349,train
176153,train
182913,train
102041,train
204829,train
181539,train
188204,train
167343,train
203282,train
192748,train
191923,train
198369,train
197322,train
190963,train
168481,train
184939,train
168134,train
137946,train
222056,train
124964,train
203301,train
209924,train
214382,train
175882,train
181964,train
123365,train
201524,train
187050,train
180449,train
222085,train
212362,train
191559,train
181123,train
222115,train
191609,train
221617,train
184565,train
188519,train
204563,train
221641,train
174354,train
144177,train
185779,train
183590,train
177492,train
205740,train
179711,train
125469,train
227373,train
221176,train
175239,train
173094,train
205671,train
177521,train
193982,train
187406,train
180590,train
177592,train
205008,train
222404,train
123281,train
137147,train
173049,train
222865,train
181887,train
206039,train
184401,train
172513,train
174646,train
221372,train
174676,train
177579,train
191766,train
227084,train
94210,train
196453,train
177516,train
222371,train
226158,train
196958,train
171117,train
226157,train
137330,train
223580,train
206571,train
208405,train
120311,train
195860,train
198395,train
221386,train
174524,train
223049,train
222140,train
185526,train
177321,train
198044,train
188816,train
194975,train
196737,train
192648,train
186118,train
169371,train
188174,train
122141,train
180683,train
118537,train
173555,train
185314,train
185493,train
205048,train
195120,train
227249,train
222045,train
169133,train
223121,train
175202,train
180040,train
118604,train
183154,train
181348,train
207142,train
178622,train
191733,train
196108,train
217817,train
180756,train
188313,train
192795,train
173436,train
220699,train
224609,train
200915,train
219382,train
200457,train
176186,train
178677,train
224294,train
190167,train
176043,train
182770,train
221983,train
205766,train
177348,train
219419,train
117887,train
214061,train
182204,train
202685,train
187364,train
174635,train
184865,train
185364,train
204987,train
174077,train
222281,train
145466,train
177320,train
120145,train
220093,train
222502,train
225974,train
198518,train
205616,train
173882,train
152999,train
145318,train
184762,train
193676,train
182991,train
198051,train
145315,train
144682,train
117935,train
188054,train
186501,train
171908,train
192819,train
183990,train
123273,train
223730,train
172929,train
208928,train
198409,train
137306,train
178445,train
185559,train
94125,train
190074,train
224123,train
222253,train
184966,train
168161,train
118473,train
184905,train
137986,train
185472,train
221521,train
177239,train
177462,train
213202,train
178758,train
227274,train
190797,train
222337,train
189103,train
108781,train
179395,train
121835,train
131272,train
221244,train
192053,train
222501,train
194093,train
188542,train
172069,train
223675,train
223430,train
225863,train
223367,train
213198,train
196115,train
198166,train
203017,train
199364,train
206268,train
222143,train
224480,train
179554,train
174436,train
172701,train
199162,train
126047,train
183240,train
221800,train
174052,train
122532,train
138765,train
202959,train
208402,train
175313,train
93684,train
195939,train
177867,train
192750,train
175343,train
184374,train
201588,train
223182,train
192042,train
223957,train
175793,train
166817,train
179548,train
224462,train
137955,train
124329,train
199311,train
183546,train
166128,train
202757,train
174493,train
178448,train
227371,train
227733,train
188072,train
182600,train
180417,train
92684,train
223424,train
213474,train
180880,train
173726,train
131137,train
190069,train
189213,train
186964,train
192564,train
168148,train
180039,train
191368,train
202346,train
186830,train
227200,train
225402,train
219389,train
125556,train
188755,train
173265,train
178463,train
183092,train
211603,train
179244,train
21421,train
181026,train
204814,train
223855,train
173197,train
108783,train
188117,train
184784,train
189604,train
199673,train
185242,train
189203,train
176687,train
188108,train
193371,train
175714,train
196626,train
197550,train
178857,train
130979,train
199240,train
137313,train
178656,train
174876,train
199487,train
193727,train
118406,train
127565,train
177129,train
137138,train
172191,train
175925,train
222824,train
173717,train
222657,train
195112,train
211812,train
222191,train
177315,train
196827,train
178760,train
191194,train
176646,train
179073,train
227681,train
206767,train
225347,train
197888,train
185665,train
223849,train
139598,train
179284,train
184426,train
174440,train
205765,train
203612,train
198622,train
136909,train
198786,train
121406,train
196919,train
184413,train
218493,train
212564,train
227485,train
176581,train
200892,train
221700,train
184919,train
205051,train
211644,train
127729,train
227735,train
183765,train
178828,train
120282,train
185692,train
187013,train
224211,train
227273,train
178869,train
182048,train
186898,train
219500,train
206768,train
222846,train
192905,train
199938,train
174685,train
177534,train
178996,train
134718,train
93516,train
174883,train
195288,train
133592,train
167525,train
185495,train
187194,train
208648,train
199105,train
178645,train
192408,train
223966,train
183555,train
182992,train
222013,train
226934,train
225253,train
178046,train
186552,train
124997,train
161961,train
127326,train
184883,train
200618,train
185966,train
211693,train
220981,train
201212,train
197103,train
221293,train
192052,train
193420,train
213578,train
127138,train
181188,train
125615,train
219366,train
118132,train
197109,train
181747,train
202158,train
175539,train
212054,train
185723,train
142621,train
190690,train
187917,train
172009,train
227562,train
220076,train
172103,train
189610,train
190572,train
181183,train
196521,train
184694,train
210346,train
174120,train
178089,train
199407,train
126160,train
223954,train
179239,train
222046,train
199715,train
219546,train
175870,train
181685,train
174095,train
187843,train
172465,train
212887,train
201576,train
208702,train
175732,train
194252,train
202306,train
173790,train
222515,train
202350,train
212123,train
221404,train
173592,train
185389,train
219791,train
142847,train
171156,train
123275,train
184157,train
189110,train
188637,train
172869,train
200645,train
203430,train
175383,train
214501,train
102615,train
201251,train
97524,train
178921,train
117823,train
120338,train
202282,train
194170,train
197111,train
196623,train
178738,train
177526,train
179892,train
178557,train
200114,train
171905,train
194909,train
207375,train
223519,train
171753,train
183996,train
192885,train
223781,train
174788,train
120283,train
220046,train
199034,train
227695,train
187559,train
121527,train
190927,train
217821,train
205439,train
226484,train
175855,train
179386,train
213297,train
194611,train
180192,train
197403,train
178498,train
197873,train
92807,train
223745,train
94129,train
203467,train
174985,train
187372,train
202817,train
218434,train
118562,train
174598,train
133649,train
221599,train
173234,train
219238,train
195312,train
190057,train
218777,train
125419,train
125800,train
108647,train
205492,train
223469,train
127674,train
222398,train
171849,train
182586,train
189044,train
201948,train
169221,train
193929,train
172446,train
143337,train
202442,train
175572,train
203187,train
202290,train
198764,train
199598,train
203505,train
185074,train
178226,train
174124,train
198563,train
197129,train
198676,train
179465,train
216316,train
180398,train
212185,train
220373,train
201487,train
220330,train
183015,train
189607,train
223253,train
178339,train
212535,train
184986,train
205441,train
200925,train
186445,train
190142,train
194524,train
183639,train
224604,train
225009,train
212205,train
189582,train
167647,train
175355,train
200025,train
208344,train
126456,train
125847,train
196988,train
193669,train
184674,train
175718,train
92771,train
193981,train
182251,train
179551,train
195796,train
178513,train
177368,train
204616,train
118599,train
187151,train
184588,train
223044,train
222683,train
206779,train
118736,train
182303,train
186323,train
216942,train
173280,train
219408,train
224220,train
219393,train
201542,train
198607,train
207465,train
211130,train
219569,train
175606,train
175795,train
226984,train
223700,train
122624,train
206734,train
219028,train
225467,train
174023,train
171884,train
146468,train
139275,train
199644,train
221973,train
179372,train
168140,train
224459,train
222774,train
205442,train
181604,train
224492,train
203440,train
184063,train
180848,train
228195,train
211244,train
179240,train
181659,train
200863,train
171031,train
175751,train
196517,train
184097,train
200522,train
185142,train
197874,train
178610,train
203509,train
202097,train
174479,train
224614,train
206853,train
183936,train
199770,train
182339,train
205686,train
192691,train
212057,train
205361,train
220122,train
205778,train
180613,train
204712,train
182859,train
195542,train
178461,train
201539,train
219444,train
174139,train
203387,train
179021,train
137939,train
179447,train
185668,train
200027,train
179101,train
220552,train
223244,train
210568,train
176868,train
227223,train
224620,train
185162,train
151596,train
173730,train
203554,train
181581,train
188443,train
98750,train
199091,train
169939,train
203275,train
183604,train
186980,train
225155,train
223988,train
174574,train
176809,train
213658,train
225557,train
119594,train
186820,train
223009,train
205770,train
219475,train
204695,train
224773,train
181537,train
205613,train
176570,train
182495,train
206525,train
172105,train
227009,train
175213,train
167725,train
190277,train
179895,train
186895,train
220729,train
228209,train
92805,train
105654,train
192499,train
205386,train
205877,train
176049,train
178943,train
212226,train
185519,train
187202,train
222588,train
187813,train
173819,train
176765,train
225143,train
208044,train
179655,train
208123,train
220667,train
179745,train
125228,train
146383,train
223416,train
128065,train
208086,train
218773,train
182438,train
221627,train
184119,train
198295,train
219794,train
180729,train
217494,train
152994,train
224538,train
192577,train
177138,train
178876,train
137257,train
176001,train
213479,train
194067,train
120895,train
176875,train
207858,train
183731,train
125230,train
143314,train
206579,train
197339,train
176157,train
188059,train
176428,train
184062,train
188178,train
224558,train
190700,train
182993,train
199261,train
225030,train
224332,train
222347,train
125807,train
227231,train
215777,train
131286,train
174959,train
172227,train
184718,train
185853,train
172409,train
136959,train
178387,train
176213,train
195853,train
175951,train
222205,train
186353,train
175157,train
183087,train
180641,train
206552,train
189014,train
212002,train
193779,train
181569,train
189409,train
220174,train
209047,train
206045,train
183097,train
123283,train
182421,train
103648,train
183534,train
209046,train
224254,train
200222,train
142420,train
219649,train
193108,train
195244,train
214608,train
189168,train
171455,train
202734,train
179387,train
175471,train
187165,train
197270,train
203270,train
182563,train
186058,train
184410,train
205736,train
189965,train
222967,train
175690,train
127898,train
191702,train
182707,train
178453,train
221859,train
173022,train
208983,train
177560,train
225100,train
118488,train
143483,train
203576,train
171162,train
179676,train
201334,train
174394,train
178630,train
227692,train
153279,train
177548,train
145444,train
203086,train
172563,train
174702,train
126777,train
221734,train
191556,train
179792,train
218952,train
93275,train
181147,train
201681,train
200478,train
183899,train
180018,train
221406,train
222507,train
176005,train
177983,train
177570,train
181870,train
199180,train
211350,train
173712,train
190893,train
188739,train
188509,train
177868,train
196921,train
181853,train
205635,train
180882,train
204568,train
226479,train
204069,train
174445,train
203748,train
201310,train
203670,train
184047,train
186025,train
186520,train
217972,train
180446,train
175707,train
192575,train
208544,train
220576,train
178711,train
212751,train
203667,train
227678,train
178747,train
227086,train
228050,train
194003,train
194589,train
178746,train
200971,train
221971,train
209951,train
177927,train
179492,train
169597,train
172067,train
183448,train
125989,train
180943,train
184408,train
192418,train
201718,train
227245,train
176716,train
188539,train
188850,train
194712,train
192067,train
200751,train
184318,train
215230,train
184309,train
183512,train
190208,train
195389,train
220781,train
130782,train
203233,train
197220,train
211426,train
185799,train
185820,train
220179,train
179606,train
179147,train
203152,train
181232,train
117637,train
197677,train
168183,train
217963,train
205049,train
221849,train
225823,train
224057,train
220496,train
131293,train
180649,train
182011,train
200537,train
188110,train
205502,train
188161,train
180485,train
178937,train
140243,train
190289,train
196507,train
193873,train
203555,train
177665,train
186361,train
179862,train
119785,train
195717,train
188325,train
200974,train
169233,train
206766,train
217909,train
173469,train
184302,train
201561,train
179379,train
173240,train
222092,train
218772,train
183316,train
221156,train
179407,train
93512,train
167902,train
118428,train
199521,train
180295,train
175560,train
202268,train
224545,train
174601,train
224204,train
208540,train
92768,train
182518,train
175599,train
133662,train
172221,train
172282,train
176761,train
206791,train
184866,train
98923,train
222112,train
183591,train
182878,train
118725,train
182058,train
173775,train
170470,train
122247,train
172606,train
140072,train
219437,train
219406,train
221020,train
184098,train
191123,train
200168,train
224584,train
125561,train
221517,train
224778,train
187244,train
221394,train
188560,train
182114,train
197077,train
219458,train
227675,train
198578,train
185789,train
205000,train
226824,train
177543,train
180622,train
190324,train
131045,train
203814,train
177397,train
227054,train
184128,train
207207,train
193933,train
221320,train
187821,train
192705,train
200104,train
197355,train
167875,train
226982,train
223788,train
183723,train
198769,train
214991,train
181487,train
171148,train
201505,train
177588,train
174091,train
127099,train
174800,train
190845,train
171328,train
133594,train
197284,train
183144,train
142869,train
207459,train
223784,train
174237,train
219972,train
224143,train
127516,train
178664,train
179272,train
215224,train
126769,train
197281,train
131023,train
122050,train
177559,train
197096,train
204694,train
212024,train
191693,train
124976,train
196884,train
137139,train
180497,train
192595,train
221250,train
200858,train
196550,train
185395,train
208920,train
198506,train
198613,train
179477,train
183264,train
178923,train
198428,train
131564,train
134106,train
184816,train
222400,train
200144,train
185730,train
223725,train
187771,train
193399,train
198300,train
221515,train
184191,train
190059,train
118523,train
223661,train
206596,train
198202,train
226977,train
123229,train
176540,train
80439,train
120341,train
180653,train
201555,train
186539,train
198301,train
220518,train
202349,train
182614,train
169501,train
168159,train
227843,train
175034,train
127095,train
142797,train
126585,train
206230,train
181665,train
178637,train
189851,train
193555,train
188884,train
200740,train
179161,train
178967,train
123462,train
223604,train
222916,train
175630,train
222151,train
129421,train
186416,train
174480,train
196509,train
225345,train
172415,train
93510,train
184585,train
224975,train
202888,train
184213,train
200136,train
220535,train
192201,train
173188,train
211515,train
183353,train
201565,train
188789,train
219462,train
197996,train
191724,train
194500,train
214458,train
183725,train
178583,train
225981,train
174328,train
181454,train
182304,train
212668,train
130762,train
167681,train
179497,train
202002,train
174891,train
178928,train
222982,train
219693,train
154738,train
218752,train
121941,train
183690,train
190866,train
180144,train
227002,train
221692,train
175911,train
227033,train
177776,train
185203,train
188095,train
208955,train
174053,train
220299,train
172065,train
212597,train
223472,train
145366,train
134444,train
177681,train
175731,train
224583,train
177787,train
173099,train
207185,train
122002,train
200204,train
184043,train
120340,train
198002,train
201458,train
226281,train
178933,train
192818,train
168132,train
203641,train
205363,train
192650,train
184778,train
180831,train
183621,train
225802,train
184143,train
212721,train
73604,train
185544,train
225842,train
173395,train
121356,train
222200,train
172503,train
187835,train
174044,train
224276,train
185202,train
175949,train
184944,train
213219,train
188230,train
182469,train
224197,train
182099,train
225212,train
196540,train
183255,train
205726,train
176261,train
178769,train
176704,train
187759,train
221229,train
222595,train
185222,train
211256,train
221803,train
176424,train
197338,train
194855,train
222058,train
214622,train
216032,train
210599,train
138172,train
199680,train
123192,train
184209,train
200015,train
220778,train
192037,train
176353,train
192119,train
201467,train
205598,train
186945,train
180465,train
195315,train
223368,train
92780,train
191163,train
96437,train
221950,train
155770,train
222975,train
172277,train
222518,train
200783,train
134662,train
183357,train
218101,train
201277,train
168643,train
224528,train
98746,train
221511,train
221535,train
206630,train
210618,train
202013,train
177287,train
157159,train
195168,train
193368,train
180089,train
189032,train
221575,train
172280,train
92769,train
179524,train
209284,train
193425,train
122722,train
172530,train
204669,train
122997,train
190808,train
171451,train
140109,train
191291,train
208181,train
207679,train
221493,train
121534,train
206195,train
218019,train
184243,train
224634,train
198589,train
195177,train
222682,train
182404,train
178455,train
197643,train
196740,train
186903,train
173471,train
211401,train
179758,train
193759,train
226445,train
192125,train
127684,train
182876,train
199104,train
170738,train
167481,train
173301,train
206562,train
220727,train
195105,train
177104,train
224618,train
184753,train
206038,train
103656,train
208391,train
217827,train
118772,train
219492,train
223626,train
178487,train
183521,train
187345,train
183887,train
125586,train
147005,train
185772,train
173391,train
172908,train
215057,train
199496,train
186054,train
201991,train
186545,train
177153,train
169163,train
203153,train
199540,train
219606,train
217466,train
211454,train
176295,train
120462,train
213664,train
221706,train
184293,train
203290,train
175183,train
197720,train
179886,train
172668,train
200079,train
179055,train
202022,train
176675,train
209475,train
185017,train
203298,train
140104,train
227056,train
199101,train
202701,train
208222,train
209982,train
199208,train
183850,train
188834,train
190759,train
196512,train
225011,train
123207,train
205193,train
78952,train
140921,train
211124,train
92775,train
175964,train
200421,train
220285,train
140946,train
190769,train
177545,train
189751,train
181230,train
198585,train
145394,train
223475,train
215780,train
222505,train
219817,train
172040,train
219078,train
221828,train
187669,train
223211,train
187808,train
192718,train
177241,train
172764,train
180154,train
196930,train
173599,train
221613,train
172552,train
177022,train
220408,train
120151,train
221720,train
105403,train
200843,train
220343,train
180582,train
167863,train
219067,train
146396,train
199365,train
177912,train
188646,train
169164,train
179469,train
177663,train
188841,train
176057,train
202047,train
180289,train
186429,train
196525,train
186331,train
198251,train
203293,train
172822,train
187820,train
96434,train
176597,train
174826,train
219072,train
186246,train
196788,train
188747,train
201295,train
180768,train
202706,train
176048,train
181816,train
176360,train
205463,train
174594,train
184132,train
125992,train
168298,train
174013,train
208041,train
143425,train
202072,train
207939,train
181140,train
222785,train
189107,train
209265,train
199714,train
185788,train
200472,train
122108,train
192391,train
194831,train
173787,train
178346,train
202352,train
168496,train
123010,train
188081,train
120304,train
96418,train
196465,train
179541,train
172163,train
187816,train
220097,train
180052,train
195094,train
220139,train
198670,train
183433,train
175597,train
138506,train
190681,train
177766,train
220172,train
197911,train
176330,train
179159,train
214309,train
130649,train
222496,train
184212,train
167829,train
218756,train
181808,train
186372,train
219239,train
125875,train
207671,train
196831,train
224414,train
97526,train
184998,train
92772,train
193361,train
187298,train
199446,train
222680,train
206849,train
221918,train
196609,train
186394,train
172214,train
179205,train
181687,train
223722,train
224671,train
194876,train
180994,train
177230,train
120365,train
173463,train
194144,train
226820,train
205909,train
197999,train
205007,train
188074,train
168825,train
191553,train
167709,train
180706,train
182597,train
129753,train
213199,train
120748,train
177630,train
224493,train
224892,train
205518,train
185369,train
204707,train
178635,train
176340,train
171835,train
120342,train
223606,train
137380,train
221788,train
179344,train
205587,train
215752,train
125425,train
198726,train
222448,train
172811,train
126023,train
208698,train
186225,train
181499,train
221946,train
208033,train
193658,train
192381,train
196811,train
205414,train
223737,train
204580,train
203583,train
210249,train
168156,train
222575,train
203449,train
121346,train
222710,train
197497,train
212354,train
188492,train
218607,train
186502,train
206586,train
208396,train
188752,train
206960,train
183539,train
170609,train
188810,train
125876,train
184808,train
214748,train
222696,train
180589,train
185406,train
180086,train
189564,train
176896,train
126792,train
182539,train
181594,train
177065,train
214612,train
211235,train
175877,train
173582,train
199687,train
119955,train
181149,train
202862,train
194734,train
121360,train
176067,train
198362,train
174185,train
186435,train
169263,train
201551,train
182675,train
208645,train
180010,train
222638,train
220450,train
175024,train
203571,train
190392,train
181356,train
177532,train
205637,train
141704,train
190754,train
187400,train
185287,train
218742,train
179989,train
227287,train
191367,train
126773,train
190594,train
136920,train
190168,train
174843,train
222385,train
200624,train
198370,train
197938,train
185293,train
197351,train
207450,train
97396,train
227293,train
212677,train
184035,train
174675,train
205009,train
173605,train
180682,train
187798,train
178432,train
177878,train
131028,train
180615,train
200356,train
207913,train
127132,train
198432,train
221694,train
145393,train
193464,train
184875,train
100568,train
219059,train
224173,train
224539,train
185764,train
217593,train
176770,train
185650,train
227452,train
138672,train
179728,train
188829,train
185939,train
138490,train
175440,train
221647,train
176364,train
131013,train
212663,train
181813,train
188615,train
211727,train
221373,train
205393,train
214371,train
146473,train
225937,train
169159,train
211505,train
192366,train
171786,train
186803,train
223071,train
144981,train
169136,train
152982,train
187947,train
203347,train
166943,train
122766,train
177281,train
176681,train
100572,train
178110,train
118674,train
176190,train
166898,train
220423,train
167884,train
183998,train
173218,train
193827,train
190060,train
225952,train
203579,train
175340,train
222249,train
224043,train
138081,train
193470,train
221878,train
196744,train
130717,train
193367,train
185884,train
176220,train
188061,train
174563,train
222619,train
223594,train
125422,train
201998,train
150893,train
118578,train
221508,train
188055,train
202895,train
173179,train
204571,train
186360,train
178725,train
225971,train
219363,train
121669,train
199502,train
202451,train
223313,train
184415,train
196915,train
170557,train
196537,train
199131,train
209308,train
189206,train
175285,train
189026,train
170397,train
189019,train
209674,train
133600,train
118426,train
184436,train
223653,train
200020,train
187369,train
192627,train
185237,train
172498,train
184666,train
228037,train
101906,train
221416,train
192962,train
175575,train
182541,train
221986,train
183436,train
184773,train
223074,train
176900,train
200635,train
176629,train
199482,train
184955,train
167688,train
223243,train
166945,train
179252,train
222653,train
172519,train
208665,train
209073,train
212352,train
212926,train
188038,train
220618,train
175180,train
189833,train
193131,train
182809,train
124751,train
221665,train
205440,train
172225,train
176187,train
203564,train
221757,train
180564,train
169106,train
185785,train
178785,train
203101,train
120419,train
177891,train
188756,train
120884,train
207212,train
226998,train
214692,train
222025,train
193736,train
219062,train
172102,train
176898,train
191593,train
177537,train
199504,train
93678,train
199260,train
183242,train
185887,train
173661,train
193862,train
187270,train
128761,train
135746,train
185716,train
182822,train
175922,train
181832,train
166888,train
211619,train
173685,train
177496,train
184360,train
227458,train
175603,train
219069,train
202037,train
199489,train
167893,train
175457,train
193123,train
125418,train
207060,train
184145,train
180461,train
177786,train
153270,train
128307,train
205619,train
125005,train
151425,train
179346,train
221742,train
175029,train
173270,train
187413,train
182384,train
96974,train
193723,train
185394,train
186646,train
214375,train
174730,train
185275,train
189034,train
189739,train
196967,train
222160,train
199768,train
120315,train
206135,train
183610,train
182046,train
222401,train
222444,train
201377,train
122103,train
120473,train
186305,train
212875,train
138568,train
177436,train
204576,train
200174,train
181164,train
213976,train
188507,train
137100,train
126737,train
92779,train
123683,train
188840,train
184726,train
227714,train
221704,train
181100,train
199574,train
166923,train
205404,train
191616,train
167672,train
129493,train
136523,train
177238,train
203393,train
176388,train
174186,train
222590,train
222311,train
222919,train
175012,train
133575,train
149076,train
206598,train
205721,train
184234,train
127301,train
176310,train
188012,train
167319,train
180726,train
172640,train
212315,train
194728,train
173113,train
188761,train
225139,train
196124,train
123741,train
189492,train
192212,train
220704,train
188588,train
186644,train
198212,train
137095,train
225255,train
174361,train
120986,train
206046,train
188819,train
224280,train
205460,train
221070,train
179527,train
173500,train
135254,train
199133,train
169208,train
179081,train
176398,train
191512,train
175077,train
182013,train
178364,train
182653,train
175571,train
120362,train
207916,train
173735,train
223688,train
201956,train
194072,train
176855,train
178153,train
120674,train
222073,train
222930,train
192416,train
227075,train
183345,train
166840,train
227399,train
125552,train
196723,train
180992,train
222279,train
118479,train
172802,train
177898,train
168932,train
200446,train
177485,train
178078,train
187431,train
223522,train
174672,train
201383,train
183486,train
173155,train
179882,train
191361,train
219724,train
179760,train
177347,train
142993,train
191012,train
139101,train
208075,train
179904,train
98821,train
200516,train
196545,train
136967,train
225012,train
209981,train
182305,train
199321,train
205875,train
184316,train
133637,train
205625,train
192300,train
184815,train
189760,train
211391,train
179764,train
206823,train
172837,train
174442,train
194714,train
224600,train
175876,train
175000,train
214388,train
171090,train
182362,train
183866,train
221312,train
222926,train
205872,train
198544,train
184977,train
223718,train
196240,train
120261,train
125490,train
221165,train
172778,train
222174,train
122132,train
219570,train
178245,train
179294,train
96948,train
131795,train
178391,train
185226,train
214975,train
179993,train
177686,train
142588,train
210260,train
209309,train
125474,train
196731,train
209702,train
190370,train
209627,train
184433,train
184923,train
192559,train
173441,train
227652,train
185193,train
183905,train
224767,train
203128,train
209239,train
175507,train
127146,train
219805,train
174106,train
119871,train
181917,train
180822,train
225118,train
176656,train
185143,train
205607,train
193656,train
198612,train
219463,train
172927,train
226765,train
177781,train
128810,train
175158,train
206541,train
131294,train
220881,train
179230,train
177666,train
166887,train
223713,train
188455,train
179009,train
126152,train
181428,train
173924,train
172865,train
101933,train
171558,train
171750,train
179237,train
191152,train
178655,train
175200,train
186100,train
177673,train
168200,train
222324,train
221492,train
124713,train
122008,train
184723,train
211521,train
179243,train
184576,train
184286,train
214260,train
219040,train
178978,train
180679,train
193400,train
178843,train
203273,train
186108,train
223998,train
187260,train
183958,train
145404,train
167348,train
176684,train
189640,train
191234,train
179111,train
173844,train
190022,train
186799,train
180936,train
200609,train
133519,train
218743,train
176929,train
189262,train
176598,train
174415,train
185360,train
172613,train
218448,train
188504,train
216780,train
179370,train
183854,train
215774,train
188715,train
198043,train
227453,train
182596,train
226334,train
215449,train
214064,train
222864,train
186991,train
190928,train
203302,train
217936,train
175716,train
203475,train
177331,train
180889,train
127889,train
224298,train
168440,train
203562,train
175060,train
199724,train
184181,train
197964,train
199500,train
206587,train
193410,train
175153,train
179931,train
196149,train
176734,train
199269,train
120325,train
223665,train
173269,train
208410,train
207444,train
193940,train
181829,train
214736,train
154675,train
142844,train
219461,train
183695,train
173443,train
199394,train
188235,train
173583,train
203202,train
180230,train
199726,train
220188,train
181337,train
221831,train
221483,train
225990,train
185393,train
184414,train
194841,train
200206,train
186847,train
219397,train
174619,train
208552,train
172386,train
221958,train
171881,train
219250,train
179742,train
182808,train
198216,train
227730,train
220687,train
173715,train
180369,train
187606,train
195745,train
204980,train
130989,train
183518,train
184665,train
176160,train
125052,train
227491,train
166957,train
210807,train
219460,train
205611,train
177636,train
221437,train
223441,train
92688,train
225680,train
172962,train
184183,train
125563,train
222030,train
176232,train
190750,train
199132,train
183614,train
212595,train
185459,train
178593,train
222395,train
190776,train
206572,train
177004,train
223062,train
186839,train
182147,train
221698,train
171782,train
214498,train
145304,train
218610,train
210757,train
208982,train
182032,train
215769,train
200417,train
204575,train
189489,train
189572,train
219348,train
214605,train
174663,train
186074,train
171362,train
180460,train
165887,train
221294,train
177344,train
172730,train
217898,train
191804,train
205400,train
186901,train
187836,train
212672,train
211501,train
222120,train
178992,train
126577,train
221203,train
125996,train
184010,train
181654,train
211418,train
220321,train
126918,train
105340,train
70190,train
220666,train
95959,train
221991,train
150307,train
198048,train
223225,train
225814,train
117953,train
166962,train
195004,train
221257,train
218674,train
205924,train
173106,train
192069,train
205577,train
224132,train
177816,train
222489,train
186362,train
172970,train
176883,train
223076,train
180846,train
191631,train
186833,train
203130,train
183874,train
222108,train
126161,train
204993,train
126920,train
174319,train
171989,train
178093,train
93790,train
197687,train
168201,train
201676,train
118694,train
180713,train
222333,train
172839,train
180588,train
199224,train
185566,train
125889,train
182598,train
180406,train
197867,train
183959,train
196852,train
205192,train
193869,train
191095,train
203289,train
184737,train
196582,train
175411,train
125579,train
123182,train
188212,train
226295,train
221131,train
221897,train
204611,train
181027,train
215060,train
175018,train
193582,train
121366,train
169667,train
175858,train
225029,train
203211,train
191897,train
197543,train
143587,train
203701,train
200822,train
172880,train
218435,train
227836,train
207470,train
227007,train
196739,train
171150,train
177740,train
186104,train
216173,train
181393,train
176634,train
196352,train
205133,train
171994,train
179481,train
212488,train
92796,train
186378,train
122045,train
223026,train
179844,train
176342,train
219178,train
199325,train
182475,train
132239,train
182820,train
200221,train
181353,train
213064,train
185833,train
225365,train
180273,train
203299,train
175827,train
211936,train
204713,train
170309,train
185675,train
146462,train
190118,train
175963,train
215751,train
197272,train
176981,train
175684,train
102088,train
196924,train
182657,train
187031,train
221822,train
223401,train
125804,train
185890,train
210369,train
174815,train
173907,train
114418,train
174829,train
190041,train
89156,train
198470,train
171751,train
191965,train
96960,train
200986,train
205599,train
212719,train
183514,train
214712,train
193492,train
140060,train
178971,train
205665,train
183456,train
128070,train
221275,train
193547,train
199419,train
180322,train
177715,train
208178,train
200498,train
219246,train
143332,train
173876,train
212314,train
182892,train
190679,train
196659,train
180005,train
129998,train
180363,train
195656,train
178764,train
224275,train
205631,train
209927,train
186381,train
203336,train
173548,train
177593,train
194031,train
224680,train
224073,train
174470,train
223420,train
221872,train
183326,train
188880,train
203616,train
202189,train
200093,train
179698,train
180818,train
131014,train
176250,train
212183,train
150770,train
183795,train
227524,train
204913,train
186275,train
174770,train
184845,train
174980,train
194150,train
183699,train
175886,train
173311,train
173464,train
183127,train
219790,train
197529,train
221699,train
188426,train
181930,train
220141,train
174293,train
166868,train
177837,train
204715,train
176024,train
185709,train
208558,train
180118,train
211801,train
96982,train
176726,train
224507,train
200935,train
174845,train
185246,train
186823,train
203098,train
198794,train
198618,train
206715,train
199174,train
173204,train
184799,train
187111,train
175591,train
223548,train
181093,train
196818,train
187248,train
226266,train
171406,train
225023,train
193685,train
173390,train
219074,train
178567,train
174668,train
214848,train
200194,train
188494,train
186304,train
173202,train
223381,train
188086,train
202044,train
175604,train
186975,train
207652,train
194216,train
220807,train
174960,train
126334,train
124672,train
197087,train
193338,train
211546,train
167903,train
184396,train
220564,train
171960,train
222731,train
225060,train
201526,train
183615,train
183678,train
181278,train
175810,train
189743,train
212224,train
221887,train
181880,train
130634,train
179717,train
222965,train
202078,train
168929,train
189051,train
179533,train
200898,train
227082,train
201534,train
184838,train
189030,train
174406,train
219456,train
174709,train
122892,train
206638,train
200664,train
208686,train
200314,train
150922,train
201557,train
173018,train
169606,train
168005,train
177360,train
183493,train
202071,train
173935,train
137983,train
202050,train
179573,train
188312,train
204081,train
207102,train
188159,train
171356,train
175875,train
197567,train
219439,train
182721,train
176434,train
185479,train
209789,train
179751,train
223521,train
195301,train
180733,train
221703,train
174081,train
174858,train
191552,train
105824,train
188540,train
123440,train
122100,train
220386,train
170947,train
183131,train
221876,train
122865,train
183239,train
168015,train
196994,train
125496,train
181090,train
181713,train
172960,train
209639,train
200128,train
194266,train
227561,train
173862,train
191629,train
165916,train
137252,train
222691,train
220290,train
102073,train
222168,train
206860,train
204205,train
191149,train
202168,train
180029,train
202465,train
120309,train
176670,train
175023,train
203214,train
143518,train
189131,train
120560,train
179157,train
219304,train
186203,train
201316,train
152301,train
204969,train
191305,train
221389,train
177662,train
221403,train
171976,train
172271,train
172939,train
204066,train
192289,train
200407,train
145250,train
173894,train
170449,train
208171,train
227742,train
217768,train
204073,train
203838,train
190285,train
203708,train
181743,train
220203,train
207682,train
175783,train
195151,train
178626,train
173207,train
197223,train
183693,train
207922,train
179926,train
147944,train
219576,train
185542,train
171412,train
207546,train
200853,train
203157,train
181257,train
223069,train
215225,train
205923,train
228032,train
173168,train
133598,train
169527,train
188797,train
185796,train
193560,train
220534,train
224497,train
181872,train
202210,train
206019,train
176858,train
202731,train
185777,train
184735,train
212842,train
196565,train
181733,train
155757,train
175999,train
196782,train
175748,train
176697,train
220693,train
172218,train
195054,train
166954,train
221690,train
178983,train
223639,train
209644,train
171932,train
196641,train
207826,train
145381,train
195313,train
187386,train
179484,train
188219,train
176401,train
174315,train
179547,train
174747,train
200309,train
182594,train
220874,train
220460,train
147070,train
182468,train
182393,train
181619,train
203589,train
208382,train
130119,train
224055,train
212454,train
166866,train
173176,train
196886,train
180098,train
137408,train
185713,train
186500,train
120764,train
198615,train
183566,train
190359,train
191586,train
204080,train
177821,train
184116,train
211428,train
166281,train
96402,train
223451,train
211226,train
183652,train
220664,train
176475,train
172872,train
171897,train
172402,train
185984,train
193014,train
168216,train
204548,train
226683,train
196275,train
220465,train
200238,train
208561,train
209859,train
200289,train
204038,train
206720,train
179468,train
223946,train
207925,train
180199,train
206228,train
122411,train
225408,train
208194,train
172938,train
185784,train
192382,train
189964,train
179539,train
206126,train
184844,train
200688,train
221063,train
174426,train
108773,train
209921,train
178936,train
204790,train
176625,train
224454,train
185284,train
176077,train
194377,train
177088,train
174301,train
201167,train
166000,train
188701,train
198807,train
147706,train
226786,train
190224,train
224142,train
183721,train
180954,train
208264,train
185768,train
185804,train
133698,train
176238,train
203473,train
172328,train
150899,train
227205,train
173362,train
200298,train
119481,train
137310,train
141703,train
218502,train
221738,train
184232,train
188123,train
206581,train
186870,train
196105,train
201484,train
216536,train
195303,train
221942,train
205620,train
190046,train
194092,train
125805,train
205870,train
194603,train
188804,train
167887,train
183149,train
182164,train
126223,train
221016,train
196918,train
179807,train
187039,train
190591,train
194084,train
203529,train
145464,train
200106,train
223428,train
177557,train
227445,train
208659,train
201683,train
183926,train
125562,train
166856,train
220407,train
201474,train
181907,train
188828,train
183339,train
178545,train
197532,train
186541,train
221455,train
217970,train
185878,train
221957,train
192876,train
176879,train
182142,train
201164,train
177244,train
206806,train
188439,train
182474,train
133590,train
171360,train
223995,train
199993,train
181042,train
179567,train
191513,train
211415,train
134664,train
221296,train
227664,train
226618,train
207273,train
194696,train
189753,train
181826,train
175123,train
194130,train
108734,train
183300,train
134648,train
117885,train
181676,train
201367,train
179785,train
177877,train
178611,train
219952,train
203655,train
175336,train
227383,train
207554,train
200304,train
207911,train
201560,train
218070,train
183977,train
193522,train
138974,train
183933,train
177536,train
208200,train
127689,train
174875,train
189211,train
185298,train
180466,train
205063,train
180616,train
222733,train
181590,train
186268,train
207801,train
121243,train
225548,train
181940,train
221127,train
201171,train
118489,train
150824,train
195146,train
139102,train
190193,train
125548,train
146412,train
117943,train
227050,train
120290,train
198101,train
172900,train
190704,train
187897,train
129863,train
125526,train
185264,train
143571,train
207269,train
184159,train
173078,train
204029,train
201326,train
195850,train
200409,train
185247,train
202491,train
190244,train
182664,train
199241,train
205605,train
206512,train
205623,train
122043,train
181097,train
206899,train
184489,train
130714,train
192812,train
175856,train
178762,train
193671,train
198733,train
173374,train
224046,train
182674,train
198221,train
187309,train
171134,train
191222,train
101712,train
185274,train
194215,train
218440,train
169170,train
216368,train
186291,train
191481,train
105696,train
216060,train
188794,train
177677,train
186061,train
176017,train
206394,train
219638,train
215009,train
182356,train
172104,train
215080,train
192103,train
155768,train
182870,train
122867,train
220688,train
221337,train
182890,train
220823,train
200097,train
150781,train
174079,train
203232,train
120001,train
177279,train
220389,train
199876,train
130587,train
214973,train
222215,train
130487,train
172239,train
177507,train
173432,train
190272,train
186835,train
121549,train
172270,train
188808,train
207800,train
203108,train
181133,train
222097,train
196454,train
208635,train
224476,train
172469,train
182072,train
120339,train
219036,train
200665,train
189790,train
201666,train
211448,train
192392,train
222944,train
190592,train
172220,train
130760,train
145468,train
172760,train
172397,train
200534,train
176763,train
203710,train
196570,train
169933,train
180842,train
218608,train
185218,train
185769,train
188895,train
182750,train
184670,train
219611,train
172310,train
173680,train
176248,train
206713,train
218182,train
208177,train
179797,train
182515,train
209071,train
203671,train
191549,train
172457,train
196618,train
189023,train
189843,train
199200,train
225107,train
174534,train
181852,train
122823,train
200021,train
123269,train
188871,train
218241,train
227342,train
205933,train
176039,train
176362,train
174721,train
215235,train
122285,train
181710,train
193359,train
173937,train
211739,train
179580,train
185140,train
184140,train
199326,train
129991,train
207270,train
182106,train
219547,train
177355,train
199370,train
214626,train
193485,train
193542,train
190216,train
178175,train
125234,train
212255,train
218963,train
184903,train
222012,train
205858,train
176378,train
125695,train
175270,train
207099,train
206502,train
196933,train
152993,train
172604,train
180821,train
224670,train
169036,train
183828,train
187363,train
202454,train
197141,train
207481,train
119891,train
179860,train
96368,train
141705,train
222928,train
198441,train
223422,train
196622,train
176522,train
177582,train
137023,train
204780,train
188295,train
219877,train
205652,train
222998,train
218455,train
185372,train
171413,train
220292,train
194169,train
195743,train
175762,train
181501,train
202820,train
227826,train
188425,train
182006,train
204711,train
221651,train
202051,train
122488,train
105393,train
174351,train
199737,train
177765,train
201015,train
131278,train
184663,train
218764,train
223168,train
221866,train
173104,train
169116,train
219992,train
221278,train
172663,train
219524,train
195547,train
170335,train
153153,train
175685,train
179800,train
182491,train
184849,train
213913,train
101903,train
212565,train
188244,train
184452,train
173918,train
211836,train
197202,train
206051,train
174342,train
205645,train
172192,train
192604,train
197951,train
176281,train
219252,train
178660,train
193538,train
181965,train
184767,train
206326,train
127544,train
174064,train
194731,train
223706,train
206783,train
196639,train
192654,train
169936,train
200426,train
199936,train
181575,train
205055,train
172233,train
143420,train
199664,train
191383,train
134658,train
189371,train
204714,train
167795,train
213210,train
125878,train
183213,train
190219,train
181067,train
218744,train
176529,train
220769,train
196742,train
218458,train
180999,train
179684,train
171617,train
180418,train
201417,train
178071,train
188150,train
188844,train
203272,train
187114,train
175955,train
209056,train
195516,train
172589,train
122712,train
206671,train
181983,train
192770,train
200626,train
194851,train
134762,train
184765,train
176836,train
177420,train
222192,train
118669,train
174388,train
144434,train
177874,train
183235,train
175027,train
184122,train
119331,train
187665,train
222128,train
205560,train
184058,train
178447,train
176262,train
221214,train
181642,train
217908,train
181005,train
221114,train
171773,train
176497,train
189924,train
186924,train
177639,train
210154,train
199684,train
199640,train
124363,train
223205,train
191498,train
227466,train
219409,train
223824,train
177313,train
175996,train
223750,train
178072,train
204794,train
145245,train
209930,train
195777,train
183507,train
173995,train
186496,train
183147,train
191076,train
172375,train
183584,train
177870,train
100027,train
200359,train
195029,train
218491,train
173472,train
171889,train
201508,train
118733,train
215059,train
178888,train
191919,train
214500,train
195524,train
220976,train
184631,train
126008,train
194936,train
173057,train
219559,train
186056,train
179037,train
191288,train
184804,train
203604,train
179983,train
225556,train
205385,train
173267,train
185333,train
178961,train
198517,train
126580,train
200029,train
92683,train
138671,train
196669,train
126910,train
186999,train
176328,train
130002,train
127722,train
214618,train
120329,train
193407,train
117502,train
176844,train
189036,train
207458,train
199655,train
204823,train
185839,train
208931,train
181092,train
180352,train
200191,train
169756,train
211209,train
183217,train
175453,train
205381,train
179067,train
178649,train
208029,train
179552,train
125888,train
92801,train
146280,train
217815,train
214693,train
225257,train
211652,train
220133,train
169132,train
175047,train
225108,train
173307,train
174160,train
193535,train
211516,train
225972,train
197125,train
152109,train
183503,train
170404,train
168160,train
205006,train
200006,train
184137,train
202703,train
125558,train
198466,train
184962,train
216366,train
211294,train
197650,train
184113,train
122110,train
172862,train
169247,train
110698,train
199230,train
171864,train
182507,train
209210,train
141629,train
182026,train
176927,train
197673,train
227430,train
221170,train
211507,train
184810,train
194000,train
227323,train
189707,train
174611,train
174378,train
194735,train
174857,train
212476,train
193527,train
183437,train
221230,train
184055,train
120575,train
188175,train
200857,train
177327,train
224114,train
187859,train
167991,train
185562,train
186658,train
178395,train
173557,train
204703,train
187249,train
219878,train
120268,train
119478,train
218177,train
222130,train
219761,train
185229,train
204775,train
198461,train
198363,train
190531,train
172464,train
199719,train
195561,train
205003,train
137528,train
186273,train
186399,train
184853,train
190214,train
146808,train
174397,train
220130,train
176290,train
186358,train
174832,train
191620,train
208204,train
180841,train
206577,train
202074,train
212804,train
180609,train
211662,train
181306,train
190079,train
201095,train
217584,train
188607,train
179853,train
199335,train
188578,train
134610,train
223358,train
176084,train
176489,train
183136,train
203533,train
221860,train
189890,train
182295,train
174138,train
176871,train
183453,train
119334,train
223821,train
190044,train
174437,train
204704,train
205857,train
199143,train
169122,train
211377,train
175874,train
222966,train
203268,train
172396,train
196439,train
184130,train
198537,train
201483,train
209685,train
183183,train
102608,train
221930,train
178698,train
166824,train
118710,train
198503,train
181737,train
182547,train
193748,train
137903,train
206857,train
177817,train
223806,train
128312,train
92806,train
146725,train
183839,train
191929,train
189934,train
176196,train
183138,train
200468,train
200584,train
202045,train
131565,train
169120,train
201622,train
192738,train
218315,train
194718,train
207923,train
221908,train
205876,train
178973,train
218462,train
219643,train
170224,train
175170,train
182730,train
226026,train
182510,train
222304,train
180392,train
178840,train
175655,train
125498,train
176863,train
197995,train
187761,train
222169,train
225528,train
190137,train
199163,train
175006,train
178854,train
208487,train
177508,train
175155,train
190854,train
186894,train
177767,train
180549,train
192868,train
174419,train
189379,train
191265,train
196660,train
196931,train
221112,train
212456,train
182542,train
189357,train
183011,train
197783,train
140015,train
225847,train
183450,train
190350,train
147915,train
123366,train
224626,train
181959,train
201437,train
200562,train
144728,train
222250,train
167177,train
188251,train
141594,train
220424,train
193680,train
174067,train
195811,train
92799,train
227463,train
137423,train
223570,train
227668,train
184976,train
223553,train
172108,train
218969,train
179305,train
173199,train
145378,train
215240,train
208646,train
208179,train
93766,train
124217,train
198382,train
194139,train
215241,train
189813,train
207582,train
194961,train
174429,train
199760,train
174240,train
177680,train
206499,train
185233,train
181494,train
176807,train
176595,train
190177,train
192737,train
205830,train
197966,train
206227,train
203267,train
196900,train
93469,train
183659,train
178151,train
198364,train
169568,train
120391,train
179437,train
182056,train
118636,train
177836,train
176605,train
194367,train
124080,train
186112,train
200232,train
219527,train
192498,train
218783,train
211220,train
181316,train
222757,train
203825,train
203822,train
184894,train
200210,train
180030,train
178838,train
176163,train
185816,train
221760,train
193569,train
195544,train
201567,train
140512,train
177556,train
171850,train
182374,train
166871,train
183991,train
194237,train
198474,train
205403,train
203423,train
197386,train
182817,train
224491,train
222360,train
203099,train
206675,train
183495,train
174277,train
220036,train
190779,train
227362,train
197092,train
184771,train
191067,train
188904,train
182166,train
202428,train
196989,train
222053,train
172459,train
147468,train
127730,train
178597,train
218731,train
214445,train
218296,train
176777,train
174299,train
121617,train
187051,train
178829,train
199428,train
222991,train
187142,train
96026,train
196229,train
200140,train
176579,train
221201,train
178508,train
191514,train
203445,train
181063,train
122350,train
205407,train
221543,train
178774,train
193540,train
197994,train
192786,train
145312,train
200901,train
173268,train
175358,train
185578,train
136373,train
189832,train
200099,train
202670,train
126216,train
222341,train
184277,train
195322,train
187415,train
170161,train
199172,train
203657,train
185224,train
208954,train
175763,train
175809,train
195504,train
134733,train
177859,train
125728,train
224262,train
222465,train
212478,train
184307,train
203438,train
186765,train
198762,train
174851,train
188851,train
179788,train
172236,train
221145,train
194700,train
223887,train
183363,train
175568,train
207100,train
199787,train
203819,train
201689,train
205794,train
186914,train
184227,train
201501,train
205578,train
177760,train
185572,train
212664,train
178678,train
178670,train
127277,train
185491,train
199931,train
179529,train
194690,train
202586,train
226168,train
174625,train
185771,train
185467,train
193919,train
176944,train
200195,train
182605,train
187673,train
105456,train
166939,train
167691,train
181318,train
190786,train
206128,train
212308,train
212174,train
200966,train
125416,train
224137,train
175497,train
188364,train
178377,train
178690,train
203503,train
211823,train
182501,train
201408,train
186264,train
221960,train
215055,train
125588,train
203189,train
103375,train
186478,train
187350,train
204658,train
209860,train
184463,train
173825,train
174382,train
182720,train
139591,train
182774,train
184689,train
218912,train
183385,train
201152,train
175671,train
129994,train
194670,train
181599,train
201007,train
173814,train
200606,train
175076,train
180115,train
180621,train
171583,train
177638,train
187354,train
225866,train
183182,train
190585,train
177295,train
173776,train
177684,train
190939,train
168144,train
223564,train
224159,train
178481,train
186468,train
186861,train
194924,train
223218,train
173084,train
214733,train
223877,train
188181,train
200773,train
197329,train
183155,train
187246,train
131016,train
180492,train
211938,train
181919,train
222772,train
142875,train
209620,train
227737,train
199478,train
169025,train
173381,train
223611,train
137029,train
173003,train
176307,train
177494,train
133668,train
176167,train
189701,train
203705,train
219375,train
182612,train
221261,train
181605,train
187795,train
199187,train
180450,train
191964,train
226264,train
181836,train
192132,train
221096,train
223236,train
180427,train
209636,train
181850,train
220284,train
120126,train
174275,train
118430,train
201288,train
93787,train
196922,train
179822,train
173253,train
221559,train
178040,train
173673,train
182436,train
223459,train
203632,train
205728,train
124088,train
180411,train
221709,train
94132,train
217723,train
184632,train
193807,train
221383,train
168715,train
187266,train
105656,train
224658,train
185331,train
184052,train
182019,train
200317,train
192862,train
182414,train
201684,train
222350,train
176841,train
194998,train
178778,train
167865,train
177328,train
187750,train
206486,train
184359,train
177042,train
227337,train
212058,train
186479,train
180501,train
200714,train
212461,train
205691,train
199449,train
222851,train
148494,train
131128,train
167353,train
195071,train
207437,train
188090,train
172203,train
118617,train
187834,train
202236,train
125997,train
223538,train
174482,train
198562,train
223078,train
189800,train
196840,train
200215,train
176380,train
177594,train
222061,train
199058,train
220387,train
195854,train
199587,train
200911,train
223703,train
183323,train
218551,train
175005,train
197079,train
222548,train
188042,train
199179,train
150752,train
205392,train
202672,train
196051,train
205897,train
137382,train
179054,train
173864,train
120307,train
174949,train
122464,train
196624,train
180562,train
176347,train
221049,train
180583,train
179658,train
192410,train
172889,train
222962,train
166953,train
179236,train
183134,train
171550,train
119598,train
186866,train
184548,train
188543,train
222956,train
186484,train
179702,train
182812,train
220544,train
188201,train
185014,train
226980,train
182335,train
219571,train
227461,train
138651,train
101940,train
207571,train
186301,train
223372,train
224282,train
185541,train
205899,train
227835,train
203170,train
195111,train
120887,train
122047,train
193738,train
181032,train
178676,train
203433,train
223970,train
185616,train
178426,train
200977,train
177555,train
174971,train
101717,train
203859,train
227822,train
96973,train
184095,train
172992,train
197075,train
191594,train
221225,train
179388,train
211736,train
177464,train
196872,train
130512,train
212605,train
125281,train
188818,train
180646,train
206585,train
220772,train
177761,train
182634,train
178878,train
222748,train
181141,train
198509,train
193599,train
174458,train
176421,train
224416,train
185778,train
190530,train
214623,train
172917,train
174972,train
207556,train
173827,train
184314,train
124955,train
224300,train
201163,train
177585,train
126791,train
189369,train
192726,train
137411,train
167835,train
224679,train
205388,train
219513,train
168171,train
171904,train
211642,train
211735,train
199309,train
194740,train
222359,train
184768,train
225845,train
184501,train
193879,train
176703,train
182333,train
209310,train
174271,train
179446,train
135367,train
188088,train
224479,train
193438,train
220342,train
174921,train
176003,train
206826,train
182360,train
172424,train
202681,train
183214,train
172538,train
150755,train
100576,train
211405,train
186467,train
228150,train
223761,train
219121,train
178600,train
172495,train
181862,train
172379,train
200600,train
202803,train
174029,train
126498,train
105459,train
223223,train
105673,train
199250,train
180528,train
177812,train
176829,train
178356,train
222240,train
140023,train
202744,train
219516,train
209537,train
96419,train
184197,train
201463,train
121971,train
201200,train
126000,train
201271,train
221935,train
172922,train
176488,train
182856,train
177661,train
192769,train
174136,train
132631,train
182135,train
198519,train
197081,train
173652,train
142489,train
222451,train
183065,train
190509,train
212213,train
181725,train
135900,train
217684,train
203144,train
187242,train
122760,train
190790,train
193426,train
224887,train
181503,train
195053,train
183199,train
184751,train
224127,train
129987,train
194154,train
175747,train
181231,train
185558,train
179131,train
167351,train
186951,train
214988,train
224344,train
204830,train
223627,train
221139,train
219436,train
181724,train
118409,train
179770,train
176672,train
178210,train
224501,train
207447,train
97508,train
220456,train
126763,train
175314,train
184984,train
125053,train
192821,train
209687,train
197227,train
202155,train
122106,train
188779,train
196541,train
122245,train
196448,train
178186,train
224363,train
122703,train
120555,train
183979,train
192629,train
173945,train
184342,train
210625,train
201513,train
125700,train
181798,train
206317,train
181929,train
121403,train
200118,train
187204,train
179391,train
120886,train
126914,train
123926,train
222032,train
189495,train
123179,train
194926,train
204630,train
177141,train
227457,train
199462,train
176199,train
220822,train
197184,train
197017,train
220049,train
179741,train
182759,train
132804,train
217834,train
183736,train
101956,train
222284,train
175187,train
177565,train
173074,train
153504,train
126838,train
131138,train
194049,train
135894,train
190048,train
196056,train
183403,train
175522,train
193082,train
196091,train
205785,train
224190,train
202205,train
74601,train
206482,train
213661,train
174119,train
175356,train
177572,train
204864,train
196795,train
179661,train
120400,train
122693,train
182743,train
110507,train
199130,train
172652,train
129859,train
150327,train
187073,train
220121,train
117920,train
184647,train
208664,train
177642,train
175660,train
204545,train
178717,train
227034,train
204771,train
126558,train
222999,train
205720,train
222974,train
186878,train
190685,train
120461,train
180509,train
184175,train
181034,train
179053,train
180906,train
222609,train
92767,train
173919,train
210156,train
195038,train
220092,train
174868,train
223536,train
221334,train
185531,train
221281,train
179451,train
123347,train
180167,train
189112,train
171971,train
219484,train
205654,train
187871,train
184160,train
182073,train
170535,train
201724,train
176806,train
206554,train
176823,train
181148,train
174772,train
185220,train
186031,train
177346,train
130173,train
123686,train
189857,train
125450,train
175695,train
173682,train
207924,train
223711,train
183384,train
180235,train
196462,train
186904,train
125427,train
195186,train
223217,train
207914,train
199620,train
224481,train
189108,train
190523,train
195184,train
187760,train
176226,train
222981,train
181520,train
179120,train
179740,train
177775,train
179343,train
189999,train
207844,train
218616,train
219966,train
195013,train
183627,train
121014,train
177330,train
125415,train
168350,train
194147,train
195769,train
180637,train
180555,train
185532,train
127670,train
205082,train
127542,train
195086,train
177531,train
152925,train
212658,train
205731,train
200303,train
208889,train
199266,train
206775,train
127281,train
197835,train
125018,train
179754,train
219006,train
169108,train
193346,train
131735,train
219557,train
184745,train
185426,train
184837,train
192752,train
198780,train
125142,train
133579,train
194737,train
227460,train
222895,train
173457,train
192098,train
173738,train
204798,train
185860,train
180451,train
138170,train
227202,train
172981,train
182997,train
220527,train
194850,train
181966,train
222040,train
209638,train
190669,train
227738,train
176479,train
120574,train
200616,train
102036,train
127331,train
200216,train
177052,train
97525,train
212459,train
185119,train
181340,train
206633,train
194685,train
186035,train
183902,train
96448,train
195116,train
208655,train
196479,train
207585,train
226249,train
172497,train
190154,train
178442,train
179794,train
169757,train
227048,train
187710,train
219454,train
186932,train
172805,train
187874,train
171920,train
190746,train
193544,train
144068,train
181719,train
176413,train
193814,train
209124,train
178633,train
143330,train
190663,train
190580,train
186976,train
171143,train
202040,train
204812,train
180360,train
181495,train
219183,train
197690,train
219525,train
173571,train
180640,train
223825,train
186396,train
189830,train
205722,train
227010,train
177864,train
207215,train
201115,train
117857,train
181459,train
202790,train
177040,train
226907,train
196554,train
183688,train
208090,train
190667,train
218741,train
223748,train
214616,train
218381,train
223644,train
138665,train
204031,train
184679,train
195723,train
169156,train
124227,train
206351,train
175596,train
195307,train
204567,train
223801,train
147466,train
127732,train
215024,train
182701,train
153069,train
227693,train
182550,train
142592,train
169160,train
118442,train
167728,train
222698,train
177422,train
180459,train
180011,train
199006,train
173758,train
182549,train
194979,train
180285,train
166110,train
195782,train
225031,train
176411,train
182062,train
198657,train
129755,train
171898,train
167876,train
199329,train
171706,train
152946,train
196274,train
199221,train
191765,train
208742,train
199618,train
202401,train
122875,train
221786,train
176146,train
183150,train
202077,train
220832,train
125806,train
168580,train
204543,train
224531,train
176958,train
187274,train
177535,train
194739,train
173112,train
199466,train
206131,train
198201,train
219508,train
182319,train
201447,train
190065,train
221530,train
190664,train
184798,train
185565,train
224165,train
145383,train
189048,train
193652,train
217984,train
182331,train
199136,train
188176,train
223161,train
199666,train
195191,train
201966,train
198627,train
184008,train
172863,train
220910,train
190063,train
174287,train
202811,train
175530,train
222178,train
130778,train
120330,train
223945,train
196736,train
222003,train
188784,train
200479,train
201451,train
188759,train
208165,train
182092,train
192080,train
220548,train
174840,train
211447,train
194083,train
185144,train
217907,train
221518,train
166942,train
189465,train
196871,train
137412,train
186270,train
101957,train
178560,train
196625,train
151467,train
198328,train
181664,train
223596,train
125882,train
149554,train
223928,train
219965,train
193885,train
172434,train
217678,train
221868,train
214639,train
178569,train
189186,train
196616,train
221019,train
178865,train
200556,train
192596,train
102269,train
202474,train
180926,train
187012,train
204086,train
221273,train
227799,train
179433,train
176677,train
175263,train
172274,train
221948,train
180376,train
203379,train
188136,train
180791,train
198373,train
169138,train
222625,train
226834,train
129870,train
185410,train
176320,train
181260,train
195119,train
177785,train
197553,train
198001,train
123487,train
184928,train
181597,train
186940,train
207551,train
182860,train
224131,train
197971,train
194608,train
185185,train
182329,train
107559,train
168174,train
176979,train
190152,train
189012,train
175487,train
189125,train
172413,train
172272,train
125257,train
133651,train
184146,train
174746,train
213666,train
199930,train
180886,train
218547,train
197401,train
196802,train
193619,train
227234,train
181923,train
212027,train
193617,train
218115,train
200667,train
124237,train
185390,train
197106,train
175015,train
218113,train
225306,train
145375,train
201979,train
92797,train
182472,train
183350,train
206738,train
176099,train
202710,train
195476,train
191927,train
182334,train
167896,train
105830,train
93780,train
179174,train
222749,train
173820,train
184867,train
187351,train
225871,train
227093,train
176354,train
180416,train
122112,train
223814,train
175303,train
175001,train
173157,train
169172,train
197741,train
227490,train
166892,train
190492,train
180503,train
174048,train
227181,train
222272,train
172327,train
200895,train
168740,train
222677,train
198399,train
227052,train
179562,train
186507,train
180486,train
176433,train
221376,train
181973,train
174353,train
184847,train
197968,train
171316,train
179570,train
224273,train
193462,train
184570,train
222031,train
223624,train
198512,train
172474,train
209048,train
137093,train
219835,train
173150,train
201989,train
211378,train
219676,train
133697,train
193856,train
181639,train
172943,train
179790,train
166964,train
174340,train
131015,train
211245,train
222124,train
199032,train
173714,train
183794,train
127182,train
219160,train
219795,train
170948,train
174697,train
207448,train
190131,train
208156,train
179436,train
193300,train
212587,train
188762,train
227797,train
118602,train
223617,train
192728,train
175321,train
169355,train
206743,train
184506,train
204802,train
200212,train
206728,train
202053,train
173766,train
118629,train
150920,train
136908,train
202981,train
124848,train
190696,train
225805,train
214611,train
173931,train
172817,train
187933,train
188614,train
221017,train
179819,train
118615,train
219063,train
227208,train
198226,train
187196,train
192635,train
175199,train
181583,train
179560,train
202163,train
194601,train
173676,train
175177,train
220351,train
187758,train
184890,train
177751,train
182715,train
222057,train
96447,train
204705,train
171109,train
168477,train
165931,train
207335,train
221795,train
219963,train
138093,train
224120,train
179001,train
175474,train
145463,train
186797,train
223128,train
181545,train
118742,train
185139,train
176375,train
175831,train
192792,train
218460,train
185694,train
223230,train
223514,train
187832,train
184731,train
208554,train
172871,train
177434,train
198515,train
203161,train
173874,train
137264,train
219530,train
217961,train
223641,train
200473,train
222752,train
179076,train
186952,train
184538,train
222705,train
176575,train
220838,train
189190,train
208631,train
172212,train
176339,train
181050,train
179039,train
226385,train
219491,train
215750,train
189806,train
176312,train
222613,train
191802,train
188155,train
173475,train
177893,train
168610,train
168348,train
177883,train
174814,train
177270,train
224529,train
226156,train
189969,train
222384,train
193677,train
178643,train
179761,train
212856,train
202402,train
199539,train
180330,train
176872,train
193450,train
137304,train
183428,train
227358,train
155362,train
227746,train
201287,train
200281,train
195101,train
176619,train
193432,train
187147,train
219785,train
117909,train
220617,train
199385,train
182532,train
131282,train
184766,train
186907,train
187099,train
211777,train
186007,train
92812,train
183714,train
144988,train
189810,train
180874,train
120480,train
223446,train
209258,train
217958,train
184709,train
207451,train
175085,train
149969,train
200642,train
195067,train
187027,train
198406,train
183724,train
140108,train
205476,train
200431,train
188740,train
208094,train
188323,train
141152,train
173055,train
137262,train
205449,train
172669,train
173329,train
191166,train
193720,train
222763,train
176574,train
121367,train
208201,train
192800,train
192246,train
212671,train
172944,train
172926,train
186099,train
187964,train
196630,train
180001,train
117956,train
201904,train
201107,train
118662,train
186097,train
118475,train
188874,train
227686,train
192301,train
179642,train
178847,train
223795,train
175179,train
208320,train
224029,train
228181,train
227286,train
191230,train
198837,train
191805,train
218550,train
133679,train
127337,train
138697,train
98748,train
208210,train
222738,train
203443,train
122990,train
205409,train
223192,train
188284,train
186944,train
187065,train
199480,train
176690,train
197105,train
177211,train
184384,train
206530,train
209709,train
225836,train
172445,train
181978,train
226021,train
192712,train
227542,train
176622,train
137028,train
177224,train
185260,train
224972,train
178974,train
179605,train
145401,train
198453,train
188817,train
206822,train
201438,train
182067,train
123923,train
219451,train
181166,train
185402,train
172114,train
189703,train
177783,train
209202,train
187156,train
177417,train
172812,train
220912,train
189797,train
167333,train
180523,train
190075,train
203263,train
176825,train
171619,train
188493,train
221247,train
197676,train
175053,train
194071,train
185776,train
219438,train
227684,train
175431,train
178265,train
203192,train
183089,train
96370,train
203722,train
190292,train
206496,train
139347,train
183626,train
191483,train
175652,train
122657,train
198407,train
173266,train
126219,train
184387,train
205427,train
178604,train
179041,train
205774,train
173669,train
174565,train
203146,train
172323,train
222669,train
172385,train
184050,train
178555,train
184170,train
169364,train
201321,train
102042,train
170782,train
174752,train
212235,train
221879,train
181036,train
213575,train
199248,train
171768,train
212256,train
207540,train
180479,train
97398,train
221330,train
177202,train
124648,train
213481,train
223811,train
126595,train
176263,train
196526,train
178780,train
180594,train
150378,train
205725,train
219538,train
203630,train
89785,train
92687,train
185511,train
183236,train
199374,train
174380,train
199552,train
175021,train
212302,train
222325,train
195300,train
178053,train
210579,train
182483,train
175131,train
124495,train
185249,train
218378,train
179166,train
185987,train
122770,train
170846,train
173056,train
180969,train
180636,train
222602,train
227276,train
182394,train
222393,train
222194,train
220440,train
188915,train
201682,train
191613,train
190321,train
201009,train
181044,train
209535,train
173108,train
184032,train
192766,train
196568,train
195022,train
141711,train
200549,train
189811,train
192813,train
204559,train
182577,train
188049,train
85334,train
202748,train
189261,train
174828,train
124963,train
185353,train
173743,train
173165,train
194518,train
198782,train
174722,train
122144,train
181679,train
177220,train
220532,train
221833,train
177439,train
219394,train
125256,train
184936,train
220035,train
188420,train
127953,train
175657,train
212348,train
218728,train
222600,train
206716,train
214361,train
184504,train
203768,train
210624,train
226909,train
193276,train
210571,train
208548,train
175013,train
182599,train
178234,train
197533,train
217754,train
199994,train
203257,train
223710,train
222043,train
222344,train
173573,train
203650,train
173229,train
122194,train
167724,train
201891,train
179759,train
221963,train
226822,train
192343,train
176462,train
190043,train
189812,train
146605,train
190929,train
178695,train
179952,train
175429,train
195152,train
182426,train
179442,train
119666,train
207933,train
192056,train
177210,train
186258,train
204059,train
219580,train
183128,train
222005,train
200666,train
193839,train
204991,train
178057,train
172000,train
118457,train
195574,train
179859,train
218994,train
200491,train
199141,train
169179,train
181821,train
192747,train
189095,train
141635,train
180133,train
85979,train
217889,train
207174,train
223623,train
196796,train
167338,train
174521,train
189024,train
189499,train
201669,train
225998,train
181528,train
203395,train
222051,train
119525,train
221630,train
227532,train
207912,train
171879,train
176177,train
124219,train
136177,train
196927,train
202969,train
205806,train
175760,train
202821,train
221102,train
145371,train
187374,train
208404,train
199476,train
130565,train
207555,train
185786,train
192441,train
192277,train
179998,train
182002,train
200769,train
181746,train
224973,train
141200,train
188138,train
167860,train
125456,train
166406,train
222767,train
124069,train
220793,train
169297,train
196500,train
180843,train
218725,train
201499,train
92710,train
188821,train
183252,train
176805,train
223221,train
223591,train
195115,train
223645,train
200428,train
166913,train
209978,train
123213,train
182328,train
222066,train
174790,train
194612,train
193502,train
180835,train
194715,train
181831,train
182666,train
208988,train
205866,train
220565,train
203094,train
176888,train
223751,train
137393,train
200923,train
196735,train
220318,train
183988,train
193386,train
182435,train
123003,train
196090,train
206041,train
180536,train
226595,train
178947,train
202411,train
194699,train
125502,train
127328,train
221992,train
207645,train
200401,train
200976,train
143096,train
174584,train
126786,train
180856,train
177668,train
183884,train
145310,train
182484,train
220173,train
168192,train
219097,train
137337,train
200611,train
191993,train
219962,train
187059,train
179051,train
183180,train
208085,train
117863,train
203006,train
179986,train
122704,train
197206,train
222953,train
224051,train
174137,train
172374,train
209411,train
175386,train
177249,train
171071,train
209474,train
202463,train
223709,train
187831,train
185874,train
178617,train
200517,train
223474,train
177285,train
127569,train
184351,train
186364,train
181361,train
175334,train
195308,train
217959,train
201672,train
139973,train
127531,train
122490,train
179772,train
203519,train
174196,train
215747,train
176586,train
177651,train
126557,train
200486,train
201982,train
182270,train
175010,train
201329,train
227544,train
177430,train
222027,train
177467,train
180505,train
180710,train
167690,train
181145,train
225979,train
197972,train
202516,train
122115,train
206040,train
219064,train
172518,train
210654,train
127909,train
145458,train
206635,train
211647,train
181729,train
175348,train
204973,train
180163,train
202467,train
208481,train
225013,train
185492,train
196574,train
210997,train
211981,train
187866,train
155761,train
227311,train
190352,train
175620,train
223195,train
194649,train
222076,train
179617,train
200190,train
123368,train
199968,train
178493,train
227560,train
189717,train
183302,train
220434,train
189008,train
174538,train
187184,train
224356,train
200554,train
209409,train
193661,train
212655,train
175537,train
205734,train
183405,train
126343,train
185278,train
175852,train
204869,train
175677,train
182628,train
220040,train
137251,train
193403,train
224040,train
188103,train
200201,train
179693,train
198792,train
179631,train
218732,train
209534,train
105436,train
185654,train
198389,train
176445,train
209319,train
204870,train
194616,train
198342,train
187257,train
202514,train
182382,train
172142,train
199691,train
223239,train
174337,train
219342,train
207674,train
175059,train
179208,train
198007,train
200552,train
198828,train
205079,train
125984,train
118782,train
193840,train
172703,train
198439,train
138799,train
185999,train
150254,train
215776,train
201307,train
200119,train
221429,train
120744,train
195316,train
182530,train
193494,train
183643,train
217823,train
182429,train
227079,train
222704,train
183312,train
143472,train
210376,train
126333,train
181611,train
139716,train
226897,train
193679,train
202511,train
198398,train
177471,train
178424,train
196107,train
183202,train
175476,train
181464,train
181998,train
226748,train
206773,train
177152,train
227028,train
197389,train
174341,train
167885,train
187004,train
221922,train
196269,train
178373,train
203096,train
182557,train
175075,train
221695,train
189631,train
183913,train
123442,train
174915,train
193107,train
184219,train
216980,train
177357,train
124353,train
221753,train
227049,train
172106,train
187962,train
172884,train
203806,train
188080,train
184111,train
205820,train
214615,train
175203,train
213483,train
179090,train
138520,train
192625,train
177581,train
176866,train
171088,train
184712,train
180394,train
192495,train
75316,train
219338,train
222504,train
124784,train
126922,train
202004,train
183148,train
179639,train
190780,train
206324,train
223543,train
174724,train
222984,train
124626,train
222394,train
188500,train
189459,train
174533,train
220829,train
218906,train
179212,train
182102,train
182028,train
178281,train
194222,train
195819,train
222597,train
178348,train
195297,train
192773,train
175149,train
198617,train
183055,train
105771,train
96404,train
184918,train
180685,train
195133,train
173034,train
200018,train
190066,train
181580,train
172615,train
137993,train
195283,train
179817,train
118177,train
168188,train
202460,train
197236,train
195292,train
184435,train
190692,train
122893,train
197071,train
178585,train
176921,train
179694,train
204655,train
186863,train
118399,train
205469,train
177269,train
220735,train
177458,train
175622,train
199622,train
176372,train
225338,train
172749,train
184729,train
225008,train
186519,train
150818,train
181912,train
179620,train
219473,train
170218,train
96829,train
226000,train
171748,train
176403,train
201564,train
137954,train
130558,train
175417,train
202356,train
166859,train
223632,train
193340,train
175642,train
204075,train
169128,train
183716,train
190936,train
184237,train
196793,train
173367,train
224694,train
182338,train
200414,train
203540,train
227658,train
176596,train
180076,train
166595,train
192804,train
195783,train
201305,train
178712,train
173143,train
108822,train
221947,train
199506,train
204754,train
177881,train
181924,train
222950,train
191612,train
178393,train
182553,train
184953,train
205467,train
168562,train
227260,train
227105,train
223532,train
125991,train
198703,train
178773,train
219637,train
202515,train
173105,train
222887,train
174161,train
193344,train
209626,train
219493,train
176078,train
181906,train
188157,train
105749,train
166969,train
178596,train
171967,train
200644,train
202728,train
174919,train
130981,train
174507,train
189853,train
222021,train
227019,train
181506,train
222778,train
180510,train
211554,train
192715,train
174424,train
173732,train
197428,train
221522,train
220000,train
171154,train
224652,train
185870,train
212579,train
220288,train
191525,train
220325,train
197336,train
201540,train
173124,train
181661,train
182464,train
214431,train
117929,train
99597,train
224443,train
185470,train
150835,train
187305,train
200555,train
201488,train
127338,train
181754,train
184930,train
199702,train
186946,train
146389,train
172824,train
181555,train
185212,train
195190,train
168151,train
119314,train
210379,train
218735,train
183945,train
198205,train
224377,train
137344,train
173861,train
181279,train
189539,train
184304,train
182022,train
127344,train
180066,train
177800,train
181033,train
179782,train
172801,train
212304,train
199579,train
224907,train
189741,train
219016,train
194133,train
181673,train
175972,train
178851,train
175533,train
175565,train
176940,train
189953,train
219243,train
173863,train
181129,train
122761,train
224423,train
166875,train
222777,train
220270,train
167881,train
202487,train
189763,train
185676,train
104339,train
199196,train
212561,train
184746,train
200200,train
195787,train
218996,train
181854,train
178076,train
201972,train
121702,train
216535,train
181768,train
188164,train
189221,train
187268,train
185728,train
131790,train
222645,train
222531,train
220593,train
176762,train
206674,train
123671,train
218484,train
173781,train
202276,train
201283,train
145465,train
171688,train
222186,train
179085,train
137315,train
174863,train
219865,train
206829,train
200162,train
187058,train
208672,train
218909,train
205160,train
181822,train
226714,train
222358,train
187564,train
175103,train
173904,train
194163,train
171131,train
220836,train
200031,train
177762,train
175867,train
172160,train
189586,train
205650,train
185277,train
179735,train
222121,train
176369,train
227305,train
120385,train
199134,train
130480,train
210687,train
220027,train
222561,train
171873,train
178976,train
203716,train
203694,train
177233,train
190247,train
171354,train
201800,train
188142,train
225104,train
97280,train
172529,train
213627,train
227387,train
185352,train
185346,train
188885,train
126240,train
117869,train
222141,train
197919,train
186883,train
103651,train
188115,train
173237,train
183574,train
184333,train
224304,train
200002,train
199712,train
182041,train
178517,train
182837,train
149430,train
206591,train
186274,train
171368,train
227408,train
178511,train
121341,train
181498,train
204838,train
197390,train
204992,train
173185,train
183625,train
186546,train
200196,train
215773,train
218788,train
184571,train
207855,train
122447,train
192299,train
198814,train
192749,train
184719,train
175813,train
214421,train
222557,train
173858,train
172119,train
226400,train
145411,train
197175,train
171079,train
181755,train
176385,train
201608,train
166873,train
184957,train
201675,train
206628,train
174639,train
138143,train
188803,train
187367,train
197200,train
185538,train
181658,train
200080,train
196084,train
166266,train
177564,train
133682,train
212477,train
202369,train
176603,train
131031,train
187336,train
223197,train
219009,train
199709,train
184162,train
223622,train
196887,train
174085,train
193662,train
200137,train
191126,train
221169,train
188887,train
184994,train
222700,train
184393,train
197134,train
130765,train
173440,train
199042,train
190073,train
179024,train
185401,train
180918,train
203516,train
177514,train
200253,train
182322,train
187240,train
223154,train
199008,train
216167,train
179216,train
222131,train
173317,train
177216,train
172473,train
193678,train
201495,train
136971,train
172587,train
209360,train
183090,train
211383,train
180816,train
176297,train
186886,train
181228,train
194730,train
220332,train
208173,train
198787,train
221585,train
184460,train
126230,train
181126,train
199469,train
186384,train
212593,train
220438,train
200081,train
138516,train
193914,train
195527,train
171990,train
145450,train
183568,train
203631,train
191723,train
197349,train
185766,train
225066,train
213213,train
149186,train
179265,train
226159,train
96375,train
181254,train
100585,train
137415,train
119865,train
168337,train
175246,train
203634,train
148369,train
185603,train
182885,train
181061,train
105432,train
124242,train
193689,train
176293,train
220869,train
223933,train
189219,train
183377,train
172391,train
177381,train
174799,train
203388,train
177958,train
146400,train
205781,train
177795,train
209180,train
186415,train
187304,train
198366,train
219946,train
139117,train
199508,train
223447,train
204765,train
185138,train
183484,train
207719,train
92776,train
214355,train
188497,train
205879,train
189601,train
97521,train
137686,train
150779,train
219719,train
176204,train
221240,train
187389,train
173293,train
181951,train
181066,train
187934,train
199772,train
176241,train
137331,train
188101,train
223180,train
190005,train
186800,train
191492,train
199018,train
176168,train
227024,train
209297,train
121834,train
137268,train
211385,train
190429,train
196064,train
184738,train
174872,train
187620,train
92591,train
195282,train
171365,train
194884,train
196888,train
182748,train
188606,train
201297,train
178621,train
211411,train
189779,train
125680,train
221303,train
175337,train
201170,train
192262,train
224354,train
219695,train
141593,train
168180,train
201902,train
176027,train
172384,train
198946,train
178439,train
178427,train
185318,train
196237,train
187826,train
122088,train
127734,train
187005,train
185412,train
166872,train
175048,train
190153,train
203566,train
201563,train
194839,train
117950,train
196261,train
150892,train
219536,train
205558,train
220522,train
222631,train
215411,train
177648,train
180884,train
201459,train
223419,train
174705,train
178879,train
191161,train
174643,train
202708,train
176771,train
143746,train
174087,train
222135,train
208790,train
183628,train
194542,train
175126,train
197393,train
153000,train
222817,train
206954,train
194091,train
198508,train
222759,train
224056,train
207482,train
171025,train
204786,train
181915,train
196667,train
188078,train
178371,train
192562,train
200420,train
219432,train
221471,train
200481,train
217635,train
205878,train
175745,train
227111,train
188040,train
134426,train
181717,train
182233,train
220375,train
167719,train
174803,train
175169,train
166890,train
218472,train
183135,train
176179,train
105620,train
185840,train
174557,train
190133,train
169090,train
173012,train
190363,train
183351,train
167872,train
214745,train
173823,train
180520,train
222106,train
219656,train
121925,train
180851,train
206877,train
165995,train
191167,train
221956,train
136970,train
220150,train
184741,train
217759,train
196905,train
182274,train
221549,train
206500,train
203308,train
227117,train
215767,train
204613,train
187885,train
227098,train
182881,train
178880,train
211660,train
184102,train
213290,train
179910,train
195294,train
220047,train
217913,train
203414,train
183565,train
208265,train
192785,train
206784,train
223822,train
215058,train
152972,train
190573,train
214446,train
185267,train
227097,train
191572,train
186481,train
216552,train
103500,train
219674,train
186477,train
176450,train
193917,train
194769,train
208537,train
176169,train
187479,train
212305,train
203689,train
188162,train
175944,train
212530,train
181686,train
184347,train
173226,train
217761,train
203196,train
181536,train
195855,train
185055,train
222485,train
180377,train
191970,train
196242,train
195801,train
198393,train
142862,train
179443,train
224228,train
212469,train
218935,train
214627,train
220719,train
169114,train
221999,train
174241,train
227890,train
180491,train
178474,train
201012,train
173156,train
222320,train
172940,train
224647,train
128320,train
200131,train
138927,train
219367,train
175712,train
196644,train
173272,train
208734,train
179722,train
172808,train
223976,train
150299,train
224227,train
122881,train
189292,train
185400,train
211455,train
223054,train
182502,train
197545,train
199713,train
221921,train
179445,train
182602,train
181168,train
184874,train
204815,train
172956,train
183768,train
181958,train
222760,train
173589,train
145831,train
173755,train
200135,train
190584,train
213104,train
178612,train
184831,train
177067,train
196656,train
93670,train
200970,train
189309,train
198443,train
194929,train
178713,train
186368,train
198287,train
189831,train
207478,train
183576,train
206739,train
207716,train
200532,train
129850,train
208839,train
169166,train
226155,train
199138,train
179012,train
186515,train
175174,train
207850,train
223607,train
175306,train
170959,train
182651,train
182403,train
223987,train
204774,train
200856,train
222214,train
220397,train
195778,train
196851,train
187117,train
199249,train
172758,train
124958,train
127136,train
129995,train
193375,train
201607,train
221718,train
202697,train
169480,train
129993,train
143482,train
183334,train
174433,train
171872,train
203693,train
227648,train
197076,train
181838,train
122349,train
197346,train
178184,train
181235,train
181030,train
199516,train
222863,train
133610,train
219421,train
177652,train
188907,train
195932,train
181094,train
175116,train
223673,train
206778,train
228039,train
199247,train
182085,train
199616,train
173260,train
199965,train
124159,train
222947,train
179734,train
226163,train
179906,train
187956,train
202174,train
172235,train
203515,train
178402,train
181554,train
124546,train
200209,train
188299,train
186802,train
192124,train
180832,train
166183,train
227039,train
135829,train
174866,train
222054,train
198667,train
224573,train
117928,train
183383,train
184691,train
223816,train
201320,train
175448,train
222274,train
199611,train
221558,train
203251,train
199409,train
182015,train
196848,train
201207,train
146096,train
191890,train
195167,train
189573,train
179978,train
203543,train
199661,train
173516,train
175166,train
180586,train
195005,train
220596,train
204917,train
174787,train
211299,train
200083,train
214743,train
206233,train
227217,train
122792,train
165980,train
201470,train
202856,train
176801,train
225129,train
194588,train
226686,train
223646,train
184454,train
195541,train
181368,train
219068,train
155080,train
219689,train
196662,train
220903,train
205396,train
174660,train
206676,train
179014,train
205399,train
199758,train
224677,train
220038,train
120482,train
176950,train
138138,train
170301,train
185024,train
179130,train
222256,train
181206,train
189467,train
182702,train
127904,train
219806,train
121242,train
183759,train
180699,train
220717,train
224351,train
169358,train
199268,train
219544,train
175469,train
103525,train
200429,train
186232,train
184818,train
174916,train
208488,train
221206,train
167894,train
177649,train
206575,train
221869,train
188879,train
178484,train
196578,train
133603,train
209793,train
216154,train
186645,train
225038,train
220033,train
180431,train
178144,train
222372,train
199964,train
217369,train
127661,train
117831,train
172815,train
206553,train
186553,train
211770,train
223952,train
97397,train
178783,train
211765,train
187057,train
176811,train
200302,train
208226,train
199748,train
212567,train
119279,train
222273,train
124890,train
219566,train
203538,train
181468,train
200422,train
181401,train
176572,train
227523,train
171890,train
195158,train
183012,train
173515,train
169625,train
184103,train
209412,train
190313,train
224144,train
172428,train
179015,train
221162,train
189723,train
145408,train
178566,train
176229,train
173372,train
195568,train
183288,train
180085,train
185172,train
193357,train
192775,train
179851,train
134765,train
175019,train
176442,train
196857,train
182875,train
175451,train
190221,train
183511,train
181615,train
180920,train
123922,train
179791,train
207944,train
180428,train
125420,train
222318,train
222618,train
187308,train
167833,train
183978,train
130781,train
199984,train
202233,train
206566,train
192327,train
227374,train
118598,train
212052,train
227036,train
207572,train
179238,train
182758,train
199185,train
183906,train
126232,train
220583,train
223723,train
172455,train
186024,train
224066,train
222208,train
222034,train
96983,train
177024,train
179058,train
125040,train
202278,train
196148,train
205398,train
216557,train
213610,train
178729,train
175863,train
174754,train
179733,train
176019,train
130125,train
172784,train
183684,train
194725,train
176454,train
167726,train
172144,train
183397,train
180506,train
194301,train
224686,train
153056,train
127723,train
194688,train
221721,train
195772,train
187281,train
223449,train
205081,train
180869,train
176143,train
222724,train
175641,train
197073,train
200067,train
189458,train
198346,train
223174,train
224534,train
190019,train
223746,train
186103,train
201188,train
182864,train
183299,train
196861,train
139344,train
217633,train
223087,train
225119,train
224625,train
120707,train
188438,train
222635,train
227673,train
125056,train
212581,train
223865,train
180319,train
220580,train
122971,train
174086,train
202457,train
195654,train
176011,train
188318,train
196832,train
176327,train
188717,train
224359,train
189355,train
195839,train
201907,train
179474,train
184673,train
185661,train
173839,train
207935,train
184945,train
176135,train
190072,train
192007,train
223011,train
183612,train
174065,train
211347,train
227322,train
173053,train
219111,train
192574,train
211651,train
222233,train
175796,train
203466,train
183644,train
191625,train
190749,train
187347,train
192102,train
145457,train
179222,train
177650,train
196928,train
193145,train
209317,train
220493,train
180153,train
171530,train
222837,train
183915,train
175636,train
197879,train
205465,train
177551,train
199232,train
205597,train
210566,train
198374,train
185404,train
182420,train
120893,train
181975,train
219025,train
222827,train
202837,train
201469,train
194962,train
184859,train
222171,train
209120,train
168096,train
220359,train
222354,train
182582,train
186029,train
169521,train
191600,train
199870,train
174842,train
221371,train
97384,train
197098,train
189154,train
175623,train
216040,train
177616,train
145724,train
177733,train
141853,train
207941,train
191971,train
125812,train
150754,train
186471,train
192870,train
186548,train
211742,train
171895,train
177316,train
207680,train
179816,train
189216,train
194164,train
211802,train
200641,train
185815,train
219685,train
176405,train
221298,train
174580,train
198524,train
195183,train
198623,train
172241,train
177509,train
170143,train
221968,train
171951,train
219468,train
127891,train
227528,train
185383,train
207210,train
203656,train
180473,train
188906,train
175785,train
187261,train
186818,train
176636,train
178806,train
177274,train
120388,train
183984,train
185770,train
199554,train
220525,train
185197,train
138795,train
220296,train
221821,train
122772,train
208341,train
193471,train
192649,train
205621,train
169359,train
195062,train
146410,train
181883,train
218479,train
221226,train
206318,train
183489,train
221382,train
181265,train
178735,train
185317,train
204584,train
170984,train
180099,train
224772,train
183051,train
177403,train
189143,train
176437,train
131276,train
212493,train
219008,train
130555,train
180658,train
168190,train
183250,train
206348,train
224522,train
180274,train
176780,train
211768,train
201716,train
201196,train
196765,train
178388,train
152923,train
219783,train
223867,train
199328,train
221580,train
222742,train
193010,train
169293,train
172937,train
173603,train
181221,train
220648,train
187893,train
92802,train
146471,train
174973,train
227656,train
180222,train
223544,train
184686,train
179530,train
202046,train
176576,train
180425,train
174869,train
182708,train
200912,train
189503,train
182704,train
220562,train
197278,train
219804,train
208977,train
127094,train
208694,train
204710,train
197279,train
129769,train
220165,train
169999,train
181324,train
210425,train
219687,train
178562,train
195162,train
121754,train
205358,train
118440,train
224500,train
206121,train
178413,train
103641,train
193222,train
222766,train
179876,train
174447,train
220472,train
202028,train
172244,train
176530,train
193745,train
120300,train
193683,train
105395,train
119990,train
208534,train
220124,train
177621,train
169099,train
78402,train
180413,train
198315,train
123280,train
176266,train
227268,train
136823,train
192012,train
170146,train
195831,train
176158,train
196122,train
223396,train
126901,train
186794,train
223025,train
184790,train
218485,train
227657,train
182571,train
188541,train
208482,train
174147,train
180574,train
188165,train
183091,train
146492,train
169508,train
218175,train
223984,train
223124,train
227795,train
227863,train
180686,train
199971,train
143728,train
176500,train
220331,train
183799,train
227529,train
177885,train
121626,train
182000,train
211883,train
218470,train
194159,train
172919,train
172766,train
224323,train
181890,train
179944,train
193539,train
207557,train
203645,train
175198,train
193802,train
219496,train
209874,train
217910,train
172607,train
207281,train
194037,train
188452,train
180896,train
183310,train
223115,train
219455,train
221835,train
192251,train
223708,train
181759,train
166003,train
184276,train
219395,train
223690,train
186013,train
188501,train
168899,train
175583,train
178997,train
222898,train
225064,train
127535,train
124856,train
195614,train
196862,train
130461,train
191085,train
98085,train
120322,train
193394,train
174449,train
196256,train
198384,train
183571,train
172599,train
222601,train
185299,train
194717,train
220186,train
200930,train
204996,train
168622,train
219665,train
172539,train
179146,train
227316,train
193546,train
175091,train
189835,train
197536,train
227324,train
186062,train
194732,train
199237,train
179544,train
131273,train
213629,train
206838,train
198625,train
201777,train
173144,train
195156,train
196920,train
190021,train
178238,train
178939,train
125814,train
220839,train
193605,train
205904,train
194233,train
223528,train
191615,train
176812,train
183726,train
172564,train
223587,train
175674,train
221532,train
214617,train
123187,train
119906,train
152526,train
202639,train
191144,train
209853,train
193924,train
180548,train
199188,train
184282,train
216033,train
194158,train
219595,train
170610,train
196978,train
92717,train
200558,train
191528,train
200040,train
208697,train
197818,train
168294,train
198609,train
198662,train
183017,train
200949,train
222280,train
208213,train
192123,train
186110,train
179866,train
183330,train
193529,train
184485,train
219820,train
209135,train
182036,train
221614,train
223394,train
207194,train
203856,train
169224,train
145192,train
183942,train
122048,train
222946,train
224611,train
212243,train
179803,train
181370,train
183077,train
195774,train
197555,train
208545,train
183376,train
211487,train
223654,train
221806,train
201368,train
220835,train
190270,train
195736,train
183554,train
190378,train
174486,train
194940,train
199420,train
142860,train
202265,train
206681,train
202749,train
184959,train
223649,train
182700,train
200292,train
223938,train
189786,train
207262,train
176913,train
219314,train
223586,train
124883,train
221548,train
189782,train
222026,train
122035,train
176800,train
200826,train
187858,train
191626,train
191286,train
184398,train
222941,train
184881,train
219613,train
182964,train
178352,train
131394,train
186497,train
219562,train
226383,train
201772,train
177802,train
171862,train
173763,train
176012,train
188432,train
185599,train
206543,train
181780,train
227044,train
155465,train
189428,train
221755,train
221891,train
181660,train
147917,train
166272,train
206494,train
200993,train
176789,train
179557,train
181371,train
192719,train
210574,train
219636,train
170975,train
183599,train
177768,train
184764,train
119353,train
209892,train
210567,train
198760,train
198842,train
186269,train
224027,train
202211,train
96947,train
133611,train
196835,train
178929,train
171526,train
189486,train
184956,train
199165,train
180767,train
211433,train
169281,train
224578,train
176937,train
227116,train
221967,train
177502,train
177332,train
198656,train
208087,train
195390,train
174777,train
204984,train
222357,train
200523,train
125495,train
193806,train
175229,train
119838,train
225862,train
188963,train
181248,train
177501,train
119759,train
133648,train
226971,train
227270,train
203665,train
178477,train
178802,train
183893,train
167889,train
203149,train
184205,train
118233,train
126003,train
177716,train
219610,train
210684,train
184496,train
211251,train
177288,train
200228,train
120332,train
193483,train
173095,train
184775,train
196939,train
227331,train
189016,train
122877,train
220674,train
193994,train
223227,train
227297,train
221671,train
172506,train
224546,train
183271,train
176258,train
176426,train
178822,train
207932,train
198380,train
174074,train
194628,train
223912,train
168491,train
228142,train
223691,train
179568,train
190143,train
179117,train
185036,train
186995,train
120460,train
145372,train
223444,train
212021,train
218975,train
225547,train
180857,train
224058,train
176147,train
188317,train
172547,train
220276,train
172998,train
223738,train
202142,train
174526,train
212662,train
175206,train
178731,train
180912,train
189119,train
188785,train
194618,train
137391,train
227725,train
175525,train
174962,train
184296,train
122813,train
182444,train
199106,train
185258,train
188147,train
122888,train
181701,train
187385,train
178360,train
179771,train
200117,train
175316,train
196819,train
181571,train
201324,train
220972,train
175746,train
205107,train
222368,train
186829,train
180717,train
177928,train
184649,train
215770,train
191308,train
224053,train
200504,train
179017,train
207847,train
180829,train
181193,train
127298,train
193413,train
220357,train
172656,train
183398,train
186542,train
179048,train
214958,train
208701,train
198804,train
189421,train
100569,train
188959,train
187727,train
189773,train
198427,train
195768,train
209679,train
207173,train
182882,train
209637,train
219261,train
214066,train
219555,train
122255,train
179545,train
218905,train
199100,train
175426,train
183074,train
144970,train
146494,train
178023,train
206949,train
178050,train
201516,train
205903,train
177277,train
196586,train
178199,train
188835,train
203092,train
174545,train
150840,train
121859,train
172460,train
173023,train
200692,train
208176,train
219692,train
195017,train
176931,train
176384,train
187048,train
223526,train
120417,train
204483,train
224475,train
201350,train
222007,train
118398,train
188704,train
182868,train
188097,train
202802,train
180009,train
176658,train
185196,train
184935,train
196917,train
172484,train
201721,train
170954,train
226296,train
223200,train
195622,train
212403,train
182047,train
192765,train
224025,train
191306,train
126157,train
193429,train
183898,train
179491,train
121033,train
206316,train
222888,train
176227,train
202151,train
120880,train
223216,train
112542,train
179610,train
180012,train
225360,train
188316,train
146417,train
175940,train
176416,train
227558,train
138581,train
122978,train
228041,train
174837,train
199877,train
174776,train
200596,train
215966,train
203459,train
180893,train
131612,train
173159,train
182631,train
150827,train
193045,train
209641,train
168138,train
189296,train
124238,train
174494,train
200571,train
220476,train
171922,train
187019,train
101702,train
224562,train
203381,train
150759,train
166917,train
197672,train
182432,train
209137,train
203277,train
175990,train
185396,train
188052,train
170394,train
222399,train
202064,train
217942,train
180672,train
177433,train
126780,train
206945,train
150888,train
189298,train
201296,train
199039,train
182825,train
213201,train
178404,train
222238,train
133706,train
181602,train
205189,train
221415,train
207548,train
133589,train
172198,train
174750,train
173870,train
129996,train
176458,train
224530,train
183462,train
207854,train
222649,train
140085,train
175044,train
221499,train
225289,train
181644,train
188106,train
183449,train
189146,train
211504,train
183728,train
201441,train
180939,train
184806,train
183617,train
222954,train
185569,train
186516,train
206319,train
220213,train
137508,train
219449,train
105397,train
126048,train
205916,train
137492,train
193681,train
208081,train
227372,train
129854,train
184046,train
214448,train
201674,train
193465,train
198624,train
168415,train
206328,train
129862,train
220821,train
222644,train
183414,train
174631,train
197969,train
205548,train
220136,train
181843,train
220192,train
177359,train
202805,train
171582,train
184755,train
221839,train
174537,train
105336,train
172931,train
200078,train
189577,train
200202,train
208228,train
226291,train
226359,train
185944,train
197350,train
174716,train
199901,train
171358,train
180585,train
177623,train
168224,train
123622,train
172222,train
186650,train
192709,train
193980,train
207804,train
174969,train
208484,train
179060,train
142849,train
181461,train
214368,train
185810,train
202928,train
182819,train
185568,train
208175,train
184825,train
180669,train
208170,train
172115,train
178680,train
202970,train
196726,train
96435,train
175062,train
217831,train
197975,train
182710,train
186076,train
182365,train
118461,train
185187,train
195983,train
214691,train
184733,train
201337,train
217580,train
193837,train
191566,train
179106,train
124086,train
179936,train
197187,train
214429,train
184933,train
133136,train
202483,train
225834,train
223835,train
206736,train
201231,train
128820,train
185279,train
93674,train
223431,train
224255,train
196607,train
184690,train
178271,train
220906,train
200910,train
213209,train
166055,train
182055,train
224483,train
184634,train
190782,train
208193,train
199375,train
102832,train
190971,train
172380,train
118756,train
221284,train
171137,train
180015,train
197869,train
222221,train
185847,train
168558,train
184176,train
184453,train
192806,train
185697,train
187107,train
179231,train
105465,train
186815,train
199754,train
192579,train
166870,train
202707,train
178797,train
182826,train
219483,train
174892,train
222247,train
202455,train
206752,train
190661,train
182434,train
219609,train
175941,train
129842,train
207670,train
126276,train
190341,train
176654,train
178218,train
224161,train
177547,train
181045,train
197276,train
225024,train
225335,train
190076,train
61394,train
127147,train
174558,train
207559,train
180367,train
197239,train
200132,train
183317,train
176291,train
227784,train
181756,train
183277,train
208096,train
196655,train
175247,train
117910,train
171680,train
200256,train
180752,train
211609,train
193021,train
179260,train
173694,train
214440,train
177759,train
185250,train
194697,train
220710,train
187748,train
205795,train
222080,train
166002,train
190641,train
202407,train
219728,train
194925,train
187132,train
181364,train
223873,train
181426,train
176259,train
175633,train
195193,train
180447,train
195861,train
197526,train
123441,train
187175,train
122886,train
221524,train
184800,train
206818,train
182302,train
208960,train
223370,train
195125,train
197000,train
186877,train
167320,train
168199,train
220651,train
144815,train
134237,train
181956,train
211380,train
167727,train
183446,train
184147,train
203723,train
133681,train
179559,train
124316,train
122985,train
201511,train
190158,train
199322,train
193942,train
175640,train
199624,train
184777,train
190848,train
176425,train
214457,train
227406,train
186387,train
203052,train
178968,train
121374,train
179224,train
201575,train
209918,train
170208,train
178261,train
191532,train
222181,train
183491,train
224777,train
184558,train
170974,train
196358,train
126087,train
137416,train
182982,train
219060,train
178336,train
193674,train
184972,train
201125,train
182054,train
211499,train
223647,train
180593,train
221693,train
175341,train
190166,train
186983,train
184640,train
118679,train
103655,train
221871,train
176233,train
223712,train
223502,train
189532,train
210262,train
198513,train
209986,train
174687,train
227188,train
200233,train
183352,train
186433,train
222049,train
121538,train
174765,train
174323,train
222396,train
179736,train
91422,train
218185,train
181350,train
195085,train
224589,train
198504,train
183485,train
202198,train
221536,train
186050,train
218939,train
193743,train
199183,train
190956,train
192801,train
190176,train
172422,train
194046,train
188757,train
177322,train
150765,train
119556,train
187756,train
192598,train
205655,train
222503,train
183827,train
187924,train
202152,train
202108,train
194867,train
134192,train
188793,train
187729,train
189542,train
189630,train
131134,train
172394,train
201344,train
179434,train
227787,train
185035,train
195134,train
183349,train
174452,train
173271,train
221965,train
169289,train
221529,train
182422,train
213654,train
206746,train
219841,train
219435,train
227104,train
200466,train
207106,train
208189,train
184586,train
226938,train
212889,train
204920,train
173319,train
188800,train
222522,train
103490,train
186939,train
207057,train
172110,train
180895,train
171868,train
223194,train
180502,train
223350,train
219398,train
223003,train
193908,train
184782,train
186324,train
200306,train
185990,train
185025,train
182565,train
221567,train
211658,train
140071,train
200581,train
179647,train
227318,train
118427,train
127574,train
212670,train
26046,train
190150,train
174641,train
186272,train
203103,train
196645,train
190017,train
205064,train
194733,train
125487,train
202930,train
192275,train
185146,train
185115,train
186018,train
121373,train
221712,train
213640,train
178616,train
214709,train
173377,train
199771,train
181106,train
194724,train
172886,train
184643,train
190806,train
176580,train
122965,train
220526,train
117820,train
176701,train
182761,train
196929,train
201678,train
176221,train
195770,train
184991,train
198377,train
168186,train
226787,train
176591,train
172983,train
180435,train
198247,train
145115,train
200126,train
200744,train
224339,train
183732,train
219351,train
186400,train
205595,train
222554,train
177465,train
144366,train
182395,train
183540,train
177466,train
122855,train
199488,train
191490,train
177541,train
185612,train
224337,train
188796,train
121627,train
201358,train
175290,train
193553,train
207277,train
180724,train
177511,train
194803,train
206415,train
224049,train
219360,train
197564,train
184362,train
200484,train
201319,train
186096,train
183722,train
222211,train
199471,train
196631,train
187259,train
181559,train
175016,train
190619,train
219010,train
154836,train
222573,train
185606,train
221159,train
153023,train
168197,train
204779,train
184471,train
188172,train
192702,train
201184,train
195107,train
206825,train
127335,train
221526,train
207919,train
207565,train
206346,train
207928,train
178584,train
181080,train
193343,train
227530,train
183145,train
199756,train
172896,train
200071,train
191165,train
194070,train
195567,train
223780,train
182911,train
222970,train
183508,train
188848,train
183161,train
122709,train
184285,train
173779,train
127890,train
182506,train
198725,train
181684,train
212115,train
220324,train
123677,train
201850,train
201620,train
183483,train
221163,train
182836,train
174412,train
184699,train
195284,train
191377,train
178335,train
179167,train
183212,train
173461,train
192020,train
175637,train
179096,train
222615,train
172913,train
178602,train
221523,train
182579,train
189809,train
181761,train
176448,train
224062,train
209416,train
173203,train
184644,train
198507,train
200903,train
224638,train
198040,train
189755,train
210576,train
175122,train
206125,train
182983,train
93782,train
199192,train
168946,train
188001,train
217938,train
172171,train
206569,train
190926,train
223864,train
212657,train
197916,train
172219,train
181062,train
203345,train
170986,train
172759,train
185660,train
138094,train
181845,train
197611,train
124750,train
192395,train
177578,train
221949,train
177734,train
124792,train
178766,train
170145,train
175219,train
126909,train
195118,train
187765,train
219313,train
222460,train
207856,train
165921,train
171848,train
119370,train
199411,train
181898,train
105851,train
189850,train
172777,train
179729,train
187791,train
131140,train
150309,train
126775,train
173920,train
104764,train
167878,train
212253,train
168484,train
207483,train
214720,train
180792,train
183776,train
187767,train
211815,train
188287,train
200939,train
201465,train
201195,train
221944,train
221556,train
179043,train
126706,train
184138,train
220328,train
211264,train
220785,train
175289,train
191994,train
188778,train
227167,train
209699,train
186978,train
179682,train
179128,train
197506,train
93514,train
184299,train
225007,train
193932,train
103654,train
181732,train
103645,train
179821,train
203283,train
189744,train
200509,train
181603,train
206127,train
205901,train
165979,train
172201,train
175450,train
134076,train
168184,train
189578,train
180766,train
195843,train
183674,train
211441,train
216342,train
181711,train
211307,train
219007,train
227346,train
181817,train
224525,train
144209,train
212070,train
185482,train
213000,train
181323,train
183797,train
227370,train
195049,train
202069,train
174316,train
152977,train
187852,train
224535,train
224621,train
215218,train
209304,train
186649,train
225864,train
224527,train
168137,train
176268,train
150788,train
191522,train
192605,train
175666,train
226015,train
197505,train
193463,train
222729,train
183331,train
214310,train
192802,train
197905,train
167307,train
178368,train
197392,train
127583,train
198334,train
134657,train
173838,train
93660,train
204629,train
171610,train
211298,train
218781,train
181189,train
183410,train
181244,train
178221,train
221553,train
193453,train
118667,train
200461,train
108740,train
155866,train
194976,train
197963,train
171866,train
193984,train
218459,train
205471,train
182481,train
171963,train
118560,train
224467,train
201410,train
221485,train
205644,train
127582,train
205005,train
184104,train
209138,train
181977,train
179473,train
201492,train
212030,train
122617,train
202043,train
195832,train
211909,train
186937,train
206231,train
122727,train
209976,train
198692,train
175139,train
198340,train
212539,train
211997,train
176767,train
121628,train
191617,train
173709,train
169150,train
184687,train
220091,train
196547,train
171539,train
221152,train
184059,train
220206,train
210374,train
174775,train
227888,train
179428,train
208869,train
168212,train
187828,train
120326,train
179981,train
183877,train
184341,train
126221,train
125547,train
125428,train
218707,train
184366,train
207862,train
145258,train
222614,train
146475,train
173479,train
226279,train
223530,train
206350,train
180094,train
204810,train
166823,train
204977,train
181675,train
221884,train
199461,train
203617,train
189197,train
199584,train
180877,train
206619,train
186986,train
179381,train
200141,train
157737,train
218901,train
179669,train
126904,train
186298,train
222356,train
194172,train
178309,train
181150,train
146296,train
181667,train
192984,train
187256,train
223415,train
224054,train
220594,train
224195,train
209633,train
222832,train
178750,train
138079,train
168129,train
173848,train
228154,train
150008,train
123147,train
221773,train
145196,train
222290,train
200563,train
184931,train
199647,train
209051,train
182412,train
171980,train
169800,train
182842,train
168789,train
227016,train
203271,train
202482,train
202285,train
224024,train
193931,train
179883,train
180464,train
150853,train
192879,train
172303,train
227013,train
222037,train
172273,train
181695,train
218114,train
176515,train
179396,train
82110,train
203305,train
185823,train
188412,train
188005,train
209200,train
126213,train
137303,train
172658,train
220922,train
176363,train
213485,train
177558,train
191695,train
191688,train
169531,train
170547,train
185989,train
197901,train
222850,train
196954,train
201280,train
220078,train
177839,train
201517,train
124333,train
176377,train
173733,train
227122,train
211799,train
206963,train
198498,train
221797,train
186872,train
123690,train
184457,train
196904,train
176335,train
184353,train
175078,train
174779,train
182431,train
223764,train
187801,train
137027,train
171580,train
183016,train
178422,train
183027,train
127735,train
200305,train
201208,train
192044,train
194586,train
179556,train
123270,train
197289,train
203300,train
161001,train
195565,train
222089,train
190330,train
194863,train
197113,train
183247,train
221301,train
226267,train
173912,train
186660,train
176706,train
178814,train
186290,train
174238,train
190140,train
137148,train
186902,train
166827,train
187688,train
145639,train
181049,train
173610,train
125672,train
183487,train
218454,train
200424,train
223569,train
173832,train
182749,train
221270,train
205448,train
184658,train
174063,train
210980,train
170962,train
196973,train
207686,train
192692,train
209121,train
202742,train
227732,train
196898,train
211348,train
176592,train
173002,train
177670,train
92676,train
170088,train
222685,train
194992,train
217836,train
182254,train
165989,train
210996,train
172948,train
175083,train
200513,train
185384,train
174373,train
184728,train
178138,train
177236,train
176876,train
171102,train
184954,train
221544,train
199498,train
179623,train
227805,train
220183,train
198801,train
190070,train
203635,train
223060,train
189128,train
196658,train
189171,train
174492,train
212549,train
124235,train
201415,train
223827,train
126227,train
203391,train
185596,train
218775,train
151034,train
228204,train
222158,train
192319,train
202027,train
182784,train
184592,train
200217,train
203476,train
134916,train
197872,train
217073,train
190226,train
221166,train
212468,train
171615,train
176696,train
181678,train
197542,train
173303,train
170534,train
220715,train
119395,train
202296,train
184973,train
187236,train
178745,train
181203,train
181218,train
195415,train
222462,train
216031,train
146386,train
186851,train
186930,train
175261,train
209693,train
174466,train
177343,train
181809,train
137038,train
105799,train
227254,train
177323,train
201667,train
211547,train
193406,train
205554,train
190925,train
203394,train
180318,train
180518,train
203287,train
201590,train
181223,train
98091,train
222913,train
179005,train
199781,train
192756,train
196882,train
133654,train
204919,train
181549,train
219967,train
122182,train
172175,train
201206,train
187802,train
226641,train
205566,train
208623,train
224470,train
222216,train
120323,train
131572,train
178932,train
196637,train
178030,train
174780,train
222133,train
203163,train
221873,train
121862,train
194687,train
187840,train
179670,train
223314,train
181176,train
171151,train
184761,train
187511,train
170982,train
191303,train
179079,train
203390,train
190045,train
223929,train
181802,train
188321,train
185121,train
203362,train
179815,train
136962,train
193398,train
194749,train
212355,train
207966,train
204965,train
221840,train
188727,train
201544,train
188141,train
203611,train
182683,train
203159,train
221785,train
202416,train
226726,train
198730,train
200579,train
189040,train
224685,train
224148,train
179366,train
221951,train
209906,train
93673,train
222225,train
168025,train
171575,train
117844,train
141697,train
98832,train
184280,train
202015,train
222838,train
178160,train
173670,train
203193,train
175835,train
179875,train
192552,train
202745,train
227186,train
189264,train
213208,train
127572,train
131570,train
222373,train
200597,train
180050,train
203380,train
146053,train
166952,train
176847,train
192518,train
190103,train
182407,train
175260,train
133631,train
175025,train
190843,train
195108,train
189634,train
183408,train
191497,train
209292,train
185380,train
210612,train
134335,train
224624,train
193646,train
173371,train
226302,train
158441,train
220177,train
186871,train
127098,train
219371,train
200231,train
196817,train
186123,train
180696,train
204054,train
174227,train
150832,train
196144,train
128816,train
223353,train
173747,train
205681,train
224523,train
180964,train
182201,train
184002,train
214705,train
176674,train
175692,train
125614,train
172562,train
211381,train
125988,train
185332,train
201649,train
198052,train
200848,train
167783,train
143020,train
220152,train
169550,train
176149,train
122102,train
184174,train
177111,train
175668,train
179235,train
224223,train
224080,train
180743,train
196838,train
181612,train
197353,train
190662,train
183320,train
177591,train
142462,train
184490,train
122444,train
177887,train
221093,train
209704,train
199718,train
223024,train
178433,train
190753,train
220780,train
198540,train
226377,train
221241,train
192725,train
222481,train
198596,train
172281,train
199371,train
185498,train
171409,train
225021,train
219248,train
174673,train
175957,train
143376,train
219526,train
176708,train
137349,train
175946,train
199176,train
211737,train
204804,train
202755,train
126019,train
208022,train
181346,train
208393,train
172444,train
122995,train
224946,train
197464,train
185347,train
52535,train
105870,train
176170,train
186938,train
219596,train
188703,train
185801,train
220633,train
222603,train
120896,train
175136,train
118408,train
182397,train
181054,train
152069,train
186466,train
227345,train
219832,train
187106,train
201317,train
222571,train
189464,train
222010,train
171472,train
180868,train
224039,train
219343,train
139610,train
175700,train
179755,train
205325,train
177425,train
203595,train
182332,train
178619,train
222172,train
178571,train
175127,train
193356,train
181102,train
220765,train
186887,train
220550,train
219362,train
200123,train
205061,train
186657,train
198628,train
223992,train
181378,train
174665,train
172779,train
205076,train
224340,train
217726,train
177674,train
203297,train
221272,train
146290,train
118652,train
199683,train
188397,train
184696,train
197930,train
183573,train
212563,train
181741,train
223051,train
188662,train
182511,train
207453,train
186030,train
122191,train
171076,train
176956,train
188163,train
176827,train
184196,train
136833,train
209929,train
184770,train
180565,train
195123,train
174294,train
198671,train
212017,train
176613,train
221158,train
175011,train
207116,train
118474,train
192700,train
178494,train
196718,train
181127,train
197328,train
184758,train
92777,train
183608,train
195793,train
215971,train
187069,train
168483,train
181767,train
223159,train
125006,train
198785,train
179688,train
174370,train
179134,train
227243,train
225970,train
206549,train
199166,train
175608,train
225337,train
185807,train
196828,train
199721,train
203686,train
185290,train
171954,train
184167,train
227537,train
188788,train
176679,train
199257,train
183788,train
193421,train
200926,train
134727,train
178509,train
196830,train
131280,train
205935,train
194270,train
193729,train
129875,train
208097,train
179210,train
127534,train
198234,train
225505,train
189167,train
203431,train
198561,train
167707,train
222110,train
181057,train
199717,train
188229,train
213473,train
195323,train
200167,train
222397,train
177018,train
178922,train
205592,train
174519,train
187766,train
208981,train
168154,train
186942,train
185206,train
185214,train
172376,train
198050,train
227479,train
193345,train
197218,train
195522,train
127660,train
175871,train
200761,train
126004,train
212297,train
205401,train
141628,train
222581,train
197131,train
139073,train
208317,train
223743,train
149563,train
175234,train
201419,train
223986,train
205058,train
189545,train
185238,train
167683,train
203537,train
212570,train
192367,train
226165,train
179590,train
188602,train
170550,train
201893,train
194087,train
183849,train
221650,train
192325,train
218482,train
188742,train
191279,train
189315,train
180790,train
197337,train
200308,train
181914,train
180540,train
181789,train
174571,train
182850,train
203334,train
176182,train
216934,train
219181,train
118613,train
168781,train
197953,train
154191,train
191679,train
201967,train
190968,train
171761,train
207943,train
177597,train
222563,train
218915,train
224495,train
186403,train
181372,train
227518,train
93574,train
193567,train
219800,train
184727,train
184574,train
171841,train
180678,train
183889,train
200402,train
178292,train
171776,train
199656,train
193358,train
176346,train
173558,train
172074,train
174753,train
181692,train
187811,train
188124,train
179630,train
221705,train
181916,train
189474,train
186327,train
177952,train
199743,train
183156,train
178579,train
186377,train
184950,train
102347,train
227555,train
210623,train
120808,train
198768,train
207480,train
198184,train
189259,train
174795,train
175960,train
189025,train
120521,train
166103,train
177317,train
222993,train
184007,train
126596,train
189943,train
102611,train
172231,train
191576,train
196652,train
219641,train
174045,train
198197,train
144217,train
199541,train
224207,train
203245,train
210120,train
183753,train
176151,train
171760,train
214960,train
200465,train
77966,train
199367,train
179649,train
193583,train
122878,train
178995,train
220481,train
226161,train
222617,train
219384,train
174957,train
206753,train
195154,train
218549,train
224371,train
192364,train
206813,train
219162,train
223140,train
206487,train
189754,train
198285,train
181529,train
219380,train
218992,train
176156,train
205656,train
185270,train
186462,train
221023,train
189047,train
172964,train
183361,train
170955,train
93037,train
197031,train
93794,train
125995,train
176249,train
196663,train
179609,train
203812,train
192957,train
188825,train
202751,train
212298,train
124254,train
221964,train
92706,train
174143,train
178702,train
182858,train
220675,train
182519,train
125687,train
187809,train
195925,train
189435,train
192369,train
225967,train
175272,train
189017,train
173718,train
197020,train
185263,train
184068,train
198473,train
227467,train
176783,train
221652,train
200264,train
193667,train
195027,train
118575,train
192722,train
191151,train
190274,train
176273,train
202674,train
222388,train
177813,train
212250,train
180866,train
192494,train
151662,train
92709,train
202178,train
172826,train
181163,train
195848,train
176663,train
217490,train
202509,train
205882,train
196698,train
172814,train
197929,train
117904,train
182326,train
191961,train
193586,train
140156,train
187890,train
226736,train
202279,train
179459,train
222564,train
182773,train
140064,train
184660,train
181058,train
223930,train
137421,train
180385,train
220709,train
225657,train
186380,train
188811,train
190535,train
175017,train
219558,train
223662,train
171972,train
227492,train
222721,train
221885,train
173621,train
200258,train
196559,train
181671,train
92773,train
184354,train
205488,train
174717,train
183563,train
225109,train
126573,train
223048,train
178561,train
221842,train
169236,train
225112,train
209931,train
150768,train
223731,train
187547,train
186266,train
125990,train
208961,train
186454,train
196720,train
173460,train
213226,train
172436,train
187744,train
100558,train
203335,train
185947,train
176565,train
183824,train
181865,train
173575,train
120014,train
167723,train
181155,train
148490,train
219684,train
193373,train
222138,train
206514,train
201162,train
214723,train
169448,train
211775,train
196815,train
203729,train
214354,train
188826,train
177476,train
224251,train
218982,train
173688,train
221388,train
189602,train
206379,train
203413,train
100573,train
182606,train
185215,train
166815,train
181945,train
209925,train
219450,train
136961,train
223144,train
179139,train
189120,train
212619,train
200408,train
200719,train
199692,train
218942,train
225348,train
211366,train
219605,train
181691,train
175404,train
106948,train
184153,train
145447,train
184221,train
202267,train
173923,train
122005,train
176455,train
219661,train
177915,train
183635,train
189609,train
121615,train
224126,train
174741,train
190638,train
185474,train
195704,train
205902,train
207107,train
207348,train
178609,train
175580,train
211656,train
145402,train
152211,train
193004,train
179464,train
219615,train
179088,train
126759,train
184141,train
209988,train
194614,train
184579,train
118432,train
221269,train
145791,train
193441,train
218552,train
118630,train
193552,train
194830,train
172266,train
179229,train
127097,train
184027,train
205998,train
175280,train
171616,train
177542,train
212303,train
172143,train
126079,train
184642,train
175777,train
174313,train
171915,train
193099,train
186867,train
171059,train
182766,train
166912,train
101908,train
169824,train
87258,train
188842,train
177779,train
220300,train
202130,train
194044,train
181722,train
221725,train
183601,train
216896,train
212675,train
137972,train
197839,train
149688,train
171983,train
199665,train
175067,train
125883,train
127530,train
173324,train
206637,train
194652,train
222623,train
123285,train
175395,train
174460,train
207675,train
178489,train
194001,train
186949,train
178473,train
200229,train
223241,train
118403,train
207443,train
178355,train
176769,train
122764,train
181766,train
182401,train
220541,train
193313,train
176834,train
190180,train
226985,train
219582,train
197344,train
227688,train
141644,train
177519,train
205555,train
226330,train
221746,train
125891,train
203483,train
173905,train
172765,train
124882,train
197702,train
219947,train
186065,train
175319,train
182379,train
183440,train
147063,train
180483,train
202496,train
197143,train
221059,train
136910,train
175587,train
204071,train
179102,train
220830,train
173230,train
226260,train
197085,train
210512,train
184355,train
123235,train
188422,train
173008,train
186987,train
211664,train
195824,train
187083,train
183707,train
166955,train
206498,train
188326,train
212020,train
169484,train
199595,train
199074,train
179136,train
220131,train
212571,train
214734,train
227235,train
195388,train
203551,train
192754,train
193911,train
169336,train
175064,train
178452,train
181530,train
166009,train
177993,train
187393,train
190204,train
192396,train
173174,train
174310,train
197224,train
181236,train
186993,train
223023,train
182535,train
198772,train
227908,train
228200,train
194766,train
183756,train
186885,train
170441,train
205054,train
186017,train
130560,train
184438,train
202048,train
220043,train
167401,train
182912,train
223412,train
182330,train
178430,train
215730,train
197871,train
179950,train
201976,train
178759,train
223152,train
199135,train
205573,train
224487,train
176908,train
193519,train
187062,train
194605,train
144160,train
137250,train
184446,train
220348,train
222149,train
174802,train
190761,train
186224,train
175784,train
198004,train
209273,train
146409,train
226835,train
168126,train
202334,train
183382,train
199265,train
219650,train
220363,train
222983,train
203832,train
206565,train
227247,train
198829,train
211518,train
208411,train
196061,train
166904,train
195942,train
196745,train
196562,train
180325,train
193597,train
76592,train
175442,train
215290,train
218264,train
187046,train
146466,train
180838,train
176172,train
196653,train
221482,train
185244,train
155763,train
220524,train
179637,train
176427,train
206723,train
120369,train
198614,train
172001,train
188218,train
212472,train
188801,train
137943,train
178752,train
187857,train
126592,train
218740,train
180432,train
202484,train
222968,train
218260,train
105697,train
171087,train
119327,train
192090,train
193571,train
172317,train
181961,train
183291,train
196702,train
218176,train
174853,train
152529,train
175345,train
125539,train
131145,train
125948,train
189142,train
208555,train
184927,train
174789,train
175327,train
173683,train
193673,train
194604,train
123932,train
178478,train
180554,train
186639,train
137347,train
172028,train
186485,train
223056,train
190205,train
225963,train
103509,train
199532,train
178881,train
221687,train
122826,train
170998,train
185000,train
181198,train
186475,train
223613,train
209630,train
181905,train
174218,train
166080,train
226002,train
198994,train
179226,train
206897,train
173762,train
184813,train
195865,train
202327,train
144947,train
189976,train
220538,train
182045,train
183465,train
203416,train
175353,train
200482,train
181648,train
193424,train
221668,train
168439,train
184783,train
222551,train
133670,train
228211,train
171140,train
210261,train
193270,train
145373,train
139889,train
193613,train
176028,train
224115,train
180276,train
212460,train
175162,train
218739,train
228145,train
127902,train
188431,train
221234,train
218824,train
172780,train
184011,train
191673,train
121960,train
184281,train
192560,train
186277,train
174604,train
165922,train
198396,train
226389,train
185131,train
93523,train
195127,train
190802,train
205775,train
184743,train
186404,train
181488,train
200834,train
166896,train
199324,train
185793,train
220485,train
173201,train
180749,train
201291,train
222547,train
122825,train
191362,train
146469,train
120519,train
142605,train
181301,train
176787,train
183668,train
193989,train
187803,train
199977,train
205922,train
182638,train
172416,train
204083,train
178466,train
220388,train
199573,train
222009,train
208098,train
201578,train
182480,train
220737,train
226939,train
174688,train
193838,train
131284,train
186265,train
174273,train
227606,train
193626,train
198587,train
173602,train
227439,train
203597,train
208650,train
176714,train
93599,train
180532,train
180404,train
177842,train
181241,train
213606,train
197108,train
183779,train
193545,train
205630,train
200771,train
179858,train
197857,train
198641,train
204697,train
176351,train
196849,train
191588,train
145254,train
190015,train
183191,train
200913,train
169214,train
174104,train
227839,train
221832,train
184226,train
187340,train
187263,train
220626,train
186373,train
178233,train
173384,train
126222,train
152296,train
184273,train
173891,train
173922,train
195933,train
221222,train
170478,train
219698,train
185152,train
200138,train
117850,train
224166,train
127910,train
196600,train
195122,train
171936,train
177527,train
176376,train
224210,train
189589,train
179352,train
207188,train
187391,train
193339,train
195699,train
137414,train
220381,train
183585,train
173936,train
193328,train
171943,train
222264,train
179006,train
223112,train
131122,train
187839,train
129287,train
222952,train
202007,train
220720,train
189018,train
184163,train
214959,train
225980,train
194660,train
138901,train
191339,train
227660,train
223215,train
223687,train
196955,train
185272,train
93526,train
196897,train
179540,train
187433,train
206831,train
194966,train
201214,train
109278,train
195790,train
227519,train
184516,train
207552,train
182259,train
172492,train
181765,train
130983,train
182540,train
175087,train
101943,train
178607,train
224593,train
198448,train
174060,train
220154,train
189649,train
218767,train
179932,train
206192,train
184748,train
174270,train
220134,train
174284,train
181827,train
184877,train
172557,train
221577,train
167329,train
181362,train
183600,train
181556,train
214452,train
219976,train
222338,train
119627,train
192407,train
137333,train
190575,train
128545,train
198978,train
181143,train
180845,train
221817,train
209863,train
189665,train
122135,train
182371,train
184637,train
205929,train
226729,train
184700,train
201159,train
179255,train
167845,train
173032,train
176192,train
177487,train
227103,train
202909,train
178636,train
99848,train
126887,train
186073,train
176103,train
226741,train
182505,train
222114,train
174446,train
177725,train
191250,train
223108,train
201282,train
92794,train
174956,train
199416,train
185731,train
182012,train
124849,train
179594,train
155774,train
183762,train
176016,train
175617,train
203201,train
122939,train
211243,train
167994,train
188765,train
196603,train
180975,train
201837,train
126329,train
220662,train
129290,train
172204,train
96378,train
210981,train
199723,train
181787,train
201485,train
200164,train
177683,train
211248,train
220400,train
178379,train
199996,train
209711,train
197188,train
226759,train
225378,train
179040,train
221249,train
88766,train
182641,train
195338,train
184884,train
204574,train
214451,train
189113,train
181655,train
201254,train
118737,train
196579,train
144620,train
220153,train
177284,train
193874,train
220042,train
181937,train
189702,train
222008,train
224496,train
184156,train
176165,train
174431,train
121550,train
222556,train
212050,train
196627,train
189826,train
199794,train
171977,train
183792,train
183609,train
225999,train
191322,train
175392,train
226678,train
174404,train
185888,train
218917,train
202688,train
206332,train
183371,train
207175,train
219798,train
178606,train
183547,train
125565,train
206191,train
178547,train
177633,train
181734,train
186875,train
191633,train
136072,train
182383,train
180814,train
222351,train
206515,train
183553,train
203561,train
177719,train
177549,train
184222,train
174011,train
221392,train
203213,train
207718,train
219660,train
195794,train
181342,train
183313,train
173326,train
221863,train
224234,train
176893,train
105674,train
177297,train
173304,train
174807,train
166220,train
177729,train
197909,train
199126,train
179488,train
192880,train
184235,train
184902,train
188883,train
102044,train
199606,train
179991,train
186375,train
178020,train
186447,train
203439,train
219510,train
174981,train
100559,train
198788,train
222468,train
172745,train
181868,train
146491,train
188503,train
220487,train
145455,train
211508,train
120971,train
207354,train
193548,train
219533,train
120343,train
174561,train
183642,train
173853,train
205437,train
206465,train
186391,train
221793,train
224547,train
119690,train
193712,train
220721,train
198491,train
191486,train
225259,train
193365,train
220904,train
198779,train
220577,train
207683,train
184612,train
179953,train
172478,train
199056,train
183696,train
220494,train
225549,train
179632,train
121880,train
187764,train
138524,train
222707,train
185669,train
177583,train
174626,train
192782,train
181576,train
188139,train
175928,train
187805,train
174531,train
225861,train
177345,train
212455,train
138675,train
190507,train
186294,train
193941,train
195095,train
184431,train
203481,train
124885,train
176689,train
221616,train
176698,train
197458,train
175656,train
188037,train
198948,train
219376,train
205854,train
182442,train
187388,train
193621,train
143310,train
223677,train
187067,train
222878,train
186453,train
225016,train
174844,train
118774,train
208367,train
188133,train
189608,train
176313,train
182146,train
173048,train
228213,train
218517,train
221143,train
200543,train
215329,train
192387,train
137987,train
224674,train
182624,train
174462,train
183715,train
124017,train
119515,train
183274,train
222568,train
188000,train
183971,train
122870,train
146500,train
221304,train
178558,train
173943,train
193214,train
196529,train
202102,train
189698,train
193925,train
223021,train
221644,train
221346,train
205855,train
187520,train
194268,train
182308,train
174233,train
196617,train
200886,train
184721,train
200577,train
223883,train
181885,train
176813,train
173015,train
180894,train
224081,train
178592,train
181902,train
180605,train
206666,train
176402,train
227197,train
201269,train
146489,train
220458,train
226336,train
97392,train
206504,train
184118,train
177419,train
183641,train
182673,train
178820,train
171765,train
92707,train
198433,train
226381,train
202301,train
224913,train
175878,train
119603,train
187148,train
224598,train
192789,train
196661,train
119044,train
137261,train
175698,train
172781,train
119147,train
182081,train
200866,train
178025,train
225068,train
213040,train
224011,train
174816,train
180467,train
224630,train
172898,train
123390,train
125848,train
206489,train
178295,train
177192,train
185002,train
214587,train
137516,train
179164,train
225975,train
181131,train
200411,train
182163,train
197292,train
126163,train
179499,train
182005,train
199671,train
200941,train
188766,train
172278,train
200625,train
181333,train
189789,train
220877,train
184893,train
210611,train
128808,train
213609,train
183442,train
186389,train
179946,train
202079,train
168623,train
178310,train
169653,train
208212,train
186896,train
146392,train
206057,train
206578,train
207681,train
189583,train
190178,train
183983,train
206467,train
180867,train
196705,train
137328,train
188404,train
226325,train
171070,train
119328,train
180546,train
203043,train
196879,train
185424,train
173693,train
219401,train
208407,train
181476,train
169146,train
222634,train
220561,train
221711,train
211947,train
177431,train
227651,train
226007,train
120448,train
184000,train
227294,train
214643,train
185365,train
177561,train
196693,train
201723,train
172813,train
173232,train
186518,train
179119,train
213632,train
203003,train
188328,train
181552,train
175586,train
201471,train
173364,train
185672,train
180533,train
101695,train
205914,train
176159,train
185239,train
220834,train
174357,train
178246,train
197286,train
201940,train
203823,train
178590,train
183321,train
197856,train
222873,train
152817,train
176732,train
185484,train
211458,train
221880,train
155775,train
121929,train
168972,train
180731,train
183391,train
196727,train
137383,train
214386,train
180652,train
126217,train
204699,train
177563,train
187264,train
181245,train
196777,train
183401,train
122176,train
207082,train
100570,train
206372,train
212251,train
222566,train
180268,train
179389,train
183686,train
194985,train
220216,train
203738,train
227772,train
180923,train
181075,train
200175,train
197288,train
226589,train
187075,train
179867,train
121539,train
227228,train
146467,train
168181,train
191160,train
184580,train
203444,train
172864,train
198536,train
192740,train
222175,train
185194,train
198055,train
184186,train
222261,train
140026,train
186827,train
220774,train
195289,train
199175,train
190331,train
166605,train
172642,train
173596,train
174979,train
223989,train
176035,train
123159,train
203742,train
180978,train
129897,train
184171,train
166830,train
220566,train
190342,train
202038,train
183447,train
181471,train
175049,train
178394,train
174768,train
186053,train
174782,train
222663,train
193020,train
179392,train
179487,train
121927,train
136808,train
195023,train
134719,train
153008,train
198821,train
205059,train
181997,train
188018,train
142851,train
177988,train
178108,train
193495,train
170997,train
207467,train
212245,train
195044,train
203261,train
181895,train
222569,train
179057,train
222494,train
226284,train
188714,train
183146,train
126105,train
176120,train
205900,train
196820,train
212652,train
174439,train
122795,train
221769,train
137142,train
222627,train
219154,train
185408,train
195780,train
219732,train
193574,train
200223,train
193466,train
181113,train
122883,train
179894,train
175794,train
199503,train
192041,train
185103,train
140112,train
145257,train
201413,train
145388,train
176366,train
177311,train
187856,train
226990,train
183637,train
187763,train
179951,train
199376,train
125591,train
183251,train
203150,train
173036,train
209676,train
214625,train
145255,train
142636,train
182155,train
227886,train
178625,train
214610,train
196891,train
223741,train
198329,train
206035,train
185339,train
195068,train
208621,train
179291,train
220322,train
184636,train
196833,train
188112,train
187994,train
223126,train
182984,train
174115,train
179397,train
173208,train
125497,train
120788,train
199270,train
176247,train
137145,train
169752,train
176329,train
210986,train
183667,train
174478,train
186247,train
185838,train
100578,train
201325,train
190242,train
198231,train
171846,train
147090,train
175757,train
137413,train
178723,train
177007,train
148272,train
181088,train
220551,train
223765,train
184577,train
172582,train
140012,train
93517,train
190622,train
180907,train
205818,train
198229,train
100315,train
179140,train
175615,train
192517,train
205660,train
191611,train
214493,train
183479,train
214614,train
173547,train
148782,train
178716,train
211120,train
217905,train
176119,train
126081,train
122137,train
196290,train
224139,train
125034,train
199604,train
200785,train
179248,train
190309,train
176144,train
191678,train
120527,train
197693,train
217718,train
187887,train
175107,train
194635,train
172581,train
123977,train
191689,train
203262,train
189766,train
152976,train
172388,train
220782,train
174336,train
219556,train
211611,train
181874,train
189951,train
187006,train
182583,train
204778,train
222949,train
189137,train
195926,train
145306,train
226391,train
177790,train
182625,train
220600,train
223073,train
192912,train
185153,train
221701,train
130911,train
169220,train
165918,train
195828,train
100561,train
212005,train
196466,train
196621,train
174739,train
193392,train
227559,train
189780,train
176577,train
184338,train
123921,train
184583,train
212280,train
181810,train
191154,train
137305,train
186098,train
221130,train
176839,train
225536,train
200868,train
193570,train
204064,train
138372,train
199267,train
184294,train
185456,train
181727,train
184879,train
176796,train
177728,train
131569,train
200127,train
169354,train
222067,train
205470,train
179941,train
212653,train
178837,train
181757,train
125003,train
201494,train
173019,train
195864,train
198793,train
222033,train
182068,train
190743,train
225089,train
166597,train
180494,train
223863,train
174610,train
173223,train
199191,train
193439,train
184824,train
184624,train
130481,train
223728,train
168902,train
207635,train
205885,train
147101,train
131020,train
166916,train
175988,train
101951,train
130997,train
224700,train
206402,train
92690,train
186824,train
219602,train
172771,train
196532,train
196516,train
221329,train
199974,train
168669,train
195859,train
201311,train
183787,train
219807,train
223151,train
183333,train
189015,train
225050,train
176274,train
185849,train
124208,train
172967,train
212669,train
198616,train
199434,train
191087,train
178349,train
184241,train
221091,train
203574,train
203151,train
195043,train
193286,train
176237,train
193568,train
207576,train
227857,train
126005,train
201986,train
227534,train
137307,train
227734,train
175462,train
194664,train
173698,train
181972,train
183152,train
180924,train
100566,train
171522,train
201554,train
188415,train
181910,train
184075,train
185342,train
222428,train
179118,train
227355,train
203643,train
171408,train
177784,train
183064,train
222226,train
145241,train
183886,train
211379,train
166007,train
209147,train
176180,train
220574,train
175301,train
179808,train
189370,train
178704,train
197193,train
174712,train
171147,train
187047,train
183082,train
125879,train
196243,train
200524,train
174623,train
219612,train
184678,train
219244,train
118490,train
197875,train
174719,train
184264,train
182662,train
218908,train
181456,train
226761,train
182324,train
200518,train
187003,train
218437,train
178887,train
119886,train
200680,train
201354,train
222840,train
174321,train
223862,train
202255,train
194439,train
184305,train
199767,train
195009,train
189097,train
187409,train
206052,train
226821,train
177780,train
179691,train
127324,train
177523,train
177457,train
224350,train
169332,train
211514,train
212659,train
174283,train
195045,train
175730,train
190741,train
178651,train
185375,train
219882,train
152995,train
179679,train
214287,train
188760,train
221796,train
186101,train
224635,train
224603,train
190183,train
168757,train
184461,train
172063,train
219179,train
181354,train
201616,train
208987,train
173027,train
178868,train
185476,train
198808,train
209418,train
187593,train
104312,train
124952,train
222604,train
222917,train
180677,train
217830,train
183204,train
186255,train
212225,train
174145,train
179685,train
210616,train
185537,train
179123,train
183365,train
227434,train
180353,train
177909,train
176333,train
186313,train
127727,train
223117,train
219873,train
171075,train
202853,train
150709,train
185191,train
175096,train
219096,train
209044,train
176821,train
184390,train
183500,train
189092,train
178946,train
205477,train
220783,train
210371,train
195097,train
181137,train
176961,train
166933,train
175669,train
192556,train
223648,train
197267,train
198008,train
191294,train
190187,train
174251,train
221988,train
185844,train
128309,train
174150,train
189629,train
173465,train
185662,train
208871,train
206497,train
173608,train
178692,train
204208,train
130118,train
193744,train
211232,train
183380,train
187494,train
188206,train
174148,train
178849,train
214572,train
222142,train
182075,train
142383,train
192386,train
176164,train
89794,train
122631,train
181109,train
96429,train
130996,train
219534,train
190334,train
202089,train
178948,train
184121,train
178955,train
191168,train
183538,train
205828,train
174577,train
120706,train
182423,train
172670,train
201342,train
120531,train
194689,train
192938,train
181653,train
125846,train
190633,train
195098,train
181233,train
189596,train
208388,train
206542,train
176467,train
183603,train
175682,train
188436,train
219114,train
186271,train
152990,train
172435,train
106127,train
176655,train
209053,train
194128,train
184850,train
227320,train
183415,train
177002,train
140352,train
174012,train
129856,train
183676,train
171758,train
221826,train
223565,train
202026,train
174861,train
196569,train
192776,train
221552,train
204781,train
208675,train
222782,train
174575,train
200129,train
201424,train
187818,train
209618,train
223799,train
198447,train
126338,train
218755,train
184796,train
122822,train
192207,train
134725,train
222937,train
204573,train
157693,train
154842,train
169821,train
220508,train
214444,train
177308,train
179692,train
186395,train
223573,train
207963,train
192758,train
226012,train
187112,train
208338,train
189522,train
209182,train
181169,train
177626,train
175291,train
193785,train
223633,train
203628,train
179565,train
121846,train
184345,train
172458,train
173748,train
198341,train
178386,train
176835,train
176608,train
221366,train
226399,train
202360,train
201024,train
184675,train
192347,train
226983,train
194176,train
203070,train
184509,train
183743,train
201973,train
226621,train
186555,train
195703,train
200434,train
220127,train
184861,train
221856,train
178458,train
193693,train
225964,train
178640,train
180312,train
225057,train
197652,train
138046,train
175038,train
226538,train
180429,train
217822,train
198175,train
211351,train
187009,train
205402,train
168170,train
186936,train
173340,train
199491,train
118622,train
220554,train
183683,train
178550,train
194609,train
137341,train
172957,train
174189,train
222907,train
219599,train
101691,train
188250,train
142384,train
179094,train
177794,train
174935,train
174520,train
118637,train
181984,train
227194,train
223066,train
200595,train
187049,train
219584,train
175008,train
223846,train
122056,train
120331,train
222650,train
176141,train
179846,train
211993,train
174389,train
220263,train
223063,train
174416,train
109129,train
192393,train
189394,train
214957,train
205416,train
182262,train
207689,train
184996,train
187269,train
206819,train
187932,train
172888,train
174527,train
199319,train
227008,train
201589,train
89826,train
176795,train
209866,train
219155,train
119483,train
226005,train
191329,train
224301,train
187823,train
181107,train
189101,train
165974,train
197865,train
166959,train
219691,train
177671,train
178970,train
184835,train
193880,train
178441,train
222969,train
184172,train
199529,train
122632,train
227390,train
120949,train
202929,train
177741,train
199716,train
195852,train
201677,train
176731,train
227554,train
209414,train
186476,train
209928,train
184781,train
194982,train
176494,train
222176,train
223046,train
178733,train
226877,train
203601,train
185655,train
224341,train
206493,train
176623,train
223247,train
220377,train
177271,train
184819,train
225052,train
177280,train
177580,train
178842,train
209123,train
142646,train
177506,train
173254,train
202357,train
103143,train
188253,train
206957,train
172848,train
175134,train
138649,train
179458,train
219377,train
211991,train
120229,train
179599,train
201473,train
182361,train
181794,train
188143,train
223175,train
214961,train
186933,train
197283,train
180111,train
183680,train
129989,train
118601,train
121240,train
194806,train
180226,train
188450,train
193083,train
183580,train
212230,train
207584,train
205812,train
185522,train
224119,train
201556,train
171949,train
180575,train
208249,train
120497,train
226419,train
166869,train
176865,train
224503,train
180742,train
207720,train
171523,train
219207,train
125589,train
118746,train
170192,train
144066,train
202984,train
209141,train
190174,train
181709,train
129999,train
192863,train
175283,train
200967,train
212479,train
203525,train
222442,train
177788,train
184224,train
188247,train
138645,train
219844,train
127300,train
223597,train
200487,train
221010,train
179359,train
219383,train
175284,train
197290,train
219423,train
190035,train
198419,train
224612,train
187150,train
184618,train
206568,train
197387,train
219836,train
176932,train
185524,train
188805,train
197130,train
199581,train
203463,train
205493,train
176000,train
180291,train
177831,train
119726,train
177349,train
225027,train
205519,train
187408,train
197723,train
181136,train
211437,train
175578,train
179448,train
221667,train
182592,train
182527,train
177770,train
211732,train
194994,train
163713,train
194088,train
201609,train
187272,train
193592,train
185164,train
222134,train
195353,train
222868,train
193415,train
187061,train
181121,train
203678,train
186430,train
178217,train
182327,train
214750,train
222020,train
180402,train
178444,train
220189,train
202815,train
176432,train
173750,train
198056,train
205466,train
134296,train
197892,train
172389,train
172356,train
210572,train
193456,train
227556,train
221658,train
196747,train
175722,train
177325,train
173739,train
222375,train
209908,train
180109,train
172165,train
171854,train
221815,train
137388,train
169455,train
179938,train
185528,train
196899,train
187518,train
207519,train
137090,train
184747,train
220488,train
218667,train
181715,train
201201,train
167776,train
189580,train
222251,train
225868,train
193620,train
201234,train
206563,train
200604,train
133232,train
227779,train
166264,train
177335,train
127528,train
221811,train
200660,train
222000,train
178601,train
208406,train
199152,train
177858,train
124224,train
201359,train
184013,train
181893,train
214434,train
183798,train
220436,train
226937,train
209543,train
89825,train
221009,train
225813,train
189774,train
177807,train
223292,train
183976,train
200891,train
184997,train
173004,train
225844,train
137722,train
202746,train
216457,train
148274,train
225826,train
173468,train
188960,train
225056,train
195755,train
194627,train
205187,train
173091,train
205038,train
218830,train
209871,train
183570,train
223753,train
184210,train
173788,train
197528,train
182320,train
188319,train
175251,train
156070,train
227715,train
175315,train
121863,train
220844,train
200030,train
197944,train
145741,train
174714,train
184713,train
188135,train
118518,train
211731,train
200470,train
223562,train
220459,train
200938,train
220689,train
178190,train
181547,train
185982,train
201739,train
203264,train
184801,train
180208,train
172545,train
201981,train
192745,train
196468,train
179725,train
199231,train
126576,train
187041,train
204709,train
209151,train
176056,train
186315,train
188748,train
226204,train
139592,train
188899,train
183285,train
166099,train
127663,train
208570,train
97514,train
223847,train
178161,train
174559,train
188746,train
198475,train
224768,train
192811,train
122616,train
184924,train
176953,train
181825,train
176612,train
210930,train
194923,train
213482,train
186819,train
217636,train
223229,train
211555,train
186547,train
221970,train
178398,train
167698,train
192565,train
221438,train
151626,train
221827,train
152077,train
171851,train
179209,train
125584,train
201004,train
201412,train
196923,train
184917,train
165833,train
192182,train
220280,train
174411,train
203811,train
203140,train
192038,train
185132,train
179241,train
204569,train
220694,train
178358,train
96416,train
223870,train
183084,train
200592,train
222572,train
218452,train
188995,train
195857,train
225339,train
198386,train
215289,train
208656,train
187405,train
211370,train
200035,train
209054,train
127520,train
200483,train
180042,train
205436,train
184791,train
175595,train
141696,train
188518,train
183957,train
109128,train
176648,train
121620,train
200545,train
181534,train
193362,train
175869,train
189769,train
189595,train
172066,train
178863,train
219919,train
181104,train
173382,train
173446,train
214365,train
185228,train
201276,train
96831,train
184941,train
208198,train
187007,train
101958,train
124083,train
125206,train
182757,train
173431,train
197541,train
126799,train
127905,train
216153,train
179664,train
224509,train
131742,train
190050,train
170226,train
205905,train
203095,train
119994,train
185836,train
220044,train
221551,train
127679,train
219779,train
184394,train
227515,train
210978,train
198620,train
190772,train
177566,train
184301,train
218771,train
187394,train
182136,train
172509,train
181429,train
205134,train
199331,train
171541,train
212227,train
185259,train
168123,train
222377,train
199732,train
209933,train
226418,train
123171,train
208775,train
184500,train
220032,train
178852,train
184541,train
222024,train
185225,train
203462,train
186443,train
222126,train
177478,train
176145,train
171974,train
227682,train
185155,train
176793,train
92678,train
127036,train
172949,train
206557,train
223858,train
198594,train
137263,train
202434,train
200437,train
194043,train
198469,train
180433,train
206776,train
187377,train
179587,train
193730,train
221648,train
185892,train
222529,train
205499,train
181377,train
219592,train
183910,train
176032,train
173305,train
92813,train
219745,train
227549,train
126784,train
202735,train
220402,train
182659,train
201217,train
98367,train
185530,train
191484,train
217743,train
189254,train
176772,train
171901,train
213475,train
143576,train
189114,train
178479,train
223549,train
137300,train
220137,train
171611,train
221819,train
211798,train
177075,train
226739,train
188414,train
226205,train
175713,train
135798,train
199463,train
186509,train
93584,train
221673,train
171877,train
214732,train
179288,train
204787,train
179879,train
227482,train
214569,train
200024,train
168675,train
185861,train
203426,train
207237,train
197404,train
207805,train
203278,train
221365,train
206042,train
196722,train
199244,train
223810,train
180702,train
226416,train
134644,train
197876,train
191972,train
191684,train
182601,train
214439,train
169230,train
190574,train
189897,train
206193,train
182428,train
174459,train
182663,train
197183,train
175309,train
227315,train
195798,train
209696,train
186990,train
200182,train
186996,train
174267,train
174438,train
189256,train
188363,train
184680,train
223043,train
195056,train
88027,train
205600,train
181925,train
211363,train
202818,train
185543,train
185545,train
215535,train
175662,train
219535,train
177207,train
138653,train
181993,train
182492,train
175074,train
184814,train
136966,train
207802,train
203284,train
227712,train
200406,train
118235,train
227087,train
178518,train
181083,train
173297,train
179721,train
179700,train
186283,train
181239,train
129990,train
126078,train
174881,train
186308,train
178332,train
118691,train
201355,train
187970,train
177873,train
184149,train
176804,train
174618,train
201611,train
190451,train
222761,train
200180,train
224116,train
192793,train
207779,train
186956,train
187881,train
185334,train
184701,train
177337,train
184739,train
188158,train
218747,train
125000,train
167166,train
185102,train
168349,train
132832,train
222091,train
200646,train
177860,train
183993,train
222376,train
213471,train
180389,train
219948,train
131124,train
183896,train
168004,train
223756,train
184376,train
181578,train
199536,train
176409,train
187231,train
206114,train
206333,train
169611,train
134374,train
227088,train
200748,train
185741,train
192724,train
210979,train
180496,train
201974,train
223680,train
185276,train
123009,train
203593,train
205633,train
212554,train
97015,train
123432,train
196151,train
167843,train
168465,train
219308,train
175767,train
182430,train
126755,train
199242,train
186340,train
212907,train
126148,train
173327,train
225508,train
219000,train
176408,train
123676,train
183056,train
204696,train
171542,train
197866,train
176624,train
180910,train
120900,train
185740,train
214251,train
181374,train
200007,train
188710,train
183070,train
222244,train
183099,train
198405,train
199258,train
123148,train
218769,train
128813,train
192822,train
178618,train
174122,train
175042,train
145314,train
175769,train
96377,train
133692,train
227775,train
208874,train
223517,train
166919,train
196635,train
174393,train
187762,train
187913,train
175841,train
219591,train
218494,train
211389,train
191488,train
206382,train
219453,train
173100,train
186498,train
221327,train
184750,train
177460,train
219350,train
185598,train
185852,train
175409,train
175673,train
226034,train
171546,train
166822,train
203622,train
189706,train
176828,train
176568,train
120458,train
187935,train
126082,train
205198,train
211374,train
194647,train
122864,train
200219,train
179483,train
211834,train
200254,train
202833,train
184725,train
186413,train
212353,train
192188,train
200392,train
188010,train
183891,train
200358,train
123208,train
196991,train
172491,train
197777,train
224045,train
201168,train
226096,train
221874,train
184795,train
175594,train
175052,train
190077,train
185407,train
201268,train
203154,train
173657,train
202404,train
190933,train
194099,train
218187,train
211854,train
176712,train
169101,train
179909,train
145253,train
223681,train
185420,train
178730,train
179466,train
223599,train
187907,train
199445,train
200588,train
174140,train
185219,train
202170,train
200017,train
226282,train
183873,train
127113,train
180776,train
125246,train
172026,train
186449,train
172168,train
119491,train
191571,train
190315,train
205415,train
186022,train
118582,train
212181,train
203735,train
173711,train
192209,train
199217,train
155771,train
220187,train
97080,train
218754,train
202469,train
171135,train
169006,train
181857,train
221399,train
127151,train
209624,train
203121,train
175105,train
201385,train
166924,train
199649,train
171158,train
175282,train
180982,train
187087,train
171781,train
181398,train
174614,train
198642,train
225095,train
188491,train
186506,train
183939,train
184440,train
126164,train
202499,train
118571,train
121531,train
178962,train
227038,train
178697,train
197973,train
219553,train
217330,train
197320,train
225019,train
198410,train
211796,train
227256,train
122180,train
179869,train
196890,train
227085,train
193565,train
176852,train
206687,train
179641,train
179145,train
199745,train
196910,train
212457,train
177595,train
206717,train
221527,train
200947,train
172674,train
188792,train
176779,train
180112,train
185883,train
224469,train
178158,train
212328,train
189020,train
174974,train
170956,train
140493,train
166862,train
202819,train
219915,train
200514,train
224912,train
217784,train
130815,train
199330,train
177586,train
185551,train
194255,train
196805,train
168945,train
219042,train
213616,train
174743,train
121241,train
185385,train
203337,train
174669,train
178554,train
184082,train
197070,train
222302,train
188089,train
187841,train
221276,train
225290,train
131707,train
176667,train
197460,train
219645,train
190659,train
84060,train
201506,train
227563,train
181744,train
223674,train
206560,train
184108,train
193474,train
178846,train
166940,train
208221,train
221236,train
189822,train
199997,train
203195,train
130568,train
218766,train
185974,train
194738,train
173854,train
124802,train
176336,train
199036,train
190230,train
228043,train
193654,train
184759,train
187846,train
192784,train
197924,train
220350,train
222673,train
177546,train
197991,train
200862,train
176917,train
185397,train
174046,train
185159,train
172475,train
209710,train
101701,train
172485,train
187095,train
211445,train
180381,train
221563,train
175458,train
172774,train
186370,train
198728,train
178836,train
195070,train
198789,train
176193,train
218933,train
222728,train
179625,train
178605,train
217791,train
176173,train
192342,train
222317,train
147485,train
219515,train
212654,train
222690,train
174549,train
179660,train
226988,train
203541,train
222843,train
189215,train
121236,train
222703,train
200460,train
172550,train
181070,train
180526,train
171545,train
182294,train
146463,train
171107,train
225298,train
133713,train
180102,train
212252,train
221129,train
125620,train
212590,train
175056,train
178363,train
176969,train
197185,train
203385,train
184417,train
219970,train
226719,train
193647,train
124677,train
178045,train
204633,train
187807,train
194134,train
197002,train
207848,train
173123,train
127580,train
194528,train
181668,train
200444,train
187203,train
165991,train
196487,train
196506,train
202197,train
176429,train
179143,train
130477,train
177482,train
181328,train
172882,train
182300,train
201186,train
209697,train
227436,train
137894,train
226728,train
199778,train
177533,train
191585,train
185285,train
184200,train
177493,train
182466,train
128893,train
116243,train
191365,train
180576,train
222920,train
227521,train
130479,train
191325,train
187208,train
196271,train
178330,train
178927,train
195106,train
206188,train
177528,train
206050,train
206589,train
101945,train
173564,train
223619,train
189109,train
176191,train
206788,train
202284,train
186055,train
209119,train
176856,train
182698,train
181699,train
172540,train
188402,train
180403,train
175240,train
172169,train
175936,train
215450,train
120285,train
168644,train
184915,train
182999,train
177619,train
198423,train
220578,train
137311,train
124338,train
165915,train
200775,train
175222,train
123928,train
223508,train
176006,train
216464,train
196903,train
212077,train
182185,train
199251,train
182447,train
220520,train
175022,train
220908,train
189318,train
222116,train
182838,train
125580,train
174428,train
168145,test
183941,test
191930,test
193572,test
175801,test
173786,test
221238,test
120424,test
118397,test
119821,test
120947,test
176593,test
223610,test
179933,test
172511,test
209290,test
196232,test
120336,test
181251,test
226902,test
176766,test
198689,test
184776,test
137334,test
118443,test
137097,test
182014,test
168710,test
200003,test
203618,test
227356,test
209057,test
212589,test
178722,test
221546,test
186028,test
180722,test
170945,test
197893,test
218576,test
219428,test
120898,test
183022,test
181363,test
194837,test
176602,test
194995,test
173651,test
125567,test
195037,test
225081,test
225939,test
184274,test
223163,test
171196,test
168150,test
183510,test
199223,test
178389,test
195549,test
205362,test
175885,test
179780,test
197685,test
175288,test
220629,test
220553,test
200311,test
183793,test
183895,test
172488,test
171609,test
118682,test
166864,test
178036,test
125609,test
185323,test
170992,test
184404,test
216566,test
219388,test
189785,test
96954,test
197119,test
142867,test
202452,test
179795,test
194101,test
219459,test
173593,test
190787,test
221984,test
174880,test
195089,test
188795,test
174720,test
175540,test
204344,test
170597,test
121812,test
96836,test
122725,test
174327,test
199222,test
186974,test
190744,test
197653,test
224156,test
191315,test
183630,test
222152,test
122044,test
175527,test
93783,test
202052,test
150848,test
183254,test
223643,test
176582,test
186963,test
214607,test
202419,test
187414,test
176918,test
222319,test
136915,test
124325,test
179916,test
145445,test
105616,test
199657,test
224460,test
227359,test
176730,test
217897,test
185706,test
200077,test
197097,test
201403,test
224923,test
146379,test
223823,test
170038,test
122057,test
175950,test
186814,test
185282,test
155424,test
222197,test
178681,test
211995,test
173855,test
174615,test
221865,test
221659,test
175322,test
188046,test
189159,test
183665,test
92766,test
211252,test
143172,test
194152,test
187136,test
181046,test
169304,test
167102,test
178148,test
182337,test
223634,test
205735,test
177641,test
195099,test
137101,test
196039,test
166820,test
190612,test
185294,test
200448,test
222447,test
207090,test
173707,test
222765,test
220053,test
181593,test
219648,test
199439,test
120484,test
172881,test
208539,test
203539,test
192409,test
165807,test
181785,test
211182,test
184540,test
190047,test
208673,test
199197,test
100562,test
195220,test
181300,test
176036,test
203472,test
212246,test
100560,test
199937,test
171844,test
133688,test
185419,test
217915,test
202280,test
200636,test
205516,test
227366,test
196721,test
223143,test
226382,test
205581,test
130121,test
204718,test
209623,test
223630,test
122887,test
128298,test
172868,test
190068,test
222144,test
221168,test
183425,test
194989,test
180667,test
184828,test
207577,test
184300,test
129278,test
222330,test
179176,test
183229,test
124959,test
202810,test
184958,test
188224,test
182587,test
218451,test
181195,test
189966,test
223584,test
195563,test
197638,test
188102,test
193226,test
204788,test
209397,test
203165,test
178376,test
117809,test
198790,test
146413,test
220582,test
182555,test
126766,test
227569,test
172322,test
185722,test
179601,test
133714,test
193666,test
176338,test
176583,test
198360,test
188523,test
184064,test
189758,test
120237,test
203100,test
127519,test
177902,test
189735,test
176671,test
185525,test
146415,test
172747,test
175212,test
138928,test
222082,test
192781,test
198454,test
123684,test
199667,test
96944,test
133678,test
203535,test
184038,test
171375,test
205846,test
197509,test
209708,test
176009,test
211133,test
186239,test
198418,test
199608,test
174448,test
224422,test
178464,test
190120,test
222525,test
173128,test
193401,test
192602,test
219913,test
177292,test
222684,test
221488,test
178382,test
180917,test
218977,test
185296,test
220081,test
137102,test
176387,test
225531,test
186850,test
120647,test
186437,test
127585,test
194241,test
202162,test
221841,test
176665,test
182112,test
184298,test
146459,test
200440,test
223959,test
130706,test
219646,test
224060,test
183216,test
145377,test
221279,test
193660,test
119701,test
208626,test
205821,test
227546,test
177243,test
176810,test
179430,test
165983,test
222558,test
102126,test
183734,test
130811,test
189260,test
209059,test
205724,test
198388,test
177204,test
170980,test
128310,test
176782,test
181339,test
170592,test
176045,test
198379,test
180881,test
219883,test
220825,test
150764,test
170612,test
223585,test
175705,test
202472,test
221427,test
188329,test
179901,test
224036,test
189076,test
201486,test
180524,test
202304,test
168120,test
222308,test
173006,test
200899,test
137418,test
207830,test
185485,test
220184,test
198496,test
198878,test
175577,test
126025,test
205865,test
208188,test
188845,test
201558,test
179026,test
188390,test
197886,test
205136,test
172610,test
182122,test
187676,test
118668,test
222391,test
123498,test
173200,test
203523,test
174536,test
174695,test
226443,test
197799,test
174554,test
138066,test
199010,test
159063,test
122882,test
122243,test
184134,test
136914,test
184596,test
185208,test
185822,test
222876,test
181834,test
190165,test
176278,test
180537,test
212890,test
187138,test
153518,test
176760,test
127687,test
171984,test
179572,test
93549,test
177522,test
191290,test
169096,test
177240,test
209989,test
203382,test
175108,test
221525,test
176686,test
172276,test
193695,test
193005,test
137092,test
227012,test
181882,test
213662,test
178805,test
201464,test
181762,test
188889,test
223993,test
205468,test
133694,test
184211,test
191537,test
207397,test
225018,test
123691,test
174555,test
181422,test
122827,test
220449,test
209858,test
179377,test
172980,test
204653,test
223552,test
183435,test
181595,test
186929,test
212023,test
205853,test
93566,test
208553,test
222381,test
178701,test
173333,test
226760,test
181234,test
196977,test
221953,test
217967,test
223157,test
216061,test
222886,test
171718,test
187911,test
125877,test
220087,test
222099,test
155831,test
169134,test
183276,test
206730,test
214739,test
185942,test
187356,test
190699,test
177748,test
189625,test
224915,test
138104,test
140018,test
221292,test
133602,test
203148,test
125455,test
194883,test
199072,test
202180,test
173011,test
200172,test
171078,test
209686,test
200631,test
185231,test
171853,test
176909,test
186957,test
224149,test
185398,test
224471,test
174984,test
171762,test
152983,test
180482,test
188974,test
127564,test
184963,test
206352,test
223566,test
178956,test
181669,test
125540,test
208183,test
190942,test
127924,test
226878,test
192417,test
193109,test
178147,test
222213,test
224425,test
173151,test
223734,test
227526,test
227094,test
217861,test
211785,test
175114,test
225839,test
145307,test
221761,test
187008,test
227239,test
191533,test
170577,test
183689,test
217384,test
170396,test
223752,test
178975,test
128826,test
175884,test
225870,test
202835,test
214389,test
176693,test
185158,test
131034,test
183632,test
153072,test
130718,test
203155,test
187784,test
219880,test
181946,test
196125,test
188830,test
197976,test
216561,test
206809,test
118472,test
186557,test
224465,test
178772,test
93467,test
197935,test
123927,test
187873,test
146474,test
181379,test
180323,test
214724,test
201512,test
174664,test
173148,test
93711,test
178885,test
207927,test
222654,test
201714,test
206682,test
178763,test
130768,test
122698,test
174791,test
223533,test
167705,test
201140,test
200712,test
175215,test
184929,test
211373,test
221882,test
219100,test
180048,test
204809,test
227267,test
227564,test
189752,test
177484,test
220041,test
188525,test
173294,test
173792,test
205012,test
186280,test
184633,test
178338,test
174107,test
182077,test
184608,test
206368,test
227275,test
177272,test
221086,test
221646,test
202854,test
181029,test
176175,test
174297,test
186402,test
120892,test
222450,test
208296,test
184450,test
171579,test
200541,test
187018,test
218730,test
174636,test
179762,test
192762,test
183956,test
150885,test
197671,test
194078,test
224524,test
227118,test
184978,test
222578,test
202093,test
178512,test
176585,test
175766,test
175994,test
177050,test
197398,test
150318,test
189043,test
176641,test
202204,test
200211,test
173569,test
150322,test
195531,test
186316,test
176091,test
93795,test
181764,test
196580,test
145414,test
182500,test
222647,test
200615,test
195327,test
189139,test
220555,test
177222,test
202445,test
179052,test
184502,test
185812,test
224274,test
183337,test
193165,test
189177,test
173938,test
222994,test
199607,test
143095,test
220390,test
223355,test
185262,test
150836,test
172916,test
175402,test
200146,test
180539,test
221747,test
199444,test
175032,test
205550,test
181551,test
225897,test
222006,test
209942,test
181592,test
221768,test
187043,test
207497,test
133722,test
130770,test
184005,test
132449,test
186966,test
133674,test
180823,test
181240,test
173285,test
131786,test
185868,test
182378,test
202508,test
187943,test
127310,test
197965,test
177021,test
227745,test
181652,test
181391,test
184386,test
203341,test
202273,test
175286,test
191496,test
180008,test
195104,test
224267,test
176417,test
173453,test
183364,test
174860,test
196381,test
184909,test
180300,test
180610,test
121648,test
227096,test
176105,test
185738,test
222712,test
193377,test
184169,test
223618,test
206547,test
181651,test
188169,test
195059,test
193926,test
219374,test
200181,test
186032,test
183193,test
222083,test
214636,test
123174,test
202014,test
180547,test
179350,test
205419,test
175210,test
186317,test
109819,test
196589,test
223555,test
195298,test
100516,test
177737,test
179783,test
222605,test
211833,test
170445,test
137025,test
176713,test
203606,test
180955,test
200218,test
227309,test
171138,test
170120,test
221941,test
201569,test
214630,test
183742,test
200599,test
199706,test
187239,test
200502,test
195015,test
187014,test
181938,test
220147,test
184056,test
175559,test
219818,test
177031,test
187849,test
183605,test
182111,test
186105,test
219504,test
192771,test
144570,test
180966,test
100033,test
185148,test
172897,test
175844,test
222047,test
224510,test
192256,test
194675,test
172859,test
119699,test
196245,test
185473,test
186544,test
208095,test
194921,test
226717,test
190217,test
183228,test
177818,test
180961,test
213292,test
122830,test
184864,test
150306,test
176611,test
221374,test
194155,test
123279,test
223919,test
133577,test
127901,test
212462,test
185811,test
180595,test
200234,test
222079,test
189313,test
185780,test
177268,test
219690,test
218444,test
191157,test
166814,test
201574,test
212416,test
196670,test
194050,test
181209,test
187034,test
218916,test
208624,test
219378,test
200198,test
201670,test
178862,test
188449,test
211118,test
183562,test
205364,test
193682,test
210916,test
182034,test
208508,test
177824,test
182377,test
220441,test
174678,test
190525,test
194957,test
222773,test
197203,test
219177,test
176987,test
185230,test
178586,test
119882,test
169533,test
138142,test
224472,test
225811,test
195287,test
224511,test
188324,test
175725,test
172666,test
202299,test
185707,test
119739,test
179850,test
203569,test
173047,test
184887,test
203895,test
228157,test
201181,test
196117,test
183807,test
185497,test
175708,test
177876,test
199182,test
177371,test
184236,test
184003,test
182845,test
193562,test
193993,test
223550,test
199201,test
219893,test
191967,test
104815,test
168207,test
183058,test
183804,test
210573,test
178691,test
224498,test
200497,test
177215,test
193912,test
204659,test
168182,test
175883,test
174764,test
186276,test
222955,test
165919,test
172470,test
172358,test
223636,test
198326,test
127315,test
223755,test
212562,test
191065,test
182376,test
203610,test
199773,test
125884,test
184190,test
179994,test
180407,test
190211,test
183348,test
200924,test
173313,test
172412,test
179253,test
223497,test
183541,test
220102,test
185602,test
200649,test
175570,test
180514,test
174541,test
186958,test
190637,test
179162,test
188583,test
120083,test
227213,test
196821,test
174999,test
189214,test
128939,test
223512,test
119879,test
178706,test
87394,test
213291,test
188802,test
169145,test
189781,test
180784,test
173659,test
194722,test
93801,test
190810,test
209717,test
202410,test
193427,test
199610,test
174804,test
130998,test
177554,test
208084,test
125553,test
214641,test
166278,test
174932,test
225869,test
192520,test
141639,test
214963,test
185570,test
189974,test
189358,test
172362,test
176849,test
182760,test
196826,test
175478,test
171115,test
208704,test
119909,test
220731,test
193721,test
174556,test
200914,test
222207,test
131027,test
187804,test
194277,test
183157,test
175501,test
219400,test
175631,test
137317,test
205632,test
186891,test
181172,test
186422,test
188053,test
209420,test
203333,test
192721,test
210971,test
127299,test
173677,test
221937,test
222676,test
222036,test
175057,test
208921,test
224449,test
214352,test
222487,test
189006,test
185386,test
226975,test
221393,test
168020,test
184650,test
179155,test
180694,test
200640,test
173042,test
183650,test
102810,test
186852,test
183093,test
93578,test
200908,test
179525,test
176023,test
188790,test
122107,test
128316,test
209868,test
180487,test
224697,test
167891,test
124082,test
200607,test
197573,test
222217,test
199637,test
187781,test
187026,test
191619,test
179355,test
138691,test
207717,test
198538,test
124862,test
176136,test
174421,test
211517,test
92804,test
178989,test
201327,test
183675,test
155138,test
171763,test
219417,test
183653,test
136230,test
139366,test
224243,test
173840,test
173222,test
197294,test
170943,test
207126,test
194636,test
183646,test
223881,test
92814,test
165999,test
149672,test
180691,test
188220,test
211360,test
175009,test
200145,test
181742,test
195178,test
208356,test
120284,test
217802,test
198574,test
201776,test
189579,test
224007,test
200423,test
221243,test
186257,test
207461,test
183717,test
200443,test
178835,test
134964,test
201475,test
175508,test
174856,test
193659,test
181207,test
178384,test
181175,test
206845,test
227253,test
225258,test
172761,test
221820,test
225150,test
205692,test
191604,test
177370,test
138139,test
183308,test
203471,test
137254,test
120402,test
181153,test
205868,test
211309,test
227827,test
190349,test
181851,test
125598,test
213043,test
198810,test
192963,test
182257,test
171852,test
220663,test
187621,test
180661,test
121361,test
192634,test
179008,test
175344,test
175033,test
180391,test
221766,test
174175,test
190587,test
196965,test
172432,test
222173,test
127896,test
200016,test
122242,test
186647,test
184720,test
190252,test
122941,test
193076,test
201198,test
183912,test
126772,test
155772,test
181267,test
221072,test
172560,test
174817,test
201679,test
187942,test
182325,test
197993,test
205583,test
142866,test
177294,test
176933,test
223445,test
201397,test
226976,test
203254,test
184021,test
178608,test
192190,test
177577,test
174210,test
221407,test
189266,test
203288,test
192035,test
177571,test
182093,test
225892,test
174617,test
190953,test
122238,test
176631,test
192652,test
120008,test
205445,test
174089,test
223601,test
121588,test
117859,test
197016,test
182544,test
182105,test
176357,test
212219,test
205053,test
212491,test
215018,test
181330,test
189697,test
174958,test
167880,test
193342,test
166946,test
173996,test
168127,test
174786,test
120723,test
227659,test
201941,test
209884,test
223767,test
193868,test
180542,test
199181,test
182162,test
226733,test
202209,test
172548,test
176309,test
120475,test
220788,test
183796,test
122628,test
124352,test
197122,test
222204,test
174813,test
220160,test
224971,test
225806,test
195147,test
219312,test
225288,test
210783,test
182669,test
125581,test
200716,test
174771,test
200786,test
225837,test
188047,test
141529,test
171975,test
92800,test
191638,test
224176,test
221791,test
182088,test
186425,test
146771,test
173947,test
191502,test
183475,test
178632,test
224338,test
199591,test
198566,test
195779,test
179132,test
179907,test
123453,test
206590,test
191523,test
133684,test
184014,test
190188,test
217971,test
127164,test
119108,test
179232,test
122186,test
183671,test
189825,test
126781,test
225873,test
172045,test
167311,test
166215,test
123166,test
220690,test
173380,test
191150,test
134729,test
177121,test
193271,test
174487,test
224574,test
178776,test
188905,test
190697,test
175749,test
193310,test
180960,test
189133,test
211525,test
177900,test
199320,test
194981,test
172631,test
177815,test
185611,test
96971,test
188716,test
183420,test
120373,test
207377,test
205454,test
215782,test
219251,test
137896,test
180645,test
212029,test
189783,test
218940,test
174375,test
120254,test
197167,test
186463,test
211372,test
219827,test
181811,test
206505,test
192864,test
176673,test
200413,test
223704,test
190577,test
221418,test
197868,test
196746,test
186989,test
180143,test
172357,test
193616,test
150793,test
199688,test
176495,test
194483,test
178641,test
125808,test
183188,test
192206,test
182742,test
123534,test
124594,test
173051,test
177763,test
199220,test
203563,test
183888,test
194720,test
173366,test
145400,test
198471,test
174998,test
199599,test
222835,test
176843,test
173561,test
179334,test
125599,test
173607,test
172112,test
223829,test
184682,test
206748,test
218749,test
178194,test
192772,test
180973,test
188440,test
178668,test
174311,test
131144,test
129857,test
207275,test
173780,test
191145,test
145265,test
177540,test
227262,test
197992,test
193735,test
143322,test
93776,test
220306,test
183346,test
217816,test
185379,test
130702,test
174809,test
227607,test
93655,test
184343,test
184317,test
186834,test
187845,test
131141,test
140259,test
226273,test
183687,test
200753,test
189301,test
184486,test
183911,test
186279,test
176041,test
200476,test
198803,test
201416,test
178436,test
184349,test
189647,test
172438,test
164901,test
182363,test
197870,test
176790,test
173686,test
203332,test
184015,test
202039,test
219914,test
120344,test
208220,test
200300,test
178693,test
186015,test
201147,test
194267,test
191264,test
176729,test
179872,test
180705,test
199786,test
180732,test
128251,test
184885,test
175639,test
208957,test
205200,test
217638,test
201113,test
222671,test
214621,test
183289,test
175681,test
221375,test
204666,test
194723,test
188228,test
137424,test
201481,test
223640,test
126072,test
225454,test
137895,test
184898,test
189039,test
196584,test
200617,test
214773,test
193307,test
175026,test
187949,test
222723,test
209629,test
202449,test
176410,test
208286,test
169777,test
172646,test
181960,test
176089,test
124339,test
178686,test
124878,test
227361,test
119350,test
187612,test
186905,test
223053,test
144208,test
204656,test
183355,test
205487,test
192642,test
187403,test
170127,test
223468,test
222893,test
171945,test
202169,test
172486,test
180890,test
171113,test
175308,test
193417,test
126671,test
185292,test
197180,test
180047,test
177835,test
196253,test
191558,test
222526,test
182615,test
223106,test
179643,test
182192,test
189419,test
194174,test
202413,test
117841,test
183702,test
121537,test
225935,test
209396,test
201977,test
197191,test
120392,test
219087,test
200546,test
124714,test
171969,test
203009,test
183066,test
220536,test
227074,test
219357,test
105580,test
224232,test
187245,test
210372,test
111301,test
196524,test
200750,test
182546,test
211649,test
200092,test
137338,test
226375,test
174778,test
202165,test
127112,test
177562,test
185560,test
207936,test
194118,test
120308,test
185175,test
126220,test
119902,test
178297,test
205918,test
207368,test
173719,test
188499,test
169173,test
175421,test
180765,test
210781,test
221977,test
177682,test
227488,test
173933,test
169528,test
120675,test
189106,test
169970,test
176430,test
195199,test
190899,test
184297,test
133607,test
211361,test
205651,test
127668,test
179911,test
227446,test
187838,test
168119,test
172373,test
139712,test
198812,test
225000,test
172986,test
175265,test
182410,test
137309,test
175323,test
172789,test
177735,test
185983,test
181981,test
139368,test
180534,test
219115,test
187382,test
180624,test
197285,test
188707,test
179913,test
120899,test
208359,test
177820,test
184742,test
192778,test
188719,test
118685,test
195838,test
202732,test
222656,test
186809,test
188773,test
195550,test
137266,test
198511,test
209291,test
208117,test
171551,test
201360,test
176412,test
173439,test
128398,test
201493,test
221929,test
188699,test
128839,test
175231,test
203461,test
175724,test
180922,test
227774,test
184422,test
227023,test
181098,test
182030,test
178871,test
183781,test
129997,test
186051,test
125802,test
179845,test
183498,test
205390,test
195063,test
184856,test
225965,test
127671,test
198799,test
118066,test
224284,test
175141,test
200675,test
211250,test
183655,test
210809,test
203487,test
172324,test
179784,test
173577,test
187605,test
206858,test
69885,test
227793,test
201518,test
150895,test
125811,test
145370,test
219607,test
187411,test
177907,test
127296,test
196719,test
179427,test
206873,test
184447,test
206580,test
183336,test
134188,test
198010,test
222699,test
192714,test
176685,test
201543,test
150750,test
173878,test
177862,test
123439,test
166004,test
173611,test
180813,test
175461,test
224059,test
185865,test
127171,test
174484,test
192759,test
185727,test
219796,test
197201,test
222826,test
201431,test
203664,test
182591,test
169697,test
219418,test
199252,test
189129,test
186921,test
203728,test
175676,test
226001,test
137265,test
169482,test
222511,test
200005,test
203145,test
185269,test
183673,test
126145,test
204084,test
192239,test
179612,test
225047,test
219699,test
182963,test
222592,test
133669,test
183982,test
171924,test
173283,test
180904,test
174674,test
220382,test
196638,test
176976,test
212969,test
189541,test
127571,test
174061,test
191658,test
225541,test
185227,test
188663,test
221733,test
191535,test
220415,test
177954,test
207942,test
224048,test
227796,test
180815,test
177242,test
175824,test
175857,test
197942,test
217940,test
199227,test
227350,test
227089,test
215297,test
200756,test
96958,test
196099,test
174483,test
185189,test
176252,test
178794,test
173231,test
187904,test
146394,test
195885,test
187383,test
176449,test
179622,test
167334,test
123385,test
175646,test
222951,test
188488,test
173386,test
194908,test
183737,test
202993,test
198752,test
181310,test
224533,test
222751,test
121370,test
199589,test
173242,test
171543,test
227099,test
179701,test
84854,test
136815,test
206154,test
178573,test
219688,test
193937,test
174402,test
122757,test
207080,test
153259,test
220649,test
184125,test
187541,test
105579,test
92691,test
169450,test
184860,test
119234,test
184204,test
176468,test
217926,test
206771,test
187985,test
196950,test
197531,test
220767,test
182202,test
126782,test
188223,test
170977,test
182620,test
173594,test
196866,test
187976,test
176178,test
145323,test
130976,test
173560,test
181345,test
226829,test
211558,test
175070,test
199652,test
126215,test
192135,test
177218,test
176064,test
207025,test
131142,test
177809,test
193878,test
192742,test
131281,test
125163,test
221472,test
166874,test
184352,test
178710,test
176392,test
167696,test
148269,test
180804,test
122014,test
193105,test
181920,test
218688,test
182273,test
190639,test
179044,test
118467,test
175953,test
214284,test
196925,test
199457,test
138519,test
221520,test
194165,test
193877,test
179927,test
181598,test
172700,test
169658,test
193451,test
222553,test
202492,test
183318,test
219651,test
181052,test
186482,test
179065,test
195788,test
143659,test
188976,test
182703,test
179490,test
192493,test
179125,test
145399,test
188582,test
173274,test
174698,test
176664,test
201859,test
215012,test
203513,test
184148,test
176260,test
185873,test
220345,test
192074,test
223127,test
173672,test
222278,test
190760,test
209045,test
222118,test
187905,test
217728,test
223886,test
182855,test
199055,test
124946,test
188437,test
196803,test
209181,test
169149,test
222989,test
180728,test
190489,test
177520,test
177529,test
187235,test
203327,test
195754,test
189099,test
178675,test
187113,test
206367,test
203644,test
195319,test
217631,test
196288,test
123173,test
131012,test
223729,test
186397,test
175556,test
218981,test
222884,test
177833,test
183951,test
171106,test
125809,test
176242,test
194231,test
203239,test
207837,test
136972,test
210575,test
174407,test
211180,test
172753,test
214363,test
191237,test
176021,test
174727,test
188036,test
208184,test
185609,test
172316,test
173163,test
227495,test
203326,test
202274,test
175721,test
195048,test
179891,test
141698,test
199935,test
188073,test
216102,test
187116,test
130994,test
175335,test
226413,test
193595,test
137253,test
120439,test
182521,test
134649,test
201549,test
183133,test
210823,test
203422,test
173430,test
189686,test
173915,test
195194,test
201562,test
210658,test
197001,test
219344,test
172523,test
210820,test
176113,test
198455,test
125211,test
196518,test
179724,test
103529,test
172982,test
185265,test
145398,test
193000,test
224540,test
210711,test
142630,test
201582,test
227368,test
222001,test
181043,test
117936,test
200860,test
166858,test
174810,test
207940,test
176240,test
179589,test
98388,test
182301,test
150820,test
212560,test
194620,test
174455,test
221280,test
181440,test
175711,test
199417,test
208559,test
131562,test
175092,test
185556,test
211643,test
200133,test
210297,test
175729,test
211442,test
218893,test
200997,test
108780,test
221836,test
171973,test
211689,test
225142,test
152627,test
197114,test
174417,test
183427,test
181139,test
181681,test
219598,test
218726,test
176700,test
225832,test
208958,test
221656,test
219968,test
218030,test
181921,test
219528,test
187362,test
201686,test
176571,test
120198,test
183980,test
177461,test
192304,test
188060,test
223050,test
187567,test
189052,test
174704,test
182416,test
173764,test
217808,test
206672,test
177886,test
185962,test
183746,test
128496,test
226209,test
193487,test
212470,test
192208,test
182699,test
160942,test
184788,test
175427,test
202705,test
206036,test
172363,test
210822,test
184429,test
173789,test
173505,test
201908,test
127330,test
219531,test
199537,test
143467,test
184809,test
174870,test
214980,test
202148,test
181600,test
223770,test
197357,test
126335,test
173944,test
205457,test
178065,test
197534,test
182066,test
189117,test
142587,test
125161,test
202635,test
180963,test
103652,test
200293,test
131372,test
199941,test
185241,test
186559,test
192703,test
194206,test
137394,test
173826,test
194905,test
179227,test
185554,test
187223,test
197885,test
195535,test
174896,test
210569,test
220432,test
176737,test
193846,test
220980,test
196081,test
181213,test
189815,test
214291,test
169158,test
197521,test
145789,test
203458,test
187390,test
130556,test
188057,test
176015,test
122037,test
189314,test
223678,test
175592,test
182581,test
211424,test
184439,test
181111,test
182035,test
189491,test
179345,test
180916,test
179018,test
123282,test
169181,test
218753,test
176756,test
222245,test
175320,test
222779,test
178699,test
193397,test
220650,test
214685,test
222050,test
102076,test
169092,test
197563,test
181751,test
176614,test
177799,test
188208,test
224649,test
205464,test
199846,test
174362,test
180297,test
205551,test
124462,test
197088,test
223697,test
189104,test
168141,test
227672,test
201536,test
195304,test
205002,test
192276,test
190343,test
189750,test
185452,test
173388,test
192788,test
206599,test
126165,test
206016,test
205684,test
179095,test
222283,test
182109,test
219974,test
224035,test
137329,test
187745,test
178872,test
173296,test
195858,test
210613,test
189767,test
182044,test
97517,test
202157,test
94128,test
181031,test
181055,test
191686,test
172263,test
209705,test
183636,test
128804,test
224237,test
171521,test
181543,test
220352,test
178390,test
185092,test
226656,test
186846,test
227271,test
178687,test
86324,test
174784,test
178684,test
194990,test
219881,test
177428,test
127548,test
137982,test
223220,test
183763,test
195845,test
179327,test
204998,test
184569,test
211449,test
183329,test
172750,test
122694,test
176784,test
218544,test
224005,test
179454,test
171353,test
185549,test
185022,test
167689,test
145391,test
226402,test
190212,test
180396,test
224518,test
227300,test
187925,test
205521,test
187819,test
185374,test
118777,test
172205,test
182711,test
171343,test
125608,test
124650,test
179215,test
188708,test
175945,test
202070,test
177342,test
188121,test
196995,test
199212,test
201993,test
181114,test
172636,test
198047,test
198767,test
125583,test
170239,test
180808,test
188892,test
221555,test
201274,test
183522,test
214726,test
89852,test
173785,test
190718,test
202952,test
200940,test
146295,test
177510,test
178459,test
173760,test
193918,test
219399,test
221194,test
188531,test
192763,test
127325,test
221702,test
125029,test
119894,test
178167,test
173576,test
178598,test
123219,test
184487,test
219767,test
168612,test
211450,test
206759,test
226721,test
150548,test
122039,test
124015,test
181782,test
127736,test
222727,test
189795,test
142505,test
199619,test
173591,test
182402,test
197397,test
205422,test
213119,test
177544,test
181180,test
198209,test
179748,test
206341,test
188669,test
172608,test
224896,test
209645,test
145243,test
140114,test
184028,test
183581,test
209983,test
205614,test
120316,test
99819,test
214710,test
198706,test
180623,test
190588,test
169700,test
131345,test
176610,test
203672,test
196704,test
189028,test
185221,test
202206,test
177746,test
188791,test
171105,test
205910,test
195035,test
224196,test
190765,test
200964,test
223695,test
192717,test
220071,test
140029,test
226316,test
175464,test
223754,test
168193,test
216363,test
174193,test
220425,test
168191,test
210699,test
187855,test
222477,test
148370,test
191141,test
175098,test
142803,test
221959,test
223183,test
93581,test
221397,test
178472,test
120894,test
203057,test
222976,test
220876,test
176053,test
182255,test
195713,test
136960,test
222490,test
193460,test
182381,test
179588,test
178799,test
222637,test
130563,test
173723,test
181202,test
117846,test
210854,test
221989,test
180676,test
194529,test
183740,test
222453,test
213672,test
203479,test
189312,test
190636,test
190042,test
185295,test
173950,test
227018,test
122282,test
186004,test
173903,test
185601,test
198403,test
200870,test
196741,test
206510,test
118773,test
175455,test
182245,test
124711,test
173674,test
221237,test
189126,test
186229,test
192807,test
174082,test
186480,test
208078,test
206597,test
187432,test
175704,test
136957,test
223179,test
137144,test
199704,test
189320,test
128814,test
219499,test
211745,test
220420,test
174427,test
202332,test
126708,test
185118,test
204785,test
220461,test
209055,test
174796,test
224994,test
193125,test
187002,test
222933,test
125918,test
193352,test
199490,test
201479,test
100564,test
184151,test
180397,test
176452,test
180836,test
200717,test
191548,test
225025,test
204612,test
212299,test
184330,test
175744,test
176166,test
174396,test
179478,test
224063,test
205586,test
120305,test
173452,test
194167,test
179025,test
126002,test
190300,test
204665,test
179546,test
199139,test
130784,test
180362,test
222011,test
123239,test
222094,test
220398,test
203210,test
197348,test
171780,test
202281,test
170175,test
134783,test
191989,test
192496,test
192594,test
182526,test
221560,test
169167,test
195286,test
176740,test
203383,test
213205,test
198632,test
181366,test
136963,test
179645,test
190807,test
195564,test
130795,test
171082,test
223214,test
183424,test
179329,test
176758,test
177354,test
156345,test
125575,test
190951,test
197147,test
194727,test
196643,test
180579,test
134655,test
133586,test
201025,test
211388,test
173142,test
177119,test
175036,test
227334,test
188641,test
177426,test
223001,test
212514,test
185411,test
222486,test
194704,test
181446,test
172953,test
196825,test
98683,test
222718,test
221465,test
187555,test
172676,test
194692,test
174944,test
226376,test
126886,test
179013,test
186365,test
188226,test
168017,test
191140,test
220135,test
118633,test
203514,test
172572,test
212480,test
200130,test
174552,test
215885,test
124855,test
200445,test
199146,test
224292,test
177014,test
199759,test
197072,test
177992,test
171925,test
183328,test
190382,test
171916,test
190248,test
202750,test
190294,test
187647,test
220559,test
224352,test
185297,test
92774,test
191621,test
185216,test
184910,test
220491,test
172732,test
225302,test
183789,test
225137,test
203565,test
225113,test
81837,test
228193,test
223850,test
195007,test
179225,test
184932,test
180249,test
176371,test
125380,test
134311,test
183190,test
191236,test
176264,test
182835,test
121439,test
183490,test
186261,test
220705,test
125488,test
171524,test
201278,test
212319,test
196901,test
170950,test
219608,test
146496,test
227527,test
166944,test
182246,test
168168,test
176926,test
193589,test
211556,test
196953,test
119465,test
219978,test
205784,test
137342,test
197540,test
199550,test
199730,test
207476,test
195630,test
184952,test
171978,test
200150,test
184626,test
200355,test
186720,test
136955,test
221202,test
211640,test
207685,test
158056,test
200148,test
213487,test
186307,test
177667,test
124078,test
196100,test
175664,test
212449,test
178638,test
185733,test
172769,test
178347,test
208676,test
179810,test
200419,test
206349,test
181388,test
222775,test
184951,test
214454,test
131022,test
124785,test
217901,test
175439,test
181216,test
174773,test
196266,test
176910,test
178627,test
199751,test
187352,test
224884,test
210779,test
183999,test
185931,test
175102,test
225177,test
192253,test
222157,test
206043,test
179763,test
183208,test
207880,test
143942,test
187243,test
206757,test
172367,test
174792,test
218154,test
211771,test
183343,test
187376,test
185235,test
184192,test
198586,test
185792,test
176666,test
185213,test
179581,test
100024,test
203695,test
92778,test
176853,test
172423,test
193782,test
178576,test
207347,test
205852,test
146493,test
176276,test
173279,test
189860,test
180840,test
190318,test
122145,test
183390,test
198449,test
129855,test
223037,test
138126,test
197144,test
193489,test
199695,test
195822,test
207672,test
180976,test
186311,test
168194,test
228201,test
185690,test
183476,test
174954,test
177736,test
182417,test
140021,test
205590,test
219664,test
202339,test
170180,test
199441,test
212888,test
223666,test
224187,test
178191,test
201498,test
180007,test
182296,test
184688,test
142647,test
125817,test
180707,test
147829,test
150418,test
200530,test
105850,test
192337,test
209049,test
212078,test
119522,test
134419,test
125426,test
93680,test
200074,test
175432,test
180571,test
191711,test
187726,test
199966,test
219165,test
214369,test
126158,test
183692,test
166813,test
180930,test
172014,test
143331,test
226016,test
224580,test
221186,test
188476,test
206673,test
222183,test
226593,test
210159,test
173400,test
176594,test
175806,test
142868,test
212592,test
227736,test
213608,test
117819,test
118057,test
184822,test
125028,test
211663,test
208080,test
174265,test
136965,test
181192,test
177904,test
174266,test
175115,test
179558,test
219973,test
192768,test
212089,test
212676,test
175165,test
195032,test
199766,test
205512,test
212378,test
225815,test
122610,test
126729,test
206354,test
172216,test
218953,test
187746,test
176548,test
180545,test
138924,test
201996,test
179928,test
118754,test
169100,test
190308,test
213612,test
218097,test
222894,test
168210,test
193396,test
157443,test
198809,test
120354,test
223228,test
216152,test
195285,test
223132,test
146373,test
169147,test
185547,test
204572,test
201668,test
192557,test
189316,test
201987,test
176473,test
183494,test
223501,test
176694,test
196222,test
125994,test
223160,test
219775,test
188448,test
190215,test
223853,test
222959,test
219586,test
125771,test
170606,test
173119,test
221764,test
220695,test
223506,test
185161,test
203185,test
200942,test
205382,test
209400,test
184198,test
184990,test
175544,test
221622,test
179449,test
189303,test
198385,test
227465,test
180196,test
199450,test
179075,test
199699,test
186080,test
205677,test
180748,test
227203,test
180422,test
182578,test
171914,test
203405,test
121435,test
178642,test
198707,test
180326,test
202633,test
194261,test
200053,test
122352,test
206020,test
227314,test
227653,test
198818,test
133233,test
197340,test
178535,test
171981,test
168550,test
226405,test
189311,test
188973,test
199448,test
210339,test
204801,test
222610,test
178999,test
176707,test
213472,test
189122,test
224074,test
222132,test
178949,test
175437,test
178443,test
197694,test
180184,test
202336,test
198708,test
178568,test
196665,test
202288,test
206821,test
172904,test
209635,test
175467,test
219750,test
181535,test
205576,test
182867,test
176860,test
172418,test
172494,test
185881,test
183729,test
205391,test
212556,test
177518,test
201541,test
196110,test
120408,test
218989,test
153144,test
180470,test
183019,test
205824,test
207108,test
122260,test
192693,test
177353,test
127283,test
219686,test
224478,test
127546,test
224440,test
200432,test
205013,test
193698,test
174363,test
137098,test
175799,test
189798,test
173700,test
179363,test
173587,test
219912,test
186262,test
178351,test
199207,test
195091,test
207263,test
179356,test
183588,test
186524,test
200028,test
126155,test
172213,test
190791,test
137886,test
198465,test
205683,test
189152,test
195139,test
187674,test
183654,test
187607,test
188429,test
221784,test
184937,test
204819,test
222342,test
169110,test
200610,test
219345,test
175236,test
189111,test
184462,test
187251,test
192716,test
209410,test
220070,test
195507,test
222478,test
174978,test
177479,test
204670,test
195219,test
175588,test
136912,test
183664,test
126073,test
189093,test
212383,test
203546,test
222598,test
222513,test
182637,test
182132,test
221943,test
186994,test
175477,test
172818,test
175614,test
222209,test
223242,test
101698,test
222586,test
195006,test
120891,test
220051,test
208651,test
211335,test
211231,test
209691,test
223057,test
220104,test
206677,test
218168,test
227553,test
184155,test
177307,test
179627,test
172515,test
193350,test
179712,test
221799,test
179019,test
188769,test
178197,test
185700,test
124850,test
185855,test
197708,test
213203,test
182956,test
200776,test
195240,test
173181,test
184189,test
219447,test
197665,test
193596,test
192211,test
172369,test
155769,test
172531,test
193844,test
193791,test
224551,test
200603,test
185736,test
198691,test
185156,test
221370,test
173740,test
185608,test
227364,test
203587,test
171118,test
179747,test
199262,test
175542,test
178952,test
166918,test
207920,test
166594,test
182584,test
202468,test
183938,test
223772,test
205552,test
181243,test
190261,test
196640,test
203435,test
184715,test
178889,test
221300,test
187794,test
117497,test
192412,test
124749,test
131269,test
203480,test
200452,test
206458,test
207103,test
186459,test
221014,test
204606,test
174658,test
220419,test
172984,test
196599,test
198438,test
222755,test
133830,test
220083,test
103647,test
121407,test
219975,test
208647,test
185567,test
170331,test
177304,test
176465,test
226166,test
171557,test
205791,test
137990,test
194694,test
171367,test
189865,test
188104,test
200474,test
179523,test
180945,test
181641,test
121888,test
128817,test
216064,test
214978,test
177299,test
196505,test
207180,test
214953,test
188753,test
181210,test
192645,test
195965,test
184732,test
122885,test
176627,test
176101,test
176038,test
222440,test
178572,test
177655,test
145313,test
177624,test
205383,test
174903,test
202841,test
122134,test
222860,test
225138,test
180871,test
180666,test
193715,test
178825,test
186486,test
171121,test
188536,test
224343,test
197074,test
218063,test
148313,test
191968,test
200985,test
187603,test
201836,test
221708,test
174398,test
172903,test
188971,test
199323,test
189895,test
201472,test
123287,test
173622,test
203409,test
185475,test
219543,test
176682,test
205817,test
200512,test
122248,test
222002,test
176161,test
178374,test
186284,test
185735,test
207089,test
222584,test
171103,test
177676,test
186432,test
193692,test
206484,test
176601,test
170203,test
188031,test
176367,test
179223,test
200147,test
223650,test
176280,test
182840,test
177163,test
202678,test
172312,test
92677,test
181076,test
209703,test
184787,test
118385,test
220530,test
177772,test
171855,test
184494,test
221904,test
184057,test
212533,test
186808,test
121926,test
208976,test
193921,test
221048,test
197945,test
206680,test
221098,test
187032,test
181888,test
194258,test
198757,test
188787,test
181064,test
179440,test
199184,test
202283,test
188961,test
175191,test
224989,test
225850,test
185550,test
125021,test
223917,test
145405,test
171050,test
200568,test
178582,test
205769,test
176857,test
221364,test
174517,test
177679,test
206345,test
220055,test
175287,test
172934,test
146730,test
184270,test
184908,test
184979,test
173194,test
144064,test
185348,test
182369,test
173037,test
150795,test
203216,test
172166,test
183669,test
181646,test
221308,test
224482,test
186899,test
196997,test
182848,test
196093,test
127666,test
178202,test
173689,test
131287,test
206685,test
198493,test
175579,test
179672,test
206232,test
224543,test
193590,test
186656,test
180650,test
199082,test
173126,test
195431,test
200107,test
187868,test
177373,test
171940,test
201460,test
222830,test
185879,test
205680,test
182654,test
176010,test
92810,test
178260,test
186444,test
171756,test
178826,test
173321,test
177758,test
205867,test
186941,test
185327,test
199501,test
224000,test
168155,test
204922,test
211985,test
225938,test
204999,test
182104,test
185340,test
190106,test
225993,test
223965,test
174392,test
194654,test
223035,test
193979,test
174391,test
204032,test
189497,test
118558,test
125557,test
224936,test
173302,test
122009,test
197907,test
179476,test
182050,test
183587,test
192861,test
207452,test
125007,test
218216,test
208792,test
183679,test
122184,test
193144,test
121923,test
147081,test
199932,test
205004,test
173246,test
200499,test
191228,test
150839,test
188900,test
199783,test
186256,test
222764,test
201267,test
184303,test
200224,test
184802,test
227741,test
182751,test
187851,test
120129,test
220064,test
179615,test
190325,test
120975,test
180771,test
201314,test
181830,test
180527,test
179575,test
181672,test
144131,test
175331,test
184136,test
166606,test
188262,test
126150,test
205057,test
192445,test
198791,test
122880,test
144935,test
199752,test
201013,test
205491,test
180770,test
217722,test
180186,test
186438,test
223083,test
202634,test
178551,test
202066,test
184424,test
212521,test
221846,test
178419,test
208354,test
189150,test
212575,test
224568,test
221923,test
221688,test
206180,test
177791,test
221140,test
221802,test
222938,test
211523,test
171847,test
187863,test
186512,test
227493,test
218964,test
183509,test
218247,test
209990,test
182126,test
176051,test
178786,test
173337,test
180974,test
182668,test
177301,test
181397,test
221197,test
189533,test
109003,test
196895,test
186244,test
194960,test
221564,test
219759,test
187254,test
182240,test
187158,test
103646,test
183079,test
185775,test
197083,test
180827,test
173445,test
221881,test
188246,test
187023,test
225848,test
181186,test
203424,test
170989,test
181891,test
168185,test
180515,test
207570,test
199005,test
220547,test
179896,test
211451,test
180097,test
221611,test
224239,test
201405,test
212296,test
221083,test
203331,test
194751,test
187247,test
222196,test
227339,test
185671,test
219696,test
224587,test
179479,test
179421,test
182682,test
130472,test
182705,test
219603,test
185907,test
195299,test
187252,test
131283,test
227040,test
225942,test
195003,test
199558,test
177221,test
181022,test
203410,test
198543,test
211992,test
222199,test
203107,test
171896,test
197754,test
122699,test
182086,test
199694,test
202058,test
207575,test
200004,test
220482,test
181601,test
186636,test
185483,test
222912,test
194094,test
196097,test
180412,test
225141,test
222432,test
203352,test
206327,test
218486,test
227047,test
185458,test
217643,test
222353,test
129898,test
211194,test
190611,test
202415,test
168173,test
175447,test
124244,test
135019,test
222123,test
123367,test
182649,test
196657,test
195163,test
184367,test
168866,test
222483,test
180137,test
224512,test
168196,test
184897,test
184152,test
183745,test
211804,test
202355,test
179737,test
177810,test
188809,test
167900,test
192815,test
166863,test
181028,test
207143,test
172853,test
174569,test
190157,test
182060,test
189436,test
134726,test
174874,test
125993,test
138662,test
125821,test
179719,test
193707,test
202787,test
127672,test
199538,test
177172,test
175752,test
223831,test
172856,test
188227,test
202758,test
184289,test
130992,test
177739,test
200418,test
220356,test
219061,test
211207,test
226890,test
180488,test
140107,test
191677,test
219662,test
175413,test
168189,test
126455,test
211237,test
220393,test
214364,test
172377,test
190967,test
200134,test
223523,test
186390,test
196956,test
205185,test
176356,test
187276,test
194643,test
220492,test
214687,test
196585,test
121611,test
186245,test
213653,test
201335,test
181903,test
147322,test
223400,test
96412,test
200990,test
221408,test
180522,test
173742,test
212568,test
183583,test
197280,test
143515,test
221845,test
217820,test
224272,test
170840,test
134652,test
149804,test
173828,test
194613,test
196604,test
189594,test
183952,test
227516,test
178491,test
227216,test
201602,test
205456,test
177226,test
180442,test
192389,test
200213,test
212311,test
227025,test
180511,test
176337,test
186248,test
208089,test
184194,test
206176,test
223173,test
176907,test
183920,test
221726,test
224307,test
96025,test
133574,test
175598,test
190652,test
221779,test
176251,test
187368,test
200493,test
178904,test
183411,test
209939,test
126761,test
175443,test
182069,test
202164,test
184123,test
185344,test
199731,test
125666,test
83952,test
225254,test
179158,test
175917,test
179624,test
179779,test
199646,test
227199,test
131123,test
204811,test
223719,test
139663,test
196807,test
199648,test
205851,test
153007,test
205640,test
197514,test
219658,test
189361,test
185405,test
203252,test
213727,test
227486,test
167347,test
224441,test
186260,test
172027,test
197078,test
222291,test
206189,test
227447,test
224969,test
213299,test
174051,test
138103,test
179666,test
190581,test
176020,test
203456,test
206339,test
204570,test
181928,test
122626,test
171144,test
127788,test
195347,test
175998,test
227522,test
207214,test
175058,test
200557,test
212295,test
218937,test
177525,test
183225,test
182914,test
137136,test
173256,test
224206,test
195114,test
136818,test
183080,test
171869,test
131019,test
141170,test
150880,test
224236,test
202196,test
227739,test
185415,test
203109,test
172954,test
183098,test
134428,test
209619,test
134420,test
175667,test
179470,test
221246,test
195494,test
198565,test
177910,test
221867,test
191508,test
121408,test
187195,test
185638,test
219784,test
177480,test
200593,test
181784,test
185302,test
224982,test
123431,test
137678,test
180168,test
225865,test
207808,test
202858,test
205071,test
181974,test
200032,test
185286,test
174096,test
218968,test
146388,test
210785,test
179982,test
131792,test
127142,test
101960,test
180665,test
173509,test
193363,test
225936,test
186385,test
177828,test
192507,test
204668,test
203218,test
196883,test
184385,test
201309,test
193217,test
217805,test
167712,test
137975,test
208918,test
126147,test
188116,test
179709,test
182972,test
182588,test
221531,test
188044,test
180454,test
218993,test
202009,test
126154,test
203663,test
93778,test
187655,test
227395,test
198820,test
175782,test
137272,test
216866,test
186102,test
177756,test
171865,test
170237,test
173713,test
174670,test
171913,test
221212,test
179246,test
169105,test
194682,test
199202,test
200105,test
209857,test
202825,test
195786,test
214334,test
200754,test
130570,test
214635,test
223967,test
174634,test
174329,test
198590,test
198775,test
221487,test
189473,test
171072,test
202075,test
191973,test
211452,test
180561,test
190056,test
146715,test
200069,test
183917,test
126218,test
167899,test
178249,test
187496,test
201502,test
134293,test
219541,test
179194,test
223520,test
197524,test
193648,test
220916,test
194151,test
196606,test
207945,test
199303,test
199142,test
175738,test
175554,test
220418,test
223172,test
221748,test
205485,test
195928,test
199338,test
173769,test
193665,test
181157,test
172969,test
183434,test
105831,test
175702,test
167697,test
181703,test
220486,test
96445,test
150802,test
188903,test
194068,test
144982,test
207558,test
171525,test
173934,test
208495,test
221837,test
219262,test
189501,test
205579,test
168130,test
219833,test
227543,test
212248,test
176040,test
173708,test
214350,test
178958,test
182516,test
226747,test
218972,test
184664,test
178960,test
105384,test
228151,test
201331,test
130982,test
200961,test
214196,test
188881,test
201659,test
131030,test
172846,test
174543,test
224375,test
178215,test
191987,test
196612,test
177364,test
203586,test
117952,test
221707,test
145248,test
118626,test
224009,test
187275,test
182995,test
123868,test
145432,test
216016,test
146387,test
177919,test
182706,test
204755,test
96379,test
198236,test
182152,test
127153,test
223969,test
133593,test
185699,test
175780,test
172965,test
188222,test
196522,test
174418,test
188140,test
214753,test
213663,test
199206,test
185446,test
122987,test
178718,test
145640,test
180805,test
130000,test
211429,test
200904,test
181096,test
225529,test
173562,test
206396,test
177897,test
194160,test
174343,test
134647,test
193185,test
184550,test
200934,test
219242,test
198845,test
174047,test
195570,test
211402,test
176162,test
189511,test
219152,test
195734,test
197950,test
179686,test
182370,test
179638,test
184681,test
181375,test
211246,test
175347,test
185534,test
172577,test
222750,test
175765,test
223840,test
226294,test
131561,test
195820,test
187392,test
174885,test
212015,test
193789,test
184018,test
199986,test
173604,test
179704,test
198042,test
180662,test
180568,test
208637,test
186857,test
179486,test
191710,test
219002,test
185875,test
184839,test
175930,test
196794,test
211822,test
165933,test
176076,test
191699,test
175600,test
122618,test
139971,test
192122,test
197547,test
219413,test
185781,test
203658,test
202171,test
193534,test
176139,test
222585,test
172671,test
204792,test
190227,test
199092,test
197954,test
179920,test
218457,test
171958,test
183892,test
185382,test
181018,test
124223,test
193223,test
204068,test
166884,test
179767,test
200622,test
172823,test
187699,test
154292,test
174070,test
221735,test
172524,test
178362,test
121433,test
223191,test
200542,test
201348,test
133377,test
189149,test
173227,test
183556,test
191499,test
171581,test
184380,test
200638,test
222402,test
187824,test
185656,test
181182,test
220326,test
122042,test
175007,test
222780,test
208709,test
214631,test
184772,test
97528,test
121389,test
122763,test
121352,test
176088,test
197189,test
191363,test
206958,test
202041,test
167869,test
174977,test
125886,test
175726,test
199586,test
187878,test
184016,test
176724,test
174793,test
203780,test
198361,test
175948,test
120888,test
222560,test
177672,test
210589,test
208692,test
178972,test
201926,test
134724,test
187286,test
177550,test
201339,test
172076,test
92746,test
206592,test
200928,test
178465,test
197715,test
222852,test
221183,test
196467,test
121353,test
227654,test
189420,test
203378,test
225053,test
222184,test
221765,test
222939,test
183443,test
183438,test
209677,test
172387,test
190457,test
170983,test
210970,test
185359,test
195513,test
198841,test
125433,test
202202,test
185813,test
183703,test
195011,test
207454,test
218770,test
175891,test
198548,test
196812,test
184992,test
184982,test
186654,test
191312,test
173765,test
202203,test
195829,test
208187,test
191232,test
174805,test
75317,test
209869,test
219015,test
126768,test
213212,test
202979,test
200861,test
174307,test
176415,test
177489,test
150164,test
168133,test
197345,test
227552,test
195487,test
172565,test
93520,test
175683,test
172959,test
196620,test
179425,test
192767,test
127728,test
179646,test
219551,test
187678,test
199519,test
194930,test
183419,test
181024,test
225948,test
207825,test
227650,test
206378,test
143597,test
170958,test
127584,test
178467,test
185329,test
193585,test
169998,test
182677,test
126428,test
186252,test
176757,test
117896,test
177060,test
172017,test
206334,test
219797,test
222071,test
211789,test
184350,test
173744,test
138068,test
136919,test
227853,test
184126,test
175790,test
136776,test
176722,test
180370,test
174072,test
225124,test
196943,test
189705,test
223803,test
195830,test
129985,test
182739,test
214441,test
195030,test
222495,test
198442,test
220818,test
211559,test
187253,test
206947,test
220114,test
213157,test
198547,test
181627,test
186791,test
169095,test
203544,test
185377,test
182411,test
205500,test
195804,test
128821,test
182118,test
170128,test
174296,test
182537,test
133609,test
168695,test
227778,test
208101,test
223836,test
180036,test
213668,test
224252,test
183697,test
190326,test
216055,test
120584,test
198516,test
184020,test
212279,test
123370,test
176946,test
173098,test
134731,test
222945,test
96359,test
175551,test
184789,test
177956,test
180659,test
188249,test
124847,test
175989,test
185174,test
198211,test
188099,test
119606,test
175864,test
173888,test
179898,test
218116,test
214951,test
177653,test
221528,test
179011,test
198331,test
183332,test
189852,test
179874,test
219802,test
199663,test
203511,test
182852,test
212706,test
127951,test
182777,test
174982,test
122092,test
136913,test
226058,test
174766,test
183095,test
219497,test
143476,test
205606,test
189293,test
118643,test
186431,test
220495,test
181074,test
176668,test
174306,test
211937,test
203384,test
203697,test
219550,test
137021,test
185368,test
195937,test
196572,test
123284,test
180965,test
123746,test
184419,test
126349,test
195552,test
179091,test
108842,test
175638,test
146815,test
174472,test
196979,test
197274,test
215034,test
96835,test
189784,test
180935,test
167626,test
222987,test
211856,test
180439,test
169624,test
192505,test
224281,test
219819,test
199601,test
190524,test
175194,test
180782,test
219682,test
222334,test
190583,test
200226,test
191720,test
178570,test
221101,test
195827,test
145407,test
186928,test
172442,test
219519,test
166881,test
201523,test
188574,test
181662,test
199612,test
219520,test
201528,test
183914,test
200495,test
126774,test
206627,test
121436,test
178575,test
198045,test
184073,test
207954,test
184448,test
196990,test
117830,test
204030,test
190185,test
176189,test
187097,test
212866,test
223884,test
182089,test
122181,test
133583,test
184988,test
219295,test
146465,test
123933,test
226936,test
183073,test
206516,test
180037,test
191767,test
206749,test
180393,test
199226,test
199254,test
145303,test
214694,test
173251,test
174508,test
228146,test
214637,test
183024,test
179945,test
227328,test
165981,test
101704,test
208233,test
187109,test
169732,test
212081,test
224657,test
101909,test
183934,test
172408,test
181886,test
216652,test
209303,test
171600,test
202298,test
174553,test
192093,test
200996,test
183303,test
179636,test
127892,test
211653,test
223978,test
187912,test
200507,test
190751,test
221155,test
187973,test
218907,test
200565,test
187884,test
187822,test
190805,test
204865,test
223942,test
185698,test
181936,test
125587,test
142761,test
190210,test
185864,test
183602,test
179122,test
175483,test
101713,test
222029,test
180826,test
203417,test
203646,test
199418,test
193497,test
179705,test
183086,test
131285,test
203366,test
177105,test
224061,test
198668,test
118724,test
171759,test
200033,test
219153,test
186249,test
186016,test
178741,test
105672,test
172737,test
184399,test
174497,test
190071,test
184993,test
201923,test
209689,test
203291,test
221542,test
190784,test
118546,test
176709,test
186523,test
181261,test
225977,test
172571,test
201519,test
195422,test
200197,test
179766,test
202464,test
125288,test
187407,test
183009,test
200102,test
205474,test
227935,test
208182,test
205411,test
171948,test
179099,test
145685,test
179818,test
180332,test
187346,test
203815,test
189749,test
204163,test
221934,test
137410,test
219241,test
194640,test
124954,test
195087,test
188076,test
227444,test
177286,test
189432,test
175868,test
202199,test
196488,test
175014,test
190319,test
199373,test
142796,test
177247,test
167897,test
209300,test
188897,test
127683,test
173772,test
136956,test
202065,test
221321,test
223820,test
185670,test
204578,test
192874,test
224155,test
227513,test
200225,test
211733,test
219220,test
196362,test
223387,test
219917,test
186873,test
221870,test
192710,test
221423,test
196850,test
200893,test
198464,test
184311,test
121963,test
202300,test
119519,test
145249,test
173523,test
200026,test
188775,test
195165,test
206513,test
220202,test
179854,test
202814,test
174947,test
194626,test
130995,test
190222,test
189094,test
123244,test
171800,test
176776,test
169078,test
201779,test
176345,test
145403,test
222392,test
174212,test
224682,test
167868,test
201715,test
173220,test
225055,test
176198,test
184131,test
172031,test
183319,test
206896,test
181402,test
224347,test
196860,test
184652,test
118680,test
211650,test
198207,test
186641,test
200963,test
198009,test
182874,test
214619,test
188548,test
182531,test
183404,test
200894,test
178434,test
221262,test
198420,test
142963,test
185696,test
225364,test
214442,test
178574,test
170957,test
200163,test
180003,test
201553,test
121371,test
196472,test
201096,test
200535,test
208079,test
219523,test
183972,test
189138,test
199198,test
192637,test
178385,test
196571,test
176109,test
216157,test
202902,test
173721,test
174490,test
185719,test
223859,test
214696,test
185011,test
221322,test
220609,test
193775,test
180328,test
180480,test
105378,test
224214,test
172941,test
178964,test
173228,test
189375,test
211949,test
181507,test
184037,test
221780,test
171867,test
188058,test
195309,test
150901,test
217833,test
180775,test
123265,test
176046,test
205777,test
223120,test
171717,test
122355,test
192898,test
199561,test
177499,test
221464,test
183921,test
209035,test
180388,test
181846,test
211645,test
182813,test
196128,test
222332,test
178483,test
199483,test
182318,test
193047,test
203465,test
200973,test
175991,test
221789,test
174733,test
188033,test
193228,test
177372,test
138650,test
197644,test
180500,test
197266,test
152986,test
202733,test
181490,test
193607,test
190149,test
198005,test
223065,test
214588,test
139360,test
183430,test
196843,test
204693,test
181649,test
173584,test
193078,test
195093,test
223880,test
153147,test
193688,test
200598,test
227344,test
178886,test
219834,test
178471,test
175645,test
121962,test
226818,test
179695,test
176466,test
224336,test
176074,test
205461,test
201853,test
184943,test
134721,test
127578,test
205564,test
199485,test
221025,test
172887,test
181807,test
211659,test
142863,test
190660,test
206617,test
96970,test
80510,test
205624,test
222055,test
223757,test
186347,test
214700,test
129292,test
184085,test
222452,test
177654,test
208542,test
213476,test
184135,test
204777,test
197920,test
178315,test
211783,test
180795,test
221316,test
196824,test
174350,test
182120,test
178623,test
126054,test
209900,test
195320,test
178507,test
199675,test
223851,test
199253,test
184117,test
220360,test
182671,test
204769,test
175101,test
225085,test
189424,test
192777,test
196435,test
184418,test
180093,test
177472,test
195517,test
194149,test
227240,test
221420,test
222185,test
200586,test
175489,test
224038,test
182253,test
127543,test
183965,test
221100,test
180170,test
171349,test
199465,test
172420,test
145472,test
220105,test
121728,test
224466,test
183393,test
131017,test
182778,test
202510,test
218727,test
199380,test
227121,test
216360,test
223238,test
178544,test
178685,test
181450,test
134661,test
145389,test
222439,test
226293,test
180278,test
190312,test
185503,test
204554,test
173716,test
175143,test
223471,test
211444,test
204577,test
226300,test
199583,test
201722,test
192383,test
177291,test
177888,test
199710,test
221978,test
196844,test
199677,test
194719,test
138096,test
219037,test
220128,test
177726,test
194903,test
211740,test
127772,test
183709,test
194029,test
183297,test
211485,test
174073,test
222537,test
127134,test
219585,test
219414,test
187785,test
123940,test
192307,test
212660,test
208032,test
204989,test
203168,test
220714,test
219810,test
189538,test
214735,test
96401,test
210380,test
184051,test
122038,test
145783,test
227788,test
224014,test
198327,test
217683,test
220635,test
178340,test
177584,test
174111,test
200936,test
187877,test
193564,test
125611,test
179878,test
190582,test
179921,test
188806,test
203588,test
205483,test
169104,test
176642,test
220110,test
193500,test
172448,test
177212,test
227251,test
203359,test
204604,test
149810,test
202967,test
190677,test
204664,test
179749,test
152064,test
183233,test
225121,test
174560,test
179626,test
205424,test
192061,test
198610,test
189124,test
227685,test
177037,test
219626,test
176439,test
214688,test
195851,test
172768,test
209207,test
205559,test
174801,test
225543,test
182144,test
138077,test
223736,test
126153,test
198705,test
221896,test
174049,test
188126,test
169178,test
200142,test
197704,test
223949,test
178417,test
220507,test
173120,test
192592,test
181307,test
177793,test
200608,test
184638,test
185145,test
133596,test
174485,test
215565,test
127733,test
211655,test
124335,test
186490,test
221792,test
177356,test
185283,test
194045,test
195750,test
175947,test
202128,test
219639,test
227238,test
200718,test
199735,test
178488,test
222708,test
208263,test
187302,test
180701,test
203556,test
193353,test
150798,test
208551,test
195907,test
206774,test
203442,test
210391,test
189470,test
184217,test
207154,test
173039,test
201395,test
186988,test
195823,test
223655,test
166936,test
221271,test
201406,test
180371,test
182113,test
175569,test
179538,test
202331,test
176418,test
200351,test
148271,test
122049,test
208835,test
159523,test
180499,test
216787,test
177298,test
196277,test
169152,test
203521,test
202010,test
189736,test
174762,test
183954,test
184312,test
176573,test
182514,test
190910,test
175460,test
184101,test
223735,test
222770,test
92759,test
226388,test
176563,test
180217,test
206371,test
184601,test
220037,test
174403,test
220157,test
202679,test
184774,test
145299,test
197323,test
180365,test
176390,test
178834,test
227448,test
172678,test
222909,test
185114,test
176271,test
184379,test
182437,test
172532,test
180800,test
197761,test
153819,test
179651,test
168162,test
226019,test
226025,test
179439,test
167870,test
202740,test
219635,test
173869,test
221557,test
218133,test
195018,test
184067,test
120650,test
183963,test
178703,test
122984,test
185135,test
146376,test
105690,test
134716,test
181585,test
175774,test
178589,test
223551,test
184203,test
221260,test
171086,test
218538,test
175193,test
227613,test
206546,test
204805,test
176814,test
145239,test
219642,test
191379,test
215781,test
203419,test
175915,test
210717,test
206053,test
176864,test
176391,test
180778,test
193110,test
130990,test
189505,test
179056,test
208369,test
93657,test
93703,test
169165,test
121725,test
206765,test
219509,test
176850,test
224034,test
203042,test
227884,test
180329,test
122765,test
175311,test
178492,test
155292,test
190347,test
152106,test
184659,test
200906,test
212231,test
218973,test
202958,test
206395,test
193472,test
184114,test
201527,test
121847,test
197190,test
216532,test
196563,test
180870,test
222562,test
175663,test
180057,test
183194,test
203679,test
197729,test
188130,test
97404,test
201364,test
190770,test
192883,test
148616,test
150930,test
173244,test
205888,test
119532,test
184646,test
219640,test
173778,test
168492,test
178873,test
167686,test
225992,test
192068,test
181492,test
202444,test
156655,test
176832,test
176219,test
225945,test
201187,test
126167,test
185349,test
179628,test
203217,test
174331,test
219969,test
224242,test
174812,test
219410,test
202471,test
185423,test
192708,test
189757,test
214738,test
202507,test
207617,test
84039,test
177745,test
180209,test
179942,test
201621,test
202438,test
226387,test
179045,test
182023,test
177090,test
197724,test
194121,test
167774,test
210034,test
194885,test
183085,test
98760,test
180101,test
185827,test
200585,test
191042,test
201980,test
188768,test
166068,test
203237,test
202150,test
200427,test
182017,test
174588,test
205610,test
206229,test
201455,test
134409,test
195012,test
225424,test
179769,test
211832,test
196710,test
187104,test
220483,test
145462,test
193875,test
183935,test
214966,test
197277,test
174606,test
181875,test
183634,test
212452,test
181770,test
187503,test
194166,test
220474,test
181329,test
175475,test
181616,test
190207,test
192197,test
223878,test
174865,test
202441,test
182559,test
186961,test
187040,test
181084,test
178504,test
173914,test
188698,test
199728,test
126162,test
222583,test
190245,test
117897,test
184039,test
174473,test
185658,test
190365,test
201685,test
220265,test
209287,test
201788,test
223189,test
125430,test
205060,test
206781,test
222466,test
173394,test
212466,test
187661,test
193684,test
172232,test
176440,test
225296,test
184854,test
177814,test
172596,test
187010,test
201205,test
199129,test
179662,test
172912,test
191159,test
224494,test
205687,test
203548,test
223531,test
128933,test
196614,test
220294,test
179220,test
181723,test
183606,test
179016,test
198753,test
130116,test
200010,test
180530,test
154278,test
146472,test
172972,test
172742,test
105377,test
185604,test
186806,test
92728,test
198776,test
175607,test
177631,test
203434,test
171632,test
182613,test
171361,test
173929,test
197549,test
175258,test
166538,test
182961,test
200477,test
188718,test
199588,test
219507,test
185341,test
176277,test
180481,test
193633,test
173727,test
197219,test
200469,test
211527,test
166958,test
123920,test
171565,test
216150,test
186554,test
196715,test
227029,test
92705,test
190256,test
172770,test
183232,test
205359,test
196697,test
123168,test
206501,test
173942,test
200433,test
195969,test
187360,test
120581,test
198371,test
197666,test
152812,test
223567,test
199668,test
180507,test
187903,test
178823,test
176882,test
119954,test
219445,test
178740,test
219083,test
124571,test
204924,test
203420,test
195110,test
185809,test
223882,test
175485,test
122104,test
189543,test
214642,test
92701,test
127180,test
172632,test
191703,test
179129,test
171955,test
225803,test
204872,test
145954,test
129865,test
189360,test
189427,test
196808,test
211228,test
224345,test
190654,test
181020,test
175090,test
180934,test
181395,test
186288,test
189121,test
174262,test
202175,test
204797,test
205455,test
166876,test
182499,test
218913,test
178103,test
204806,test
171921,test
227691,test
220366,test
227195,test
133614,test
200851,test
226298,test
176819,test
218736,test
179849,test
124225,test
180693,test
202830,test
180704,test
192878,test
227180,test
205689,test
198765,test
134666,test
184922,test
185889,test
175466,test
185351,test
186811,test
137620,test
223503,test
179608,test
222643,test
169109,test
188721,test
179718,test
207580,test
190228,test
118411,test
196926,test
178782,test
176140,test
178613,test
197496,test
196475,test
189823,test
201964,test
150903,test
186354,test
201521,test
126672,test
188006,test
173171,test
211413,test
194105,test
214459,test
181124,test
186446,test
223879,test
184230,test
177351,test
186369,test
183342,test
186756,test
206491,test
196431,test
180883,test
226757,test
205906,test
174976,test
195157,test
223717,test
227538,test
181304,test
143312,test
146368,test
184321,test
192774,test
96953,test
199404,test
203258,test
220779,test
179121,test
194872,test
174401,test
173675,test
206175,test
190447,test
182419,test
211734,test
185506,test
183253,test
205052,test
183561,test
194993,test
196520,test
200108,test
176902,test
218976,test
174689,test
176628,test
221728,test
193913,test
193551,test
185636,test
174369,test
222119,test
177916,test
178768,test
190254,test
222378,test
189306,test
177722,test
173512,test
220412,test
180736,test
172561,test
127333,test
186643,test
189175,test
185210,test
190586,test
198180,test
184697,test
207757,test
221689,test
118561,test
180444,test
168009,test
221022,test
185303,test
223657,test
200536,test
196791,test
220319,test
223804,test
123227,test
214708,test
224003,test
199531,test
223791,test
184891,test
195325,test
172406,test
103650,test
225051,test
179219,test
144733,test
191966,test
209937,test
187215,test
212481,test
174811,test
122116,test
185199,test
201579,test
223234,test
210833,test
181526,test
206836,test
126734,test
145460,test
191491,test
222829,test
199662,test
196654,test
187796,test
171772,test
177246,test
179418,test
190266,test
212566,test
185281,test
188043,test
178490,test
179984,test
140013,test
205840,test
172033,test
176678,test
220364,test
174550,test
222607,test
127518,test
199764,test
125564,test
180557,test
225941,test
189356,test
188447,test
196587,test
223131,test
208517,test
206358,test
192799,test
200852,test
183344,test
198356,test
222831,test
188734,test
184563,test
225020,test
190781,test
174078,test
179098,test
200889,test
202177,test
