user_id,fold
180683,train
206587,train
123622,train
186016,train
184415,train
182784,train
203331,train
109579,train
128820,train
176097,train
137974,train
201315,train
211231,train
182366,train
184652,train
121620,train
200177,train
174724,train
186028,train
175963,train
179445,train
137415,train
190591,train
189749,train
175216,train
185653,train
182778,train
221694,train
133683,train
196905,train
178348,train
171109,train
134726,train
225548,train
126147,train
169281,train
190203,train
207678,train
205853,train
187055,train
223850,train
206395,train
180733,train
219610,train
182809,train
221535,train
182653,train
166272,train
227863,train
176386,train
206494,train
142876,train
203541,train
186278,train
207757,train
177499,train
186958,train
168155,train
205402,train
205724,train
180188,train
175686,train
173325,train
117831,train
198656,train
180790,train
189015,train
190144,train
177890,train
222589,train
189531,train
203043,train
182558,train
185550,train
205909,train
223696,train
227727,train
178859,train
200415,train
198428,train
205411,train
102608,train
182470,train
178933,train
227086,train
183485,train
227386,train
183010,train
172700,train
190451,train
184110,train
170983,train
196526,train
221208,train
131029,train
188969,train
221416,train
221652,train
178981,train
205466,train
182321,train
176253,train
176608,train
175673,train
191497,train
172888,train
127942,train
192775,train
185718,train
180450,train
214498,train
103646,train
186836,train
195774,train
194268,train
93608,train
225811,train
171890,train
196844,train
193980,train
222780,train
202688,train
200281,train
199126,train
172358,train
193300,train
190057,train
186393,train
167710,train
184240,train
217909,train
188452,train
193693,train
202993,train
197712,train
208086,train
195027,train
131282,train
150779,train
207025,train
206713,train
121348,train
124784,train
180889,train
197186,train
133669,train
108743,train
185977,train
174075,train
170309,train
172443,train
185115,train
219062,train
183484,train
184630,train
185280,train
186246,train
227545,train
193314,train
195885,train
200464,train
171918,train
176493,train
213471,train
188405,train
221162,train
167882,train
210620,train
205564,train
187023,train
175247,train
196290,train
198205,train
219691,train
222926,train
190574,train
182419,train
196858,train
211936,train
184516,train
180924,train
193228,train
223548,train
166867,train
171368,train
191012,train
188237,train
197190,train
192496,train
193356,train
222937,train
186956,train
198588,train
177486,train
174481,train
197653,train
223069,train
222358,train
184972,train
174064,train
181166,train
189104,train
207836,train
181169,train
215535,train
184911,train
182463,train
227240,train
184854,train
220876,train
185766,train
205727,train
183506,train
177229,train
214630,train
174339,train
184333,train
221237,train
182645,train
223959,train
223855,train
187767,train
212725,train
180437,train
220175,train
205772,train
207680,train
222094,train
206189,train
215297,train
173288,train
141648,train
186941,train
168780,train
191595,train
181893,train
179886,train
196461,train
181258,train
178970,train
178760,train
192756,train
122887,train
199467,train
196826,train
178642,train
202854,train
200078,train
166918,train
176906,train
174716,train
185194,train
180076,train
205693,train
207237,train
227356,train
224455,train
203466,train
201667,train
204801,train
179555,train
199657,train
167701,train
96947,train
214610,train
174811,train
175447,train
208983,train
189363,train
213473,train
175431,train
204666,train
199718,train
132085,train
175905,train
206596,train
179387,train
129302,train
203271,train
130121,train
192769,train
176714,train
133697,train
178261,train
166908,train
146280,train
221700,train
184577,train
204163,train
171162,train
227675,train
204070,train
181992,train
182375,train
206489,train
173691,train
96447,train
185706,train
185526,train
200391,train
180002,train
172863,train
184457,train
194751,train
211997,train
173450,train
227465,train
181668,train
181261,train
202063,train
103689,train
222975,train
196586,train
150320,train
198793,train
223935,train
226727,train
171914,train
221648,train
221112,train
181367,train
183734,train
198002,train
174482,train
171629,train
155465,train
202009,train
221882,train
219366,train
180795,train
225903,train
198326,train
136918,train
182000,train
173750,train
188833,train
223644,train
180539,train
183556,train
175704,train
203006,train
219467,train
201560,train
202831,train
174284,train
175110,train
197092,train
223168,train
212293,train
169104,train
198536,train
190527,train
186800,train
214375,train
180562,train
138665,train
180814,train
186414,train
172402,train
195152,train
174825,train
227098,train
180678,train
187050,train
175246,train
186939,train
134661,train
167102,train
200640,train
223171,train
208960,train
184330,train
205008,train
193495,train
124495,train
101691,train
181471,train
227049,train
223596,train
175675,train
215751,train
150930,train
222344,train
199142,train
123442,train
100582,train
131293,train
181185,train
178595,train
214736,train
120890,train
205645,train
209300,train
176628,train
204584,train
184103,train
169263,train
182304,train
130773,train
200211,train
178172,train
217720,train
170128,train
174557,train
176460,train
219584,train
180818,train
224649,train
178761,train
220381,train
217684,train
150793,train
222440,train
224048,train
199226,train
221197,train
214722,train
201542,train
185848,train
223356,train
189154,train
173950,train
96027,train
199671,train
201510,train
198468,train
187208,train
215449,train
178420,train
199708,train
193340,train
185132,train
173622,train
185727,train
180726,train
219802,train
118634,train
203461,train
223961,train
198821,train
190187,train
180879,train
196268,train
178849,train
178775,train
184361,train
191626,train
207918,train
194124,train
172921,train
197285,train
174423,train
181738,train
184038,train
209626,train
128825,train
100027,train
193556,train
222381,train
183236,train
182534,train
155770,train
174238,train
175912,train
170748,train
208165,train
221644,train
123679,train
193984,train
222264,train
185893,train
186359,train
194966,train
134420,train
201406,train
222718,train
177111,train
219698,train
188875,train
181768,train
187156,train
223106,train
184154,train
222019,train
173106,train
200256,train
179943,train
145459,train
184306,train
192262,train
200551,train
221234,train
209884,train
200220,train
134562,train
207144,train
205417,train
171873,train
131394,train
203585,train
184753,train
188283,train
223183,train
119390,train
185390,train
178688,train
145394,train
196699,train
201984,train
118408,train
183428,train
193613,train
208368,train
204078,train
223446,train
223465,train
199734,train
137391,train
205664,train
183353,train
173229,train
92713,train
221955,train
200723,train
196765,train
219177,train
172165,train
206515,train
217678,train
118724,train
213226,train
200986,train
205844,train
203681,train
174095,train
189491,train
172808,train
194883,train
206568,train
225108,train
182577,train
178432,train
199683,train
200121,train
200993,train
174485,train
172873,train
211802,train
212595,train
179205,train
221022,train
201553,train
178742,train
200138,train
183564,train
187022,train
188235,train
191566,train
173464,train
182362,train
133699,train
205884,train
208645,train
226157,train
177591,train
179543,train
192392,train
183357,train
178078,train
175658,train
120417,train
187075,train
194958,train
137088,train
203643,train
183604,train
119701,train
188189,train
192020,train
221906,train
184153,train
153069,train
175429,train
131124,train
181691,train
185163,train
187344,train
222693,train
193485,train
193723,train
178158,train
217754,train
170535,train
204571,train
194898,train
122008,train
219555,train
187862,train
189701,train
188754,train
226209,train
179552,train
206227,train
178555,train
220399,train
167894,train
177771,train
223507,train
205677,train
214260,train
167897,train
194704,train
173364,train
206366,train
176905,train
221752,train
199600,train
195353,train
178057,train
221971,train
181791,train
93660,train
120286,train
171412,train
196956,train
196514,train
220064,train
187849,train
145660,train
155138,train
214974,train
188324,train
176029,train
220484,train
144070,train
175470,train
127298,train
177504,train
179682,train
187846,train
183836,train
179631,train
105773,train
226651,train
224367,train
222461,train
188971,train
221139,train
189044,train
207981,train
125556,train
145457,train
185158,train
125003,train
194644,train
222123,train
130562,train
184742,train
184037,train
219524,train
183613,train
208977,train
212057,train
200978,train
221731,train
179539,train
221734,train
225556,train
206036,train
185283,train
177716,train
211742,train
117829,train
103500,train
219602,train
178435,train
212077,train
221270,train
120675,train
181630,train
174369,train
212479,train
129849,train
173006,train
174726,train
188607,train
205794,train
187820,train
218814,train
197356,train
180151,train
120581,train
136537,train
188248,train
211558,train
202076,train
182544,train
127097,train
201231,train
185534,train
224115,train
177683,train
225013,train
176766,train
203516,train
184581,train
214437,train
193412,train
177672,train
175747,train
181806,train
145405,train
192772,train
175346,train
192520,train
184212,train
190075,train
185801,train
191783,train
180566,train
184736,train
200785,train
196646,train
177339,train
125026,train
176425,train
172779,train
168136,train
221963,train
198780,train
183191,train
143420,train
221941,train
180621,train
185251,train
179613,train
92680,train
196811,train
138662,train
181661,train
181664,train
186322,train
222899,train
139347,train
197916,train
189096,train
173127,train
188177,train
220922,train
173872,train
179905,train
201294,train
93684,train
168119,train
200150,train
221879,train
193401,train
169501,train
226647,train
218133,train
169124,train
179759,train
165915,train
134528,train
178936,train
125889,train
122462,train
222066,train
176726,train
182473,train
221712,train
170990,train
203675,train
185165,train
176136,train
175801,train
221684,train
138069,train
197197,train
219612,train
125808,train
187621,train
179662,train
174080,train
127889,train
199495,train
222527,train
196622,train
127338,train
179165,train
220087,train
188133,train
202509,train
200818,train
205007,train
174959,train
196988,train
215773,train
174603,train
206512,train
208495,train
183660,train
177875,train
206583,train
196506,train
181570,train
167860,train
177915,train
126799,train
178707,train
122623,train
190215,train
213331,train
182826,train
177090,train
181069,train
213913,train
220447,train
214614,train
173925,train
175191,train
183638,train
171881,train
202752,train
184100,train
199178,train
220641,train
176595,train
220324,train
221284,train
198232,train
192762,train
220912,train
223511,train
180375,train
174298,train
174794,train
174704,train
146492,train
200267,train
185260,train
203391,train
205393,train
127281,train
178682,train
176332,train
212888,train
167850,train
200462,train
199132,train
181019,train
101960,train
184867,train
224080,train
206634,train
221845,train
190248,train
179601,train
186027,train
165984,train
191233,train
209070,train
176092,train
188766,train
184971,train
205459,train
118598,train
178743,train
222630,train
180821,train
171150,train
176783,train
120279,train
182683,train
172981,train
125494,train
194703,train
168142,train
201571,train
223987,train
140341,train
200145,train
169114,train
224179,train
197343,train
227029,train
179437,train
120342,train
175534,train
173713,train
182082,train
183449,train
211364,train
174538,train
166597,train
97404,train
223193,train
196731,train
190272,train
174441,train
181461,train
227302,train
181592,train
211413,train
99539,train
224568,train
214443,train
195533,train
179082,train
217976,train
177729,train
221658,train
126671,train
188960,train
177984,train
184241,train
181656,train
201488,train
178862,train
221669,train
173923,train
196117,train
172449,train
184502,train
176311,train
125417,train
173905,train
201999,train
153023,train
121392,train
205438,train
192577,train
185289,train
126761,train
184688,train
184275,train
177042,train
189315,train
182123,train
223127,train
190158,train
185239,train
126081,train
221440,train
188412,train
180823,train
132051,train
174012,train
200923,train
139357,train
223626,train
184924,train
222306,train
196635,train
192347,train
200593,train
203177,train
185985,train
195779,train
209642,train
180097,train
224257,train
208551,train
206320,train
227839,train
134658,train
140512,train
199647,train
182613,train
146373,train
195826,train
138524,train
173471,train
137894,train
182808,train
174571,train
188745,train
137350,train
98752,train
224479,train
127897,train
186791,train
135798,train
206149,train
222322,train
189969,train
191508,train
220783,train
199618,train
133590,train
174722,train
166594,train
165837,train
187873,train
222099,train
176379,train
169230,train
184853,train
118397,train
143482,train
185662,train
184751,train
200148,train
199749,train
199031,train
174145,train
197112,train
222535,train
173154,train
227024,train
126456,train
187562,train
223009,train
181873,train
137303,train
131572,train
181908,train
183295,train
193357,train
222276,train
192803,train
227345,train
224283,train
197189,train
225257,train
220345,train
180962,train
192033,train
187754,train
185120,train
201463,train
209035,train
182467,train
138372,train
178955,train
212298,train
199147,train
123187,train
220081,train
187669,train
142621,train
177567,train
186822,train
145446,train
196577,train
220485,train
180782,train
145257,train
183614,train
227513,train
176842,train
209902,train
178387,train
171072,train
199583,train
181639,train
192592,train
195783,train
201534,train
220781,train
227230,train
227094,train
175689,train
219068,train
184399,train
224635,train
187903,train
97398,train
188606,train
177119,train
184733,train
186446,train
92678,train
219727,train
211127,train
178774,train
176157,train
178234,train
197276,train
196929,train
201288,train
175250,train
174508,train
138712,train
179349,train
211565,train
220000,train
141635,train
203003,train
219678,train
175451,train
119785,train
126228,train
178413,train
222547,train
198440,train
203426,train
209683,train
223708,train
177633,train
205579,train
194654,train
193645,train
181932,train
90003,train
222180,train
169109,train
225979,train
189943,train
178347,train
219512,train
152991,train
200504,train
181278,train
213475,train
137026,train
184488,train
185379,train
179717,train
196601,train
186454,train
206720,train
127617,train
206669,train
208202,train
197484,train
223936,train
222485,train
188418,train
102036,train
184732,train
205858,train
173384,train
125575,train
192601,train
195047,train
206116,train
219325,train
174477,train
178271,train
174812,train
178822,train
169364,train
220284,train
205518,train
206722,train
180791,train
202506,train
121548,train
171930,train
190622,train
182497,train
177572,train
195743,train
168740,train
174270,train
167875,train
175655,train
181921,train
175394,train
189370,train
180500,train
126758,train
173265,train
193113,train
175809,train
179850,train
127307,train
186007,train
188032,train
199194,train
172027,train
191163,train
171558,train
177740,train
208093,train
226636,train
203531,train
223427,train
197865,train
205777,train
195574,train
225950,train
193677,train
119279,train
200413,train
210823,train
186261,train
131283,train
183719,train
220408,train
121961,train
177301,train
209696,train
220608,train
184541,train
169487,train
184713,train
222034,train
201941,train
208179,train
225121,train
217904,train
188892,train
189698,train
180404,train
171935,train
167348,train
178576,train
190535,train
175333,train
197876,train
188708,train
223883,train
219980,train
201717,train
209899,train
108781,train
220165,train
175738,train
213157,train
178651,train
181496,train
176373,train
118601,train
200536,train
155831,train
223533,train
225346,train
131286,train
220366,train
212506,train
196237,train
187011,train
222191,train
200213,train
190910,train
209688,train
191604,train
182730,train
176318,train
220863,train
127283,train
186643,train
174498,train
216532,train
119350,train
203694,train
196910,train
188152,train
176129,train
194729,train
224621,train
228042,train
220644,train
200859,train
222328,train
212676,train
126592,train
181872,train
199175,train
195431,train
173838,train
218775,train
220525,train
196516,train
183899,train
184140,train
196920,train
168633,train
186099,train
228043,train
207837,train
221294,train
178600,train
184828,train
187563,train
184908,train
175353,train
172396,train
214604,train
199557,train
176619,train
220153,train
179666,train
179646,train
222571,train
166815,train
146295,train
177075,train
210785,train
178238,train
170845,train
193643,train
174434,train
199677,train
205580,train
194936,train
174616,train
226998,train
219462,train
221550,train
218247,train
172652,train
172043,train
217908,train
177759,train
186938,train
226327,train
188100,train
204399,train
196248,train
174422,train
219457,train
212866,train
178483,train
175731,train
182912,train
169106,train
126223,train
218725,train
137130,train
127772,train
193466,train
179881,train
223928,train
196547,train
176089,train
172066,train
92709,train
192185,train
187843,train
201447,train
194087,train
196710,train
100570,train
186830,train
184658,train
199060,train
214451,train
192793,train
186548,train
221274,train
172186,train
167525,train
214373,train
173475,train
188697,train
201669,train
183646,train
222210,train
125880,train
172237,train
127325,train
183891,train
196782,train
227040,train
167837,train
202199,train
220407,train
176572,train
137147,train
178755,train
190315,train
187834,train
178828,train
191613,train
192962,train
225053,train
189266,train
173047,train
98744,train
223632,train
191165,train
191284,train
174573,train
192045,train
179765,train
195090,train
185989,train
212256,train
223584,train
224524,train
222563,train
118533,train
213142,train
138177,train
186660,train
177321,train
179485,train
169101,train
180868,train
199507,train
178716,train
193718,train
203805,train
188135,train
223711,train
199766,train
177811,train
177804,train
183189,train
200463,train
174100,train
182086,train
183465,train
157693,train
172238,train
145248,train
168484,train
200503,train
222425,train
189124,train
177274,train
203403,train
195699,train
190794,train
178567,train
120488,train
203204,train
138655,train
185147,train
189536,train
200748,train
173912,train
220728,train
178612,train
219073,train
182542,train
191673,train
122931,train
153150,train
192460,train
226180,train
125555,train
195813,train
210376,train
168156,train
174957,train
196319,train
195013,train
203439,train
179369,train
198417,train
190790,train
188790,train
194176,train
190294,train
126154,train
119328,train
203553,train
207905,train
225023,train
221562,train
205900,train
206332,train
222215,train
186407,train
195085,train
188474,train
176103,train
172482,train
205651,train
182330,train
202705,train
125018,train
188080,train
207335,train
208835,train
196833,train
120228,train
207939,train
201344,train
136815,train
226005,train
220547,train
173916,train
127563,train
127911,train
127736,train
187410,train
198674,train
186793,train
173830,train
189305,train
197340,train
173380,train
180717,train
171908,train
226334,train
181680,train
123171,train
183947,train
127534,train
175831,train
119171,train
222478,train
177565,train
222711,train
171581,train
207933,train
191141,train
222774,train
205773,train
183079,train
186224,train
228135,train
173996,train
173462,train
201122,train
179446,train
176022,train
205784,train
188774,train
179622,train
180925,train
137341,train
195160,train
193937,train
220393,train
186290,train
226773,train
126157,train
219364,train
167838,train
150801,train
177573,train
137101,train
185394,train
200101,train
226902,train
212677,train
221892,train
195321,train
201719,train
169220,train
196862,train
186272,train
227217,train
223151,train
183984,train
127182,train
196148,train
92591,train
150164,train
227734,train
225019,train
167347,train
227036,train
204788,train
178503,train
175770,train
227441,train
222619,train
183355,train
180364,train
206597,train
181757,train
201169,train
150891,train
127576,train
209044,train
80439,train
172750,train
186365,train
206569,train
208486,train
220694,train
221864,train
198775,train
179777,train
181108,train
219576,train
195118,train
193810,train
187407,train
198790,train
179851,train
177623,train
197184,train
182200,train
184187,train
193377,train
184147,train
179491,train
226719,train
206814,train
203665,train
200862,train
175291,train
146605,train
202280,train
196615,train
209265,train
173044,train
176156,train
172001,train
218764,train
223791,train
188907,train
92727,train
220504,train
174955,train
227265,train
126005,train
223608,train
201543,train
211514,train
225863,train
193471,train
202295,train
221090,train
177973,train
175724,train
188582,train
188033,train
176494,train
221793,train
223028,train
224600,train
188215,train
182997,train
201370,train
200586,train
200671,train
202755,train
184682,train
218483,train
77966,train
177628,train
172945,train
176099,train
165931,train
123684,train
181593,train
190758,train
199717,train
190163,train
227691,train
186254,train
198302,train
176027,train
227307,train
125820,train
189781,train
175550,train
183472,train
220551,train
193885,train
196948,train
187675,train
181183,train
206319,train
181964,train
180649,train
224060,train
184300,train
179775,train
192409,train
187605,train
201607,train
223652,train
192279,train
211353,train
125505,train
206487,train
221012,train
182846,train
196742,train
190787,train
221275,train
125591,train
174801,train
172010,train
131142,train
169888,train
173715,train
186223,train
183884,train
212075,train
137148,train
142673,train
222278,train
199165,train
219813,train
222050,train
174554,train
181141,train
198935,train
168415,train
197131,train
221296,train
184625,train
199404,train
203856,train
211432,train
224877,train
218948,train
212634,train
192957,train
189094,train
173261,train
204830,train
81837,train
195622,train
178835,train
185407,train
182720,train
174709,train
218937,train
150821,train
177578,train
123173,train
178089,train
180856,train
208870,train
171078,train
220441,train
224972,train
226980,train
179912,train
192876,train
191571,train
189817,train
181933,train
168140,train
175533,train
123707,train
184405,train
174985,train
181624,train
123683,train
211401,train
223543,train
166061,train
176807,train
189035,train
143312,train
127113,train
223231,train
182064,train
190638,train
173887,train
205006,train
180741,train
199692,train
191802,train
218981,train
173097,train
180863,train
198446,train
197907,train
217635,train
184823,train
174979,train
173621,train
194747,train
203144,train
202027,train
195146,train
183906,train
223471,train
180520,train
220142,train
225113,train
130491,train
175627,train
145444,train
98760,train
172363,train
183633,train
198979,train
220541,train
178842,train
219646,train
174087,train
181239,train
223031,train
175231,train
186052,train
219077,train
177234,train
189420,train
198723,train
214363,train
186118,train
176569,train
200898,train
195848,train
150840,train
197145,train
145255,train
213203,train
120302,train
174658,train
222427,train
185359,train
185145,train
205916,train
220818,train
177897,train
183401,train
203398,train
173022,train
185616,train
227383,train
223499,train
221818,train
182059,train
134192,train
169162,train
173442,train
152211,train
188299,train
208955,train
185360,train
203388,train
179436,train
176636,train
227259,train
180655,train
187911,train
212255,train
181660,train
220578,train
189511,train
171991,train
182593,train
118681,train
176409,train
192119,train
189095,train
171384,train
167704,train
194495,train
181533,train
178589,train
177246,train
214746,train
178334,train
176622,train
167846,train
221483,train
178985,train
185737,train
181251,train
202157,train
203244,train
167889,train
184665,train
178948,train
206674,train
178627,train
193458,train
175134,train
187376,train
136916,train
193988,train
212029,train
202024,train
200125,train
183728,train
181771,train
188755,train
175150,train
187673,train
181528,train
224061,train
173745,train
183021,train
84060,train
184347,train
222775,train
148209,train
185560,train
223744,train
174778,train
219476,train
223605,train
186896,train
222511,train
133271,train
177780,train
126152,train
201405,train
191381,train
187492,train
187360,train
181267,train
178968,train
208014,train
185961,train
137946,train
226482,train
227299,train
123435,train
189746,train
227796,train
198766,train
117841,train
222448,train
121553,train
221908,train
191551,train
193568,train
203530,train
216157,train
121023,train
129287,train
222952,train
121963,train
178951,train
207828,train
222967,train
180583,train
183134,train
224121,train
199105,train
197267,train
125455,train
211349,train
197973,train
222950,train
225968,train
178480,train
189809,train
182554,train
198387,train
182510,train
183938,train
177954,train
223521,train
178695,train
126240,train
199394,train
206500,train
174386,train
214383,train
187365,train
201908,train
222168,train
193928,train
179960,train
187432,train
223591,train
203159,train
223246,train
204960,train
175945,train
185513,train
177860,train
188051,train
201007,train
176620,train
187810,train
179916,train
226299,train
217911,train
219836,train
134666,train
125457,train
209991,train
131290,train
179450,train
180157,train
222052,train
175386,train
213208,train
177224,train
224376,train
200966,train
184221,train
212663,train
177891,train
201710,train
178197,train
201326,train
175631,train
176348,train
205634,train
203248,train
184775,train
186802,train
189107,train
182479,train
174673,train
223886,train
120464,train
201813,train
201332,train
221649,train
208692,train
197234,train
191140,train
223198,train
197645,train
211247,train
200541,train
103652,train
194723,train
227519,train
185214,train
182417,train
185861,train
206680,train
219063,train
205467,train
180873,train
196655,train
180906,train
187262,train
199785,train
197390,train
193392,train
209311,train
184120,train
226025,train
183790,train
200431,train
217682,train
153008,train
197993,train
179703,train
188252,train
193488,train
187144,train
195053,train
171971,train
209200,train
179929,train
145403,train
222965,train
192709,train
184959,train
225351,train
152812,train
119699,train
188160,train
120304,train
180773,train
174395,train
173863,train
189114,train
183921,train
198495,train
139973,train
184988,train
214251,train
225104,train
138139,train
219340,train
224052,train
220342,train
176412,train
193941,train
221131,train
109003,train
226990,train
186394,train
203288,train
182660,train
172377,train
218113,train
127725,train
171984,train
166863,train
187415,train
187047,train
175961,train
224056,train
178608,train
193584,train
200583,train
183056,train
110507,train
193499,train
195312,train
133654,train
182026,train
119558,train
198451,train
227234,train
209135,train
190141,train
179705,train
225943,train
198461,train
185511,train
207950,train
184842,train
190363,train
180560,train
214447,train
206843,train
185983,train
148274,train
177536,train
202931,train
176601,train
179794,train
223826,train
212462,train
186442,train
176282,train
179159,train
196243,train
195773,train
167707,train
184057,train
165933,train
177657,train
226376,train
227092,train
183259,train
181619,train
170960,train
178167,train
208356,train
199555,train
169950,train
173557,train
120145,train
173921,train
186404,train
207808,train
203160,train
191686,train
180394,train
218502,train
184138,train
220650,train
189748,train
202177,train
188159,train
121372,train
176874,train
133830,train
170577,train
221372,train
183493,train
201972,train
179766,train
171579,train
208391,train
199661,train
201723,train
208092,train
193856,train
207277,train
224425,train
223659,train
195169,train
178402,train
211737,train
223154,train
188967,train
173157,train
221819,train
120261,train
177992,train
168298,train
198286,train
184539,train
219251,train
203667,train
193652,train
165887,train
219607,train
220472,train
220825,train
205469,train
181689,train
223160,train
199198,train
122616,train
203595,train
173783,train
143330,train
198706,train
221936,train
202196,train
118737,train
177138,train
200971,train
198221,train
223204,train
174073,train
181919,train
205444,train
174428,train
171879,train
206351,train
191993,train
193549,train
173440,train
180095,train
187892,train
222483,train
175312,train
215776,train
214643,train
173432,train
172754,train
189310,train
219571,train
218967,train
227390,train
185366,train
193670,train
186312,train
194885,train
196702,train
177226,train
184047,train
174916,train
178561,train
222948,train
125000,train
199311,train
219916,train
177548,train
189503,train
220151,train
224530,train
208742,train
188318,train
184314,train
180592,train
182671,train
206039,train
221795,train
171405,train
204918,train
222930,train
176693,train
175199,train
201554,train
177907,train
170609,train
189106,train
175029,train
189364,train
217967,train
176758,train
208078,train
121927,train
178444,train
205818,train
181707,train
221965,train
182758,train
220292,train
210375,train
176781,train
124713,train
218910,train
144935,train
175662,train
170224,train
181115,train
224281,train
187241,train
222039,train
126075,train
122699,train
199129,train
182700,train
206175,train
219685,train
184829,train
209057,train
186926,train
191237,train
193399,train
118467,train
187362,train
218766,train
211322,train
194231,train
222997,train
194772,train
174599,train
172036,train
184062,train
176148,train
196235,train
212224,train
205857,train
80145,train
96400,train
189019,train
219006,train
119491,train
176326,train
201337,train
202817,train
179375,train
180044,train
149672,train
183673,train
224043,train
125450,train
171048,train
177577,train
222285,train
181742,train
175583,train
141529,train
178751,train
218998,train
195938,train
118432,train
221229,train
183915,train
184758,train
176900,train
218101,train
169120,train
226386,train
174513,train
131131,train
207849,train
196923,train
222578,train
226295,train
198331,train
210589,train
144394,train
178640,train
180895,train
190207,train
181063,train
187298,train
219181,train
222254,train
207102,train
183743,train
175091,train
223470,train
188811,train
171688,train
183065,train
179934,train
209643,train
205682,train
189777,train
126078,train
206467,train
104312,train
150832,train
219609,train
199652,train
190166,train
226166,train
173099,train
100576,train
219682,train
185457,train
186413,train
182152,train
225100,train
191965,train
172986,train
221812,train
175153,train
122176,train
212720,train
171895,train
221096,train
97397,train
123208,train
175211,train
200222,train
220881,train
177826,train
202329,train
224538,train
182863,train
191369,train
185458,train
181542,train
186515,train
172562,train
197943,train
179260,train
200603,train
200870,train
219375,train
220727,train
211937,train
219597,train
179430,train
203460,train
180073,train
189314,train
221937,train
189934,train
118731,train
207175,train
221260,train
223978,train
185258,train
219308,train
192634,train
218698,train
189774,train
191612,train
200309,train
176405,train
183404,train
221810,train
224347,train
175315,train
222852,train
212356,train
93526,train
172319,train
175472,train
200517,train
206590,train
149694,train
193012,train
189436,train
182541,train
179718,train
117820,train
181965,train
177153,train
196618,train
203254,train
222554,train
217766,train
222207,train
222560,train
188427,train
206333,train
202830,train
205457,train
198937,train
185334,train
186975,train
211220,train
183627,train
193413,train
214951,train
224412,train
218975,train
184985,train
201301,train
221718,train
177539,train
187795,train
124357,train
120650,train
171755,train
118529,train
192726,train
200943,train
201014,train
199786,train
221831,train
125162,train
198462,train
173272,train
221312,train
222944,train
182405,train
173861,train
176599,train
188496,train
181829,train
208080,train
199141,train
209874,train
223064,train
227350,train
207269,train
206779,train
182745,train
181217,train
222765,train
186458,train
171953,train
227665,train
118599,train
191633,train
175885,train
178076,train
202720,train
169141,train
178620,train
208734,train
128818,train
184670,train
212889,train
222018,train
205365,train
184285,train
208200,train
85969,train
220183,train
190277,train
194090,train
184950,train
184930,train
186019,train
212024,train
172703,train
137950,train
199239,train
174342,train
174078,train
183768,train
140285,train
209400,train
203098,train
173163,train
167712,train
180659,train
220180,train
225992,train
188760,train
189758,train
172372,train
134923,train
183272,train
123689,train
223555,train
112092,train
227742,train
212229,train
195429,train
205776,train
219968,train
189574,train
183228,train
227542,train
186384,train
176659,train
223942,train
208177,train
123904,train
148313,train
187828,train
181393,train
188696,train
172560,train
172323,train
171782,train
180053,train
184279,train
200926,train
212023,train
176469,train
196924,train
183199,train
181249,train
200891,train
187411,train
210248,train
189776,train
173181,train
203264,train
206378,train
172865,train
200618,train
181366,train
179313,train
174680,train
202939,train
143728,train
209474,train
223000,train
222973,train
202813,train
179593,train
210346,train
151662,train
178457,train
185234,train
188423,train
199528,train
131612,train
223937,train
216415,train
120335,train
186720,train
179988,train
176259,train
195055,train
196747,train
136963,train
209693,train
197135,train
200472,train
173716,train
122965,train
171847,train
177557,train
204066,train
126221,train
182323,train
180616,train
203272,train
223637,train
194603,train
207671,train
175870,train
178455,train
173701,train
220038,train
170597,train
176818,train
185793,train
220828,train
185485,train
175586,train
195056,train
183726,train
190325,train
206833,train
210997,train
137251,train
197678,train
208182,train
171375,train
145258,train
183016,train
191609,train
157159,train
222011,train
203438,train
197875,train
145404,train
168014,train
207922,train
118669,train
181726,train
201966,train
171749,train
222240,train
173906,train
97528,train
226788,train
192938,train
176387,train
184728,train
223523,train
195857,train
173313,train
187223,train
200826,train
124350,train
175311,train
184939,train
201716,train
203359,train
118428,train
222988,train
209709,train
96025,train
178785,train
179435,train
188072,train
181810,train
152065,train
208184,train
199616,train
228146,train
227014,train
183145,train
189101,train
185000,train
223667,train
177662,train
175654,train
222181,train
181925,train
179222,train
225051,train
223989,train
219009,train
212078,train
118489,train
192386,train
186268,train
174083,train
187989,train
187210,train
224650,train
176694,train
187764,train
177304,train
223179,train
217838,train
224562,train
165919,train
180909,train
184367,train
141853,train
178332,train
177836,train
174823,train
209138,train
125034,train
197497,train
204550,train
215424,train
202512,train
188056,train
177288,train
211642,train
186861,train
223475,train
196724,train
203182,train
145407,train
175827,train
202114,train
195117,train
182146,train
183798,train
193474,train
219883,train
193358,train
61394,train
127099,train
211249,train
174627,train
103648,train
126072,train
193009,train
180511,train
175636,train
179845,train
212670,train
208019,train
201489,train
210612,train
182167,train
202064,train
226733,train
224456,train
205388,train
183827,train
204778,train
125893,train
180822,train
185395,train
168440,train
181550,train
184055,train
189855,train
179551,train
173771,train
204199,train
183345,train
198301,train
199712,train
206343,train
122191,train
196504,train
122447,train
225365,train
181145,train
214374,train
219400,train
187800,train
223500,train
168153,train
199135,train
174665,train
192300,train
194960,train
186506,train
175103,train
174918,train
171993,train
198995,train
221236,train
180860,train
179318,train
183027,train
205768,train
190682,train
217728,train
118674,train
221098,train
171343,train
196808,train
192301,train
189167,train
184740,train
227304,train
184230,train
219586,train
219543,train
205361,train
191577,train
181743,train
223775,train
194237,train
178464,train
118693,train
184805,train
224496,train
179998,train
205591,train
176581,train
137141,train
212573,train
214421,train
208648,train
200460,train
190192,train
223189,train
178233,train
189765,train
178186,train
183795,train
187768,train
183208,train
227085,train
187869,train
213486,train
177460,train
223627,train
168149,train
196091,train
199681,train
121534,train
192705,train
125877,train
174451,train
191016,train
182111,train
222843,train
179783,train
181549,train
206458,train
223200,train
179017,train
192035,train
219396,train
194957,train
197967,train
188831,train
185286,train
134656,train
190942,train
194535,train
173128,train
181652,train
183481,train
213297,train
200771,train
188436,train
186878,train
222603,train
190251,train
173700,train
168006,train
193045,train
171103,train
181179,train
200478,train
227787,train
170396,train
204573,train
211775,train
179138,train
187242,train
190953,train
202697,train
218732,train
177900,train
182747,train
184446,train
186247,train
186641,train
125666,train
182552,train
182424,train
223120,train
187188,train
222114,train
198011,train
214441,train
186555,train
206497,train
197109,train
191617,train
176702,train
183792,train
190862,train
182125,train
197079,train
183495,train
221866,train
172937,train
187821,train
193131,train
223721,train
196673,train
191324,train
224005,train
201364,train
130565,train
186334,train
205692,train
145408,train
209988,train
212299,train
222868,train
180596,train
216366,train
175994,train
122870,train
219344,train
214730,train
123498,train
168132,train
184726,train
209166,train
172781,train
177300,train
197220,train
150378,train
176339,train
200105,train
166933,train
178032,train
177469,train
185197,train
118583,train
179684,train
171328,train
223699,train
184796,train
143746,train
195316,train
120340,train
193557,train
195104,train
200203,train
224142,train
182678,train
185931,train
176222,train
210970,train
218576,train
193939,train
122862,train
219642,train
198304,train
185529,train
171115,train
220055,train
187244,train
184987,train
166600,train
177031,train
227448,train
175774,train
184376,train
191576,train
223576,train
211305,train
182600,train
199664,train
196609,train
190431,train
170216,train
184835,train
224537,train
105771,train
225507,train
108773,train
201012,train
127164,train
171087,train
185264,train
126333,train
73604,train
100562,train
197134,train
184148,train
176809,train
187785,train
190703,train
178190,train
206176,train
223423,train
172433,train
176235,train
202493,train
218767,train
119995,train
198689,train
199715,train
218992,train
181875,train
219580,train
195845,train
184710,train
122694,train
183625,train
105830,train
168151,train
188042,train
127546,train
179493,train
167829,train
199609,train
200601,train
220398,train
200592,train
137253,train
139102,train
185467,train
205635,train
195823,train
203306,train
175862,train
176657,train
192393,train
170957,train
178157,train
205588,train
181825,train
179024,train
96983,train
190782,train
172477,train
189717,train
146059,train
163713,train
150824,train
176872,train
137620,train
165893,train
92802,train
223930,train
193684,train
130055,train
190006,train
181418,train
178045,train
225000,train
181155,train
211228,train
210374,train
93517,train
220110,train
219394,train
185249,train
210979,train
176788,train
192415,train
174747,train
197951,train
119915,train
197075,train
225803,train
224586,train
123192,train
217723,train
187021,train
178355,train
224457,train
201181,train
208979,train
188018,train
195839,train
172764,train
191151,train
136776,train
207915,train
172408,train
177736,train
224363,train
131035,train
188192,train
214691,train
176811,train
184928,train
205458,train
197332,train
178719,train
198661,train
174056,train
202898,train
225345,train
193840,train
128320,train
224143,train
190666,train
171790,train
224982,train
224371,train
224062,train
176265,train
224227,train
184048,train
201562,train
134731,train
181459,train
174795,train
182028,train
137037,train
128817,train
179722,train
225022,train
221170,train
200218,train
195805,train
188113,train
165995,train
188819,train
120895,train
171757,train
208953,train
174437,train
208369,train
198642,train
185972,train
173156,train
217970,train
177291,train
165989,train
184237,train
185382,train
196627,train
203423,train
185607,train
205877,train
203630,train
223469,train
226586,train
181931,train
176158,train
225997,train
126160,train
178677,train
199612,train
223805,train
192211,train
183368,train
186313,train
183059,train
194905,train
200491,train
120998,train
227826,train
133631,train
194769,train
180943,train
220047,train
222740,train
140921,train
200527,train
173768,train
92677,train
188972,train
119906,train
175996,train
198784,train
97521,train
201215,train
180936,train
134374,train
206759,train
180826,train
173129,train
179633,train
184562,train
199491,train
194731,train
227430,train
219358,train
183207,train
196959,train
138077,train
181107,train
184689,train
175238,train
205082,train
177462,train
170397,train
227534,train
182469,train
173203,train
131318,train
197355,train
195933,train
200553,train
173032,train
221329,train
171455,train
220618,train
177163,train
187239,train
217837,train
227848,train
201944,train
197947,train
183585,train
227557,train
188407,train
189852,train
174692,train
223602,train
192058,train
181616,train
185216,train
177284,train
186425,train
188771,train
175183,train
185267,train
201481,train
174831,train
173448,train
166929,train
183566,train
183365,train
200181,train
203145,train
218893,train
127584,train
189116,train
189143,train
178660,train
187794,train
183588,train
123687,train
208481,train
153144,train
195820,train
212070,train
211105,train
220052,train
174956,train
218185,train
202291,train
94900,train
188251,train
190636,train
185809,train
222466,train
221471,train
202468,train
220400,train
200205,train
188518,train
192188,train
209868,train
195409,train
175597,train
219343,train
211217,train
199658,train
183451,train
200461,train
207478,train
120284,train
186292,train
199753,train
180969,train
183422,train
198538,train
129897,train
198493,train
199556,train
180507,train
186097,train
142646,train
186925,train
197636,train
173788,train
181220,train
93523,train
176616,train
202341,train
182165,train
200590,train
142963,train
223926,train
189203,train
186276,train
177507,train
202834,train
197403,train
198101,train
176833,train
183356,train
189591,train
193598,train
203105,train
184824,train
201578,train
136919,train
174670,train
183583,train
186883,train
187416,train
125565,train
176591,train
179355,train
183534,train
221292,train
224300,train
184501,train
168143,train
221690,train
223070,train
179392,train
193782,train
181046,train
217643,train
183609,train
219516,train
183887,train
227406,train
207476,train
134327,train
179065,train
93510,train
166840,train
220093,train
185332,train
207848,train
219403,train
204710,train
203341,train
167891,train
186058,train
203094,train
180653,train
224973,train
174810,train
188915,train
182682,train
167852,train
145265,train
177867,train
181031,train
196914,train
180950,train
222317,train
169998,train
174421,train
186490,train
174719,train
203302,train
173024,train
173733,train
174394,train
196539,train
167774,train
98832,train
179359,train
202952,train
195566,train
220420,train
227786,train
183475,train
195858,train
137308,train
176026,train
223611,train
183220,train
184274,train
188823,train
224019,train
190069,train
212054,train
172213,train
173333,train
130995,train
177320,train
194719,train
176794,train
131273,train
123213,train
174630,train
200103,train
137133,train
196958,train
136040,train
173592,train
102035,train
214060,train
207443,train
127906,train
173589,train
204653,train
181665,train
178866,train
212052,train
175058,train
221655,train
123940,train
227088,train
221374,train
223396,train
183746,train
205589,train
197703,train
171376,train
219837,train
220705,train
192493,train
216457,train
212468,train
198524,train
179901,train
196632,train
184128,train
207336,train
180964,train
184991,train
203612,train
196519,train
181744,train
92772,train
183157,train
179774,train
208489,train
189719,train
205057,train
177307,train
194839,train
196885,train
224589,train
200126,train
187956,train
201502,train
198627,train
193491,train
181733,train
219827,train
226012,train
185475,train
185352,train
176021,train
187508,train
180397,train
184410,train
188441,train
202895,train
202853,train
193632,train
182415,train
192791,train
185942,train
218993,train
184416,train
209318,train
182855,train
173682,train
196931,train
173767,train
197348,train
167723,train
130998,train
176352,train
222607,train
174604,train
222976,train
223829,train
219245,train
219906,train
184129,train
181248,train
219458,train
126706,train
222776,train
125993,train
184226,train
169167,train
224033,train
219367,train
168203,train
192777,train
185465,train
199309,train
215230,train
186496,train
145243,train
70190,train
192747,train
224488,train
206118,train
184919,train
137313,train
137096,train
202861,train
181902,train
227358,train
171864,train
188247,train
222833,train
179174,train
217726,train
208959,train
197393,train
190254,train
126887,train
227250,train
223990,train
199745,train
201682,train
203444,train
201311,train
171794,train
184735,train
133626,train
205461,train
175357,train
211561,train
199531,train
221640,train
221942,train
189021,train
150920,train
205484,train
171981,train
195830,train
185601,train
190359,train
180695,train
223502,train
205691,train
200564,train
205600,train
207570,train
168717,train
179719,train
198347,train
212311,train
186937,train
180083,train
172162,train
182296,train
222037,train
199938,train
202452,train
188639,train
226484,train
208686,train
187994,train
197291,train
199364,train
204704,train
190572,train
190312,train
175567,train
193978,train
223739,train
208210,train
195914,train
121725,train
183411,train
178750,train
197105,train
186524,train
96946,train
187413,train
131146,train
198056,train
179130,train
220155,train
143261,train
176113,train
176007,train
183018,train
178481,train
119967,train
183951,train
187231,train
185882,train
199469,train
149808,train
153053,train
177371,train
182408,train
185774,train
199594,train
184015,train
101958,train
224301,train
223646,train
178684,train
193450,train
193353,train
120300,train
185176,train
219550,train
223681,train
225752,train
120141,train
126233,train
153009,train
130115,train
174319,train
182332,train
177760,train
192396,train
219087,train
178594,train
188428,train
178351,train
174124,train
227730,train
184570,train
174733,train
171357,train
200308,train
220730,train
191287,train
219379,train
226026,train
224205,train
188220,train
189039,train
199480,train
227339,train
179600,train
205059,train
197098,train
209622,train
181241,train
189360,train
182494,train
170002,train
184546,train
173010,train
204970,train
175055,train
173747,train
197650,train
183402,train
228136,train
187748,train
177750,train
175485,train
175138,train
226759,train
227479,train
183675,train
197119,train
185603,train
207173,train
175049,train
174851,train
176602,train
192407,train
221673,train
178656,train
201977,train
184492,train
223230,train
212248,train
212464,train
125010,train
187098,train
171322,train
182301,train
208175,train
174520,train
189168,train
120343,train
183433,train
168414,train
174011,train
183344,train
172817,train
129870,train
196607,train
186650,train
222263,train
221776,train
183597,train
138095,train
195552,train
181828,train
194646,train
187340,train
127278,train
207155,train
125052,train
179953,train
187745,train
209073,train
219295,train
187856,train
122050,train
166538,train
227053,train
227673,train
190226,train
118561,train
181110,train
222056,train
145447,train
152069,train
223781,train
174254,train
227314,train
186423,train
193785,train
105824,train
194730,train
203155,train
198574,train
223467,train
103656,train
190326,train
194975,train
183991,train
201439,train
105806,train
165980,train
172108,train
150788,train
214312,train
125801,train
222031,train
211555,train
219812,train
195014,train
174578,train
123462,train
110521,train
198513,train
200718,train
191632,train
221794,train
216780,train
128398,train
220035,train
144682,train
179052,train
141902,train
184803,train
186319,train
178050,train
203258,train
179484,train
192738,train
195422,train
178479,train
222486,train
174805,train
173473,train
203261,train
173280,train
185017,train
199640,train
175933,train
202344,train
122180,train
194650,train
223122,train
227516,train
184462,train
222584,train
184141,train
178582,train
181659,train
227331,train
128545,train
191693,train
127098,train
174888,train
181376,train
187352,train
221406,train
123928,train
190926,train
194144,train
150754,train
148926,train
185562,train
175676,train
184699,train
185471,train
195036,train
185611,train
196827,train
173684,train
178860,train
174786,train
191720,train
199316,train
178607,train
176290,train
199241,train
221276,train
175003,train
200022,train
219527,train
183192,train
201000,train
194931,train
194615,train
198570,train
183682,train
180368,train
193424,train
205185,train
172387,train
186818,train
173131,train
185420,train
178950,train
213104,train
177518,train
199743,train
96421,train
143310,train
174705,train
196605,train
176012,train
205454,train
146417,train
182864,train
176706,train
206440,train
189147,train
188549,train
175261,train
180641,train
190554,train
197072,train
179936,train
227446,train
93581,train
221401,train
189211,train
221977,train
174353,train
208603,train
194749,train
219314,train
177772,train
190303,train
181124,train
195498,train
122047,train
183214,train
184239,train
190595,train
202071,train
197284,train
171979,train
176841,train
207454,train
191492,train
189545,train
224251,train
176834,train
101951,train
182626,train
127316,train
188446,train
177989,train
194850,train
184973,train
202171,train
211501,train
122141,train
219553,train
93566,train
221203,train
211458,train
220486,train
200116,train
192368,train
220145,train
185155,train
117904,train
188699,train
206540,train
182672,train
175863,train
172031,train
183243,train
174777,train
105458,train
203616,train
183824,train
221155,train
222532,train
182817,train
192861,train
223811,train
208871,train
176302,train
183424,train
178453,train
190963,train
192395,train
102611,train
208045,train
124701,train
168181,train
196807,train
220040,train
218490,train
202069,train
219397,train
127727,train
203671,train
222863,train
173784,train
193438,train
179695,train
188808,train
183098,train
93490,train
189356,train
179234,train
224578,train
199260,train
203779,train
188437,train
185569,train
212542,train
195091,train
184388,train
176979,train
198327,train
204576,train
183793,train
168144,train
179938,train
136373,train
181722,train
173434,train
196115,train
182394,train
201009,train
174529,train
213209,train
181377,train
101944,train
198374,train
195528,train
175954,train
196695,train
206856,train
184806,train
172142,train
168125,train
178880,train
174793,train
126052,train
182204,train
185785,train
226359,train
218489,train
186984,train
126776,train
186928,train
179006,train
176187,train
195327,train
182961,train
183697,train
92807,train
178609,train
195862,train
177362,train
177881,train
182922,train
209123,train
205925,train
179329,train
199088,train
220664,train
192382,train
184697,train
187970,train
219659,train
226282,train
185885,train
174876,train
188813,train
186281,train
175205,train
223552,train
182062,train
181675,train
209857,train
140017,train
181188,train
200545,train
178735,train
178945,train
171436,train
177745,train
224541,train
179568,train
191383,train
226818,train
197341,train
171852,train
199478,train
194863,train
172944,train
174470,train
173888,train
209286,train
215241,train
205875,train
184929,train
223623,train
224131,train
185987,train
184463,train
133593,train
174788,train
181951,train
226731,train
179125,train
202712,train
197323,train
204870,train
190176,train
128826,train
221530,train
225470,train
194735,train
196288,train
179668,train
205531,train
224944,train
192304,train
150763,train
222192,train
179176,train
180129,train
201274,train
126335,train
227207,train
125583,train
224210,train
180805,train
192764,train
171583,train
176787,train
189783,train
172373,train
186824,train
201365,train
179648,train
173727,train
173430,train
200863,train
203088,train
193836,train
218154,train
179683,train
178881,train
150898,train
185502,train
183381,train
202862,train
121370,train
174896,train
227662,train
187343,train
209686,train
175072,train
219834,train
193668,train
96944,train
120454,train
130173,train
225178,train
173500,train
198727,train
218485,train
226204,train
118624,train
203109,train
207126,train
199008,train
184368,train
223191,train
184892,train
187159,train
212457,train
219689,train
184907,train
172028,train
227449,train
176579,train
200901,train
180677,train
189816,train
200206,train
203729,train
174443,train
176351,train
199380,train
126002,train
127138,train
178111,train
205524,train
183080,train
225008,train
213658,train
173739,train
184351,train
224539,train
181226,train
222513,train
186239,train
171773,train
185525,train
169455,train
190331,train
198804,train
182149,train
178974,train
177751,train
146494,train
195507,train
172636,train
222260,train
173607,train
194150,train
223884,train
172367,train
181853,train
145310,train
173933,train
185958,train
199333,train
192767,train
146390,train
206838,train
180949,train
122134,train
189610,train
180897,train
145464,train
201410,train
195161,train
172401,train
187165,train
195134,train
168339,train
179621,train
212050,train
174424,train
166920,train
120971,train
221544,train
82250,train
227044,train
222145,train
175226,train
178758,train
205106,train
180784,train
150196,train
176831,train
183149,train
173138,train
207800,train
212674,train
213630,train
150901,train
206578,train
180625,train
174998,train
225348,train
197087,train
122703,train
166183,train
200143,train
176304,train
184876,train
142383,train
202405,train
225020,train
206372,train
197503,train
179756,train
202142,train
176656,train
221389,train
205771,train
137943,train
183668,train
208921,train
180440,train
177060,train
174409,train
199270,train
126229,train
223753,train
209627,train
178438,train
196644,train
219452,train
145241,train
193802,train
208545,train
138567,train
191960,train
185068,train
185566,train
125608,train
192246,train
192702,train
174954,train
219405,train
193592,train
198218,train
209409,train
174315,train
192637,train
219406,train
182773,train
202008,train
181701,train
227112,train
187919,train
184864,train
175921,train
220566,train
119480,train
204697,train
223958,train
181581,train
200480,train
219436,train
201563,train
203106,train
209719,train
198368,train
222338,train
182857,train
207936,train
176654,train
183450,train
207463,train
195191,train
221632,train
204790,train
127684,train
184760,train
205422,train
129987,train
195771,train
186970,train
174158,train
224614,train
140069,train
202782,train
127892,train
173650,train
175439,train
184607,train
202048,train
211354,train
224065,train
227774,train
202086,train
198566,train
181576,train
150899,train
225116,train
191161,train
179097,train
189049,train
122244,train
183687,train
122097,train
175592,train
192385,train
188447,train
209540,train
213216,train
180496,train
181254,train
118488,train
210807,train
196587,train
189630,train
195098,train
169624,train
182010,train
184195,train
200214,train
135829,train
212213,train
185411,train
183082,train
175060,train
193015,train
203493,train
216652,train
177925,train
191688,train
124254,train
224583,train
96403,train
221865,train
173202,train
219967,train
173516,train
184858,train
174297,train
197835,train
220772,train
182868,train
214975,train
183435,train
137307,train
180550,train
212160,train
118675,train
183304,train
199267,train
188491,train
182572,train
226908,train
217830,train
131278,train
191532,train
212510,train
226897,train
126224,train
179572,train
219259,train
174320,train
192068,train
224157,train
186039,train
174644,train
92766,train
173902,train
190220,train
200030,train
176376,train
183521,train
201013,train
180057,train
180489,train
200594,train
188515,train
179588,train
120674,train
188414,train
207452,train
187302,train
124876,train
187511,train
184319,train
195824,train
199485,train
172871,train
179472,train
173207,train
219652,train
197944,train
135747,train
174115,train
223510,train
166068,train
205796,train
185515,train
197238,train
219644,train
213294,train
167887,train
200031,train
176827,train
190447,train
180122,train
184222,train
220785,train
188772,train
219878,train
219157,train
197006,train
192299,train
191555,train
214632,train
197976,train
183140,train
227043,train
177526,train
208976,train
183277,train
152816,train
183538,train
187565,train
185164,train
214440,train
172819,train
205779,train
175256,train
206419,train
195046,train
203401,train
176497,train
193552,train
181658,train
220778,train
199729,train
206043,train
179008,train
175940,train
178570,train
211406,train
187606,train
206562,train
196720,train
177330,train
176593,train
205554,train
173878,train
193108,train
173469,train
195347,train
181315,train
188164,train
102127,train
174551,train
220872,train
222133,train
228200,train
207826,train
201339,train
222477,train
188826,train
224063,train
105466,train
201435,train
133679,train
199533,train
186460,train
222356,train
209047,train
193110,train
189473,train
196661,train
183645,train
206397,train
144934,train
224118,train
219238,train
220306,train
192337,train
187801,train
223839,train
202804,train
224534,train
211991,train
219807,train
143421,train
194830,train
127334,train
184981,train
175880,train
186101,train
184320,train
118662,train
228189,train
194903,train
126922,train
207954,train
178384,train
200887,train
145402,train
212521,train
176149,train
187899,train
213198,train
122761,train
197889,train
202093,train
222320,train
208697,train
116243,train
171945,train
219252,train
222253,train
184198,train
179055,train
129993,train
225971,train
180586,train
227546,train
183346,train
118680,train
138653,train
220866,train
173578,train
180133,train
183153,train
194172,train
227012,train
216896,train
186108,train
124363,train
201459,train
187809,train
184194,train
171949,train
206767,train
181827,train
201182,train
105457,train
178202,train
180776,train
227030,train
196829,train
195547,train
204819,train
196105,train
183232,train
188519,train
181098,train
191490,train
202011,train
194712,train
174311,train
199182,train
200621,train
180134,train
175777,train
178783,train
178098,train
207681,train
190952,train
207474,train
123393,train
173520,train
214612,train
197864,train
227701,train
208985,train
189128,train
212651,train
209927,train
117830,train
172160,train
183425,train
184841,train
203198,train
183888,train
202204,train
188810,train
211351,train
181478,train
142630,train
177644,train
203384,train
187855,train
208191,train
178921,train
180542,train
223772,train
206019,train
183362,train
174321,train
219180,train
197799,train
186368,train
167689,train
177210,train
171867,train
149554,train
174382,train
185256,train
173577,train
172465,train
195746,train
190382,train
173246,train
197723,train
208488,train
146096,train
175327,train
227202,train
208600,train
174296,train
120309,train
127114,train
120311,train
209930,train
122865,train
174776,train
173294,train
185822,train
180163,train
169780,train
171548,train
87907,train
124223,train
122102,train
117783,train
209865,train
225947,train
204795,train
172456,train
185708,train
194738,train
177592,train
172915,train
174962,train
203325,train
176375,train
228050,train
227218,train
172505,train
220105,train
185963,train
187611,train
180676,train
189778,train
207617,train
200191,train
201521,train
179050,train
188500,train
182858,train
125800,train
227541,train
199242,train
173820,train
197404,train
227221,train
182860,train
131145,train
185421,train
175092,train
180767,train
226937,train
197933,train
176487,train
152976,train
183400,train
211657,train
188489,train
174134,train
173523,train
180547,train
226767,train
224372,train
172806,train
136913,train
202469,train
223143,train
173123,train
192090,train
175030,train
221659,train
196813,train
176249,train
184790,train
183197,train
182524,train
222022,train
125579,train
222945,train
132776,train
170738,train
179083,train
194086,train
187494,train
180590,train
174821,train
176408,train
227373,train
189439,train
169122,train
205396,train
198631,train
187917,train
122823,train
135550,train
197992,train
182308,train
173828,train
172749,train
184602,train
173452,train
185656,train
144366,train
185665,train
102042,train
145789,train
218989,train
185227,train
189523,train
227293,train
226051,train
187095,train
203205,train
199973,train
212588,train
172894,train
176710,train
205397,train
183560,train
187603,train
226747,train
118600,train
199760,train
223654,train
204987,train
173074,train
179679,train
98367,train
189665,train
202856,train
182122,train
199584,train
216839,train
186486,train
182712,train
222569,train
204841,train
221543,train
193227,train
179928,train
225871,train
150880,train
176159,train
182852,train
146290,train
190205,train
227178,train
192452,train
211910,train
179471,train
172409,train
117909,train
177541,train
208077,train
172470,train
222378,train
222238,train
179462,train
211227,train
217722,train
178201,train
202677,train
217819,train
183217,train
125557,train
222968,train
179742,train
179733,train
180156,train
180536,train
221996,train
204344,train
185614,train
175768,train
222860,train
211727,train
184788,train
198388,train
184018,train
165991,train
165997,train
195788,train
212660,train
195564,train
207847,train
207449,train
221837,train
178217,train
219750,train
207683,train
205783,train
182118,train
119281,train
222994,train
225523,train
177550,train
199539,train
161970,train
169236,train
220415,train
222650,train
204037,train
221009,train
168168,train
187039,train
155768,train
222302,train
176462,train
177313,train
224449,train
181324,train
193076,train
172899,train
130319,train
198654,train
190876,train
224513,train
197200,train
195289,train
174974,train
178685,train
190208,train
100566,train
179007,train
200221,train
186476,train
226325,train
182760,train
123279,train
176131,train
121014,train
187890,train
186551,train
176857,train
175131,train
181375,train
172818,train
202198,train
186096,train
166695,train
92795,train
186124,train
201025,train
203255,train
180318,train
183421,train
176104,train
201552,train
209867,train
187806,train
213042,train
207339,train
171964,train
183154,train
166923,train
188107,train
152977,train
191533,train
181840,train
223634,train
193720,train
128238,train
118465,train
182403,train
179094,train
171898,train
206717,train
122687,train
225139,train
209399,train
180360,train
223223,train
226940,train
182616,train
188284,train
227784,train
170157,train
208515,train
176588,train
190769,train
175130,train
199262,train
202734,train
172519,train
193365,train
200626,train
172375,train
224638,train
176669,train
180435,train
189428,train
205656,train
172274,train
178427,train
174601,train
176875,train
196256,train
212554,train
177021,train
186881,train
173160,train
186969,train
174702,train
196537,train
172525,train
223115,train
176042,train
203490,train
181199,train
186831,train
200435,train
226392,train
224125,train
176320,train
177546,train
184984,train
183671,train
185844,train
208665,train
182848,train
205855,train
203635,train
218455,train
212659,train
127296,train
225140,train
200634,train
228051,train
185424,train
166945,train
187267,train
206154,train
199457,train
167909,train
221418,train
174490,train
219915,train
133722,train
172039,train
172171,train
220446,train
212571,train
199256,train
185153,train
183721,train
203703,train
167899,train
179221,train
220837,train
191890,train
174632,train
223117,train
182585,train
212003,train
216535,train
220252,train
96372,train
224126,train
177574,train
137199,train
201715,train
100563,train
224480,train
203569,train
184299,train
123741,train
184782,train
181524,train
222377,train
126580,train
172488,train
200179,train
184339,train
189766,train
150848,train
214617,train
190523,train
190156,train
220207,train
216552,train
201836,train
219392,train
175941,train
177470,train
179026,train
180541,train
180312,train
223573,train
181651,train
155151,train
201508,train
199189,train
179291,train
183581,train
199250,train
102033,train
179620,train
214743,train
203187,train
189296,train
173372,train
178613,train
188110,train
197338,train
186251,train
126914,train
199420,train
190567,train
224313,train
173105,train
185398,train
221981,train
175546,train
174196,train
194994,train
142847,train
184715,train
207547,train
206126,train
175188,train
222612,train
184075,train
207673,train
134721,train
224484,train
180461,train
179545,train
177991,train
194725,train
220189,train
218990,train
119590,train
177525,train
184755,train
224046,train
168496,train
200934,train
178827,train
188410,train
191013,train
190065,train
180650,train
179120,train
178865,train
200856,train
167840,train
212724,train
224291,train
227779,train
183072,train
137029,train
199207,train
193990,train
145378,train
186985,train
203420,train
173583,train
220360,train
171932,train
173146,train
220720,train
204581,train
195831,train
186978,train
185939,train
167756,train
204775,train
186944,train
191236,train
126164,train
173134,train
212719,train
183642,train
190169,train
105403,train
181216,train
223965,train
184922,train
184612,train
199209,train
222579,train
209638,train
198562,train
179140,train
205404,train
199553,train
121435,train
180783,train
192575,train
181725,train
121550,train
219893,train
175501,train
119969,train
175503,train
181523,train
96359,train
199978,train
169939,train
138142,train
193918,train
214962,train
175112,train
206324,train
197553,train
192387,train
166890,train
172245,train
212452,train
190660,train
212030,train
186797,train
173034,train
192220,train
179441,train
224354,train
206826,train
195244,train
180548,train
185594,train
182866,train
177770,train
185846,train
204716,train
126153,train
178310,train
223060,train
174581,train
186459,train
224658,train
177876,train
138680,train
181476,train
196656,train
136961,train
177833,train
171144,train
150318,train
179178,train
181228,train
193560,train
227297,train
208101,train
196471,train
188327,train
192363,train
190000,train
185301,train
221465,train
212590,train
138672,train
222506,train
178419,train
207805,train
186389,train
124328,train
222954,train
224140,train
182233,train
173766,train
179216,train
187258,train
228045,train
121539,train
186325,train
178553,train
195194,train
200897,train
227521,train
203818,train
181371,train
225123,train
184355,train
205735,train
188000,train
215224,train
201390,train
198614,train
218216,train
198626,train
186420,train
181663,train
131012,train
180954,train
186538,train
175779,train
196734,train
188614,train
188105,train
183664,train
197399,train
176716,train
177397,train
188584,train
224073,train
225504,train
117890,train
195937,train
188228,train
221529,train
213607,train
120076,train
176010,train
186462,train
202995,train
179565,train
186255,train
153056,train
185293,train
219775,train
181493,train
221646,train
180230,train
192735,train
122764,train
184538,train
226266,train
219540,train
221552,train
193480,train
189583,train
118602,train
175760,train
192595,train
208541,train
201147,train
204824,train
196549,train
220455,train
220869,train
93782,train
198300,train
196258,train
191710,train
178352,train
185606,train
184927,train
172106,train
207142,train
174925,train
122532,train
226290,train
138688,train
220308,train
195000,train
94136,train
203479,train
210569,train
198467,train
185892,train
219880,train
194098,train
181112,train
193588,train
183776,train
168207,train
184681,train
219520,train
199971,train
195035,train
201457,train
211827,train
222766,train
177568,train
188443,train
220319,train
203735,train
222613,train
168687,train
192745,train
138066,train
225974,train
175708,train
227083,train
227486,train
205614,train
188165,train
180852,train
200747,train
196222,train
193417,train
96378,train
199536,train
175017,train
179752,train
224055,train
199615,train
203535,train
184182,train
208041,train
188995,train
188801,train
223195,train
192765,train
188779,train
125493,train
219501,train
174398,train
168217,train
203213,train
187097,train
176843,train
121934,train
168193,train
177540,train
134106,train
219042,train
222057,train
222704,train
222357,train
183710,train
181480,train
184692,train
179874,train
199722,train
146493,train
203402,train
202145,train
173228,train
181536,train
203435,train
146472,train
186868,train
125612,train
207108,train
207470,train
186438,train
199034,train
176792,train
184123,train
181109,train
177473,train
198676,train
208193,train
214626,train
201411,train
187374,train
198841,train
200198,train
106127,train
182090,train
185377,train
180742,train
189103,train
142636,train
182641,train
208792,train
184297,train
192580,train
177816,train
140108,train
208094,train
224069,train
98821,train
179461,train
199319,train
175665,train
178097,train
223139,train
178727,train
183986,train
188641,train
183225,train
192688,train
186061,train
195045,train
228201,train
198613,train
188053,train
200600,train
192366,train
189895,train
185547,train
203291,train
218970,train
206499,train
182428,train
173927,train
189586,train
223196,train
198593,train
174713,train
138702,train
209239,train
188425,train
177355,train
203539,train
171990,train
221585,train
202440,train
210625,train
131013,train
189898,train
193302,train
200609,train
190063,train
173461,train
187904,train
180825,train
195713,train
220732,train
131735,train
200616,train
222958,train
200930,train
196573,train
175698,train
171717,train
208555,train
199999,train
227320,train
169156,train
180495,train
180205,train
186952,train
222401,train
200719,train
185300,train
171101,train
179983,train
175381,train
172784,train
211269,train
189219,train
167843,train
173094,train
211124,train
187766,train
219395,train
136908,train
188450,train
193319,train
174458,train
183942,train
196856,train
177513,train
168174,train
181212,train
221574,train
222620,train
225538,train
199707,train
187797,train
194695,train
225212,train
196589,train
189963,train
184674,train
187872,train
180221,train
121243,train
222673,train
178489,train
180453,train
175489,train
179771,train
222966,train
194926,train
194121,train
177549,train
195776,train
202170,train
169268,train
193924,train
200182,train
179385,train
176440,train
179161,train
150770,train
175856,train
224223,train
189151,train
208554,train
221117,train
179478,train
196735,train
214965,train
183935,train
206190,train
189309,train
174527,train
133694,train
193367,train
173255,train
211377,train
174096,train
126428,train
180775,train
222699,train
185767,train
220898,train
203468,train
185085,train
96375,train
221833,train
179368,train
223610,train
180414,train
181075,train
196730,train
220138,train
140060,train
205423,train
223736,train
226618,train
224116,train
124783,train
222231,train
221671,train
198492,train
226758,train
180753,train
201676,train
180077,train
219674,train
220662,train
177765,train
213202,train
214350,train
192751,train
222058,train
187369,train
227249,train
169129,train
200524,train
222213,train
214501,train
180549,train
226717,train
184675,train
217802,train
89192,train
199675,train
140061,train
200017,train
178956,train
196638,train
178541,train
187088,train
225952,train
210809,train
225402,train
221841,train
125618,train
202860,train
178340,train
209985,train
202015,train
195323,train
197724,train
222185,train
220299,train
224473,train
201263,train
227364,train
197082,train
193570,train
202184,train
221321,train
122777,train
185553,train
198421,train
219249,train
203406,train
176322,train
127903,train
226391,train
223831,train
168982,train
219800,train
227514,train
102073,train
176815,train
221493,train
206900,train
182875,train
221524,train
167177,train
223517,train
212723,train
178545,train
195430,train
172868,train
173395,train
177324,train
176340,train
212383,train
182818,train
205494,train
179056,train
189108,train
213061,train
178575,train
155757,train
176169,train
199371,train
189007,train
118399,train
191585,train
200440,train
203216,train
131034,train
206495,train
190920,train
182642,train
178847,train
174803,train
123431,train
177533,train
149430,train
224059,train
194837,train
214448,train
185764,train
121888,train
215767,train
202749,train
192811,train
174739,train
172204,train
135894,train
177528,train
187017,train
179066,train
201611,train
184847,train
180049,train
187356,train
194628,train
182595,train
129855,train
178436,train
180330,train
203701,train
225060,train
174892,train
176329,train
189541,train
192093,train
193078,train
227672,train
186512,train
208187,train
225002,train
179564,train
222046,train
205420,train
203232,train
178598,train
191366,train
181916,train
179882,train
222368,train
219844,train
203700,train
178587,train
178960,train
197511,train
121754,train
201519,train
182036,train
120472,train
137407,train
200474,train
181973,train
177594,train
187885,train
214620,train
179091,train
173569,train
217231,train
181756,train
168550,train
183794,train
175895,train
188146,train
203462,train
171973,train
192644,train
222420,train
172425,train
137528,train
181685,train
199493,train
209543,train
202097,train
197270,train
169172,train
182383,train
177278,train
173308,train
189967,train
211194,train
220438,train
193361,train
161300,train
187808,train
175400,train
227278,train
182386,train
176367,train
178560,train
194713,train
194119,train
173791,train
166833,train
172946,train
177993,train
184374,train
198459,train
207290,train
189215,train
173100,train
143576,train
122985,train
222020,train
200119,train
211730,train
127735,train
206829,train
184768,train
199419,train
176612,train
184386,train
220980,train
171936,train
126728,train
179787,train
126232,train
211768,train
169113,train
123923,train
201971,train
121848,train
205652,train
221964,train
188764,train
137958,train
123269,train
225009,train
209906,train
194133,train
172848,train
167719,train
224361,train
192645,train
146771,train
203606,train
204555,train
201335,train
223999,train
205917,train
207963,train
183266,train
190286,train
201185,train
227884,train
97523,train
177587,train
222639,train
222878,train
177501,train
172503,train
185212,train
195425,train
190935,train
93574,train
186644,train
187541,train
200582,train
171619,train
217831,train
184792,train
189542,train
218780,train
196904,train
203266,train
195985,train
219601,train
181914,train
143431,train
118582,train
205868,train
181807,train
186965,train
160780,train
126346,train
125142,train
194740,train
180732,train
133832,train
227714,train
194166,train
175785,train
120647,train
105397,train
224287,train
184413,train
209304,train
174732,train
190074,train
173045,train
224155,train
189149,train
178888,train
187015,train
195775,train
202416,train
223052,train
181045,train
210935,train
199582,train
218701,train
199591,train
137516,train
127171,train
127137,train
181599,train
184115,train
130119,train
186499,train
198665,train
171880,train
197970,train
224014,train
137344,train
179540,train
214623,train
201566,train
203122,train
183547,train
201904,train
182318,train
226743,train
202492,train
198381,train
173435,train
171495,train
203262,train
196851,train
155080,train
181724,train
203455,train
198813,train
190171,train
145398,train
209308,train
221183,train
179220,train
172317,train
205640,train
217638,train
212253,train
199735,train
173334,train
199231,train
224422,train
121616,train
127036,train
176177,train
183781,train
222784,train
182885,train
212572,train
179585,train
195188,train
200964,train
186885,train
170953,train
227204,train
221015,train
183644,train
175051,train
223759,train
211306,train
146411,train
197129,train
185401,train
120887,train
120723,train
215750,train
203481,train
224467,train
175600,train
192763,train
205419,train
227366,train
196871,train
174237,train
218971,train
126231,train
192761,train
182598,train
220199,train
182140,train
183775,train
222854,train
224346,train
203555,train
219884,train
212478,train
214453,train
179248,train
179079,train
169159,train
202288,train
192550,train
206806,train
206734,train
180485,train
197286,train
188540,train
174973,train
190586,train
129995,train
193535,train
188767,train
197391,train
181193,train
173683,train
182380,train
205398,train
193608,train
224501,train
184149,train
188442,train
105142,train
189109,train
203604,train
172850,train
222829,train
176190,train
206354,train
166882,train
184917,train
222494,train
184172,train
193454,train
183334,train
193354,train
193494,train
177840,train
224630,train
197278,train
175065,train
202210,train
186483,train
153504,train
221768,train
226402,train
172859,train
92813,train
152526,train
179390,train
220467,train
187049,train
194079,train
198050,train
176323,train
179487,train
219083,train
201621,train
184811,train
194618,train
177204,train
119478,train
227456,train
126349,train
189434,train
118235,train
175347,train
131128,train
180413,train
180050,train
185532,train
176384,train
152529,train
213478,train
150752,train
117887,train
183024,train
182043,train
146469,train
186396,train
127941,train
183565,train
183299,train
181740,train
204659,train
221992,train
224634,train
214710,train
122135,train
178395,train
203656,train
180565,train
174893,train
176692,train
202292,train
177896,train
178441,train
214587,train
186870,train
189755,train
195722,train
109943,train
202267,train
175752,train
197698,train
188724,train
197545,train
199369,train
221741,train
178463,train
211388,train
172458,train
224190,train
186816,train
208623,train
185974,train
189112,train
153243,train
175830,train
172897,train
200355,train
180597,train
69885,train
204635,train
184986,train
147468,train
218447,train
183979,train
188097,train
191594,train
186381,train
185535,train
174161,train
214061,train
153012,train
167851,train
214445,train
182914,train
219502,train
168623,train
173599,train
193685,train
221310,train
186427,train
197728,train
176013,train
180890,train
187336,train
197292,train
176574,train
218894,train
198511,train
221935,train
226676,train
224212,train
219919,train
124672,train
191365,train
178952,train
203352,train
227023,train
213207,train
195338,train
180369,train
223073,train
180780,train
184499,train
194620,train
179377,train
203621,train
105673,train
218030,train
186308,train
197392,train
212022,train
175143,train
127574,train
223206,train
194997,train
178497,train
179005,train
128309,train
214637,train
218736,train
171788,train
194155,train
186995,train
200137,train
174614,train
184167,train
226281,train
175820,train
190700,train
184340,train
190744,train
187678,train
205573,train
179954,train
188455,train
183132,train
207677,train
227732,train
202073,train
186004,train
212093,train
191590,train
197903,train
175355,train
171915,train
143309,train
212664,train
223856,train
218740,train
171524,train
222122,train
226205,train
201282,train
207839,train
188433,train
122136,train
203164,train
199666,train
212928,train
203631,train
195218,train
181422,train
179059,train
187807,train
171546,train
133584,train
176310,train
182549,train
125680,train
131017,train
118756,train
226445,train
183616,train
206898,train
97541,train
92728,train
203832,train
191164,train
186024,train
227471,train
225938,train
214773,train
220331,train
198052,train
172761,train
222217,train
178876,train
202485,train
175070,train
173274,train
123231,train
175413,train
181411,train
187972,train
206370,train
212303,train
188534,train
183729,train
117850,train
201273,train
139597,train
179950,train
220977,train
182718,train
223631,train
183629,train
192064,train
212310,train
206188,train
226946,train
200580,train
200405,train
137388,train
171861,train
121367,train
118774,train
188884,train
222993,train
187595,train
224498,train
200753,train
185565,train
184058,train
184977,train
189594,train
183576,train
183432,train
181713,train
205923,train
125256,train
179480,train
226815,train
187048,train
167711,train
201649,train
196823,train
120574,train
189424,train
122693,train
189723,train
227167,train
126220,train
195656,train
213291,train
187674,train
172794,train
190061,train
217631,train
188312,train
168134,train
210156,train
223067,train
211526,train
199446,train
188176,train
172111,train
221246,train
195185,train
190454,train
212234,train
196927,train
129988,train
195092,train
203016,train
180051,train
121880,train
137305,train
221266,train
211408,train
182667,train
180000,train
224632,train
172811,train
176626,train
169094,train
209876,train
202051,train
171522,train
119481,train
183936,train
225516,train
206045,train
193550,train
191499,train
181213,train
194647,train
136803,train
190780,train
179941,train
125803,train
193465,train
203628,train
219650,train
199199,train
186350,train
200605,train
202268,train
220382,train
173875,train
221519,train
192102,train
144131,train
221172,train
180813,train
213292,train
169533,train
222592,train
189291,train
180519,train
218964,train
120254,train
222468,train
192212,train
180666,train
219380,train
168866,train
202074,train
202516,train
187710,train
174120,train
160942,train
124676,train
123672,train
174496,train
193310,train
195844,train
205138,train
204036,train
193428,train
174543,train
193880,train
183252,train
176976,train
201589,train
179594,train
126150,train
187831,train
218187,train
211521,train
221918,train
186356,train
216787,train
220487,train
124316,train
127679,train
221513,train
120456,train
127783,train
212318,train
120884,train
172244,train
172837,train
177796,train
190167,train
224581,train
180081,train
191481,train
196479,train
156655,train
205058,train
120319,train
173378,train
167311,train
197143,train
220584,train
199240,train
173764,train
198565,train
183540,train
209417,train
125461,train
176468,train
204822,train
182097,train
224144,train
223824,train
181842,train
203253,train
199530,train
184012,train
178961,train
119739,train
179490,train
120260,train
220410,train
182995,train
202016,train
220137,train
178358,train
181114,train
194216,train
177104,train
222274,train
184765,train
175352,train
124462,train
177902,train
198229,train
121366,train
185827,train
96418,train
187887,train
203347,train
168605,train
199200,train
192511,train
173266,train
179788,train
184994,train
191085,train
196839,train
224674,train
196509,train
198405,train
197911,train
198659,train
177588,train
185364,train
211781,train
97304,train
214382,train
206193,train
170951,train
195088,train
191143,train
221701,train
120527,train
202178,train
205584,train
184144,train
221988,train
166876,train
221555,train
124329,train
179240,train
188794,train
216060,train
192095,train
189318,train
227548,train
188328,train
183913,train
205775,train
96974,train
179457,train
188138,train
192731,train
176237,train
189298,train
175751,train
176760,train
176932,train
213578,train
125990,train
177357,train
174147,train
200216,train
186498,train
122987,train
209420,train
98091,train
196662,train
175462,train
213201,train
182721,train
193363,train
185811,train
170331,train
199730,train
227733,train
203775,train
199138,train
203475,train
198346,train
192628,train
179767,train
223065,train
178623,train
172276,train
127730,train
200165,train
221157,train
180352,train
173517,train
207716,train
211519,train
199252,train
179136,train
197077,train
220349,train
199771,train
127722,train
219665,train
177887,train
174790,train
183738,train
215971,train
177674,train
224766,train
192047,train
219451,train
220552,train
220107,train
189916,train
207938,train
170120,train
184461,train
120480,train
219342,train
122009,train
185204,train
204038,train
184344,train
131786,train
207685,train
178115,train
180530,train
206553,train
177524,train
199201,train
76592,train
92701,train
223508,train
205421,train
182591,train
193658,train
195860,train
183579,train
179010,train
177677,train
181122,train
168350,train
224038,train
141644,train
124339,train
204803,train
222051,train
210372,train
214698,train
197395,train
184493,train
184342,train
173919,train
206945,train
221641,train
198457,train
125497,train
205560,train
192963,train
184032,train
207965,train
186497,train
223743,train
185833,train
199390,train
219389,train
209633,train
223968,train
133706,train
186443,train
213037,train
185397,train
204835,train
137099,train
203637,train
175140,train
193544,train
195717,train
223003,train
184937,train
186355,train
185396,train
219034,train
180481,train
179819,train
198842,train
221299,train
174796,train
174623,train
120469,train
175268,train
199474,train
190804,train
186248,train
185246,train
179900,train
221686,train
176777,train
200888,train
202703,train
214425,train
185994,train
134717,train
196925,train
130468,train
219835,train
174800,train
198789,train
227558,train
198203,train
188874,train
183967,train
177381,train
223358,train
206672,train
208198,train
181884,train
185036,train
200162,train
220765,train
177343,train
198733,train
142869,train
172116,train
218895,train
185705,train
209860,train
225802,train
96828,train
206046,train
223821,train
220463,train
202072,train
206683,train
219966,train
178470,train
181082,train
173145,train
193005,train
221738,train
188748,train
212304,train
184021,train
168644,train
219526,train
196879,train
174707,train
172426,train
219025,train
188250,train
97396,train
142670,train
170534,train
196694,train
178031,train
187784,train
174961,train
121973,train
186921,train
195151,train
180869,train
177619,train
220593,train
172498,train
203394,train
192748,train
102044,train
217826,train
200358,train
180531,train
184995,train
211823,train
199007,train
222847,train
181429,train
206565,train
222647,train
184157,train
190803,train
197506,train
219166,train
175343,train
169448,train
185816,train
193943,train
185582,train
198407,train
195829,train
212235,train
201517,train
201254,train
220271,train
224620,train
173005,train
190022,train
176365,train
192268,train
127901,train
178942,train
194689,train
181887,train
189313,train
207278,train
218728,train
184408,train
209182,train
182166,train
192308,train
130762,train
181746,train
185519,train
221627,train
201859,train
185473,train
199617,train
226385,train
120808,train
126764,train
206138,train
200906,train
177426,train
200445,train
124997,train
173050,train
211206,train
225941,train
173381,train
202448,train
214988,train
174967,train
183480,train
140062,train
172948,train
173566,train
170405,train
170992,train
137343,train
185325,train
186795,train
179477,train
213205,train
135254,train
210654,train
222488,train
195095,train
203432,train
184273,train
222311,train
203270,train
222008,train
195854,train
227052,train
189771,train
137258,train
177791,train
182388,train
187802,train
196565,train
171354,train
181730,train
203286,train
220276,train
184698,train
220626,train
178447,train
122978,train
176225,train
185184,train
169509,train
181529,train
196628,train
222256,train
173934,train
180815,train
89475,train
118555,train
200079,train
218544,train
199251,train
100559,train
193827,train
184498,train
224416,train
187002,train
183953,train
221982,train
205626,train
179867,train
211812,train
188230,train
137424,train
118606,train
201516,train
200313,train
188021,train
183049,train
175632,train
198413,train
211456,train
168294,train
169358,train
202833,train
177559,train
118546,train
172282,train
176358,train
171140,train
223428,train
223192,train
165807,train
182412,train
184774,train
120900,train
171113,train
180031,train
125541,train
166872,train
198792,train
168154,train
214624,train
121361,train
188088,train
224156,train
219370,train
203636,train
190314,train
222480,train
179049,train
187040,train
188762,train
222642,train
126571,train
219608,train
193617,train
181874,train
167857,train
206498,train
173242,train
219160,train
177820,train
224994,train
185962,train
183623,train
172674,train
183309,train
145382,train
137349,train
181175,train
221391,train
191494,train
227562,train
176888,train
183310,train
202494,train
211619,train
202808,train
219401,train
224375,train
197342,train
224466,train
197868,train
212530,train
201527,train
181330,train
201368,train
145465,train
99819,train
181440,train
188231,train
198516,train
223861,train
195654,train
201358,train
222782,train
181495,train
222128,train
205487,train
182155,train
193804,train
185509,train
221569,train
195308,train
190120,train
224531,train
197917,train
179077,train
178071,train
220688,train
187496,train
227111,train
183875,train
199656,train
178451,train
185243,train
166048,train
220821,train
131019,train
177865,train
221327,train
206558,train
182416,train
195071,train
175233,train
202285,train
189760,train
203720,train
219547,train
150789,train
204805,train
199416,train
228148,train
201152,train
192798,train
202355,train
190791,train
174552,train
221666,train
172844,train
183696,train
176377,train
124956,train
138140,train
173476,train
167353,train
199221,train
223180,train
189030,train
171481,train
176879,train
184109,train
214695,train
184770,train
206714,train
218494,train
226637,train
180800,train
182480,train
222143,train
178039,train
185189,train
195290,train
182425,train
190346,train
225537,train
143571,train
137094,train
143521,train
183406,train
176691,train
186846,train
181378,train
171105,train
205612,train
220179,train
185408,train
183317,train
196598,train
172963,train
184178,train
219551,train
182005,train
217593,train
129990,train
174267,train
184866,train
166939,train
182996,train
200559,train
146402,train
220332,train
220050,train
171976,train
100571,train
227474,train
173765,train
174659,train
214066,train
186875,train
211731,train
219116,train
145472,train
221978,train
202299,train
179459,train
180622,train
105433,train
224525,train
198520,train
150321,train
213043,train
174479,train
185358,train
182437,train
121346,train
96985,train
195250,train
183058,train
196793,train
184649,train
178379,train
202756,train
180673,train
191622,train
173216,train
215411,train
213223,train
205440,train
175202,train
155793,train
222298,train
189226,train
172776,train
143476,train
174982,train
197873,train
186997,train
169154,train
186253,train
211371,train
189217,train
223592,train
201160,train
166856,train
138168,train
224509,train
223698,train
171923,train
221896,train
209416,train
219383,train
171841,train
195852,train
184049,train
182545,train
178367,train
103655,train
183976,train
200257,train
184889,train
176647,train
137145,train
204616,train
175358,train
227563,train
180455,train
223704,train
181335,train
180904,train
183940,train
184161,train
180381,train
179495,train
142796,train
188050,train
206035,train
178875,train
203686,train
211700,train
122037,train
180796,train
174294,train
177576,train
197920,train
187414,train
171300,train
173235,train
203508,train
173920,train
121360,train
183268,train
217861,train
206783,train
193688,train
188727,train
178721,train
171916,train
180848,train
198432,train
204816,train
190256,train
145396,train
189008,train
207482,train
178376,train
179373,train
217490,train
176316,train
220709,train
179054,train
137342,train
199598,train
166827,train
177837,train
173119,train
202929,train
225155,train
176598,train
185414,train
177439,train
183099,train
195287,train
219735,train
193490,train
218729,train
101701,train
204969,train
172407,train
199183,train
187270,train
180186,train
208181,train
218911,train
181225,train
206502,train
180034,train
172748,train
190776,train
187261,train
223216,train
211226,train
192872,train
211648,train
138645,train
184574,train
205447,train
205722,train
179039,train
200537,train
177474,train
189628,train
184902,train
145313,train
186893,train
131284,train
223865,train
207089,train
120322,train
169099,train
222519,train
174886,train
205597,train
187567,train
140243,train
208394,train
157737,train
145192,train
165929,train
123278,train
194626,train
182713,train
193633,train
222374,train
200073,train
179246,train
188102,train
183096,train
185022,train
137418,train
169139,train
195299,train
181890,train
175308,train
191696,train
196818,train
178746,train
203505,train
202446,train
176571,train
220328,train
200106,train
186874,train
134425,train
179541,train
90827,train
197963,train
184453,train
185478,train
214741,train
172631,train
204548,train
181489,train
126022,train
227657,train
186851,train
167868,train
206818,train
175168,train
203704,train
199737,train
199540,train
202707,train
190247,train
189808,train
137149,train
222733,train
178309,train
183152,train
179816,train
191318,train
177792,train
187865,train
186811,train
176488,train
225866,train
222196,train
197867,train
220357,train
222184,train
202189,train
204777,train
222326,train
211347,train
181673,train
207212,train
175735,train
214725,train
206598,train
183981,train
209258,train
214502,train
198624,train
188253,train
175866,train
186968,train
223220,train
224364,train
137020,train
209918,train
121408,train
203693,train
119861,train
177595,train
177631,train
111301,train
228181,train
142797,train
185777,train
183095,train
176681,train
175886,train
166904,train
183387,train
184815,train
200775,train
175574,train
223818,train
172730,train
219955,train
180963,train
208534,train
176459,train
188155,train
180545,train
192754,train
196639,train
173150,train
149563,train
184644,train
192712,train
177785,train
118615,train
170986,train
186074,train
199484,train
180749,train
179639,train
199931,train
213632,train
102088,train
186794,train
138047,train
179115,train
193982,train
182519,train
211771,train
213000,train
205820,train
172509,train
202013,train
187260,train
221415,train
102347,train
224130,train
175572,train
119465,train
175776,train
217805,train
207063,train
174058,train
219877,train
179389,train
196508,train
179715,train
173041,train
199441,train
181487,train
199716,train
179612,train
178382,train
203551,train
192015,train
224594,train
188814,train
153001,train
221839,train
117948,train
188035,train
190150,train
198561,train
223797,train
178643,train
220343,train
171353,train
180277,train
221542,train
125234,train
174802,train
166955,train
169480,train
184518,train
171859,train
92778,train
171912,train
205358,train
211656,train
172163,train
125532,train
179014,train
199532,train
167896,train
181904,train
125996,train
222991,train
222118,train
195087,train
205643,train
209934,train
196976,train
201979,train
124225,train
147706,train
125890,train
179643,train
169100,train
171924,train
165918,train
212587,train
187375,train
218742,train
127705,train
170175,train
174772,train
188719,train
202075,train
126672,train
182374,train
213767,train
177446,train
223172,train
195062,train
198410,train
227300,train
220113,train
176325,train
182172,train
170975,train
180686,train
221017,train
185230,train
181300,train
110516,train
179818,train
188426,train
221390,train
197929,train
172586,train
187136,train
175723,train
214415,train
121371,train
184595,train
217913,train
219913,train
134716,train
189256,train
179119,train
182001,train
197289,train
125526,train
180193,train
206486,train
175639,train
130722,train
201385,train
181346,train
153169,train
172044,train
187930,train
219965,train
196643,train
182916,train
197975,train
217580,train
220543,train
190334,train
185736,train
169166,train
184743,train
184439,train
200520,train
171756,train
176650,train
201624,train
169164,train
180521,train
185104,train
191361,train
174561,train
223550,train
189744,train
227682,train
177676,train
197532,train
196093,train
207210,train
186945,train
125499,train
211485,train
124019,train
172392,train
156345,train
176470,train
175823,train
186417,train
204818,train
228195,train
184019,train
175025,train
92722,train
173932,train
181612,train
175229,train
195559,train
201484,train
183619,train
223050,train
228204,train
200104,train
181955,train
139117,train
176877,train
166874,train
201397,train
168210,train
183470,train
122888,train
199303,train
183640,train
175123,train
227026,train
198380,train
176814,train
177225,train
188793,train
222502,train
204786,train
205516,train
184528,train
193534,train
174313,train
221404,train
185800,train
209052,train
98388,train
191767,train
189599,train
195293,train
218317,train
212251,train
173503,train
207670,train
200543,train
131561,train
182698,train
177654,train
182295,train
199133,train
188836,train
126784,train
178586,train
193542,train
220350,train
191689,train
177359,train
178635,train
178769,train
133604,train
223023,train
177240,train
227075,train
185248,train
176244,train
172453,train
195032,train
204994,train
199713,train
118132,train
176473,train
105461,train
206550,train
189965,train
195012,train
175141,train
196439,train
175875,train
179452,train
193712,train
227725,train
174580,train
182423,train
200776,train
209619,train
187110,train
198619,train
196943,train
173858,train
200779,train
176806,train
225543,train
189631,train
173751,train
197541,train
224981,train
186526,train
207844,train
211045,train
177901,train
199232,train
176053,train
200289,train
203722,train
172469,train
206191,train
196151,train
168096,train
202302,train
193537,train
223128,train
205598,train
188141,train
188560,train
177562,train
181531,train
190213,train
203202,train
222659,train
200117,train
172640,train
181266,train
220527,train
175280,train
180226,train
176804,train
226984,train
196933,train
198202,train
185014,train
168492,train
178184,train
122864,train
206822,train
173763,train
202750,train
197888,train
199680,train
206600,train
167681,train
196124,train
176803,train
221813,train
222371,train
206552,train
122722,train
215254,train
118723,train
187517,train
227457,train
179711,train
207281,train
175699,train
221164,train
122990,train
172706,train
150254,train
222439,train
103643,train
219393,train
194732,train
171407,train
137390,train
198596,train
224440,train
216032,train
220906,train
180389,train
173004,train
182411,train
215289,train
204610,train
166963,train
196275,train
181034,train
93796,train
180518,train
183363,train
215730,train
184663,train
173159,train
181838,train
166084,train
179848,train
122057,train
221702,train
175923,train
172545,train
220084,train
219514,train
173003,train
186103,train
203538,train
170610,train
188116,train
189535,train
177795,train
117929,train
208775,train
188788,train
208978,train
184545,train
195415,train
89825,train
219914,train
139889,train
189100,train
219517,train
192759,train
185698,train
222682,train
199757,train
190214,train
197573,train
176381,train
195168,train
167481,train
202068,train
179453,train
178452,train
203190,train
202434,train
180101,train
185845,train
226015,train
170153,train
185139,train
224253,train
203670,train
174867,train
224204,train
209711,train
201184,train
217634,train
207850,train
227097,train
114418,train
221675,train
195306,train
179265,train
193403,train
118057,train
96973,train
140107,train
226156,train
178466,train
177621,train
212890,train
92799,train
125809,train
224482,train
189625,train
176913,train
175157,train
201283,train
130996,train
221804,train
190293,train
177476,train
174932,train
207930,train
201454,train
194303,train
188716,train
198629,train
196518,train
225347,train
201485,train
202639,train
188883,train
179878,train
193362,train
119402,train
180690,train
190775,train
214611,train
204054,train
166964,train
171800,train
194872,train
197352,train
143009,train
195487,train
225360,train
194497,train
197203,train
179981,train
195907,train
175732,train
224494,train
205625,train
177505,train
204769,train
126760,train
193099,train
180614,train
121960,train
176860,train
185134,train
169108,train
183694,train
193792,train
126781,train
174363,train
208981,train
184799,train
219454,train
170145,train
215427,train
225577,train
207890,train
190048,train
203583,train
183384,train
177781,train
199103,train
167698,train
174785,train
177858,train
146394,train
190228,train
203194,train
196978,train
181030,train
209181,train
204030,train
189854,train
172887,train
206492,train
192562,train
172789,train
199552,train
179127,train
204784,train
179911,train
172067,train
207712,train
126886,train
186283,train
221165,train
175640,train
176146,train
179669,train
185482,train
120882,train
182765,train
182084,train
122880,train
226985,train
195535,train
198403,train
190091,train
222441,train
209307,train
222496,train
168477,train
174947,train
177802,train
167833,train
218435,train
223182,train
196541,train
222444,train
187007,train
190490,train
202757,train
180855,train
106647,train
169293,train
223683,train
173547,train
201400,train
191158,train
188850,train
172219,train
175559,train
137266,train
189321,train
181898,train
203307,train
179939,train
172532,train
171882,train
154191,train
203646,train
181497,train
227266,train
222523,train
173179,train
193386,train
190058,train
189306,train
205817,train
192780,train
180431,train
206777,train
177220,train
137097,train
177807,train
220126,train
181596,train
203153,train
173604,train
119572,train
227050,train
220735,train
145413,train
173601,train
174730,train
220715,train
220402,train
227888,train
227803,train
127729,train
136966,train
124546,train
196963,train
168185,train
223846,train
206860,train
225336,train
210852,train
105297,train
222573,train
194165,train
219539,train
222615,train
187620,train
137259,train
173441,train
192209,train
194979,train
188325,train
187913,train
179737,train
174635,train
118622,train
189463,train
120393,train
203579,train
201577,train
178144,train
168123,train
216154,train
169170,train
222286,train
200204,train
214808,train
199403,train
179806,train
221848,train
181101,train
208546,train
124862,train
176009,train
175919,train
221560,train
119617,train
129989,train
191638,train
212564,train
194627,train
203593,train
195704,train
187064,train
195753,train
179984,train
199255,train
201991,train
185812,train
180241,train
138072,train
217915,train
175634,train
180668,train
205133,train
173302,train
214613,train
176955,train
198422,train
193599,train
178442,train
179702,train
182136,train
210783,train
118433,train
218296,train
214500,train
184669,train
222089,train
201568,train
174622,train
219345,train
152925,train
194174,train
223549,train
126595,train
183223,train
175076,train
191901,train
184764,train
201689,train
195571,train
184974,train
200483,train
227663,train
220826,train
218437,train
224609,train
196487,train
222193,train
223364,train
176643,train
188717,train
202981,train
174406,train
220522,train
192794,train
195004,train
118409,train
187237,train
204838,train
196903,train
189564,train
176251,train
174746,train
175331,train
219356,train
179128,train
182663,train
119823,train
171137,train
176573,train
219447,train
201475,train
171360,train
193873,train
220127,train
206491,train
193006,train
221523,train
180885,train
185820,train
178154,train
202586,train
166917,train
131289,train
219348,train
192744,train
227554,train
199875,train
171530,train
185124,train
185776,train
219562,train
194282,train
224561,train
208559,train
198433,train
175539,train
208197,train
227019,train
208322,train
221856,train
186936,train
117956,train
125948,train
222528,train
180110,train
198810,train
197334,train
206716,train
220094,train
184855,train
137035,train
172457,train
183607,train
200468,train
212476,train
134655,train
172113,train
178853,train
185345,train
223225,train
145401,train
142803,train
122096,train
182620,train
134724,train
150750,train
210120,train
222110,train
180917,train
192977,train
180654,train
120329,train
122111,train
168946,train
182761,train
178194,train
181060,train
186470,train
200584,train
222938,train
211740,train
179215,train
224680,train
178941,train
126000,train
222176,train
195855,train
202241,train
191618,train
201010,train
177841,train
190131,train
94126,train
174615,train
198815,train
199056,train
205819,train
222566,train
204607,train
226260,train
172670,train
159523,train
198442,train
175918,train
193605,train
226892,train
175463,train
181310,train
203379,train
188707,train
187743,train
189125,train
219350,train
220865,train
222499,train
180874,train
178645,train
145466,train
176111,train
179041,train
209630,train
125005,train
210980,train
195029,train
194625,train
227239,train
184171,train
211366,train
221466,train
199639,train
189715,train
169660,train
126908,train
195023,train
178923,train
178632,train
206522,train
192864,train
221269,train
181504,train
173251,train
226787,train
183679,train
177913,train
174193,train
178983,train
182019,train
179611,train
183289,train
218432,train
192725,train
125804,train
183438,train
200288,train
137100,train
192648,train
191150,train
199143,train
193022,train
214410,train
212672,train
194679,train
199987,train
143597,train
184945,train
189394,train
183391,train
175187,train
220698,train
218470,train
174370,train
196997,train
204591,train
144551,train
74601,train
138110,train
174098,train
172278,train
178346,train
138071,train
142650,train
172549,train
176360,train
184738,train
196150,train
221647,train
187035,train
223731,train
198389,train
205060,train
173137,train
177498,train
205610,train
220542,train
179351,train
195346,train
207211,train
205719,train
134495,train
222300,train
181878,train
170706,train
173681,train
127912,train
131790,train
121532,train
221558,train
199665,train
221843,train
184849,train
187355,train
224166,train
217962,train
200305,train
180527,train
217897,train
178603,train
177428,train
221257,train
197464,train
197818,train
185196,train
153145,train
175011,train
146459,train
219450,train
196110,train
207923,train
185552,train
180999,train
223997,train
174042,train
172904,train
159136,train
200074,train
185400,train
184723,train
194836,train
203195,train
174277,train
205908,train
176674,train
173869,train
214748,train
226785,train
172316,train
180973,train
197130,train
199654,train
177906,train
222759,train
119147,train
179902,train
192080,train
174074,train
124325,train
227247,train
145453,train
199942,train
181816,train
122995,train
205969,train
205728,train
199935,train
183471,train
98747,train
206379,train
199464,train
222567,train
124855,train
194071,train
219418,train
171134,train
179383,train
184487,train
174575,train
147055,train
127132,train
175930,train
212416,train
209699,train
220428,train
177364,train
184856,train
188548,train
169148,train
175127,train
198055,train
184936,train
186397,train
183075,train
92691,train
179363,train
224393,train
223033,train
191621,train
179434,train
194737,train
190333,train
204804,train
170945,train
182474,train
179566,train
182025,train
227007,train
140238,train
222551,train
118691,train
219515,train
205441,train
215010,train
170723,train
105339,train
202491,train
184130,train
183763,train
186479,train
213635,train
224124,train
197777,train
201382,train
199361,train
218491,train
203464,train
191484,train
173472,train
219373,train
204086,train
217747,train
198621,train
219013,train
167626,train
222885,train
174980,train
174880,train
211433,train
177558,train
221772,train
198371,train
178371,train
225012,train
179370,train
209854,train
127673,train
197402,train
206630,train
227324,train
188314,train
146389,train
102061,train
209284,train
179661,train
210617,train
199326,train
219390,train
173211,train
211852,train
141629,train
194995,train
185384,train
189666,train
184881,train
173055,train
195179,train
191290,train
174300,train
178260,train
205472,train
173608,train
149144,train
175882,train
185855,train
178702,train
219569,train
197675,train
186765,train
224546,train
222583,train
180637,train
195010,train
177475,train
222261,train
204813,train
167724,train
191684,train
199996,train
203218,train
170547,train
136962,train
227453,train
187607,train
205899,train
205360,train
207686,train
127788,train
226683,train
215784,train
200102,train
219641,train
175642,train
183571,train
120089,train
223353,train
187905,train
196738,train
181938,train
190145,train
205496,train
93657,train
136967,train
183378,train
183253,train
176349,train
190280,train
214064,train
202180,train
192210,train
175806,train
119747,train
174817,train
193868,train
188115,train
223506,train
197350,train
169566,train
178766,train
180701,train
198464,train
220637,train
221025,train
151626,train
172434,train
224040,train
131285,train
186907,train
198579,train
120977,train
176188,train
177542,train
222602,train
184631,train
173706,train
202819,train
188134,train
187266,train
179925,train
203121,train
179574,train
222132,train
200215,train
192204,train
180365,train
225107,train
183637,train
171472,train
174495,train
227659,train
223163,train
172006,train
204569,train
189159,train
166924,train
184863,train
190492,train
102037,train
221261,train
185302,train
198360,train
170998,train
202327,train
203431,train
225056,train
198051,train
207275,train
185539,train
158441,train
208561,train
105580,train
155292,train
165921,train
172242,train
170846,train
177639,train
203150,train
169102,train
137896,train
123280,train
200717,train
224161,train
193781,train
127229,train
187770,train
125434,train
200502,train
223354,train
222186,train
227544,train
198616,train
153154,train
196603,train
174507,train
184650,train
214953,train
192285,train
153002,train
219250,train
177581,train
222249,train
105620,train
182543,train
170974,train
210546,train
90020,train
179538,train
197656,train
185484,train
137945,train
178799,train
184840,train
129985,train
196527,train
180875,train
205620,train
180036,train
170962,train
181265,train
172235,train
137384,train
131015,train
222104,train
184923,train
203383,train
202825,train
176357,train
190068,train
209290,train
198386,train
199650,train
217827,train
137315,train
183141,train
219376,train
189787,train
220419,train
203623,train
214606,train
223786,train
198439,train
188321,train
185393,train
221496,train
181506,train
221827,train
183945,train
187676,train
207274,train
188889,train
221525,train
138649,train
178729,train
175648,train
184731,train
194717,train
180419,train
174274,train
205003,train
186979,train
214608,train
176455,train
138068,train
198466,train
172218,train
169484,train
200606,train
176246,train
150764,train
211350,train
180966,train
181728,train
219664,train
175212,train
203548,train
185183,train
178680,train
191077,train
128312,train
227212,train
222927,train
183473,train
203441,train
200660,train
224299,train
176684,train
187305,train
181687,train
188173,train
179123,train
225665,train
188830,train
204629,train
136911,train
227233,train
223954,train
212355,train
187005,train
185781,train
184163,train
171600,train
221511,train
188959,train
187062,train
222890,train
119741,train
224907,train
220154,train
183717,train
224239,train
169606,train
224597,train
178259,train
203556,train
184804,train
181049,train
208950,train
211358,train
218908,train
212655,train
176333,train
205002,train
187830,train
183690,train
203486,train
118679,train
201097,train
187863,train
176863,train
124976,train
174453,train
206644,train
224079,train
189964,train
172604,train
193541,train
197328,train
204817,train
188329,train
184673,train
202211,train
223078,train
217184,train
181882,train
185527,train
187083,train
195624,train
226936,train
225341,train
175796,train
180268,train
203620,train
96836,train
185874,train
205062,train
199668,train
185464,train
192693,train
187383,train
192813,train
131272,train
200411,train
186647,train
220767,train
199039,train
206571,train
121530,train
195125,train
206554,train
226302,train
202464,train
166406,train
188787,train
195804,train
209045,train
184659,train
182631,train
126583,train
199611,train
202276,train
169087,train
208695,train
219417,train
169147,train
214704,train
166264,train
220536,train
183828,train
96401,train
200903,train
226002,train
173853,train
126574,train
121941,train
223700,train
170557,train
221320,train
221639,train
145451,train
203415,train
211382,train
199408,train
195319,train
184807,train
172801,train
183431,train
171905,train
199711,train
207377,train
205872,train
184822,train
204612,train
227082,train
183999,train
195291,train
189786,train
182157,train
193665,train
178476,train
177332,train
180199,train
224262,train
188416,train
208167,train
175637,train
92812,train
208194,train
198707,train
225555,train
192201,train
189261,train
183686,train
125802,train
175604,train
105470,train
181187,train
178664,train
194153,train
220902,train
187381,train
165979,train
201567,train
193816,train
186429,train
206506,train
207357,train
185157,train
197729,train
194031,train
196831,train
178338,train
103509,train
201478,train
186369,train
182726,train
123152,train
203212,train
121608,train
186258,train
198755,train
184455,train
128893,train
206051,train
176751,train
178571,train
227778,train
204239,train
179397,train
94132,train
227890,train
181354,train
130560,train
170958,train
197457,train
184500,train
133592,train
122114,train
180667,train
218464,train
176880,train
182098,train
214958,train
123921,train
130483,train
179731,train
220160,train
212051,train
223155,train
210262,train
178474,train
184989,train
194701,train
220526,train
219604,train
175016,train
168025,train
168945,train
178255,train
197691,train
188747,train
200178,train
184993,train
172200,train
201487,train
192883,train
206316,train
196744,train
101711,train
175568,train
187367,train
123675,train
133715,train
195511,train
181540,train
185292,train
181079,train
202633,train
187248,train
224196,train
203337,train
219640,train
223439,train
190224,train
221984,train
171842,train
182045,train
202634,train
137334,train
173734,train
224512,train
202081,train
205412,train
172855,train
223538,train
196719,train
173058,train
141705,train
199720,train
118586,train
52535,train
208539,train
206681,train
174565,train
192785,train
222453,train
184287,train
184059,train
223037,train
219075,train
183817,train
178690,train
176956,train
202209,train
227031,train
165924,train
123172,train
190046,train
175599,train
200004,train
220674,train
178823,train
190078,train
212531,train
175877,train
205557,train
171884,train
189319,train
188390,train
146496,train
177739,train
92690,train
190797,train
188313,train
197741,train
183324,train
185483,train
177678,train
173693,train
181648,train
131742,train
221628,train
204789,train
223420,train
219820,train
203335,train
197652,train
190594,train
181309,train
183327,train
214372,train
123290,train
203534,train
185191,train
200924,train
122881,train
190019,train
217898,train
136914,train
196149,train
132239,train
171764,train
178491,train
205542,train
198329,train
200721,train
122065,train
205381,train
134076,train
182537,train
185875,train
150759,train
221168,train
122035,train
221869,train
172849,train
98761,train
199173,train
176947,train
222324,train
187301,train
200761,train
222165,train
186543,train
173197,train
121556,train
196467,train
181362,train
176537,train
198340,train
190005,train
125021,train
196953,train
212328,train
173088,train
185236,train
180748,train
177921,train
214635,train
186102,train
185387,train
178269,train
168020,train
187006,train
188561,train
206341,train
178178,train
181805,train
184131,train
180731,train
190581,train
190931,train
179040,train
186495,train
223690,train
176829,train
184186,train
198471,train
180675,train
218242,train
184914,train
193674,train
177561,train
220033,train
207920,train
221926,train
192600,train
204869,train
216368,train
210613,train
183983,train
122049,train
180385,train
178020,train
201663,train
221298,train
175864,train
196427,train
220481,train
129890,train
173510,train
172973,train
221578,train
187025,train
199967,train
205924,train
118643,train
219445,train
210757,train
223061,train
183358,train
187235,train
175408,train
222112,train
212513,train
204082,train
206358,train
220078,train
205851,train
124954,train
185357,train
127282,train
151487,train
194876,train
224127,train
227408,train
184217,train
206561,train
222394,train
124571,train
184739,train
181736,train
184716,train
186972,train
180682,train
205428,train
176426,train
204771,train
192277,train
172009,train
177545,train
133620,train
193125,train
130718,train
173371,train
119401,train
209936,train
176441,train
201565,train
178800,train
219676,train
182617,train
175064,train
184243,train
220133,train
175684,train
199566,train
131736,train
222115,train
217790,train
199315,train
104261,train
174416,train
185859,train
190575,train
225814,train
136968,train
190216,train
222283,train
200235,train
124354,train
179675,train
179362,train
180684,train
126082,train
177814,train
210572,train
222049,train
194037,train
174528,train
185146,train
197085,train
170470,train
205079,train
179955,train
183144,train
222288,train
181087,train
172263,train
186021,train
218595,train
172168,train
186238,train
183011,train
179380,train
198040,train
205618,train
206768,train
134419,train
202203,train
174283,train
192197,train
203099,train
185660,train
172580,train
166873,train
186104,train
118651,train
184127,train
195033,train
138520,train
185722,train
193338,train
167728,train
198342,train
201110,train
220519,train
219055,train
221214,train
185168,train
134925,train
185803,train
174464,train
168139,train
201724,train
180975,train
192297,train
188882,train
180417,train
145303,train
96402,train
118772,train
189784,train
190343,train
120268,train
184900,train
204579,train
182044,train
198460,train
210382,train
185220,train
175038,train
178824,train
176345,train
194699,train
127683,train
184389,train
182116,train
119902,train
207458,train
170493,train
198769,train
201958,train
197183,train
198008,train
177296,train
224521,train
173158,train
125474,train
172461,train
172144,train
192067,train
198564,train
183654,train
198671,train
207552,train
172821,train
225259,train
173315,train
206543,train
190178,train
185250,train
219638,train
183183,train
223862,train
184303,train
201605,train
199445,train
186879,train
200094,train
200466,train
191556,train
213627,train
223723,train
195150,train
223194,train
199939,train
167697,train
201383,train
205878,train
175477,train
220788,train
187346,train
192389,train
137021,train
184711,train
222070,train
172362,train
228210,train
223440,train
185341,train
226443,train
188444,train
196715,train
192708,train
219423,train
172971,train
123159,train
178569,train
121617,train
174329,train
217825,train
207368,train
227318,train
172312,train
175946,train
143513,train
174408,train
172978,train
178341,train
173712,train
185828,train
178488,train
193862,train
179440,train
190350,train
175068,train
227361,train
221814,train
227087,train
186358,train
222004,train
192190,train
188147,train
190590,train
181368,train
183297,train
213654,train
188488,train
185462,train
176109,train
187822,train
175290,train
191088,train
168157,train
183634,train
101956,train
172529,train
198242,train
184072,train
224549,train
175881,train
206342,train
152972,train
171406,train
122116,train
198657,train
220507,train
190021,train
197972,train
101699,train
186013,train
175159,train
186232,train
221010,train
183866,train
177743,train
120475,train
118780,train
125433,train
202996,train
121964,train
195561,train
104815,train
126145,train
120455,train
203633,train
176062,train
200617,train
176467,train
182429,train
190172,train
197998,train
185412,train
199181,train
166877,train
226977,train
180926,train
121966,train
183970,train
187824,train
193414,train
181741,train
140355,train
179443,train
223514,train
198796,train
93037,train
179057,train
185849,train
195782,train
190017,train
188114,train
190157,train
211559,train
185440,train
181977,train
192552,train
184360,train
194706,train
193209,train
205734,train
175305,train
175010,train
221729,train
219377,train
173311,train
200392,train
179080,train
182274,train
188958,train
225424,train
181913,train
223161,train
149939,train
225064,train
193184,train
126573,train
139591,train
211378,train
178931,train
221343,train
188829,train
210425,train
203705,train
225135,train
145393,train
210154,train
176074,train
182105,train
181096,train
173025,train
171846,train
201276,train
150902,train
120899,train
192654,train
192381,train
203641,train
178160,train
202810,train
179427,train
180328,train
184626,train
227908,train
219438,train
122615,train
181569,train
200238,train
220265,train
174336,train
96958,train
188845,train
174469,train
182834,train
221891,train
124082,train
188539,train
182303,train
133788,train
201926,train
181436,train
185219,train
200422,train
142851,train
197758,train
223437,train
175612,train
220689,train
170127,train
180274,train
186015,train
196881,train
123375,train
181156,train
210701,train
200535,train
202206,train
188796,train
186410,train
172941,train
141706,train
180786,train
101693,train
184202,train
180235,train
201622,train
194736,train
123372,train
184816,train
197671,train
122891,train
120323,train
182870,train
183912,train
178498,train
181808,train
175711,train
189944,train
208085,train
211603,train
198369,train
184391,train
187880,train
223641,train
223815,train
199009,train
207342,train
219115,train
173780,train
202413,train
174868,train
179914,train
167690,train
225547,train
199554,train
198800,train
195801,train
176931,train
218727,train
212546,train
168133,train
201677,train
206815,train
184958,train
126003,train
172203,train
195240,train
177497,train
200146,train
140085,train
172947,train
177667,train
190135,train
200996,train
209410,train
182842,train
194660,train
223877,train
184750,train
183068,train
175938,train
222676,train
184309,train
171409,train
179433,train
222525,train
125812,train
202340,train
218776,train
145783,train
193942,train
183084,train
201318,train
155850,train
167776,train
182381,train
122190,train
120481,train
199721,train
174102,train
185554,train
176317,train
198491,train
120881,train
183605,train
224587,train
180300,train
184992,train
218755,train
209990,train
202483,train
205599,train
180010,train
196438,train
227235,train
189600,train
226538,train
97514,train
180608,train
190342,train
178885,train
207924,train
191147,train
205528,train
211770,train
208676,train
224039,train
185346,train
177773,train
178725,train
141593,train
120888,train
202746,train
215887,train
224263,train
219506,train
200224,train
175194,train
193429,train
130778,train
169597,train
131345,train
195157,train
185188,train
178374,train
223655,train
177643,train
117819,train
224349,train
219125,train
172606,train
221871,train
177327,train
127891,train
214622,train
169078,train
182119,train
197839,train
199755,train
169134,train
187955,train
222531,train
170977,train
178495,train
182099,train
186287,train
144177,train
222861,train
209925,train
182039,train
192327,train
146464,train
224356,train
214987,train
178265,train
204977,train
222129,train
196528,train
196240,train
191897,train
176258,train
177768,train
174392,train
223586,train
179219,train
125380,train
176723,train
186889,train
197290,train
194921,train
153381,train
190274,train
137144,train
223313,train
126331,train
185623,train
220377,train
176419,train
200505,train
129787,train
150892,train
122883,train
166921,train
174827,train
227741,train
190680,train
208364,train
196465,train
180626,train
188179,train
223876,train
181657,train
200999,train
194301,train
206778,train
187273,train
208485,train
196648,train
175511,train
199244,train
122002,train
168126,train
185853,train
222309,train
175267,train
166281,train
181544,train
204917,train
198398,train
177544,train
220544,train
117953,train
182557,train
185884,train
175924,train
175551,train
223843,train
178478,train
222492,train
147486,train
175541,train
183245,train
171075,train
200623,train
181302,train
175487,train
173188,train
201467,train
225025,train
179560,train
220599,train
196921,train
223058,train
177553,train
195037,train
205519,train
187866,train
207672,train
143874,train
204715,train
171160,train
198436,train
199179,train
213976,train
202026,train
137995,train
184596,train
143519,train
123977,train
189141,train
205654,train
224074,train
105436,train
221728,train
206551,train
193822,train
117947,train
173731,train
200647,train
124017,train
186653,train
183807,train
173142,train
223400,train
204768,train
175449,train
180844,train
203469,train
223566,train
195544,train
200192,train
200847,train
181851,train
179942,train
140112,train
131741,train
206711,train
192555,train
130760,train
219663,train
182890,train
182737,train
208204,train
206847,train
171621,train
201308,train
117497,train
196994,train
201316,train
172648,train
173276,train
201982,train
186507,train
93525,train
189097,train
188791,train
174779,train
180882,train
219811,train
177346,train
211739,train
223416,train
183077,train
182009,train
180040,train
182361,train
224340,train
210380,train
197534,train
203274,train
200225,train
190793,train
108822,train
184039,train
178439,train
179366,train
222684,train
183320,train
173900,train
200513,train
220524,train
202045,train
218944,train
221439,train
201980,train
225995,train
128496,train
174438,train
123374,train
179978,train
221748,train
142420,train
217633,train
206748,train
172553,train
177886,train
222216,train
171314,train
179877,train
171117,train
199375,train
224487,train
219971,train
209862,train
182331,train
192120,train
184316,train
188181,train
118558,train
179483,train
181539,train
178861,train
171921,train
227277,train
185228,train
187071,train
192510,train
137387,train
205586,train
181646,train
172220,train
195838,train
168196,train
218105,train
205415,train
193411,train
204774,train
178741,train
120891,train
193343,train
221314,train
190860,train
208535,train
209037,train
173151,train
198543,train
186951,train
223864,train
172972,train
181050,train
167691,train
185335,train
198591,train
172353,train
227493,train
193583,train
204873,train
203525,train
196608,train
183510,train
187024,train
133596,train
199700,train
195301,train
179549,train
197950,train
175022,train
200633,train
204808,train
180648,train
185265,train
92706,train
197665,train
208075,train
191339,train
127734,train
181138,train
201572,train
205870,train
221661,train
202710,train
205809,train
212589,train
181165,train
171158,train
118066,train
207682,train
222211,train
198658,train
194128,train
169185,train
190933,train
199323,train
190041,train
178615,train
219879,train
178668,train
184741,train
224526,train
222651,train
173196,train
199192,train
176597,train
222124,train
181972,train
188044,train
137686,train
174890,train
175475,train
196791,train
211777,train
220130,train
190995,train
219100,train
203201,train
202298,train
206488,train
200738,train
184781,train
126780,train
184449,train
179095,train
188588,train
196477,train
125992,train
213575,train
178606,train
173260,train
171753,train
222149,train
181845,train
200459,train
128759,train
194667,train
206317,train
220648,train
227553,train
186839,train
179554,train
205051,train
183443,train
184801,train
186388,train
166959,train
171148,train
172812,train
193687,train
222148,train
189976,train
178678,train
203199,train
227712,train
133594,train
223694,train
185140,train
224878,train
205874,train
174889,train
181796,train
176428,train
140012,train
181257,train
121341,train
205547,train
127147,train
175580,train
184862,train
173239,train
203304,train
217936,train
203170,train
174439,train
173098,train
173056,train
175645,train
131281,train
180977,train
185943,train
189810,train
218692,train
192721,train
118457,train
173031,train
211554,train
185374,train
214729,train
181547,train
213611,train
168129,train
220146,train
121669,train
137252,train
180167,train
200130,train
174750,train
223002,train
217875,train
192755,train
193719,train
201579,train
221769,train
118518,train
181441,train
185789,train
93580,train
192546,train
178871,train
181945,train
122104,train
199010,train
200200,train
202744,train
145450,train
179654,train
168216,train
187928,train
186323,train
125459,train
208928,train
205806,train
221091,train
123232,train
171074,train
219152,train
222387,train
174914,train
191095,train
216942,train
173605,train
181314,train
178221,train
219882,train
185255,train
199593,train
183441,train
220041,train
188528,train
198049,train
96413,train
195803,train
186317,train
187238,train
177570,train
200314,train
181918,train
190212,train
211304,train
182400,train
196634,train
138118,train
211327,train
223675,train
201988,train
207577,train
180373,train
211546,train
176606,train
225018,train
206371,train
185282,train
138924,train
120999,train
213634,train
183562,train
184145,train
222644,train
187245,train
183246,train
186902,train
192605,train
119368,train
225068,train
137986,train
207109,train
200984,train
173227,train
189367,train
227033,train
203723,train
186353,train
175746,train
178768,train
209054,train
205644,train
178997,train
177821,train
179626,train
179861,train
174556,train
202296,train
146498,train
195156,train
177218,train
194980,train
177862,train
208196,train
202958,train
193663,train
201170,train
137104,train
223032,train
205485,train
208631,train
206865,train
120369,train
178699,train
125428,train
194586,train
218730,train
78401,train
152627,train
92771,train
214956,train
201616,train
181229,train
186315,train
188182,train
101710,train
193218,train
201495,train
177764,train
174122,train
179688,train
179919,train
210698,train
183968,train
171107,train
120470,train
195864,train
198542,train
175530,train
214708,train
105692,train
177417,train
183610,train
122100,train
175228,train
214621,train
181305,train
174460,train
171520,train
199723,train
181784,train
174137,train
183740,train
220172,train
225850,train
178508,train
178484,train
224047,train
181102,train
182410,train
100569,train
180088,train
200835,train
180214,train
200889,train
226979,train
181654,train
203811,train
185174,train
181819,train
223751,train
172217,train
166946,train
150548,train
207444,train
174550,train
177787,train
181545,train
222013,train
220303,train
198622,train
195723,train
92779,train
222252,train
179846,train
210379,train
177212,train
212327,train
214966,train
181337,train
175931,train
205139,train
187059,train
180556,train
152143,train
221691,train
205595,train
180918,train
222729,train
201526,train
221980,train
223622,train
223057,train
227653,train
179184,train
186256,train
186891,train
128070,train
221881,train
203524,train
137091,train
211120,train
202415,train
188568,train
222042,train
120439,train
202108,train
181454,train
169335,train
181839,train
222202,train
123922,train
174405,train
176519,train
180515,train
153279,train
191709,train
202740,train
179808,train
225873,train
185314,train
196641,train
117950,train
218380,train
177052,train
201001,train
189206,train
203831,train
186827,train
179537,train
197948,train
177326,train
199234,train
176445,train
197694,train
186897,train
173840,train
183015,train
127153,train
199750,train
205898,train
226155,train
187963,train
184963,train
220043,train
181336,train
187012,train
122981,train
178377,train
133692,train
210577,train
219090,train
178585,train
146488,train
227492,train
199724,train
221248,train
178930,train
188964,train
185551,train
209319,train
172565,train
195296,train
183423,train
172637,train
227397,train
127671,train
203529,train
200294,train
209273,train
222473,train
182397,train
121940,train
184411,train
201774,train
198732,train
188577,train
181018,train
138096,train
176362,train
179244,train
176008,train
198663,train
214702,train
199550,train
181530,train
198505,train
137336,train
219016,train
211644,train
172436,train
198458,train
180914,train
195017,train
179884,train
222886,train
172977,train
172063,train
222183,train
174312,train
197654,train
179744,train
188485,train
201286,train
176898,train
174646,train
220465,train
184162,train
169131,train
172540,train
187391,train
192718,train
225976,train
166858,train
186081,train
180804,train
176421,train
186306,train
166952,train
199379,train
195007,train
201544,train
131792,train
175793,train
184778,train
184113,train
190034,train
189704,train
133377,train
180559,train
210369,train
183672,train
211654,train
196616,train
202751,train
198634,train
208666,train
179946,train
197351,train
126230,train
189754,train
176946,train
220916,train
182983,train
183512,train
221786,train
196551,train
176884,train
182710,train
205922,train
173479,train
184278,train
173387,train
213613,train
166962,train
223214,train
184680,train
185810,train
202277,train
181414,train
223878,train
208099,train
137422,train
179576,train
171839,train
207582,train
222941,train
182956,train
194003,train
198782,train
223304,train
187431,train
176950,train
184097,train
182002,train
195300,train
182972,train
205713,train
167334,train
179078,train
92723,train
201275,train
220091,train
174053,train
182396,train
174819,train
172834,train
182984,train
181035,train
193929,train
184980,train
196900,train
178932,train
169611,train
182047,train
222696,train
177893,train
181595,train
155762,train
202823,train
227243,train
122487,train
174526,train
192746,train
117943,train
205551,train
201855,train
185864,train
181811,train
199134,train
134733,train
173322,train
217636,train
174712,train
173506,train
175155,train
192038,train
165916,train
186801,train
198498,train
120519,train
193003,train
197540,train
182500,train
205592,train
223688,train
190204,train
198204,train
221169,train
175630,train
173101,train
194734,train
174454,train
180329,train
200100,train
175152,train
221886,train
193625,train
211359,train
197997,train
171088,train
222345,train
131125,train
205609,train
183695,train
205253,train
227100,train
172272,train
194692,train
205502,train
180669,train
131789,train
173135,train
152994,train
209618,train
138799,train
208203,train
177810,train
174088,train
174634,train
174639,train
200040,train
184199,train
200675,train
216152,train
223803,train
189896,train
177555,train
185156,train
192710,train
214713,train
204568,train
207944,train
175717,train
176570,train
196642,train
185886,train
224293,train
175288,train
199190,train
200300,train
195777,train
197513,train
175082,train
196882,train
178706,train
184092,train
179784,train
188058,train
173279,train
201310,train
202265,train
223136,train
179690,train
197239,train
205054,train
174845,train
175206,train
173926,train
182518,train
219164,train
203812,train
227799,train
179217,train
208320,train
227539,train
186288,train
175201,train
171983,train
145741,train
193109,train
200407,train
169125,train
122787,train
208263,train
182654,train
179550,train
187003,train
201431,train
151831,train
184450,train
221598,train
97526,train
219386,train
196698,train
194649,train
179577,train
222895,train
191537,train
186973,train
175341,train
183336,train
125536,train
226877,train
193279,train
195518,train
125430,train
196623,train
212907,train
136072,train
227346,train
120306,train
176226,train
138901,train
181244,train
177345,train
166953,train
188330,train
219163,train
190786,train
222953,train
197466,train
221999,train
180196,train
220503,train
193394,train
171349,train
122488,train
227213,train
222464,train
201559,train
181088,train
200067,train
186377,train
220596,train
180493,train
222742,train
202824,train
210576,train
226729,train
186464,train
221703,train
171765,train
130774,train
178036,train
224351,train
180710,train
174061,train
218907,train
208635,train
189634,train
201470,train
138078,train
195011,train
120575,train
176230,train
222500,train
124851,train
185278,train
198401,train
197110,train
227216,train
180285,train
226479,train
196125,train
197117,train
192642,train
179447,train
185253,train
182112,train
192517,train
173743,train
127535,train
171611,train
171992,train
224255,train
213672,train
179142,train
226400,train
206599,train
176260,train
195791,train
178626,train
120567,train
182487,train
200176,train
187943,train
175215,train
227450,train
125987,train
191280,train
178169,train
122107,train
185490,train
97522,train
185840,train
179076,train
181340,train
124069,train
136970,train
194156,train
186835,train
125421,train
182192,train
178512,train
173594,train
212472,train
225954,train
222275,train
173108,train
223181,train
131036,train
176194,train
120521,train
176909,train
184027,train
176501,train
105616,train
126918,train
173943,train
221355,train
176134,train
211524,train
127149,train
192408,train
183978,train
118613,train
200558,train
205865,train
178992,train
180646,train
186265,train
220320,train
181867,train
178602,train
183440,train
186545,train
96829,train
185880,train
190921,train
195519,train
207462,train
178884,train
101952,train
223676,train
97384,train
207744,train
181221,train
196893,train
205683,train
127953,train
220364,train
195745,train
199641,train
146415,train
197346,train
138131,train
209310,train
175182,train
200190,train
188320,train
183568,train
179578,train
200444,train
220157,train
222141,train
170426,train
169177,train
174494,train
203857,train
187600,train
176178,train
189099,train
196984,train
187065,train
174450,train
198767,train
171574,train
191156,train
211256,train
199185,train
193671,train
222955,train
178026,train
172822,train
174560,train
139366,train
133614,train
130634,train
127565,train
215080,train
185610,train
182393,train
178218,train
207207,train
192571,train
193919,train
218182,train
227550,train
183276,train
218994,train
180582,train
184852,train
184655,train
181299,train
203522,train
183702,train
190962,train
183446,train
179249,train
186537,train
208403,train
187358,train
206230,train
187782,train
182398,train
172969,train
195193,train
221823,train
123265,train
100578,train
192722,train
212856,train
193586,train
198540,train
185578,train
181912,train
216934,train
185193,train
172076,train
194700,train
192583,train
203476,train
184169,train
221665,train
132804,train
173673,train
130556,train
225845,train
182063,train
172755,train
176434,train
182270,train
173445,train
193290,train
179345,train
226829,train
197702,train
207579,train
166914,train
188743,train
146391,train
198618,train
168562,train
201714,train
186373,train
180849,train
173076,train
126498,train
194163,train
212568,train
190266,train
166009,train
180982,train
190365,train
222296,train
185413,train
176772,train
219312,train
202301,train
204661,train
200089,train
124751,train
223441,train
188019,train
219917,train
201198,train
182071,train
190925,train
195054,train
222262,train
210981,train
198046,train
118403,train
214388,train
178471,train
185670,train
122428,train
205811,train
129996,train
202041,train
173772,train
120424,train
185137,train
222658,train
174264,train
174837,train
191766,train
186648,train
197396,train
182091,train
127337,train
183349,train
219078,train
223105,train
184783,train
194270,train
224214,train
124216,train
179700,train
194992,train
221923,train
124856,train
181140,train
175554,train
188890,train
198166,train
172045,train
194682,train
173136,train
127330,train
223779,train
224485,train
177625,train
176715,train
128812,train
181984,train
214365,train
189608,train
96984,train
188095,train
204925,train
179391,train
220577,train
127340,train
197387,train
192736,train
188795,train
198007,train
207713,train
167795,train
171573,train
196253,train
176443,train
187204,train
201940,train
214452,train
220051,train
168200,train
169531,train
184385,train
174271,train
174764,train
220056,train
202188,train
198584,train
220458,train
188055,train
184107,train
226722,train
208958,train
184296,train
219008,train
183319,train
199248,train
194801,train
178939,train
175014,train
227254,train
182757,train
169248,train
188966,train
127636,train
187505,train
201149,train
199243,train
214883,train
215636,train
176280,train
193430,train
222045,train
131126,train
166947,train
203483,train
220617,train
141711,train
208082,train
222373,train
194696,train
194146,train
183429,train
220629,train
198512,train
221316,train
189522,train
206323,train
211665,train
174875,train
181835,train
137309,train
187042,train
185328,train
181322,train
212017,train
184066,train
219504,train
223152,train
146367,train
219643,train
176161,train
206877,train
176839,train
199587,train
175270,train
181231,train
224168,train
183765,train
221222,train
223969,train
182161,train
183919,train
224684,train
176737,train
190330,train
191367,train
209136,train
223418,train
122038,train
180789,train
222259,train
225981,train
181181,train
222697,train
214287,train
196974,train
175780,train
183982,train
174945,train
218906,train
199597,train
189900,train
203440,train
183716,train
219904,train
179229,train
203503,train
206820,train
212570,train
214707,train
117934,train
174251,train
175328,train
196599,train
103529,train
221720,train
224922,train
222479,train
211487,train
212563,train
178227,train
184276,train
171799,train
223394,train
223767,train
222365,train
206745,train
172581,train
185199,train
198551,train
187034,train
205053,train
206791,train
196828,train
184101,train
221663,train
224574,train
180003,train
224169,train
183474,train
223034,train
208354,train
189901,train
186031,train
181647,train
171922,train
193779,train
172742,train
210531,train
194138,train
189984,train
122411,train
122704,train
222214,train
176673,train
220048,train
181543,train
176228,train
100573,train
185514,train
220461,train
175660,train
173236,train
199171,train
175749,train
180460,train
224503,train
177885,train
180939,train
209873,train
220518,train
198175,train
182819,train
173930,train
187986,train
178778,train
125502,train
189538,train
209401,train
201191,train
173567,train
181731,train
207568,train
220822,train
222151,train
213631,train
184943,train
214711,train
188077,train
190670,train
189006,train
120289,train
169824,train
200118,train
167647,train
185141,train
193729,train
184496,train
178247,train
178845,train
190152,train
177480,train
189863,train
172962,train
176666,train
190337,train
142761,train
198772,train
176731,train
207917,train
178802,train
170912,train
133585,train
198936,train
186553,train
122247,train
186428,train
173742,train
125693,train
177815,train
212451,train
205369,train
214278,train
188550,train
170218,train
221779,train
150796,train
187649,train
201541,train
224365,train
131275,train
225467,train
203149,train
179243,train
219505,train
191377,train
118479,train
203537,train
222939,train
179015,train
194542,train
199130,train
155769,train
220356,train
176175,train
166595,train
207557,train
174352,train
184690,train
186974,train
191658,train
223666,train
184503,train
183896,train
206794,train
152073,train
211389,train
205627,train
126762,train
223027,train
180757,train
172115,train
187819,train
185826,train
221755,train
209635,train
167994,train
194529,train
202428,train
125504,train
179474,train
177571,train
148616,train
183551,train
197555,train
200401,train
125456,train
197349,train
208156,train
122255,train
186500,train
206564,train
208382,train
196676,train
183155,train
199764,train
181353,train
222600,train
174806,train
205136,train
181892,train
168902,train
171609,train
166888,train
221365,train
136833,train
92684,train
176926,train
181999,train
178641,train
206345,train
131014,train
146419,train
217929,train
186403,train
174791,train
184504,train
197955,train
180168,train
181332,train
213476,train
185281,train
211611,train
213619,train
187366,train
227743,train
195052,train
203385,train
183954,train
203054,train
190806,train
192801,train
192251,train
189014,train
195929,train
176204,train
121835,train
181670,train
188226,train
176336,train
126166,train
195817,train
175693,train
174663,train
219207,train
176279,train
201319,train
205764,train
182509,train
198818,train
176335,train
227335,train
176424,train
185528,train
199613,train
171617,train
184440,train
100652,train
173213,train
194694,train
181329,train
181879,train
220695,train
181843,train
221969,train
188216,train
219677,train
222250,train
191955,train
214735,train
130656,train
188822,train
179608,train
198548,train
108392,train
224579,train
184208,train
199646,train
171955,train
92797,train
207688,train
109406,train
226975,train
180561,train
179444,train
221088,train
202837,train
179579,train
174891,train
221754,train
125056,train
181822,train
178701,train
191523,train
198501,train
175920,train
173467,train
208482,train
204800,train
185530,train
199227,train
97524,train
181761,train
201278,train
175624,train
202835,train
176838,train
227305,train
177172,train
221949,train
208169,train
218916,train
185365,train
175790,train
186898,train
167684,train
184550,train
179627,train
203622,train
167166,train
197528,train
178943,train
198408,train
203515,train
97278,train
197122,train
177679,train
208654,train
183670,train
176563,train
177245,train
179995,train
203080,train
219460,train
214687,train
174618,train
189945,train
203093,train
212230,train
176868,train
189606,train
172421,train
180353,train
185470,train
185729,train
180319,train
182521,train
182772,train
174524,train
224975,train
169272,train
206784,train
182185,train
181699,train
180558,train
203168,train
221140,train
188413,train
179859,train
200680,train
222362,train
177041,train
178989,train
188208,train
205914,train
200642,train
188218,train
189255,train
213065,train
177236,train
187816,train
133588,train
198441,train
191042,train
183430,train
223431,train
181735,train
142862,train
222751,train
210297,train
182847,train
183527,train
210699,train
203478,train
174631,train
189735,train
127728,train
208674,train
211121,train
221563,train
127520,train
188846,train
175531,train
181234,train
145324,train
226416,train
228141,train
208350,train
211450,train
188326,train
177790,train
178694,train
221991,train
176414,train
181849,train
225133,train
120365,train
174534,train
148927,train
181312,train
224472,train
175819,train
214354,train
205616,train
122855,train
173054,train
186418,train
216932,train
227693,train
188825,train
212115,train
217984,train
220555,train
207154,train
185119,train
181263,train
227461,train
206589,train
221689,train
221508,train
152995,train
178070,train
227769,train
194823,train
222671,train
220539,train
224132,train
204921,train
206367,train
177483,train
175037,train
219119,train
199330,train
177838,train
189129,train
169482,train
184456,train
201167,train
218965,train
183723,train
93673,train
186828,train
199589,train
193553,train
203292,train
218905,train
197279,train
181062,train
179158,train
175180,train
193504,train
222194,train
194643,train
174116,train
202675,train
190401,train
223140,train
225055,train
177926,train
222021,train
179239,train
206617,train
183337,train
207858,train
175851,train
200297,train
172830,train
203547,train
186988,train
177889,train
171853,train
221303,train
177985,train
174885,train
177753,train
207172,train
125584,train
198607,train
202402,train
184159,train
179921,train
183218,train
134237,train
184317,train
92763,train
193464,train
198236,train
185222,train
188136,train
184556,train
199184,train
224036,train
198978,train
204032,train
199934,train
174186,train
172872,train
180499,train
191679,train
180497,train
119601,train
127578,train
196922,train
125047,train
167867,train
186976,train
190234,train
221499,train
198837,train
220363,train
179468,train
222028,train
212227,train
192968,train
117928,train
169658,train
173721,train
215772,train
219244,train
174299,train
211718,train
123920,train
203443,train
223823,train
218405,train
206483,train
219805,train
215252,train
176824,train
183804,train
120408,train
214973,train
200936,train
137102,train
172751,train
172664,train
222386,train
184183,train
190080,train
220476,train
181200,train
221950,train
185270,train
222548,train
220176,train
195390,train
205493,train
179561,train
205521,train
176035,train
185834,train
203644,train
182602,train
93584,train
186539,train
178874,train
223461,train
224353,train
212232,train
183476,train
186285,train
168148,train
184288,train
183250,train
202465,train
223413,train
172322,train
190079,train
203042,train
199092,train
193569,train
192108,train
179218,train
219798,train
182624,train
172935,train
221143,train
223835,train
193551,train
175633,train
150835,train
218440,train
137301,train
184362,train
178496,train
180426,train
175158,train
196614,train
195549,train
150766,train
209716,train
199040,train
227685,train
195248,train
172448,train
177597,train
197547,train
223765,train
124080,train
182245,train
172572,train
177207,train
133583,train
207580,train
170501,train
227199,train
210378,train
190718,train
204766,train
227077,train
168563,train
177664,train
196431,train
224219,train
171576,train
145383,train
125496,train
197078,train
189974,train
177216,train
172033,train
201171,train
207060,train
120129,train
201668,train
172460,train
220609,train
172385,train
183608,train
177372,train
212352,train
177457,train
175079,train
125211,train
171866,train
184990,train
226419,train
190968,train
223967,train
181830,train
219500,train
181113,train
179448,train
123368,train
212058,train
175614,train
208402,train
222913,train
192239,train
189034,train
200465,train
189647,train
181331,train
118571,train
149076,train
186905,train
178473,train
191972,train
198426,train
200412,train
179799,train
179214,train
174958,train
197557,train
174241,train
170146,train
202737,train
89852,train
223724,train
173837,train
211995,train
218963,train
181066,train
186820,train
205408,train
213617,train
221479,train
181686,train
202768,train
190685,train
181423,train
198660,train
174781,train
196886,train
193548,train
169181,train
190018,train
166866,train
179321,train
179492,train
199385,train
203741,train
225408,train
200400,train
204926,train
222284,train
224567,train
174013,train
122355,train
177983,train
182442,train
198610,train
120458,train
150820,train
182992,train
189490,train
179821,train
168127,train
186989,train
200750,train
176800,train
97505,train
171967,train
176328,train
90430,train
184304,train
212652,train
215747,train
172942,train
174084,train
173011,train
180951,train
199502,train
184008,train
176508,train
171899,train
188204,train
198729,train
152817,train
173666,train
224768,train
225972,train
199964,train
171892,train
211746,train
182530,train
195105,train
185883,train
183956,train
200420,train
220508,train
179570,train
219336,train
117139,train
216055,train
220729,train
219615,train
188057,train
200231,train
182101,train
167765,train
200905,train
183539,train
199217,train
203773,train
137413,train
131025,train
200072,train
180465,train
118531,train
180363,train
216151,train
173008,train
137090,train
180634,train
145260,train
167310,train
187879,train
167693,train
121527,train
175540,train
178023,train
196606,train
212031,train
175166,train
176004,train
204922,train
168017,train
182861,train
187111,train
155029,train
200843,train
225836,train
187985,train
200484,train
175925,train
201187,train
183779,train
188174,train
197108,train
194929,train
165974,train
198209,train
127187,train
182422,train
222040,train
176427,train
209141,train
194233,train
223071,train
184763,train
142863,train
169245,train
167171,train
211383,train
191329,train
221953,train
173457,train
187668,train
173864,train
203424,train
127904,train
226907,train
207934,train
225038,train
205081,train
223224,train
199762,train
170184,train
182294,train
181465,train
177015,train
192501,train
200295,train
219803,train
206480,train
173752,train
227504,train
221696,train
127344,train
193576,train
195615,train
187072,train
184861,train
177584,train
220150,train
176245,train
175193,train
189853,train
176051,train
181823,train
177316,train
184720,train
198341,train
177299,train
222397,train
204763,train
219069,train
173230,train
183958,train
211374,train
225832,train
219846,train
171705,train
177431,train
119955,train
200187,train
208090,train
219566,train
176407,train
177824,train
123441,train
207684,train
182414,train
182356,train
202742,train
100580,train
201446,train
221152,train
199605,train
209202,train
221305,train
119174,train
187272,train
181230,train
220042,train
177293,train
121834,train
197672,train
203185,train
225097,train
223048,train
177335,train
209412,train
220494,train
219683,train
137264,train
173785,train
220039,train
171776,train
96416,train
172391,train
104306,train
227329,train
223647,train
175456,train
184982,train
199874,train
227669,train
175964,train
221695,train
181306,train
191703,train
226987,train
221952,train
190179,train
195418,train
226383,train
176334,train
198224,train
218176,train
224551,train
152296,train
204670,train
197551,train
195750,train
224540,train
178733,train
184206,train
211425,train
175276,train
201673,train
118562,train
178472,train
183399,train
200587,train
189092,train
187067,train
183364,train
176291,train
182871,train
128804,train
199703,train
178689,train
219421,train
212257,train
207448,train
185876,train
209119,train
193626,train
174699,train
180537,train
194154,train
171025,train
222654,train
177579,train
208183,train
222297,train
180907,train
227569,train
125028,train
220561,train
191572,train
218898,train
122757,train
197223,train
218097,train
186833,train
171023,train
168172,train
166007,train
227205,train
177547,train
199643,train
140109,train
176388,train
182587,train
221948,train
177767,train
196918,train
182540,train
203480,train
202499,train
212123,train
227466,train
133713,train
210854,train
189017,train
179501,train
98748,train
181456,train
172281,train
185860,train
136958,train
172777,train
198423,train
173738,train
227119,train
189772,train
192206,train
185323,train
179371,train
209926,train
200227,train
182606,train
130992,train
122712,train
127518,train
200557,train
178711,train
173670,train
174101,train
177363,train
122352,train
170038,train
223994,train
172960,train
223679,train
200663,train
222739,train
225124,train
93709,train
190035,train
187138,train
221939,train
174688,train
183060,train
147829,train
185636,train
211981,train
146387,train
196600,train
174079,train
207215,train
212278,train
195568,train
211235,train
186999,train
202484,train
227102,train
133611,train
221464,train
183854,train
202360,train
174446,train
198625,train
175893,train
199338,train
175702,train
217784,train
212471,train
204540,train
186432,train
96429,train
209935,train
170161,train
209055,train
211248,train
183756,train
174872,train
223687,train
222497,train
180640,train
187099,train
196562,train
219637,train
175953,train
219889,train
202858,train
177356,train
189546,train
219304,train
199044,train
188398,train
196726,train
193555,train
210449,train
185259,train
215014,train
186821,train
179346,train
176319,train
153522,train
175195,train
200938,train
219419,train
194867,train
223111,train
219040,train
221800,train
200981,train
227458,train
223472,train
168337,train
173254,train
199756,train
195003,train
222738,train
192815,train
222032,train
223029,train
184921,train
179569,train
182305,train
190971,train
203710,train
223849,train
200672,train
206557,train
204842,train
197692,train
182087,train
175056,train
184220,train
183211,train
174210,train
205866,train
204711,train
130815,train
220123,train
203007,train
197939,train
184139,train
97015,train
220722,train
214366,train
219661,train
139971,train
195513,train
171582,train
202969,train
200006,train
216567,train
186803,train
207581,train
178976,train
226939,train
178404,train
189026,train
191724,train
182475,train
169999,train
202511,train
185342,train
181253,train
212231,train
131023,train
180703,train
224613,train
193839,train
198506,train
189430,train
138974,train
137987,train
222887,train
177472,train
174077,train
173945,train
117910,train
170954,train
137423,train
227123,train
192635,train
201266,train
206344,train
133232,train
185347,train
222832,train
176771,train
220496,train
178676,train
173822,train
189047,train
227463,train
224374,train
219507,train
221258,train
200990,train
227668,train
181525,train
221693,train
198771,train
198496,train
201264,train
223977,train
212019,train
171783,train
207645,train
175810,train
195795,train
189117,train
174111,train
197111,train
201570,train
195861,train
179935,train
222576,train
188733,train
184137,train
218974,train
222622,train
185419,train
177532,train
219448,train
195021,train
96408,train
174608,train
179223,train
150036,train
218778,train
180091,train
180276,train
179573,train
180451,train
185669,train
201670,train
187854,train
184687,train
199032,train
184955,train
176904,train
172105,train
203697,train
197687,train
101717,train
186302,train
173465,train
189471,train
176174,train
197460,train
167685,train
187256,train
190735,train
195505,train
188130,train
203157,train
170088,train
137393,train
222598,train
181615,train
123534,train
222422,train
222707,train
170237,train
221925,train
172201,train
194608,train
200425,train
209287,train
226737,train
225363,train
197389,train
93467,train
181323,train
186035,train
200304,train
184201,train
130990,train
194727,train
184660,train
176359,train
199033,train
192451,train
145460,train
185791,train
168338,train
177459,train
185232,train
189142,train
178025,train
199581,train
203125,train
219368,train
195288,train
187871,train
189831,train
133575,train
219510,train
211550,train
198537,train
201234,train
199339,train
212296,train
174361,train
220159,train
206766,train
129493,train
196892,train
120478,train
183993,train
182024,train
178396,train
199220,train
121540,train
179694,train
217938,train
206053,train
221302,train
177214,train
222337,train
102615,train
220325,train
226163,train
186401,train
190071,train
169355,train
188229,train
181498,train
206318,train
190681,train
179590,train
175320,train
204815,train
214872,train
202507,train
187433,train
199579,train
180927,train
182147,train
176858,train
186456,train
219731,train
205464,train
204781,train
223449,train
182836,train
199466,train
166875,train
220100,train
178731,train
176331,train
186906,train
199500,train
226021,train
177436,train
211356,train
188507,train
223241,train
208406,train
176213,train
225550,train
209892,train
225996,train
171988,train
184695,train
191969,train
183264,train
179871,train
176969,train
203650,train
197611,train
222777,train
184791,train
201891,train
126146,train
201678,train
225945,train
183393,train
192276,train
191305,train
218953,train
198785,train
127152,train
204554,train
180857,train
125619,train
221144,train
198367,train
180371,train
224254,train
138506,train
174070,train
120338,train
185285,train
140021,train
102040,train
145374,train
176798,train
207497,train
186274,train
224499,train
206831,train
202820,train
173388,train
176084,train
178510,train
183599,train
176433,train
214693,train
200356,train
187832,train
179139,train
184838,train
197398,train
225122,train
188701,train
120373,train
182715,train
182504,train
219598,train
180471,train
169157,train
198544,train
181232,train
182334,train
188804,train
202130,train
139598,train
180505,train
194670,train
125848,train
196973,train
203268,train
183147,train
187404,train
191592,train
180106,train
179344,train
192880,train
221584,train
202046,train
176416,train
180978,train
184213,train
196824,train
177202,train
194093,train
223367,train
222501,train
130976,train
205830,train
173774,train
184638,train
211858,train
198181,train
182531,train
221961,train
180427,train
223536,train
227647,train
218362,train
173176,train
178756,train
193916,train
182057,train
199998,train
214351,train
170180,train
215450,train
185186,train
181421,train
181491,train
133684,train
127712,train
196659,train
188150,train
196919,train
169089,train
186806,train
203625,train
195504,train
174815,train
178703,train
176275,train
212362,train
223680,train
179104,train
186020,train
185233,train
198762,train
191687,train
178625,train
173746,train
124882,train
176734,train
177373,train
171758,train
206539,train
172000,train
198509,train
184912,train
196266,train
198709,train
184448,train
184684,train
176655,train
197695,train
183073,train
223661,train
185263,train
198443,train
194106,train
218731,train
185169,train
187031,train
173782,train
215964,train
128896,train
203283,train
188126,train
172514,train
221815,train
120008,train
219453,train
180557,train
181164,train
199412,train
213482,train
227238,train
180713,train
183850,train
207880,train
181401,train
225143,train
206394,train
188895,train
193573,train
172759,train
200973,train
124493,train
192727,train
203217,train
140011,train
137409,train
186364,train
203329,train
195965,train
133702,train
219248,train
222555,train
197031,train
201985,train
221226,train
188406,train
195067,train
121642,train
225815,train
187406,train
168141,train
189998,train
208097,train
200646,train
181532,train
208790,train
219178,train
123365,train
179940,train
183090,train
196718,train
171868,train
171106,train
207945,train
197994,train
219456,train
131276,train
215746,train
227010,train
192629,train
222426,train
222556,train
178584,train
173321,train
168536,train
180729,train
187877,train
180680,train
165983,train
138568,train
201359,train
190211,train
175008,train
210717,train
203296,train
175955,train
219162,train
101703,train
206547,train
210587,train
222999,train
174014,train
200486,train
168558,train
196100,train
223795,train
164901,train
185337,train
174519,train
219246,train
153153,train
177351,train
226765,train
227002,train
195094,train
220903,train
177870,train
220330,train
200228,train
177272,train
168218,train
185503,train
207218,train
193088,train
117936,train
208176,train
196857,train
218549,train
199377,train
205732,train
172603,train
182604,train
199535,train
197905,train
198717,train
176153,train
146467,train
182526,train
221533,train
205993,train
169116,train
191312,train
193287,train
181318,train
152064,train
189053,train
186843,train
201451,train
142382,train
193878,train
120331,train
178980,train
225089,train
223946,train
225843,train
215240,train
200566,train
178655,train
122885,train
181433,train
168171,train
125581,train
224029,train
203052,train
218441,train
187236,train
187825,train
181032,train
174086,train
218472,train
178557,train
193597,train
193692,train
227462,train
219313,train
227827,train
207823,train
97280,train
190378,train
186424,train
125230,train
227555,train
180055,train
120744,train
189736,train
201269,train
222617,train
200568,train
201551,train
134358,train
181085,train
220967,train
183550,train
174768,train
195130,train
180735,train
184831,train
202176,train
227121,train
222491,train
182252,train
227547,train
219548,train
195096,train
180016,train
226328,train
181681,train
176046,train
121611,train
177433,train
169132,train
182637,train
222272,train
177583,train
193011,train
212481,train
150802,train
180992,train
201511,train
209676,train
185735,train
177232,train
184207,train
193669,train
223056,train
176430,train
184177,train
209639,train
175309,train
202449,train
195942,train
221072,train
218463,train
181901,train
134647,train
172769,train
206348,train
100315,train
172370,train
188976,train
197901,train
137098,train
204993,train
192890,train
199773,train
145373,train
202294,train
175745,train
193736,train
174463,train
211814,train
182989,train
96407,train
178477,train
174549,train
207461,train
175792,train
223639,train
204204,train
129278,train
224686,train
227660,train
213290,train
201907,train
199932,train
169149,train
150709,train
175892,train
180422,train
196822,train
192881,train
181678,train
183491,train
202670,train
194998,train
202082,train
193373,train
200087,train
182709,train
202455,train
197677,train
127568,train
176312,train
118430,train
178522,train
118618,train
187973,train
182372,train
167884,train
202282,train
180861,train
96440,train
222174,train
201418,train
184118,train
175414,train
139592,train
181064,train
223912,train
184294,train
225509,train
195756,train
171994,train
96956,train
212801,train
205637,train
206525,train
222084,train
224990,train
224493,train
178485,train
225302,train
176695,train
185675,train
148491,train
224151,train
221753,train
152982,train
220396,train
179754,train
187082,train
182714,train
222135,train
141633,train
172268,train
226326,train
183653,train
102269,train
224670,train
200416,train
224598,train
193620,train
177778,train
225037,train
222618,train
100560,train
189429,train
178964,train
186502,train
186519,train
202635,train
194888,train
177223,train
182878,train
203519,train
179473,train
211367,train
221551,train
187980,train
182075,train
187931,train
175725,train
177510,train
196954,train
212322,train
185297,train
218933,train
173107,train
136823,train
176236,train
190321,train
177580,train
175234,train
185304,train
212314,train
187073,train
227362,train
173941,train
143419,train
202802,train
175944,train
183231,train
179225,train
177888,train
125884,train
220908,train
220368,train
223941,train
175926,train
177017,train
214700,train
105690,train
183600,train
183371,train
191512,train
123436,train
175468,train
222400,train
179353,train
175074,train
185224,train
118637,train
176504,train
199140,train
183618,train
124637,train
173327,train
220528,train
183998,train
93654,train
189815,train
177684,train
200507,train
192411,train
193748,train
211118,train
200351,train
183081,train
180408,train
200595,train
173083,train
171400,train
171544,train
222779,train
223043,train
193407,train
183396,train
186273,train
176768,train
219508,train
192699,train
166936,train
174780,train
190928,train
199428,train
195187,train
166941,train
141152,train
211606,train
223522,train
177040,train
212706,train
129572,train
223046,train
203163,train
224923,train
204039,train
173466,train
196716,train
222455,train
197721,train
221956,train
183188,train
175884,train
220202,train
181214,train
223144,train
177500,train
178693,train
222969,train
193657,train
174903,train
193124,train
169970,train
175769,train
173453,train
177303,train
153072,train
198393,train
180665,train
225969,train
122984,train
199407,train
223678,train
196838,train
211443,train
225078,train
211230,train
188409,train
220192,train
123929,train
189782,train
192041,train
205013,train
169527,train
198362,train
128814,train
176707,train
195106,train
202003,train
120637,train
202733,train
223464,train
213120,train
180102,train
171146,train
219545,train
122183,train
184095,train
218935,train
183674,train
198420,train
212399,train
209207,train
213040,train
143942,train
214659,train
189494,train
171928,train
102041,train
206958,train
199626,train
220900,train
201464,train
172568,train
196475,train
226726,train
171902,train
183390,train
186466,train
186900,train
183908,train
176361,train
221507,train
182446,train
221546,train
205824,train
208777,train
211734,train
225081,train
204698,train
182583,train
194118,train
183655,train
220603,train
173287,train
189753,train
194206,train
181379,train
184315,train
122614,train
220206,train
225378,train
227488,train
219736,train
122766,train
141639,train
166008,train
197529,train
199450,train
177563,train
224497,train
166965,train
117896,train
221951,train
225841,train
223741,train
200499,train
180098,train
201261,train
209923,train
204783,train
181609,train
212535,train
222082,train
202005,train
175105,train
222091,train
189419,train
224913,train
188180,train
184003,train
167888,train
151989,train
199499,train
188439,train
219338,train
199321,train
177511,train
175042,train
217961,train
175469,train
206581,train
178647,train
211203,train
183689,train
171963,train
125821,train
180945,train
129854,train
184301,train
204809,train
130711,train
122143,train
226168,train
173200,train
177488,train
169821,train
189024,train
222393,train
226003,train
198799,train
204606,train
222423,train
205769,train
212469,train
172666,train
196693,train
193492,train
120896,train
145411,train
190324,train
211361,train
137903,train
140072,train
95451,train
178692,train
200526,train
201480,train
187387,train
188759,train
219687,train
184414,train
219384,train
203634,train
227372,train
179451,train
221020,train
166189,train
188535,train
189043,train
222599,train
149688,train
179155,train
168214,train
226821,train
203158,train
174804,train
178281,train
179146,train
201125,train
184098,train
183753,train
225842,train
175474,train
220298,train
180892,train
171985,train
176703,train
219630,train
226397,train
171751,train
143322,train
122043,train
215775,train
208235,train
177276,train
119726,train
218747,train
221141,train
184460,train
97400,train
216059,train
200802,train
137272,train
221968,train
218256,train
212302,train
184365,train
221326,train
186340,train
127585,train
171946,train
181672,train
123686,train
183626,train
166881,train
184394,train
101704,train
145321,train
182080,train
219412,train
209535,train
199663,train
180867,train
218751,train
173657,train
219570,train
222610,train
201334,train
182023,train
181402,train
179456,train
208032,train
220054,train
187104,train
203719,train
179524,train
177909,train
197965,train
179101,train
188438,train
185452,train
188111,train
92770,train
108768,train
178391,train
208701,train
192638,train
99841,train
206541,train
223729,train
217910,train
209932,train
193496,train
197069,train
173759,train
128839,train
144160,train
200935,train
221797,train
178565,train
181271,train
222495,train
176422,train
208410,train
173264,train
174033,train
194635,train
127564,train
195932,train
196850,train
204794,train
200258,train
205725,train
201246,train
176342,train
225840,train
104339,train
203275,train
219241,train
185567,train
196653,train
176724,train
185815,train
181227,train
167354,train
192500,train
175957,train
227025,train
204658,train
183447,train
211386,train
223173,train
145454,train
199443,train
134409,train
219414,train
194990,train
172752,train
179909,train
219059,train
169119,train
176779,train
180093,train
180931,train
186243,train
222643,train
146401,train
197550,train
223292,train
205497,train
199610,train
193217,train
205418,train
186867,train
189924,train
206465,train
198575,train
105395,train
170208,train
193571,train
205565,train
209674,train
202017,train
130001,train
197191,train
203678,train
194139,train
134649,train
175108,train
221909,train
183143,train
182982,train
199699,train
180482,train
179807,train
180449,train
169208,train
172979,train
122108,train
222961,train
190761,train
220468,train
190056,train
221126,train
183893,train
179990,train
214309,train
172632,train
185713,train
191925,train
196950,train
177461,train
188848,train
190781,train
226420,train
175342,train
174148,train
196580,train
219484,train
220450,train
174343,train
120560,train
125012,train
202369,train
192704,train
183408,train
180642,train
223369,train
165934,train
174403,train
175988,train
193791,train
101930,train
200613,train
210896,train
179864,train
182750,train
210339,train
223921,train
195119,train
180467,train
181157,train
227518,train
222932,train
172923,train
196575,train
184102,train
224275,train
184509,train
195245,train
198474,train
195159,train
175284,train
179548,train
184042,train
174807,train
173155,train
183680,train
99848,train
198412,train
181846,train
178776,train
194043,train
227530,train
118469,train
220839,train
183239,train
200884,train
224323,train
185852,train
197879,train
198816,train
179254,train
193368,train
183386,train
184026,train
224290,train
223218,train
176105,train
176640,train
197739,train
166913,train
209677,train
173755,train
214310,train
189767,train
188741,train
178857,train
179454,train
188167,train
183374,train
205583,train
182173,train
168173,train
203822,train
214717,train
186378,train
185841,train
193467,train
204865,train
214978,train
222884,train
216057,train
186823,train
200940,train
192627,train
199763,train
118725,train
226022,train
179563,train
174626,train
184878,train
152116,train
189833,train
174944,train
188012,train
200019,train
156777,train
202363,train
167351,train
93509,train
173303,train
220066,train
198455,train
186225,train
189369,train
183759,train
184495,train
210623,train
124792,train
177302,train
133703,train
224051,train
221785,train
225364,train
199228,train
201330,train
203154,train
109129,train
108732,train
186544,train
225865,train
123937,train
169808,train
182581,train
125887,train
135746,train
192574,train
184174,train
172582,train
203513,train
180845,train
180636,train
189011,train
147101,train
201348,train
123927,train
191306,train
227795,train
175465,train
176255,train
183064,train
193660,train
176300,train
203404,train
181161,train
180396,train
223949,train
172356,train
170978,train
121033,train
212658,train
227520,train
125676,train
221093,train
176223,train
200479,train
187837,train
181029,train
184173,train
214952,train
191619,train
206848,train
189534,train
171680,train
96369,train
179740,train
219459,train
227835,train
200942,train
203101,train
220102,train
222131,train
203712,train
122101,train
178639,train
178579,train
184175,train
202104,train
218995,train
183895,train
177002,train
188525,train
183691,train
167307,train
224236,train
181770,train
192331,train
222558,train
207912,train
180615,train
176160,train
182584,train
212449,train
122282,train
193410,train
214690,train
174044,train
182838,train
180794,train
185403,train
223055,train
86324,train
208687,train
176179,train
220565,train
206682,train
212081,train
176963,train
190654,train
176902,train
197265,train
220875,train
175603,train
189307,train
188573,train
200128,train
228213,train
189851,train
170394,train
201906,train
202084,train
125419,train
120584,train
179887,train
192799,train
207116,train
227107,train
224345,train
96368,train
193271,train
174766,train
181067,train
184136,train
186280,train
206573,train
215055,train
198515,train
166198,train
189575,train
201325,train
192097,train
193540,train
176038,train
197114,train
174809,train
202814,train
188034,train
179025,train
174569,train
210574,train
222221,train
175306,train
200915,train
223754,train
203130,train
223239,train
221104,train
194910,train
221201,train
181527,train
145639,train
183210,train
227686,train
227342,train
222831,train
213480,train
187108,train
205391,train
218379,train
185443,train
176576,train
222783,train
144434,train
129758,train
180100,train
188429,train
222623,train
181182,train
184555,train
174431,train
182511,train
172668,train
177493,train
202815,train
192631,train
188718,train
208174,train
190573,train
212493,train
187933,train
180705,train
126734,train
178610,train
149332,train
221220,train
191230,train
208709,train
191695,train
227104,train
186017,train
179237,train
175419,train
184227,train
224523,train
122613,train
180743,train
195286,train
194977,train
223593,train
206738,train
187932,train
122792,train
186449,train
205905,train
224273,train
199622,train
177636,train
190585,train
223197,train
188222,train
92717,train
126008,train
125811,train
187518,train
120748,train
137306,train
175915,train
200989,train
105340,train
206677,train
225536,train
218824,train
205442,train
175959,train
193680,train
181974,train
209708,train
221884,train
185716,train
185162,train
174584,train
219357,train
176369,train
184748,train
199454,train
223809,train
124317,train
197333,train
221334,train
203147,train
193621,train
219649,train
183917,train
175054,train
194251,train
151596,train
221492,train
183012,train
186986,train
218909,train
176761,train
203823,train
180501,train
118604,train
173548,train
206513,train
179617,train
219537,train
121543,train
187783,train
224603,train
205427,train
201987,train
175227,train
185435,train
207572,train
202050,train
183894,train
182756,train
189093,train
192401,train
196472,train
221780,train
202018,train
223697,train
180756,train
180697,train
119821,train
200631,train
198197,train
198180,train
174870,train
181148,train
201279,train
175733,train
176382,train
220981,train
168495,train
137300,train
172825,train
221893,train
182046,train
208172,train
221485,train
138024,train
186433,train
212718,train
191927,train
203666,train
195790,train
122184,train
171754,train
219028,train
204799,train
179367,train
208918,train
144217,train
177222,train
210249,train
199655,train
137331,train
92710,train
197344,train
184653,train
198878,train
182662,train
189792,train
123440,train
184683,train
204700,train
222731,train
178630,train
222429,train
182603,train
218462,train
183989,train
184041,train
223648,train
188158,train
180965,train
196122,train
173942,train
176276,train
185608,train
227260,train
181870,train
197180,train
179356,train
127910,train
182579,train
122113,train
210391,train
178993,train
174067,train
176621,train
173132,train
180793,train
223205,train
199362,train
212678,train
121928,train
205324,train
177726,train
194130,train
186422,train
225557,train
208091,train
182377,train
208359,train
205665,train
205585,train
220070,train
208415,train
176091,train
183699,train
125732,train
218938,train
175285,train
181751,train
119334,train
180362,train
172967,train
220432,train
206753,train
123627,train
222940,train
193350,train
219819,train
208233,train
199265,train
176826,train
123286,train
222982,train
178934,train
220877,train
185570,train
207280,train
177589,train
203366,train
203467,train
221442,train
183150,train
193298,train
165992,train
202152,train
211801,train
219067,train
201162,train
226140,train
152142,train
213164,train
225657,train
168186,train
190139,train
200539,train
192790,train
199614,train
137142,train
214639,train
192730,train
179655,train
188408,train
197133,train
217384,train
171759,train
186785,train
179157,train
169258,train
127315,train
186054,train
182093,train
172380,train
227124,train
181782,train
176851,train
209292,train
172653,train
182251,train
212529,train
121624,train
192074,train
222030,train
173332,train
190077,train
173283,train
227445,train
223242,train
206335,train
198303,train
171575,train
221376,train
140067,train
198445,train
212220,train
174138,train
182766,train
221580,train
188841,train
177464,train
123367,train
179860,train
222036,train
217711,train
130575,train
195120,train
186450,train
200547,train
205740,train
141698,train
212467,train
125845,train
199725,train
172596,train
176233,train
206586,train
205382,train
185696,train
181100,train
216360,train
186383,train
180416,train
172607,train
217926,train
205394,train
211661,train
118560,train
190210,train
192275,train
185350,train
227694,train
188154,train
185386,train
224207,train
183639,train
175525,train
175928,train
192053,train
96953,train
187564,train
221567,train
179778,train
191065,train
226014,train
192766,train
189489,train
165981,train
203576,train
208341,train
165988,train
178566,train
197120,train
191011,train
184798,train
220440,train
171563,train
98073,train
188646,train
227559,train
209937,train
183087,train
183892,train
146458,train
187052,train
218431,train
222360,train
170226,train
176793,train
183444,train
223617,train
203689,train
191930,train
226097,train
202038,train
172143,train
182699,train
185351,train
176711,train
209863,train
217963,train
195133,train
173084,train
221480,train
203565,train
174143,train
206496,train
187771,train
93599,train
181348,train
135900,train
184406,train
125672,train
190245,train
192594,train
174951,train
196878,train
138170,train
122618,train
137408,train
223880,train
180930,train
220558,train
220532,train
181854,train
224971,train
195144,train
177238,train
185984,train
197634,train
182107,train
196796,train
225007,train
167729,train
205935,train
183227,train
178521,train
198518,train
221799,train
188842,train
183479,train
201772,train
221583,train
212596,train
197002,train
180143,train
225306,train
221527,train
188703,train
187479,train
173194,train
177368,train
205731,train
185504,train
201498,train
198470,train
200625,train
124159,train
199781,train
192289,train
176590,train
195015,train
169025,train
205189,train
178873,train
189780,train
201468,train
119365,train
224000,train
172417,train
212465,train
224884,train
178493,train
184156,train
195796,train
201403,train
170812,train
176191,train
128761,train
200916,train
186469,train
174429,train
193628,train
208550,train
183300,train
172857,train
202185,train
217836,train
202067,train
227374,train
181826,train
190843,train
176871,train
200133,train
224003,train
201355,train
122261,train
122044,train
175200,train
222873,train
176141,train
199177,train
179660,train
211793,train
183123,train
222541,train
190043,train
130649,train
194991,train
188785,train
173141,train
187268,train
209145,train
148037,train
192321,train
139921,train
189259,train
197401,train
221672,train
169371,train
222601,train
205134,train
212076,train
92796,train
181119,train
184925,train
185771,train
219415,train
187756,train
178825,train
183442,train
179687,train
194697,train
224682,train
178558,train
188001,train
194674,train
179361,train
172428,train
179800,train
184485,train
185380,train
194088,train
201683,train
203416,train
224182,train
180321,train
219544,train
119519,train
201800,train
200615,train
108823,train
205413,train
186930,train
187509,train
175222,train
223528,train
181546,train
188962,train
172938,train
198587,train
198757,train
213299,train
177420,train
180085,train
120993,train
219843,train
221747,train
216866,train
185819,train
143483,train
206233,train
186023,train
223419,train
215748,train
227522,train
207103,train
173825,train
219435,train
221709,train
175869,train
227735,train
120344,train
194500,train
202004,train
180533,train
193360,train
218915,train
179073,train
195298,train
195181,train
186451,train
184916,train
222016,train
200212,train
186933,train
187377,train
200195,train
169126,train
173113,train
187019,train
200495,train
214701,train
199754,train
227804,train
183522,train
182496,train
179145,train
126216,train
219483,train
182964,train
199644,train
198578,train
180704,train
124335,train
142865,train
203558,train
184305,train
177152,train
189775,train
197923,train
192770,train
212403,train
219519,train
134335,train
193989,train
221540,train
193441,train
209644,train
188169,train
176911,train
170782,train
124963,train
194983,train
197193,train
197526,train
175883,train
186478,train
198000,train
219582,train
215774,train
181279,train
223624,train
188156,train
221902,train
198448,train
118426,train
196520,train
218095,train
176876,train
192802,train
200755,train
179844,train
203393,train
175433,train
167713,train
171934,train
125424,train
173508,train
187665,train
194134,train
218912,train
194907,train
177670,train
125460,train
200015,train
177719,train
205462,train
133687,train
127547,train
187016,train
181361,train
185787,train
222845,train
183859,train
185871,train
177244,train
126105,train
153518,train
195285,train
175004,train
176088,train
221304,train
180768,train
176458,train
173391,train
131130,train
127997,train
191298,train
219022,train
224672,train
118537,train
172610,train
209870,train
131143,train
173002,train
222490,train
184586,train
185691,train
190045,train
217828,train
92759,train
187507,train
220104,train
167726,train
174881,train
217683,train
214361,train
190531,train
222144,train
137031,train
221147,train
175763,train
150757,train
193911,train
123275,train
220036,train
203573,train
220083,train
182076,train
227671,train
210652,train
199504,train
220027,train
125491,train
181555,train
222614,train
195239,train
181907,train
190749,train
170445,train
195856,train
181190,train
202401,train
175949,train
202205,train
137093,train
168187,train
195794,train
138138,train
211452,train
202515,train
186550,train
200147,train
221850,train
222197,train
199933,train
201679,train
214641,train
93519,train
214738,train
173894,train
193524,train
201576,train
209640,train
223113,train
172933,train
189177,train
225141,train
202482,train
93682,train
181451,train
200077,train
134727,train
195781,train
202859,train
173676,train
219559,train
208693,train
96831,train
103644,train
206728,train
195315,train
179425,train
203382,train
187714,train
227499,train
197708,train
196579,train
193846,train
178929,train
178889,train
211835,train
211441,train
175411,train
119755,train
118578,train
206773,train
173814,train
171901,train
171111,train
118406,train
182867,train
130480,train
218726,train
184825,train
207263,train
137414,train
194724,train
93783,train
169128,train
186405,train
127328,train
79656,train
207270,train
221868,train
211251,train
225661,train
140023,train
197673,train
204050,train
173183,train
121619,train
202732,train
173259,train
190742,train
204545,train
201942,train
199599,train
189126,train
120457,train
202407,train
200716,train
196550,train
193977,train
199367,train
181710,train
186025,train
203308,train
176529,train
166961,train
183592,train
196907,train
187029,train
145391,train
201015,train
203387,train
168130,train
137412,train
205774,train
181024,train
171526,train
168160,train
174354,train
173907,train
145380,train
200885,train
172864,train
129289,train
118685,train
123497,train
193921,train
195567,train
223993,train
199482,train
117862,train
120565,train
222960,train
206368,train
179348,train
184966,train
175868,train
222097,train
186657,train
92768,train
172538,train
172593,train
179432,train
177515,train
205049,train
143172,train
196081,train
207174,train
125501,train
119354,train
207801,train
176014,train
175351,train
224359,train
172014,train
183498,train
182431,train
211237,train
208664,train
189798,train
211799,train
187908,train
219538,train
193981,train
119690,train
196568,train
221826,train
189297,train
167717,train
121365,train
183656,train
197011,train
181862,train
175674,train
200534,train
179615,train
205056,train
212726,train
209942,train
183580,train
181600,train
184054,train
130997,train
198216,train
197272,train
214444,train
181039,train
169224,train
206321,train
171954,train
174792,train
122042,train
196247,train
167879,train
220225,train
187106,train
215009,train
176298,train
183509,train
198434,train
174049,train
224533,train
130558,train
173680,train
200477,train
125418,train
148328,train
131137,train
200912,train
174045,train
183903,train
193661,train
127326,train
222015,train
200108,train
192417,train
183557,train
192760,train
222874,train
101908,train
189045,train
182268,train
224657,train
198692,train
168580,train
188885,train
175652,train
222435,train
223748,train
187043,train
189052,train
174555,train
191995,train
218212,train
176683,train
205375,train
117952,train
177832,train
180573,train
188298,train
190318,train
125882,train
195314,train
216664,train
189813,train
220131,train
219542,train
185277,train
227220,train
173562,train
198586,train
194160,train
218481,train
172984,train
222880,train
204633,train
180609,train
173880,train
186382,train
93670,train
145759,train
173587,train
137260,train
179758,train
177928,train
118630,train
193459,train
181356,train
203256,train
203597,train
204782,train
182711,train
190589,train
216556,train
191620,train
220321,train
179386,train
124235,train
201313,train
209151,train
224368,train
126334,train
184883,train
209908,train
176047,train
197949,train
123671,train
184948,train
125582,train
223422,train
185208,train
205596,train
185185,train
214753,train
206153,train
223858,train
176183,train
174869,train
120460,train
183987,train
205197,train
182041,train
177425,train
218264,train
181123,train
179071,train
200107,train
208661,train
203123,train
185497,train
196512,train
221650,train
198375,train
170301,train
168175,train
201205,train
211641,train
220594,train
175721,train
129898,train
184580,train
177854,train
200442,train
187044,train
184759,train
195122,train
193355,train
120151,train
134970,train
208029,train
186059,train
212225,train
175782,train
181863,train
172597,train
203632,train
181975,train
176020,train
181603,train
171519,train
206676,train
225848,train
182407,train
206454,train
172675,train
179645,train
220574,train
217466,train
192819,train
202164,train
227252,train
185211,train
202172,train
221838,train
80510,train
188217,train
220540,train
197837,train
171996,train
180513,train
184879,train
222529,train
193601,train
186324,train
196967,train
209907,train
218977,train
166289,train
118475,train
176548,train
184363,train
171580,train
199018,train
205933,train
183194,train
225177,train
122061,train
219583,train
198980,train
207719,train
194252,train
172473,train
192643,train
146475,train
198797,train
124336,train
181767,train
173140,train
224515,train
199471,train
179865,train
210819,train
175799,train
223778,train
227886,train
133662,train
201024,train
123868,train
176526,train
219645,train
122939,train
128065,train
188739,train
154842,train
180012,train
185731,train
206268,train
174624,train
222754,train
177564,train
180585,train
223411,train
212183,train
202410,train
127335,train
122657,train
131140,train
201479,train
178403,train
123366,train
205867,train
181956,train
119759,train
221050,train
197357,train
180466,train
206809,train
214352,train
201189,train
227175,train
174787,train
185796,train
186387,train
119553,train
137332,train
190773,train
201140,train
124964,train
181074,train
221278,train
213229,train
167319,train
176847,train
186949,train
183182,train
175670,train
204708,train
200563,train
185241,train
221962,train
185995,train
130488,train
195024,train
178877,train
176385,train
125006,train
189579,train
172325,train
92729,train
206195,train
214694,train
195925,train
134311,train
185887,train
187842,train
180522,train
198377,train
185340,train
174921,train
119404,train
208366,train
179439,train
197720,train
133602,train
222504,train
211385,train
205491,train
170192,train
176665,train
184633,train
192052,train
213481,train
195005,train
183611,train
137678,train
204978,train
183641,train
157443,train
223984,train
223640,train
177651,train
196242,train
225864,train
179945,train
222280,train
180605,train
191805,train
175260,train
200516,train
173052,train
205363,train
188236,train
184583,train
222000,train
176044,train
218973,train
118742,train
179685,train
180685,train
189427,train
217716,train
227566,train
171969,train
219594,train
203269,train
207180,train
221475,train
175417,train
174606,train
177817,train
203442,train
217755,train
184934,train
92767,train
202010,train
198465,train
222773,train
177554,train
195630,train
186257,train
169568,train
196604,train
130118,train
185847,train
183230,train
220114,train
177521,train
179347,train
193679,train
169233,train
136956,train
89156,train
173451,train
137028,train
222043,train
185002,train
221423,train
181715,train
196233,train
223618,train
201312,train
180808,train
223435,train
175151,train
187868,train
172069,train
204879,train
185659,train
140114,train
192325,train
184356,train
187598,train
200229,train
211368,train
222942,train
221049,train
186645,train
176617,train
220625,train
219429,train
185488,train
207272,train
201523,train
152986,train
227857,train
172430,train
174761,train
221482,train
187884,train
173870,train
137859,train
185480,train
133617,train
184494,train
142505,train
176774,train
185784,train
126910,train
179789,train
177277,train
193519,train
134971,train
183741,train
196883,train
182638,train
188060,train
169024,train
223650,train
173013,train
181061,train
221929,train
222171,train
207459,train
180172,train
197336,train
201295,train
154292,train
193596,train
119662,train
187402,train
198795,train
201776,train
206052,train
125427,train
118667,train
199608,train
180316,train
181395,train
199509,train
172587,train
176614,train
192455,train
224495,train
178958,train
187765,train
222720,train
153147,train
179730,train
176144,train
186022,train
211136,train
120336,train
210697,train
209542,train
222353,train
192512,train
173703,train
183148,train
170943,train
220424,train
168789,train
208663,train
186964,train
221532,train
211207,train
223166,train
192602,train
178710,train
198207,train
181365,train
184643,train
197128,train
179421,train
221934,train
227263,train
200554,train
211804,train
195819,train
220139,train
179009,train
180444,train
176309,train
204701,train
183678,train
199995,train
220633,train
204604,train
184608,train
187907,train
222073,train
180870,train
221889,train
184310,train
186991,train
228044,train
176305,train
134563,train
92398,train
211428,train
202797,train
210779,train
190587,train
201251,train
145113,train
196834,train
220699,train
221711,train
200144,train
223519,train
188103,train
196384,train
192012,train
184471,train
174536,train
123271,train
174816,train
195016,train
182420,train
137261,train
125503,train
75316,train
188003,train
176785,train
188522,train
176076,train
214619,train
224547,train
202356,train
221176,train
188834,train
222017,train
118710,train
181099,train
180632,train
211415,train
125547,train
185011,train
211659,train
184268,train
198500,train
184343,train
121847,train
221089,train
203826,train
195320,train
174029,train
120288,train
183909,train
204073,train
178449,train
180001,train
203165,train
124237,train
190352,train
224260,train
201620,train
184886,train
205416,train
202060,train
201956,train
118778,train
191087,train
179407,train
201557,train
205470,train
226388,train
126079,train
185707,train
171987,train
130570,train
205296,train
122132,train
221285,train
221019,train
227607,train
120362,train
184277,train
180011,train
206631,train
183382,train
176221,train
176261,train
126159,train
176165,train
191996,train
184940,train
181224,train
222127,train
183133,train
177271,train
128816,train
199876,train
217824,train
124802,train
179062,train
223053,train
189221,train
193398,train
227455,train
185103,train
193539,train
172910,train
179897,train
175263,train
219636,train
226000,train
219824,train
181683,train
133624,train
194067,train
219599,train
228009,train
188900,train
211451,train
220692,train
98085,train
205392,train
186444,train
139873,train
203417,train
198751,train
184802,train
203276,train
181711,train
168483,train
191483,train
183388,train
173439,train
188364,train
201522,train
219461,train
182142,train
204776,train
169110,train
137032,train
123382,train
218610,train
197142,train
136177,train
203859,train
138126,train
199258,train
170685,train
186447,train
123182,train
220583,train
181519,train
225028,train
182104,train
198473,train
177728,train
173039,train
200093,train
183341,train
188757,train
221438,train
93655,train
199787,train
211643,train
221668,train
212306,train
212619,train
168162,train
205720,train
210260,train
190677,train
166957,train
200852,train
186298,train
207453,train
175081,train
175871,train
222146,train
221378,train
190370,train
184357,train
223737,train
188715,train
175623,train
201574,train
209702,train
174829,train
222827,train
172446,train
186282,train
125984,train
180709,train
130077,train
214616,train
191727,train
219001,train
178819,train
224659,train
192252,train
200974,train
222709,train
223062,train
222321,train
176032,train
201964,train
176618,train
185291,train
186385,train
178748,train
177468,train
193920,train
188536,train
178161,train
198691,train
222330,train
181623,train
187405,train
226772,train
117920,train
224011,train
199561,train
138174,train
225541,train
210702,train
199595,train
196523,train
200084,train
188422,train
225939,train
205005,train
206580,train
211970,train
183088,train
176281,train
188545,train
183383,train
125163,train
178467,train
182565,train
120947,train
219534,train
202272,train
193498,train
189421,train
194528,train
172109,train
184359,train
213217,train
193580,train
220550,train
212461,train
201738,train
181644,train
181521,train
167303,train
182426,train
176796,train
185298,train
180770,train
224912,train
184341,train
124648,train
202514,train
186090,train
173326,train
180623,train
181888,train
219439,train
184780,train
212378,train
133610,train
199970,train
189190,train
219522,train
203748,train
184721,train
220161,train
202286,train
206947,train
167881,train
176850,train
207347,train
144732,train
173792,train
187259,train
200638,train
218667,train
222200,train
222361,train
209678,train
221757,train
207689,train
183988,train
209475,train
178697,train
194930,train
182436,train
221657,train
193648,train
191265,train
176456,train
125846,train
221103,train
223468,train
185131,train
184813,train
176864,train
167895,train
209274,train
221989,train
208624,train
221713,train
173296,train
189890,train
147917,train
189257,train
181222,train
183648,train
193007,train
175310,train
223424,train
191234,train
181574,train
182873,train
185599,train
127579,train
197892,train
203259,train
127092,train
188893,train
199264,train
223149,train
124955,train
181503,train
200977,train
137380,train
179802,train
202163,train
227028,train
200620,train
179465,train
219656,train
181160,train
126088,train
175421,train
221382,train
175102,train
191159,train
182259,train
184747,train
200127,train
223853,train
187988,train
96404,train
152083,train
211348,train
146395,train
198400,train
212174,train
175478,train
174843,train
222838,train
179118,train
199266,train
183652,train
186098,train
219830,train
195111,train
190807,train
172600,train
200359,train
121727,train
188476,train
209071,train
180459,train
192394,train
180841,train
197458,train
170612,train
205577,train
208189,train
225361,train
184642,train
132449,train
183528,train
220219,train
168138,train
172917,train
223619,train
125498,train
180517,train
176820,train
172906,train
119525,train
176580,train
222549,train
206585,train
195043,train
185035,train
196990,train
179536,train
194266,train
188880,train
211250,train
224158,train
200715,train
200007,train
189278,train
200139,train
180094,train
199322,train
92801,train
228154,train
221070,train
188615,train
180446,train
190800,train
222053,train
182477,train
150299,train
181143,train
173023,train
221059,train
178928,train
220665,train
185363,train
124338,train
200171,train
175318,train
200024,train
223643,train
173873,train
223840,train
172366,train
176338,train
188809,train
199928,train
190332,train
128809,train
201350,train
174330,train
130795,train
93578,train
224687,train
92804,train
226315,train
219777,train
227567,train
185201,train
125687,train
195736,train
188775,train
203546,train
222539,train
196740,train
130512,train
214618,train
186472,train
177586,train
221210,train
198812,train
127537,train
226159,train
186106,train
187057,train
131280,train
172884,train
227290,train
179107,train
196109,train
183615,train
193538,train
173718,train
144209,train
187109,train
200029,train
185179,train
182769,train
183330,train
221765,train
191500,train
137330,train
194082,train
169138,train
223657,train
176638,train
166916,train
181575,train
166830,train
185172,train
122882,train
219549,train
222752,train
183965,train
131121,train
227267,train
133649,train
196816,train
188139,train
182876,train
120880,train
184318,train
182664,train
131134,train
221371,train
227274,train
186990,train
224269,train
183650,train
219161,train
181184,train
199586,train
207188,train
206192,train
174155,train
218439,train
176697,train
201369,train
176631,train
171989,train
24586,train
172831,train
89826,train
211132,train
198760,train
187927,train
121646,train
201349,train
186291,train
177682,train
226294,train
203533,train
179724,train
196800,train
174229,train
221171,train
172557,train
179980,train
194909,train
211275,train
124072,train
178856,train
132048,train
174418,train
219122,train
200562,train
175471,train
186123,train
182746,train
201466,train
133681,train
184165,train
221997,train
181642,train
125985,train
190457,train
184890,train
187791,train
183302,train
131144,train
176823,train
193879,train
223381,train
192182,train
144982,train
137267,train
90597,train
202357,train
179381,train
203227,train
182502,train
192303,train
221536,train
190246,train
183932,train
221159,train
221322,train
197345,train
193727,train
196469,train
180645,train
145432,train
185813,train
186065,train
125599,train
183628,train
221859,train
175561,train
182768,train
196665,train
205901,train
175085,train
193594,train
179923,train
180492,train
191616,train
172523,train
175426,train
197386,train
207530,train
211422,train
174072,train
130461,train
177285,train
205460,train
180572,train
180803,train
190328,train
223607,train
183062,train
208404,train
190588,train
175967,train
122825,train
181960,train
223314,train
193602,train
211649,train
122112,train
178820,train
185499,train
173374,train
224536,train
185692,train
209706,train
175169,train
206016,train
172495,train
223649,train
179933,train
173512,train
179164,train
187101,train
205623,train
183328,train
185288,train
120326,train
178604,train
220118,train
176181,train
169809,train
197521,train
199529,train
205465,train
196899,train
174672,train
186452,train
195018,train
211442,train
197924,train
185261,train
174415,train
201255,train
207348,train
187373,train
225080,train
189467,train
190206,train
171139,train
227523,train
174371,train
207940,train
169697,train
176119,train
172929,train
222724,train
210641,train
181815,train
173133,train
182068,train
205906,train
182021,train
176624,train
195123,train
172658,train
93514,train
171361,train
174577,train
175173,train
221549,train
205395,train
197116,train
195173,train
201212,train
204780,train
192797,train
222172,train
203668,train
199368,train
108783,train
204792,train
175378,train
227837,train
180958,train
191967,train
186954,train
200628,train
192782,train
176852,train
183415,train
212565,train
176043,train
200095,train
223021,train
219699,train
171539,train
92699,train
174714,train
178328,train
129280,train
177235,train
219165,train
223719,train
180576,train
200011,train
197882,train
222727,train
201588,train
126770,train
198370,train
198438,train
218737,train
210706,train
221311,train
227739,train
176057,train
197096,train
193607,train
133674,train
180393,train
221622,train
218968,train
169247,train
202975,train
209360,train
178578,train
202271,train
182379,train
206751,train
139065,train
189120,train
175584,train
221052,train
179932,train
220663,train
173361,train
209620,train
172480,train
184865,train
190784,train
126156,train
191144,train
225844,train
175942,train
203017,train
222970,train
223725,train
134426,train
183996,train
129421,train
179712,train
127909,train
182481,train
192809,train
227294,train
174060,train
205785,train
193460,train
226878,train
180974,train
179233,train
207467,train
198794,train
205689,train
186773,train
199468,train
175313,train
170956,train
209946,train
176825,train
187372,train
195162,train
193404,train
222140,train
190751,train
188419,train
178181,train
174414,train
201805,train
224066,train
223217,train
226739,train
174331,train
173171,train
227181,train
176968,train
200622,train
193221,train
179238,train
168939,train
188720,train
219446,train
180092,train
203564,train
182406,train
124883,train
210822,train
202102,train
180483,train
201555,train
180647,train
182744,train
176917,train
204668,train
204754,train
191591,train
122145,train
143317,train
227650,train
220456,train
145445,train
206482,train
203768,train
174328,train
223749,train
180765,train
179499,train
181223,train
171970,train
186971,train
215532,train
190845,train
176378,train
204755,train
195234,train
137304,train
181899,train
220134,train
222557,train
188798,train
188031,train
206401,train
227244,train
187760,train
182197,train
193735,train
181885,train
196717,train
141170,train
222443,train
181083,train
187286,train
227253,train
146278,train
172574,train
202412,train
102832,train
221708,train
180543,train
187697,train
222116,train
150309,train
211776,train
175466,train
221822,train
224067,train
190025,train
223412,train
177514,train
176996,train
209053,train
198655,train
220351,train
194728,train
227552,train
181097,train
182498,train
183074,train
176685,train
191929,train
184540,train
203523,train
178460,train
188818,train
175255,train
174337,train
221887,train
198463,train
175687,train
184321,train
193427,train
223718,train
187661,train
214349,train
224454,train
175542,train
193995,train
182599,train
188965,train
120459,train
192974,train
205511,train
227022,train
200481,train
206963,train
179790,train
203251,train
123166,train
196977,train
171527,train
221667,train
222178,train
188109,train
223838,train
181301,train
122890,train
138519,train
168135,train
171525,train
227208,train
222295,train
175527,train
176277,train
167870,train
175815,train
174905,train
180871,train
175001,train
204989,train
221967,train
208383,train
109482,train
202091,train
191126,train
222331,train
221642,train
179284,train
175757,train
204559,train
221803,train
201513,train
228048,train
182262,train
131562,train
125029,train
188908,train
183061,train
122632,train
186112,train
196890,train
222226,train
202457,train
177916,train
190939,train
205384,train
166919,train
139610,train
125617,train
118563,train
124996,train
137339,train
196269,train
227695,train
184192,train
194253,train
181759,train
220216,train
176848,train
177349,train
201948,train
194924,train
182739,train
182571,train
92718,train
193743,train
220348,train
176346,train
186799,train
192383,train
203197,train
202787,train
204071,train
184232,train
172934,train
121924,train
202061,train
122709,train
179614,train
196887,train
175061,train
149810,train
136523,train
187394,train
166215,train
214699,train
181373,train
219829,train
179915,train
200714,train
194158,train
222574,train
188157,train
137347,train
225454,train
226757,train
205883,train
188221,train
201443,train
203095,train
199686,train
202745,train
202955,train
203419,train
216561,train
209982,train
139977,train
176383,train
186018,train
220460,train
220310,train
181737,train
183456,train
214059,train
125040,train
178335,train
121040,train
202053,train
200264,train
176429,train
198539,train
194167,train
172324,train
227459,train
142685,train
177551,train
203561,train
205897,train
219841,train
204991,train
179379,train
174684,train
181243,train
182484,train
187881,train
92809,train
130702,train
199772,train
215769,train
222447,train
222987,train
177952,train
187960,train
200417,train
183966,train
145467,train
173610,train
187051,train
193341,train
191986,train
147466,train
125695,train
185389,train
203124,train
194126,train
181579,train
195034,train
174341,train
180109,train
137335,train
211384,train
216320,train
167901,train
182618,train
202043,train
125563,train
182669,train
183445,train
176198,train
185257,train
216031,train
119594,train
198609,train
225936,train
175762,train
187984,train
208381,train
173329,train
225295,train
137025,train
146489,train
171844,train
198705,train
177239,train
185850,train
187942,train
205399,train
118407,train
221870,train
118736,train
186825,train
177535,train
209987,train
203100,train
187847,train
122996,train
186899,train
184700,train
178373,train
197856,train
176887,train
225551,train
196107,train
172608,train
168809,train
196441,train
208188,train
179547,train
172205,train
200565,train
126014,train
222009,train
181928,train
191923,train
186959,train
203127,train
184292,train
207214,train
195760,train
188827,train
219097,train
198803,train
221366,train
184452,train
188663,train
124352,train
125728,train
175458,train
173377,train
191294,train
172386,train
205566,train
133600,train
198730,train
190151,train
174740,train
176522,train
218552,train
201150,train
120788,train
173231,train
124952,train
224969,train
206530,train
194083,train
122610,train
179689,train
212969,train
203128,train
125994,train
181136,train
92676,train
198006,train
207090,train
205812,train
202451,train
198759,train
195089,train
201582,train
206334,train
183789,train
176645,train
194261,train
183684,train
173659,train
184204,train
182114,train
187688,train
188402,train
127674,train
222595,train
227273,train
218614,train
126901,train
192548,train
224213,train
224191,train
176356,train
228040,train
222656,train
188124,train
208633,train
220979,train
190936,train
168781,train
172813,train
171317,train
203477,train
191485,train
179937,train
203381,train
173285,train
222204,train
93808,train
184387,train
176644,train
182628,train
198779,train
154836,train
188805,train
208621,train
193561,train
196853,train
195219,train
131020,train
214696,train
178242,train
223695,train
183271,train
168652,train
190309,train
173524,train
224460,train
219528,train
227748,train
182590,train
189025,train
207560,train
226300,train
127569,train
171521,train
170478,train
173602,train
211645,train
186362,train
187246,train
198456,train
182777,train
184749,train
188806,train
207779,train
97279,train
195618,train
127528,train
227822,train
204791,train
176582,train
173389,train
195110,train
204083,train
221921,train
183240,train
185242,train
129862,train
186402,train
190269,train
200521,train
220918,train
226824,train
214454,train
132086,train
221880,train
180994,train
202179,train
199674,train
174619,train
208581,train
178562,train
193123,train
168975,train
190809,train
210567,train
225970,train
220388,train
203263,train
185415,train
207856,train
219444,train
199439,train
179129,train
227447,train
205876,train
121846,train
185839,train
173020,train
209266,train
181364,train
200641,train
145240,train
224280,train
127660,train
200925,train
194378,train
227008,train
190770,train
171572,train
120121,train
175015,train
137975,train
223221,train
151425,train
93516,train
175867,train
217743,train
187671,train
179043,train
128813,train
100572,train
186950,train
222390,train
190349,train
227400,train
224373,train
186363,train
222432,train
224662,train
194170,train
223998,train
209910,train
175650,train
218168,train
222482,train
181655,train
184052,train
212247,train
179893,train
128310,train
131045,train
137311,train
186453,train
191152,train
219060,train
173910,train
206400,train
175126,train
227270,train
178806,train
196848,train
187249,train
200549,train
210373,train
196867,train
171854,train
187395,train
220831,train
190808,train
191322,train
182320,train
146466,train
173711,train
190753,train
224469,train
218999,train
180752,train
180415,train
217369,train
181135,train
171980,train
185418,train
222208,train
200899,train
193616,train
182299,train
175348,train
192821,train
199269,train
192905,train
200868,train
224333,train
175062,train
179479,train
121551,train
200092,train
191588,train
194164,train
192625,train
196624,train
174721,train
182300,train
179012,train
143518,train
187813,train
220493,train
183941,train
204793,train
219492,train
126774,train
182073,train
198502,train
186301,train
224252,train
185229,train
172221,train
171775,train
184874,train
193000,train
192560,train
181325,train
176658,train
183091,train
125564,train
201837,train
176698,train
193453,train
193845,train
205489,train
190030,train
122309,train
205424,train
171615,train
194611,train
176830,train
223157,train
191386,train
126162,train
176147,train
223107,train
174063,train
188749,train
192374,train
172672,train
199940,train
211454,train
196917,train
223011,train
201320,train
145251,train
215787,train
179696,train
219525,train
184610,train
173392,train
217907,train
173240,train
140026,train
138675,train
221759,train
171410,train
223580,train
171082,train
125552,train
197103,train
173362,train
191691,train
203715,train
168678,train
125816,train
220610,train
176727,train
215966,train
174487,train
206544,train
196597,train
189050,train
227333,train
227292,train
192284,train
173021,train
182413,train
222147,train
176660,train
179920,train
180484,train
191558,train
182490,train
198615,train
148490,train
181054,train
211370,train
180469,train
227046,train
126040,train
221637,train
201206,train
175162,train
177818,train
198409,train
220294,train
179584,train
194722,train
182163,train
192774,train
222024,train
143425,train
182016,train
174687,train
185181,train
224338,train
219509,train
124959,train
197205,train
212060,train
126025,train
175667,train
182559,train
225253,train
145202,train
172861,train
196981,train
199505,train
222220,train
200448,train
180894,train
227395,train
223783,train
187858,train
127951,train
179022,train
121965,train
214967,train
172550,train
177730,train
219806,train
187114,train
189322,train
120473,train
177613,train
201415,train
166822,train
138143,train
210684,train
222079,train
193439,train
222840,train
211244,train
184844,train
199042,train
138671,train
198406,train
172763,train
177463,train
198753,train
127294,train
222489,train
133571,train
178949,train
198397,train
209450,train
178456,train
179060,train
172577,train
182017,train
197509,train
224027,train
220442,train
209692,train
184910,train
192789,train
219681,train
204980,train
200635,train
196723,train
205390,train
207928,train
190663,train
227535,train
180976,train
204924,train
176667,train
223879,train
200588,train
188711,train
130653,train
225528,train
181245,train
172745,train
174218,train
193020,train
199325,train
208022,train
209124,train
209859,train
223745,train
120298,train
180005,train
188710,train
198472,train
179817,train
168176,train
176067,train
206743,train
227035,train
219886,train
176491,train
200497,train
131138,train
168184,train
153006,train
179531,train
201188,train
172908,train
180802,train
208987,train
179090,train
180030,train
167401,train
121863,train
120388,train
203563,train
119314,train
224611,train
92681,train
199058,train
200858,train
224234,train
182141,train
198048,train
205552,train
181917,train
196084,train
184370,train
187762,train
226659,train
175265,train
227436,train
121027,train
221876,train
176066,train
200577,train
214724,train
105798,train
194177,train
187403,train
177294,train
185410,train
189492,train
200931,train
166905,train
185704,train
197909,train
188128,train
118676,train
179581,train
205879,train
138516,train
221158,train
144220,train
191615,train
202289,train
119342,train
193710,train
179069,train
142543,train
195048,train
184073,train
218769,train
188249,train
196737,train
182472,train
175948,train
196969,train
218070,train
223082,train
201506,train
127544,train
125535,train
194099,train
199783,train
179947,train
194851,train
176845,train
152993,train
105377,train
228150,train
174977,train
206339,train
171943,train
225977,train
197690,train
194044,train
110698,train
182486,train
213212,train
216566,train
200027,train
180112,train
212453,train
181723,train
190222,train
179602,train
225337,train
172494,train
173184,train
205593,train
185524,train
200170,train
142860,train
206516,train
184134,train
183977,train
219673,train
190757,train
222635,train
206327,train
227476,train
190154,train
193744,train
194091,train
190669,train
195184,train
181792,train
204872,train
186386,train
216342,train
191536,train
222395,train
177686,train
221531,train
186748,train
173560,train
187157,train
121528,train
191157,train
222014,train
173690,train
177297,train
217821,train
92705,train
175019,train
190155,train
187912,train
145259,train
185545,train
205723,train
208192,train
198585,train
219950,train
184709,train
176844,train
195100,train
193396,train
189371,train
226160,train
224642,train
212605,train
172966,train
118633,train
152106,train
206723,train
174935,train
166871,train
183563,train
126218,train
96026,train
221400,train
206960,train
220279,train
184905,train
136230,train
178730,train
183348,train
179288,train
207558,train
186957,train
184061,train
171543,train
220553,train
177756,train
219121,train
191959,train
199966,train
215242,train
181667,train
178295,train
178762,train
204864,train
174861,train
184209,train
200069,train
222033,train
203658,train
189706,train
219779,train
206619,train
220549,train
220457,train
201395,train
179575,train
173396,train
134650,train
193650,train
219890,train
203097,train
138176,train
223810,train
174625,train
178628,train
183985,train
214964,train
181946,train
221762,train
211182,train
222157,train
179053,train
184894,train
196955,train
223938,train
227747,train
190050,train
225892,train
185274,train
182254,train
195313,train
196812,train
223728,train
201448,train
227529,train
204713,train
189435,train
190219,train
131707,train
181922,train
222012,train
123010,train
212669,train
194669,train
200509,train
179698,train
182081,train
206493,train
197549,train
181697,train
178926,train
183873,train
218448,train
175258,train
179721,train
218467,train
226417,train
227359,train
201399,train
201903,train
176513,train
214304,train
178196,train
181766,train
179753,train
225858,train
211609,train
146473,train
181645,train
201207,train
173046,train
185138,train
178574,train
185555,train
198399,train
209309,train
221086,train
125422,train
100574,train
191491,train
173855,train
206737,train
222224,train
182113,train
172914,train
131570,train
173019,train
117846,train
180298,train
188502,train
188714,train
207057,train
136808,train
200929,train
197000,train
175442,train
201549,train
197280,train
143337,train
101939,train
211765,train
137508,train
133136,train
190149,train
212924,train
182611,train
180486,train
211985,train
178514,train
190927,train
176058,train
209537,train
180341,train
173446,train
225031,train
177732,train
201610,train
195114,train
184718,train
224626,train
222080,train
191804,train
178577,train
218996,train
187345,train
185802,train
181762,train
178826,train
209866,train
196584,train
185667,train
146412,train
181338,train
126299,train
120898,train
200528,train
178180,train
218904,train
220769,train
178858,train
167862,train
176832,train
187230,train
200076,train
220976,train
223387,train
224049,train
179001,train
210978,train
125540,train
122963,train
102617,train
173686,train
179020,train
121812,train
183525,train
174882,train
119240,train
219761,train
193745,train
174473,train
226714,train
183667,train
199624,train
218550,train
178773,train
199685,train
221244,train
221749,train
203223,train
180429,train
121558,train
123285,train
204075,train
195059,train
173149,train
205781,train
201297,train
185821,train
195044,train
227038,train
193547,train
165998,train
187339,train
181942,train
213661,train
173908,train
196930,train
167333,train
199152,train
224013,train
189036,train
190904,train
223238,train
197106,train
222038,train
179888,train
192678,train
100516,train
190767,train
186980,train
177503,train
226909,train
137263,train
179527,train
168972,train
180772,train
175002,train
208673,train
220827,train
223212,train
208558,train
172792,train
220285,train
212025,train
120931,train
205813,train
126004,train
204654,train
222902,train
124958,train
176853,train
221630,train
185672,train
186419,train
221300,train
222359,train
198805,train
193933,train
129290,train
196999,train
176271,train
178821,train
130477,train
218743,train
173148,train
200081,train
190153,train
189262,train
184150,train
202442,train
223525,train
195565,train
185825,train
189048,train
220704,train
179652,train
130994,train
193017,train
129875,train
224337,train
176234,train
123282,train
180209,train
205606,train
170177,train
119395,train
194716,train
147915,train
208736,train
227047,train
224187,train
179442,train
178490,train
222301,train
196086,train
183418,train
195093,train
219992,train
199649,train
184369,train
225944,train
188751,train
186756,train
211380,train
93572,train
172234,train
181058,train
221756,train
131122,train
186993,train
143318,train
205846,train
209629,train
219651,train
184096,train
223243,train
211508,train
201107,train
186834,train
225024,train
179670,train
206821,train
180378,train
218969,train
191303,train
185720,train
178971,train
222585,train
197275,train
180555,train
219568,train
178544,train
184967,train
178791,train
220354,train
193585,train
205631,train
196277,train
176166,train
180018,train
180886,train
193145,train
173563,train
219832,train
200141,train
105831,train
138049,train
205778,train
121353,train
220122,train
200132,train
186646,train
200867,train
171528,train
223973,train
207354,train
186033,train
222385,train
170591,train
186966,train
180509,train
193591,train
175507,train
192412,train
189312,train
196797,train
221851,train
193666,train
187811,train
219494,train
186894,train
181895,train
180372,train
222402,train
191525,train
223024,train
184926,train
218733,train
181077,train
207921,train
203399,train
166266,train
221016,train
131028,train
184011,train
142938,train
177268,train
176773,train
200433,train
225897,train
173786,train
166826,train
180910,train
218749,train
177024,train
182359,train
223153,train
222974,train
171763,train
142489,train
224228,train
187608,train
196897,train
181492,train
177249,train
170950,train
222597,train
203295,train
227551,train
212015,train
178808,train
195324,train
186327,train
199496,train
200937,train
169036,train
105017,train
195851,train
189028,train
173915,train
166969,train
137137,train
209939,train
138172,train
214435,train
212675,train
75241,train
191194,train
176736,train
172912,train
174547,train
207910,train
172241,train
223544,train
203639,train
178461,train
169757,train
223162,train
206130,train
105378,train
145954,train
186812,train
194855,train
205160,train
181804,train
223952,train
192121,train
183725,train
185373,train
191963,train
204547,train
200967,train
182825,train
197841,train
189311,train
130563,train
180137,train
200197,train
184431,train
172650,train
182814,train
200976,train
183379,train
121237,train
182478,train
211515,train
211527,train
172642,train
204692,train
217972,train
174853,train
129856,train
179019,train
222505,train
194645,train
196039,train
218397,train
222964,train
167880,train
201876,train
184784,train
189762,train
197505,train
201960,train
147918,train
203674,train
174637,train
126054,train
173935,train
190687,train
200740,train
227651,train
185506,train
195097,train
174427,train
180706,train
221102,train
175548,train
108647,train
225805,train
166884,train
168120,train
207519,train
205721,train
175048,train
181121,train
185548,train
176987,train
203389,train
176172,train
206020,train
126377,train
175476,train
222233,train
179870,train
219407,train
150306,train
173226,train
220296,train
151464,train
182546,train
189794,train
182117,train
176916,train
177828,train
191733,train
185700,train
174789,train
222325,train
193010,train
119353,train
226621,train
100013,train
177655,train
122628,train
222518,train
186890,train
223524,train
219027,train
138129,train
212549,train
204882,train
196123,train
189225,train
222628,train
201195,train
188201,train
194636,train
203151,train
197870,train
190741,train
181930,train
187107,train
192061,train
122142,train
178206,train
131274,train
177958,train
182535,train
177080,train
193400,train
212803,train
206484,train
207143,train
218378,train
136955,train
198237,train
180638,train
131390,train
128823,train
184787,train
190692,train
222748,train
175937,train
226296,train
117918,train
214980,train
199489,train
225109,train
178487,train
170408,train
222917,train
197562,train
173237,train
138581,train
225255,train
223253,train
171132,train
195108,train
171986,train
153000,train
226588,train
197999,train
185837,train
200591,train
184932,train
197088,train
178995,train
176709,train
200664,train
177516,train
179255,train
177799,train
174397,train
205840,train
222570,train
167725,train
201317,train
150903,train
193286,train
176024,train
176627,train
222817,train
179122,train
176981,train
172459,train
207718,train
202467,train
186116,train
158577,train
172765,train
222764,train
184043,train
195754,train
228175,train
172883,train
191527,train
222703,train
125492,train
200424,train
155388,train
173463,train
201455,train
214456,train
218451,train
222522,train
185878,train
184443,train
212113,train
208650,train
125495,train
185247,train
175569,train
200597,train
196515,train
175450,train
224414,train
125589,train
185180,train
227032,train
194739,train
212661,train
178397,train
183414,train
181508,train
187929,train
188195,train
220492,train
126737,train
118575,train
200490,train
219341,train
227737,train
189409,train
179099,train
176867,train
219351,train
134730,train
179883,train
201460,train
174866,train
177895,train
171840,train
182701,train
188752,train
225837,train
208552,train
195163,train
196647,train
143103,train
210658,train
182952,train
188073,train
212842,train
211836,train
220129,train
184712,train
190275,train
177649,train
201373,train
199572,train
223579,train
179111,train
181126,train
180792,train
178946,train
184814,train
174104,train
150922,train
222369,train
179475,train
211992,train
212575,train
176849,train
193202,train
227177,train
182367,train
204787,train
199777,train
225934,train
177322,train
194981,train
222005,train
183933,train
197071,train
123676,train
125807,train
178922,train
172561,train
193425,train
188397,train
180430,train
193554,train
179523,train
183395,train
121374,train
199769,train
227079,train
220262,train
135256,train
183669,train
176295,train
99597,train
201458,train
186439,train
130768,train
191611,train
198247,train
220140,train
207715,train
167329,train
225955,train
176499,train
181937,train
181959,train
118743,train
186318,train
221998,train
179628,train
184888,train
186489,train
211218,train
204657,train
206121,train
175607,train
220414,train
167893,train
218772,train
194619,train
173122,train
175059,train
227935,train
196245,train
178551,train
179918,train
137027,train
175317,train
181571,train
193590,train
205918,train
202047,train
182120,train
182742,train
172321,train
221995,train
134958,train
221385,train
201849,train
137268,train
150795,train
225066,train
199335,train
187348,train
145724,train
182673,train
203566,train
188043,train
223981,train
222319,train
149969,train
179458,train
199719,train
191717,train
197936,train
187063,train
182468,train
172374,train
205736,train
226593,train
224545,train
202792,train
183617,train
227246,train
186440,train
225862,train
173244,train
197137,train
197397,train
205686,train
217959,train
120385,train
177659,train
181211,train
183413,train
189811,train
194161,train
133580,train
192784,train
148271,train
96981,train
189865,train
183959,train
203405,train
187215,train
209975,train
174894,train
176629,train
209679,train
225085,train
185770,train
182089,train
197144,train
177582,train
121236,train
187175,train
187028,train
199101,train
176049,train
221811,train
176767,train
179350,train
185498,train
215057,train
176380,train
187412,train
218063,train
207913,train
181090,train
173862,train
220333,train
186269,train
179863,train
207687,train
225091,train
198437,train
181963,train
126791,train
174401,train
172922,train
204829,train
172447,train
214504,train
130988,train
209270,train
227791,train
198201,train
174969,train
183410,train
174675,train
122725,train
182306,train
204807,train
124015,train
174410,train
184647,train
182255,train
224175,train
221920,train
215599,train
194691,train
219589,train
123151,train
103653,train
126016,train
184200,train
174765,train
120282,train
214629,train
174127,train
226997,train
194077,train
207916,train
203506,train
180039,train
196705,train
224445,train
208228,train
199222,train
178617,train
219283,train
227200,train
191606,train
120198,train
122765,train
175990,train
222150,train
184170,train
211736,train
194917,train
185129,train
193807,train
222428,train
184433,train
199569,train
178872,train
181814,train
192579,train
174240,train
180487,train
92805,train
187341,train
227341,train
213640,train
207571,train
205468,train
131737,train
180503,train
184338,train
203603,train
208185,train
205621,train
174478,train
227078,train
129998,train
179135,train
217584,train
191526,train
169092,train
174978,train
169732,train
195751,train
137274,train
227334,train
175914,train
191553,train
223574,train
176437,train
200115,train
200599,train
202000,train
125554,train
174617,train
212654,train
193313,train
200892,train
176045,train
187087,train
184176,train
184116,train
199146,train
208569,train
209414,train
222481,train
193408,train
218781,train
182182,train
175560,train
149703,train
189051,train
189697,train
222963,train
174828,train
169756,train
199778,train
206897,train
206595,train
172486,train
166864,train
181127,train
187349,train
212021,train
178844,train
193837,train
227116,train
197219,train
218674,train
118642,train
186463,train
198183,train
131287,train
227344,train
169382,train
182513,train
188742,train
220132,train
150765,train
179342,train
178772,train
221225,train
120366,train
217586,train
178704,train
219662,train
178554,train
217180,train
196727,train
137456,train
193914,train
119598,train
176784,train
183598,train
221023,train
200196,train
222772,train
175876,train
136909,train
130798,train
205726,train
184920,train
169006,train
222027,train
178851,train
199936,train
196529,train
172660,train
184701,train
201258,train
214977,train
182040,train
208395,train
120856,train
211655,train
177566,train
216150,train
176005,train
197761,train
202902,train
199687,train
138101,train
122621,train
190583,train
221153,train
174150,train
179046,train
187368,train
199758,train
200167,train
187363,train
198594,train
142795,train
208392,train
171102,train
223957,train
187308,train
227186,train
199574,train
176586,train
168349,train
223710,train
187194,train
125815,train
179891,train
184063,train
211133,train
178114,train
190188,train
123270,train
178588,train
189850,train
206825,train
227788,train
213479,train
122041,train
224410,train
169304,train
130002,train
198946,train
189316,train
122760,train
218950,train
219558,train
193489,train
176241,train
147916,train
199704,train
174287,train
175282,train
176374,train
205765,train
207194,train
183514,train
181048,train
179023,train
222590,train
204714,train
225340,train
223188,train
200136,train
201321,train
173192,train
184978,train
181384,train
179206,train
125500,train
144570,train
221383,train
221392,train
186942,train
183969,train
205500,train
175078,train
174952,train
120986,train
190637,train
220359,train
122088,train
131021,train
193618,train
187113,train
200028,train
212883,train
182427,train
207919,train
121866,train
197084,train
189923,train
180846,train
206757,train
211525,train
220045,train
184076,train
184381,train
169136,train
221692,train
208338,train
188894,train
121537,train
168675,train
207804,train
184234,train
185476,train
93794,train
175742,train
188246,train
183260,train
177529,train
176450,train
205605,train
176283,train
180779,train
127310,train
123244,train
169800,train
219374,train
212470,train
185655,train
178616,train
177868,train
212053,train
201179,train
179476,train
183212,train
119671,train
145462,train
184572,train
184364,train
226724,train
183980,train
184969,train
218688,train
140029,train
126765,train
221947,train
219873,train
188424,train
184579,train
227275,train
219591,train
179268,train
172931,train
206845,train
211834,train
181606,train
180208,train
184071,train
186260,train
207465,train
201794,train
205048,train
184458,train
172869,train
133630,train
121239,train
190313,train
212215,train
222189,train
182060,train
222175,train
179763,train
122822,train
182539,train
169080,train
187867,train
172774,train
187148,train
180762,train
167172,train
177174,train
150327,train
206575,train
192037,train
183385,train
173043,train
176321,train
195798,train
203206,train
185690,train
203203,train
172194,train
194962,train
205182,train
180144,train
210157,train
179855,train
174425,train
202022,train
206746,train
182892,train
186796,train
125538,train
191786,train
191706,train
186992,train
174525,train
223432,train
196861,train
173201,train
119891,train
143373,train
189769,train
181242,train
226016,train
183677,train
177036,train
188404,train
174153,train
222083,train
201609,train
222271,train
219563,train
187084,train
218460,train
220562,train
178679,train
180342,train
185209,train
193107,train
218547,train
219096,train
176077,train
227540,train
227793,train
221280,train
152146,train
200619,train
177616,train
188637,train
177353,train
180412,train
184122,train
197353,train
221517,train
193165,train
197187,train
183558,train
187388,train
228153,train
120325,train
200865,train
177727,train
205076,train
145720,train
202731,train
184069,train
168710,train
176918,train
184082,train
186955,train
207106,train
181057,train
207455,train
226777,train
181106,train
183907,train
190740,train
176530,train
205882,train
200236,train
193848,train
201986,train
219767,train
186113,train
174865,train
219037,train
204717,train
203208,train
194612,train
223814,train
125888,train
177797,train
137983,train
187091,train
193659,train
121627,train
103375,train
198814,train
224222,train
183190,train
100585,train
172464,train
181554,train
176041,train
222700,train
218486,train
172107,train
193307,train
189996,train
208872,train
131031,train
184164,train
186549,train
168832,train
196928,train
197969,train
181235,train
173735,train
105654,train
203345,train
174863,train
140267,train
181167,train
177419,train
222668,train
121389,train
181252,train
222391,train
180613,train
213199,train
209624,train
175579,train
208242,train
175007,train
176001,train
222755,train
179016,train
174984,train
173672,train
196444,train
182302,train
201200,train
221521,train
172870,train
204613,train
204983,train
118460,train
184242,train
174834,train
223976,train
186947,train
194000,train
187353,train
172753,train
180184,train
210916,train
192596,train
221858,train
224459,train
196613,train
222616,train
189552,train
203838,train
219349,train
173390,train
183745,train
225546,train
125472,train
171110,train
200824,train
188415,train
203260,train
225372,train
186505,train
196664,train
202342,train
183569,train
127299,train
212250,train
220675,train
219114,train
189705,train
192319,train
220044,train
206853,train
181104,train
223534,train
184983,train
211440,train
217968,train
182548,train
177786,train
176350,train
125817,train
150798,train
140259,train
173939,train
196051,train
183693,train
183354,train
137382,train
220418,train
178084,train
222768,train
197076,train
214703,train
184933,train
189458,train
189602,train
175197,train
173167,train
226384,train
213608,train
185634,train
130780,train
198776,train
176676,train
204655,train
179018,train
200970,train
192564,train
187100,train
195828,train
200154,train
177883,train
169297,train
184219,train
127732,train
145325,train
189795,train
131567,train
220049,train
227127,train
220978,train
184935,train
190143,train
176686,train
176263,train
203166,train
176985,train
182547,train
190746,train
227120,train
118443,train
223923,train
125562,train
137095,train
202411,train
189002,train
179449,train
199149,train
145372,train
197518,train
202037,train
192399,train
210624,train
183085,train
214423,train
214706,train
120341,train
181858,train
220548,train
219529,train
221888,train
180766,train
201718,train
182188,train
181817,train
190285,train
171786,train
193456,train
173282,train
201143,train
179580,train
198454,train
183799,train
217186,train
192898,train
196704,train
201532,train
183507,train
199253,train
197601,train
183221,train
176363,train
178072,train
126347,train
181538,train
177638,train
199376,train
175107,train
182499,train
200071,train
221407,train
184808,train
171952,train
121538,train
179592,train
226810,train
175012,train
197136,train
222638,train
176883,train
183093,train
206636,train
204785,train
178593,train
172676,train
224588,train
194588,train
189585,train
199984,train
200514,train
125548,train
200914,train
227782,train
202888,train
173433,train
173876,train
203895,train
175039,train
182516,train
186814,train
125468,train
194068,train
175653,train
222199,train
219796,train
92707,train
190159,train
184506,train
222219,train
185612,train
181028,train
93567,train
181317,train
227276,train
201309,train
174262,train
202202,train
211233,train
194940,train
175028,train
135792,train
199727,train
213474,train
206572,train
183340,train
183586,train
168439,train
199511,train
175293,train
173014,train
219385,train
227271,train
175467,train
167672,train
174265,train
142849,train
221960,train
190047,train
189569,train
183535,train
180689,train
130487,train
201580,train
225258,train
172747,train
121970,train
205581,train
155761,train
183582,train
210820,train
189843,train
168192,train
223599,train
185178,train
212668,train
179431,train
194718,train
225292,train
181056,train
175035,train
182680,train
200091,train
171752,train
214739,train
186461,train
145317,train
196495,train
172454,train
201402,train
200552,train
178394,train
176610,train
142605,train
120316,train
174950,train
189830,train
166813,train
211571,train
219554,train
193409,train
185187,train
180442,train
179044,train
183322,train
206957,train
180066,train
169175,train
221616,train
221735,train
171865,train
133270,train
187961,train
123746,train
197536,train
179926,train
208213,train
203433,train
208876,train
174975,train
175448,train
205052,train
185370,train
176227,train
197185,train
227775,train
201249,train
199637,train
176269,train
224476,train
185348,train
176371,train
182533,train
177556,train
138490,train
186484,train
145239,train
199424,train
224297,train
173049,train
211912,train
223717,train
137417,train
224123,train
222088,train
177626,train
171792,train
188106,train
225948,train
203590,train
224120,train
175965,train
173730,train
224985,train
175917,train
150885,train
203070,train
197542,train
182035,train
220714,train
175516,train
180595,train
190951,train
212499,train
193487,train
226988,train
205907,train
202174,train
198788,train
189138,train
179951,train
174830,train
176344,train
177422,train
223709,train
208178,train
202346,train
184645,train
108835,train
189505,train
205966,train
222865,train
212721,train
130991,train
222850,train
179780,train
184734,train
178879,train
184931,train
219541,train
206546,train
203390,train
188740,train
147070,train
215501,train
105464,train
191486,train
200080,train
173262,train
168161,train
215785,train
175052,train
222862,train
200866,train
186267,train
176151,train
184947,train
223757,train
225138,train
188015,train
179247,train
202155,train
174452,train
184884,train
179557,train
178446,train
221522,train
183874,train
183285,train
184203,train
189113,train
222458,train
171541,train
192557,train
212533,train
180406,train
190651,train
176465,train
194806,train
185296,train
182466,train
199204,train
201788,train
199365,train
126222,train
93790,train
190667,train
178568,train
201709,train
193983,train
145791,train
201096,train
175795,train
220819,train
183392,train
205561,train
181935,train
179785,train
187045,train
227467,train
197679,train
174517,train
207635,train
198787,train
172867,train
180104,train
170994,train
220217,train
194661,train
220921,train
198328,train
177788,train
208088,train
181333,train
193420,train
185650,train
171958,train
201328,train
168202,train
153259,train
179815,train
184112,train
187264,train
223357,train
203542,train
105491,train
182319,train
214493,train
118617,train
188081,train
223089,train
173555,train
222179,train
178065,train
93515,train
190866,train
205822,train
190772,train
176083,train
195307,train
133678,train
177479,train
206739,train
127898,train
208220,train
186380,train
225095,train
176623,train
195570,train
118431,train
187781,train
211996,train
193120,train
184426,train
193375,train
187196,train
208711,train
183233,train
173579,train
200636,train
181027,train
227125,train
224685,train
175570,train
196505,train
190227,train
200598,train
182677,train
178590,train
202666,train
206382,train
180117,train
187555,train
176142,train
174610,train
223833,train
209924,train
178517,train
180480,train
172518,train
202079,train
205004,train
223236,train
224622,train
179232,train
184686,train
198379,train
212082,train
213487,train
143020,train
181608,train
218754,train
212281,train
173576,train
189076,train
183138,train
224677,train
177531,train
122014,train
199481,train
145463,train
198287,train
171960,train
185213,train
186981,train
173776,train
176740,train
183242,train
208951,train
211725,train
131372,train
123487,train
186437,train
223750,train
177348,train
179486,train
168643,train
224176,train
188871,train
199434,train
223755,train
183889,train
226007,train
223776,train
209983,train
202488,train
196640,train
96370,train
224336,train
179762,train
196736,train
186540,train
178805,train
200895,train
191628,train
185318,train
224057,train
189486,train
174459,train
220915,train
226158,train
172232,train
166859,train
168588,train
197167,train
175179,train
219493,train
202350,train
200469,train
192701,train
189604,train
127672,train
220002,train
184891,train
190241,train
174767,train
120392,train
203672,train
182337,train
175338,train
205364,train
190106,train
118580,train
92760,train
223227,train
187547,train
205555,train
200567,train
193986,train
183570,train
193600,train
176143,train
179327,train
145388,train
178292,train
211372,train
138698,train
199691,train
196617,train
225868,train
175772,train
185105,train
221156,train
185549,train
208517,train
205517,train
223995,train
191962,train
179769,train
214692,train
184744,train
125847,train
220174,train
199374,train
118621,train
227658,train
179991,train
182399,train
222637,train
188212,train
176753,train
184820,train
192792,train
176682,train
146392,train
203820,train
176163,train
223955,train
125997,train
191321,train
221617,train
214733,train
200869,train
176958,train
146566,train
176036,train
190217,train
118458,train
226822,train
222977,train
179567,train
181391,train
209126,train
187667,train
184401,train
189740,train
175326,train
195770,train
214720,train
173335,train
126276,train
204543,train
168715,train
176140,train
225050,train
211499,train
182743,train
205903,train
199188,train
226162,train
122622,train
198244,train
227781,train
174082,train
177241,train
185806,train
202928,train
193119,train
225290,train
189789,train
175452,train
200851,train
177494,train
125542,train
124820,train
224181,train
177793,train
188166,train
201659,train
180816,train
184885,train
193346,train
171959,train
195049,train
205624,train
198499,train
221281,train
185331,train
199196,train
130979,train
172227,train
200712,train
196660,train
200467,train
199688,train
171889,train
209789,train
197010,train
181981,train
130982,train
125559,train
171451,train
179793,train
184640,train
209272,train
125045,train
212562,train
188602,train
177834,train
150195,train
133577,train
180827,train
123933,train
177758,train
176232,train
227009,train
211833,train
220651,train
205385,train
208622,train
180048,train
198541,train
171845,train
184845,train
213663,train
187835,train
197015,train
133670,train
220838,train
222451,train
211650,train
181929,train
184592,train
179664,train
220766,train
221808,train
179559,train
213659,train
223512,train
173719,train
209411,train
201003,train
201196,train
179455,train
199212,train
186055,train
199870,train
183226,train
185276,train
178547,train
184005,train
200201,train
176540,train
198809,train
190452,train
216563,train
205387,train
223114,train
219498,train
205607,train
190147,train
168170,train
125878,train
146978,train
195711,train
174107,train
173036,train
219978,train
178398,train
130714,train
131141,train
117916,train
172271,train
192063,train
182835,train
211600,train
175791,train
179522,train
170955,train
181256,train
178132,train
179235,train
174857,train
174375,train
175235,train
175196,train
222245,train
175788,train
208651,train
195041,train
171097,train
206490,train
119618,train
180477,train
198994,train
211130,train
180836,train
188773,train
182514,train
182538,train
105852,train
166103,train
215770,train
197552,train
193463,train
174754,train
182145,train
208553,train
123219,train
193348,train
209861,train
127134,train
221664,train
190848,train
186656,train
192737,train
202028,train
189595,train
180491,train
125620,train
222236,train
176680,train
171131,train
176701,train
213213,train
182874,train
227337,train
179876,train
189951,train
168159,train
187119,train
192447,train
187602,train
172746,train
194989,train
197966,train
221699,train
204812,train
219535,train
171154,train
173936,train
212360,train
193082,train
211832,train
196619,train
146413,train
193575,train
224700,train
200311,train
179464,train
174327,train
182501,train
173606,train
203815,train
209539,train
180295,train
205582,train
208095,train
176017,train
174373,train
184281,train
119500,train
185944,train
177366,train
174694,train
136818,train
173174,train
211909,train
211375,train
197919,train
143096,train
193359,train
200894,train
189115,train
207674,train
105456,train
211592,train
117886,train
185020,train
105851,train
180624,train
124749,train
142384,train
197507,train
184635,train
198395,train
175109,train
214955,train
203430,train
191232,train
185205,train
127902,train
195325,train
226004,train
222998,train
201995,train
126148,train
188163,train
198053,train
185177,train
217761,train
222463,train
198632,train
180819,train
206638,train
119532,train
123168,train
121648,train
173741,train
194222,train
204806,train
205064,train
205065,train
207807,train
190593,train
184904,train
188172,train
222762,train
206774,train
200666,train
180115,train
203619,train
177904,train
180708,train
214737,train
100561,train
202471,train
222333,train
184999,train
224197,train
136959,train
193222,train
193475,train
168009,train
220326,train
220057,train
189707,train
204971,train
201604,train
209931,train
184454,train
185542,train
174065,train
187870,train
194604,train
177495,train
220267,train
183333,train
194267,train
184737,train
175587,train
198694,train
178583,train
200624,train
199573,train
173437,train
203504,train
127277,train
195527,train
222203,train
122820,train
182070,train
122182,train
201375,train
211418,train
177421,train
189175,train
207480,train
129994,train
174558,train
176000,train
184168,train
155774,train
186517,train
207548,train
224529,train
202796,train
130481,train
199941,train
192868,train
222851,train
187102,train
178494,train
195542,train
195243,train
100564,train
127519,train
199877,train
201305,train
225298,train
220136,train
200016,train
181669,train
173502,train
125988,train
204611,train
211245,train
212556,train
202480,train
181635,train
224527,train
134652,train
188778,train
175577,train
181307,train
207717,train
120001,train
168208,train
141641,train
172270,train
214625,train
179074,train
222761,train
218381,train
201201,train
184708,train
195309,train
176696,train
180981,train
189495,train
166055,train
222093,train
123936,train
189763,train
195282,train
172823,train
180554,train
194715,train
174883,train
181196,train
182657,train
204614,train
202066,train
176708,train
183052,train
173603,train
186559,train
185135,train
177800,train
184293,train
196971,train
202162,train
224612,train
201996,train
143314,train
200135,train
179556,train
180443,train
190524,train
224034,train
182668,train
220318,train
167339,train
209264,train
173168,train
180523,train
187132,train
178422,train
182707,train
209717,train
209291,train
200000,train
118233,train
183323,train
201613,train
145306,train
221721,train
205791,train
220804,train
123453,train
185102,train
171869,train
193105,train
212173,train
203386,train
105850,train
169143,train
174537,train
120354,train
174594,train
176583,train
225358,train
175006,train
219362,train
198504,train
220559,train
204208,train
122617,train
120334,train
179330,train
227536,train
187727,train
192717,train
181717,train
187949,train
185674,train
184224,train
223633,train
187263,train
202460,train
218940,train
169933,train
226702,train
192257,train
185557,train
195149,train
181053,train
227852,train
219617,train
181789,train
175855,train
175177,train
195822,train
175601,train
185207,train
198424,train
128064,train
172737,train
203679,train
214371,train
190633,train
208083,train
200805,train
175588,train
218735,train
93579,train
125615,train
177543,train
172770,train
173017,train
186960,train
224565,train
210371,train
191548,train
179725,train
205992,train
214429,train
172796,train
145307,train
186872,train
225531,train
175690,train
197533,train
174773,train
197080,train
177342,train
119370,train
127890,train
201268,train
220416,train
189785,train
180880,train
180322,train
198701,train
133688,train
227355,train
181153,train
183904,train
181076,train
222452,train
185290,train
183706,train
199172,train
173777,train
179227,train
196852,train
222604,train
174645,train
220833,train
183482,train
195020,train
184378,train
223674,train
219801,train
180940,train
187804,train
178424,train
177783,train
184887,train
173995,train
218116,train
191325,train
195811,train
198820,train
203267,train
175715,train
127517,train
195612,train
122051,train
192558,train
182030,train
125614,train
175459,train
182840,train
202002,train
186494,train
185537,train
227853,train
206873,train
207553,train
180728,train
225847,train
221541,train
150893,train
221986,train
227736,train
207935,train
183612,train
184489,train
174301,train
190756,train
125553,train
224309,train
150768,train
187679,train
215015,train
200908,train
193566,train
176634,train
126344,train
198801,train
188300,train
221726,train
226641,train
202474,train
171079,train
198798,train
175409,train
201539,train
184941,train
192863,train
173118,train
196637,train
221202,train
180739,train
221842,train
207911,train
197320,train
190140,train
178886,train
184848,train
224771,train
172502,train
220693,train
207926,train
227444,train
227045,train
181036,train
222106,train
222120,train
218115,train
203608,train
217644,train
197218,train
186252,train
193730,train
184016,train
194182,train
184777,train
209703,train
199211,train
219593,train
227510,train
137340,train
184729,train
185048,train
180831,train
200272,train
211664,train
189742,train
196507,train
209986,train
199498,train
214355,train
176315,train
183553,train
227439,train
190137,train
192714,train
210571,train
119991,train
223075,train
180118,train
187759,train
222956,train
175582,train
201272,train
131609,train
198664,train
221268,train
222227,train
184000,train
194996,train
221272,train
206627,train
224502,train
176075,train
171121,train
168201,train
138697,train
195292,train
189366,train
202167,train
173823,train
213220,train
193083,train
178286,train
211299,train
222125,train
176578,train
175596,train
185870,train
176176,train
179121,train
117897,train
223563,train
208190,train
145381,train
145685,train
200961,train
188203,train
192806,train
201065,train
169123,train
207941,train
199974,train
201525,train
174048,train
171130,train
222633,train
227313,train
203298,train
202855,train
179546,train
120919,train
222732,train
182676,train
194045,train
188700,train
176705,train
220403,train
95959,train
185783,train
192497,train
225998,train
189703,train
224777,train
166934,train
214386,train
173161,train
202671,train
173674,train
171951,train
186465,train
184691,train
187504,train
190630,train
177129,train
223126,train
221840,train
221173,train
223237,train
180111,train
143321,train
182674,train
175114,train
190592,train
186994,train
207943,train
209695,train
150783,train
126163,train
176577,train
133621,train
142866,train
192822,train
207569,train
180020,train
89056,train
174858,train
223945,train
221828,train
184637,train
180089,train
222580,train
199104,train
220374,train
173253,train
198251,train
179378,train
227210,train
123690,train
209637,train
224443,train
187503,train
130978,train
204965,train
197070,train
172497,train
197725,train
168190,train
196099,train
176889,train
196510,train
201486,train
128819,train
125810,train
118398,train
191286,train
183703,train
175816,train
173709,train
180015,train
221556,train
219496,train
196532,train
174871,train
211426,train
178709,train
182102,train
195734,train
194733,train
219595,train
197051,train
171135,train
221904,train
146500,train
178691,train
221526,train
177221,train
225807,train
185697,train
201556,train
118744,train
199645,train
111156,train
185491,train
226742,train
173871,train
224915,train
181319,train
175936,train
177485,train
188777,train
226756,train
177794,train
206229,train
203562,train
185740,train
200662,train
218739,train
175337,train
193406,train
183305,train
189501,train
187350,train
175218,train
182650,train
178777,train
184785,train
185052,train
227434,train
221393,train
220840,train
120384,train
193850,train
176700,train
184312,train
179739,train
93674,train
92806,train
216805,train
151034,train
173267,train
173112,train
186436,train
188448,train
200607,train
173914,train
221789,train
200429,train
227451,train
221021,train
196468,train
173386,train
195064,train
196819,train
169471,train
178763,train
195755,train
209398,train
178513,train
192646,train
182395,train
199463,train
185406,train
122103,train
125989,train
189497,train
119234,train
218608,train
211507,train
184851,train
178752,train
126077,train
119882,train
227223,train
200021,train
173104,train
220723,train
227528,train
182594,train
204814,train
209538,train
174050,train
204081,train
124242,train
127333,train
202128,train
221417,train
179021,train
171316,train
183288,train
175999,train
104034,train
178937,train
203119,train
178175,train
176266,train
154675,train
188449,train
185479,train
122248,train
121626,train
199307,train
174046,train
208544,train
178967,train
174873,train
180043,train
146383,train
200025,train
183651,train
182612,train
178030,train
150008,train
105749,train
221125,train
188816,train
146379,train
220529,train
173859,train
176752,train
205405,train
206242,train
178450,train
202841,train
178674,train
227692,train
203395,train
179999,train
200210,train
195199,train
183301,train
186877,train
220425,train
223222,train
176633,train
176442,train
188148,train
172846,train
199619,train
227772,train
177723,train
175336,train
189768,train
206037,train
211309,train
131133,train
201902,train
205661,train
170441,train
222723,train
191353,train
205770,train
152983,train
185602,train
182649,train
186072,train
205492,train
191559,train
184223,train
172824,train
225296,train
176625,train
200035,train
186542,train
194634,train
203363,train
227018,train
180679,train
209705,train
224465,train
184850,train
186810,train
208411,train
227527,train
205499,train
198608,train
200893,train
184270,train
185472,train
183712,train
179879,train
219797,train
184114,train
200822,train
175712,train
185275,train
181877,train
179750,train
219437,train
185495,train
209621,train
187796,train
200722,train
172398,train
219995,train
219404,train
218454,train
175950,train
179913,train
181535,train
125991,train
220495,train
185202,train
182363,train
189136,train
222907,train
175473,train
189532,train
192565,train
224697,train
203252,train
202404,train
166824,train
196743,train
189683,train
196315,train
138090,train
197236,train
219833,train
207953,train
93711,train
183943,train
219518,train
129347,train
218177,train
137890,train
167902,train
177829,train
205558,train
176303,train
174697,train
177471,train
179610,train
178683,train
176836,train
220913,train
150897,train
184436,train
188256,train
200754,train
222041,train
204656,train
169090,train
188101,train
221844,train
209694,train
200253,train
87394,train
180009,train
192636,train
179734,train
181255,train
204976,train
223873,train
227556,train
200939,train
176364,train
218493,train
188828,train
203814,train
131569,train
196261,train
211993,train
184762,train
169249,train
215225,train
204718,train
221829,train
178482,train
185558,train
184459,train
173366,train
197206,train
195939,train
97080,train
205453,train
150307,train
193662,train
184523,train
126023,train
180809,train
193185,train
207565,train
177458,train
176670,train
179011,train
140493,train
169289,train
187351,train
199091,train
205873,train
190954,train
184280,train
174389,train
194605,train
175279,train
191973,train
172758,train
209933,train
227231,train
179746,train
206817,train
185605,train
227091,train
201004,train
185130,train
222983,train
185339,train
122767,train
222719,train
219399,train
195115,train
134296,train
196500,train
222071,train
191229,train
219648,train
151975,train
137019,train
222947,train
183437,train
220375,train
227093,train
191614,train
191702,train
188692,train
204031,train
150839,train
174117,train
123373,train
211457,train
145312,train
203303,train
130555,train
105697,train
173688,train
202077,train
189320,train
190146,train
188721,train
108830,train
191535,train
225964,train
186430,train
126087,train
202977,train
177894,train
203186,train
137089,train
176730,train
179658,train
183156,train
207952,train
178738,train
226720,train
151703,train
130125,train
175669,train
223372,train
196891,train
179591,train
180411,train
219036,train
175962,train
180425,train
204695,train
184727,train
185778,train
141530,train
176765,train
182376,train
189105,train
195524,train
208547,train
211455,train
186068,train
206823,train
181042,train
203278,train
203239,train
221706,train
193291,train
188206,train
212480,train
200769,train
189012,train
200450,train
201835,train
130782,train
190662,train
177065,train
179927,train
172110,train
186056,train
181601,train
196849,train
188977,train
200476,train
185426,train
205576,train
210618,train
172026,train
227338,train
177590,train
176201,train
177270,train
129863,train
118649,train
214569,train
200437,train
226316,train
166599,train
224298,train
225119,train
206816,train
222061,train
173918,train
125558,train
179599,train
201602,train
221375,train
222594,train
196578,train
222121,train
207925,train
189032,train
188543,train
122941,train
221944,train
179212,train
219416,train
188366,train
182257,train
179096,train
182615,train
212354,train
194932,train
206765,train
225317,train
186477,train
171925,train
184818,train
175716,train
200667,train
200665,train
176432,train
218452,train
168004,train
118694,train
178605,train
117935,train
205828,train
184667,train
137023,train
201590,train
221874,train
224580,train
177878,train
193500,train
198444,train
217820,train
173769,train
224070,train
226330,train
173126,train
224307,train
215290,train
198384,train
181327,train
211651,train
190854,train
177295,train
224377,train
188911,train
173819,train
169127,train
176402,train
208044,train
196741,train
205362,train
218436,train
173309,train
181111,train
144067,train
187559,train
197107,train
185218,train
175146,train
175615,train
181580,train
193664,train
166823,train
176454,train
202161,train
182364,train
123439,train
194688,train
173318,train
150895,train
209697,train
203196,train
170203,train
224211,train
226971,train
178804,train
205920,train
180544,train
221163,train
184725,train
223790,train
174094,train
186903,train
188108,train
172435,train
94782,train
175778,train
144981,train
183620,train
143881,train
218241,train
207566,train
219688,train
173596,train
188698,train
181821,train
137394,train
182515,train
175080,train
125875,train
205401,train
196563,train
220530,train
203148,train
218438,train
174874,train
174435,train
120805,train
153148,train
117637,train
212458,train
223474,train
224930,train
184979,train
196463,train
139663,train
147061,train
185709,train
178723,train
190577,train
177537,train
175759,train
212246,train
195928,train
203102,train
179126,train
224237,train
172192,train
202790,train
178433,train
174685,train
185161,train
224128,train
172224,train
126343,train
222575,train
219588,train
218752,train
207830,train
175026,train
176016,train
203297,train
222450,train
190168,train
199780,train
171151,train
176713,train
219690,train
182092,train
193144,train
201779,train
206857,train
196559,train
224892,train
215752,train
184617,train
119627,train
180326,train
178016,train
209641,train
146396,train
118629,train
194893,train
226834,train
181976,train
196229,train
185671,train
184104,train
174472,train
171870,train
125431,train
184510,train
126596,train
184491,train
128313,train
227715,train
137955,train
220212,train
172167,train
221697,train
191506,train
206402,train
174727,train
187744,train
193352,train
118442,train
183434,train
203456,train
194094,train
228143,train
183898,train
176243,train
223232,train
208518,train
200166,train
118636,train
181316,train
201674,train
206549,train
170404,train
180398,train
190659,train
174493,train
183914,train
220323,train
196821,train
201989,train
172404,train
203237,train
191379,train
190955,train
191250,train
221773,train
125053,train
226398,train
224149,train
218734,train
196097,train
212301,train
194766,train
224292,train
199448,train
227537,train
181494,train
120402,train
197001,train
202306,train
175249,train
228193,train
173854,train
207862,train
77861,train
219242,train
177424,train
215777,train
209059,train
176452,train
206730,train
222834,train
176216,train
214963,train
173692,train
120083,train
213210,train
196965,train
202275,train
179649,train
222442,train
195550,train
188038,train
221267,train
196894,train
136910,train
198702,train
221746,train
177620,train
190230,train
175692,train
174842,train
171547,train
219952,train
219378,train
176689,train
182850,train
203207,train
184834,train
133622,train
130811,train
126909,train
138079,train
183584,train
191685,train
120497,train
212294,train
175824,train
223174,train
227643,train
174545,train
196574,train
189639,train
180681,train
226656,train
195220,train
181070,train
142871,train
221687,train
138102,train
178633,train
183973,train
219838,train
196113,train
173012,train
220053,train
188713,train
177022,train
146368,train
183489,train
188129,train
174859,train
174814,train
137138,train
202979,train
190641,train
198845,train
182822,train
208222,train
226934,train
177037,train
224058,train
179647,train
203362,train
167865,train
200861,train
205763,train
204706,train
219531,train
223039,train
177624,train
125580,train
186029,train
203459,train
186807,train
223228,train
192812,train
200773,train
188223,train
218449,train
137250,train
196652,train
191624,train
175047,train
225839,train
220032,train
207652,train
218773,train
186062,train
182493,train
130130,train
197996,train
203676,train
171540,train
181747,train
181020,train
213509,train
175090,train
208655,train
184197,train
193932,train
169550,train
173917,train
167835,train
209704,train
168205,train
207451,train
190060,train
185730,train
181147,train
223520,train
211732,train
172077,train
180428,train
208986,train
227656,train
177908,train
189573,train
177629,train
193270,train
196582,train
177370,train
208511,train
181927,train
175115,train
190679,train
178838,train
131038,train
183546,train
179360,train
227099,train
185940,train
223601,train
176189,train
216533,train
199731,train
212305,train
214734,train
189578,train
199410,train
187874,train
181605,train
123229,train
173614,train
143323,train
174486,train
185543,train
204664,train
202487,train
125490,train
130770,train
125588,train
219948,train
198637,train
178507,train
174316,train
219783,train
126048,train
176389,train
182214,train
172547,train
207860,train
171352,train
187202,train
176307,train
186416,train
193603,train
122444,train
178499,train
176813,train
212656,train
172982,train
203470,train
168481,train
185818,train
169667,train
202508,train
203471,train
220340,train
224148,train
177358,train
195295,train
172103,train
183135,train
172856,train
223557,train
188897,train
210610,train
207483,train
183762,train
148269,train
174695,train
193001,train
185507,train
205448,train
128139,train
171363,train
174307,train
175590,train
184146,train
187726,train
190628,train
203458,train
204080,train
181650,train
222561,train
223770,train
178459,train
185055,train
172954,train
208672,train
197866,train
182625,train
185375,train
175591,train
184434,train
145468,train
142868,train
182440,train
174813,train
179904,train
175682,train
209074,train
180291,train
175789,train
127667,train
194862,train
199100,train
219111,train
199667,train
176138,train
227681,train
200242,train
203651,train
199223,train
226375,train
207802,train
195153,train
172483,train
222526,train
224453,train
206577,train
187836,train
221250,train
166954,train
186471,train
223740,train
196540,train
122700,train
201419,train
219872,train
222225,train
187354,train
174774,train
194702,train
128815,train
182242,train
122262,train
192292,train
227027,train
118749,train
180922,train
176678,train
215018,train
182115,train
180324,train
211445,train
187698,train
206896,train
203578,train
122137,train
224192,train
188297,train
202748,train
190429,train
172233,train
184028,train
193432,train
173593,train
222894,train
198373,train
177014,train
197676,train
93568,train
148609,train
181526,train
196926,train
123926,train
222375,train
173078,train
176893,train
177652,train
184951,train
203142,train
173319,train
196745,train
103647,train
186375,train
201524,train
173758,train
173037,train
215059,train
122260,train
220780,train
202274,train
219513,train
175232,train
188295,train
181765,train
198734,train
179395,train
173120,train
192684,train
142844,train
95961,train
127924,train
223594,train
173304,train
196489,train
193564,train
218607,train
178890,train
188480,train
179741,train
196795,train
172406,train
214768,train
125228,train
198418,train
171897,train
204609,train
174388,train
181163,train
211999,train
223526,train
220966,train
220554,train
206781,train
214709,train
226555,train
192711,train
218942,train
219335,train
178786,train
179102,train
205613,train
216464,train
183937,train
197020,train
188089,train
184014,train
193415,train
199166,train
212456,train
179525,train
176605,train
136915,train
175857,train
201666,train
201722,train
219732,train
194277,train
92780,train
195164,train
194985,train
198416,train
187009,train
129346,train
176989,train
175878,train
96948,train
198334,train
196073,train
221339,train
168191,train
187852,train
120893,train
227509,train
126219,train
181684,train
172881,train
180835,train
184771,train
183417,train
200498,train
175198,train
93275,train
202006,train
193581,train
202049,train
180916,train
206668,train
205486,train
176821,train
181133,train
172214,train
173269,train
205410,train
176704,train
173164,train
180327,train
137337,train
227371,train
132631,train
187417,train
172444,train
224507,train
122856,train
219382,train
199259,train
196835,train
221566,train
189741,train
197693,train
211693,train
150827,train
200688,train
184002,train
224025,train
177892,train
224441,train
82110,train
185780,train
208201,train
193656,train
217958,train
221515,train
130561,train
219391,train
183350,train
201687,train
222957,train
128307,train
178581,train
184957,train
180884,train
198670,train
177298,train
174119,train
174497,train
202811,train
180600,train
186998,train
184490,train
178110,train
172768,train
176756,train
193419,train
169700,train
218828,train
166099,train
179354,train
192773,train
175382,train
142861,train
131573,train
127136,train
182322,train
199678,train
176270,train
184696,train
221455,train
191498,train
220270,train
120692,train
202349,train
177004,train
125161,train
194982,train
179993,train
175251,train
108842,train
196104,train
208548,train
145249,train
122170,train
218457,train
184348,train
186249,train
176855,train
175563,train
178638,train
93703,train
194832,train
200293,train
187895,train
180905,train
218917,train
222465,train
219183,train
183448,train
180038,train
178226,train
172405,train
206824,train
184412,train
200530,train
211232,train
177215,train
174860,train
181957,train
172239,train
177280,train
211294,train
198765,train
171143,train
153671,train
206675,train
222747,train
186053,train
119603,train
192286,train
128933,train
206340,train
219499,train
194589,train
193681,train
185024,train
196739,train
170592,train
188669,train
211556,train
199588,train
201499,train
197995,train
179231,train
185190,train
185149,train
93801,train
194333,train
222119,train
220177,train
189903,train
126338,train
198231,train
177032,train
166000,train
219774,train
183263,train
192416,train
204570,train
220612,train
174725,train
200142,train
180506,train
178469,train
150775,train
182240,train
174457,train
222287,train
179423,train
227286,train
127514,train
193546,train
193847,train
194151,train
180361,train
174826,train
222315,train
172541,train
190810,train
220286,train
184694,train
206788,train
189751,train
129292,train
223074,train
195420,train
176589,train
187878,train
222126,train
200053,train
193875,train
196697,train
171872,train
145238,train
137947,train
174799,train
175571,train
131748,train
174784,train
145115,train
204572,train
181832,train
180693,train
190016,train
184719,train
194367,train
126920,train
93776,train
154440,train
171031,train
137328,train
205650,train
121439,train
222205,train
194070,train
93549,train
194169,train
193470,train
192593,train
195827,train
197485,train
218461,train
130717,train
205915,train
122194,train
187798,train
171718,train
178591,train
130911,train
122181,train
177864,train
221872,train
121407,train
178443,train
217905,train
173698,train
179735,train
219154,train
176928,train
203507,train
221824,train
137265,train
202233,train
227489,train
199447,train
187647,train
227561,train
93575,train
134330,train
222586,train
126759,train
177141,train
218672,train
125613,train
124078,train
167687,train
199765,train
199402,train
175041,train
126161,train
179143,train
187840,train
181071,train
83952,train
131016,train
212539,train
122464,train
186485,train
198449,train
150777,train
201327,train
93678,train
181850,train
226381,train
145831,train
172590,train
183462,train
207460,train
166940,train
187060,train
174323,train
222277,train
218664,train
178415,train
119851,train
124086,train
187252,train
168124,train
181499,train
212308,train
105799,train
186503,train
175566,train
187389,train
120934,train
131030,train
223059,train
187112,train
223733,train
120720,train
173305,train
131564,train
216167,train
175287,train
206514,train
203350,train
175706,train
227482,train
191319,train
217829,train
182027,train
219724,train
184954,train
201981,train
210034,train
196843,train
212599,train
200426,train
180479,train
94128,train
121531,train
118523,train
188586,train
212561,train
179858,train
193397,train
179641,train
189539,train
176486,train
137103,train
224704,train
221279,train
180494,train
181557,train
190967,train
217985,train
187151,train
126772,train
127093,train
193472,train
189222,train
193863,train
199488,train
176878,train
169179,train
204823,train
192715,train
174919,train
175707,train
172862,train
198507,train
178797,train
176782,train
174643,train
183022,train
221784,train
180737,train
172215,train
101909,train
192719,train
176789,train
218471,train
198043,train
227478,train
199422,train
212926,train
139585,train
214496,train
210579,train
205632,train
192912,train
205888,train
179558,train
139344,train
227684,train
223175,train
145370,train
127662,train
202798,train
223870,train
212205,train
194999,train
181218,train
179899,train
173891,train
179162,train
219015,train
187951,train
194149,train
174782,train
189133,train
224887,train
177478,train
200005,train
173616,train
176664,train
197928,train
191315,train
190044,train
178210,train
124650,train
191326,train
187655,train
176479,train
183083,train
178867,train
166870,train
192414,train
223851,train
174413,train
125469,train
194822,train
179898,train
122245,train
181541,train
175935,train
190453,train
119865,train
221114,train
204765,train
197115,train
212252,train
178982,train
193619,train
172357,train
182049,train
186277,train
168199,train
182430,train
173663,train
220193,train
181398,train
143472,train
181387,train
212323,train
170143,train
175508,train
179770,train
224352,train
185245,train
192369,train
145301,train
186400,train
206328,train
138104,train
190243,train
167861,train
189764,train
136957,train
185284,train
226167,train
175861,train
200890,train
222054,train
180418,train
173404,train
219388,train
176728,train
180317,train
175283,train
198752,train
212592,train
175210,train
176413,train
201681,train
227745,train
172521,train
121615,train
204811,train
195165,train
224888,train
122011,train
186948,train
195063,train
137317,train
173761,train
176193,train
175443,train
192870,train
177752,train
185609,train
184901,train
186316,train
96957,train
201472,train
200296,train
183957,train
209691,train
125587,train
177735,train
221191,train
180734,train
175170,train
185287,train
125630,train
199901,train
193536,train
220163,train
146296,train
180142,train
173124,train
173726,train
190014,train
169183,train
208542,train
185879,train
120293,train
190944,train
197125,train
175147,train
223165,train
173573,train
133589,train
177715,train
224894,train
170949,train
200408,train
149240,train
172958,train
222837,train
120332,train
185244,train
182034,train
206398,train
178904,train
176677,train
178360,train
169041,train
204029,train
185990,train
198414,train
172839,train
183590,train
201685,train
121925,train
118472,train
211547,train
178151,train
201721,train
126165,train
180359,train
174404,train
211822,train
173271,train
211785,train
228211,train
219455,train
225942,train
174964,train
173258,train
201270,train
210377,train
227688,train
173584,train
176805,train
200124,train
171947,train
174983,train
145299,train
183796,train
126838,train
153270,train
216064,train
220125,train
218972,train
200075,train
189954,train
185383,train
206736,train
199145,train
97517,train
214357,train
138708,train
122106,train
223124,train
202462,train
174541,train
176431,train
191514,train
221437,train
178712,train
133608,train
182370,train
214615,train
133598,train
177434,train
175956,train
188844,train
97283,train
194075,train
197885,train
198770,train
183373,train
208564,train
177323,train
122829,train
224193,train
180407,train
207914,train
183621,train
225137,train
220449,train
188117,train
221370,train
201584,train
174417,train
197869,train
193315,train
170339,train
177722,train
176248,train
179595,train
193351,train
210986,train
220924,train
184398,train
208195,train
222246,train
223595,train
182391,train
209989,train
221377,train
200630,train
211504,train
200402,train
154278,train
184657,train
181855,train
189517,train
211381,train
123239,train
220731,train
188305,train
203200,train
202052,train
181729,train
223763,train
195906,train
169121,train
183737,train
125771,train
131279,train
150460,train
182069,train
176897,train
176448,train
206715,train
221656,train
207392,train
190174,train
223691,train
224492,train
184505,train
208098,train
174753,train
179623,train
196274,train
122626,train
176754,train
120041,train
93551,train
200922,train
173110,train
181363,train
185763,train
93780,train
179209,train
194945,train
124244,train
140024,train
188131,train
173707,train
191549,train
174402,train
200907,train
178601,train
184942,train
190270,train
220322,train
222460,train
222725,train
206373,train
127545,train
174022,train
181197,train
96969,train
200298,train
205559,train
134199,train
172102,train
179930,train
214455,train
226905,train
142867,train
202970,train
186769,train
219468,train
227013,train
210611,train
198364,train
198547,train
123274,train
124341,train
130983,train
211243,train
221231,train
179743,train
221271,train
183274,train
181936,train
176019,train
200556,train
176927,train
223036,train
182109,train
200538,train
185368,train
182839,train
191264,train
201545,train
187818,train
187650,train
176210,train
179070,train
182589,train
182402,train
146376,train
176475,train
199968,train
226589,train
89785,train
208698,train
176993,train
178765,train
176770,train
217889,train
223881,train
185492,train
211214,train
184585,train
182563,train
127145,train
189973,train
199257,train
177219,train
173661,train
221710,train
124626,train
222787,train
214697,train
200692,train
219352,train
200414,train
192823,train
131037,train
172018,train
193563,train
224773,train
189037,train
199072,train
152923,train
202266,train
179720,train
123179,train
201208,train
185881,train
176250,train
221363,train
153363,train
217823,train
145308,train
190655,train
147353,train
168491,train
219970,train
179562,train
181583,train
120278,train
191552,train
219010,train
105459,train
192056,train
176182,train
198372,train
192652,train
211363,train
225826,train
129753,train
174846,train
209680,train
125489,train
168471,train
172166,train
166868,train
204699,train
181676,train
195051,train
206231,train
199501,train
177008,train
195619,train
182550,train
187247,train
176930,train
184558,train
223575,train
225114,train
201367,train
201575,train
220075,train
223806,train
159063,train
182022,train
177522,train
175784,train
108780,train
219240,train
137310,train
100587,train
175858,train
224344,train
190138,train
177593,train
205671,train
178670,train
147063,train
192691,train
220841,train
205587,train
223235,train
192509,train
193335,train
185734,train
226741,train
148370,train
125462,train
199418,train
191723,train
186307,train
223187,train
172939,train
178573,train
155775,train
185992,train
176354,train
225017,train
182896,train
195814,train
221575,train
191070,train
168952,train
196626,train
183971,train
175894,train
119838,train
178841,train
192256,train
196625,train
181679,train
183541,train
175695,train
226336,train
219155,train
173775,train
199230,train
206040,train
199846,train
220535,train
181586,train
123235,train
205532,train
219808,train
198667,train
190956,train
192543,train
190619,train
176672,train
192504,train
203146,train
174491,train
172827,train
180923,train
179745,train
192874,train
121240,train
209689,train
178636,train
188432,train
122824,train
211733,train
180007,train
198580,train
174306,train
190028,train
185661,train
199732,train
206844,train
175225,train
198526,train
220474,train
123167,train
181582,train
205556,train
221166,train
185976,train
226273,train
170550,train
209856,train
188025,train
208675,train
109819,train
225093,train
190180,train
192200,train
222142,train
225861,train
101941,train
180688,train
225940,train
200427,train
176120,train
199216,train
180877,train
120462,train
136969,train
198791,train
223210,train
227801,train
139360,train
178518,train
184898,train
183483,train
187390,train
189812,train
180037,train
195155,train
222546,train
202070,train
211798,train
92688,train
206949,train
200114,train
136912,train
212321,train
182106,train
195778,train
202672,train
223249,train
180724,train
126329,train
180006,train
171920,train
221394,train
219961,train
221295,train
179732,train
221954,train
219730,train
224576,train
183742,train
224946,train
181176,train
195832,train
181622,train
142588,train
203738,train
175392,train
193595,train
208653,train
194687,train
176742,train
179530,train
140016,train
199153,train
224152,train
173781,train
200033,train
197266,train
177508,train
179755,train
203334,train
179948,train
137886,train
198285,train
219658,train
176048,train
176663,train
177663,train
227117,train
205325,train
201121,train
224604,train
183000,train
214364,train
206399,train
201412,train
187763,train
222685,train
122243,train
196358,train
196895,train
222166,train
182162,train
216545,train
174676,train
191637,train
172169,train
227399,train
203610,train
174335,train
221561,train
181170,train
192817,train
186864,train
197722,train
221873,train
189826,train
211437,train
174946,train
200443,train
190696,train
205383,train
219785,train
184229,train
169161,train
187838,train
224064,train
174175,train
200510,train
204709,train
194029,train
223565,train
210261,train
196083,train
202857,train
120330,train
221970,train
179529,train
168152,train
187803,train
109617,train
182378,train
186987,train
207276,train
218434,train
213662,train
176262,train
177247,train
181534,train
197083,train
175608,train
224343,train
207273,train
180439,train
188142,train
189294,train
197926,train
179598,train
185175,train
173790,train
145323,train
193294,train
201217,train
194675,train
101695,train
196522,train
183066,train
120531,train
128885,train
126021,train
189894,train
213626,train
180273,train
177614,train
211522,train
187117,train
221983,train
200418,train
208108,train
173337,train
180658,train
181171,train
182329,train
176854,train
220434,train
178996,train
179894,train
175252,train
220972,train
197913,train
178349,train
209951,train
182482,train
221346,train
172968,train
189357,train
221915,train
224491,train
202181,train
182716,train
196654,train
198184,train
219470,train
145318,train
178330,train
224199,train
192728,train
182014,train
131040,train
178368,train
184827,train
218445,train
181313,train
167320,train
98750,train
182164,train
222785,train
176921,train
200020,train
203209,train
197666,train
197567,train
141646,train
122770,train
212473,train
181490,train
188797,train
193707,train
207857,train
202701,train
180086,train
161961,train
188224,train
186076,train
188499,train
205009,train
166817,train
189822,train
122892,train
210159,train
185226,train
211783,train
174023,train
142875,train
208536,train
181417,train
172379,train
187250,train
224654,train
184346,train
223630,train
195494,train
172195,train
224288,train
225617,train
227211,train
224679,train
207966,train
122437,train
224468,train
209536,train
172571,train
170392,train
175729,train
197537,train
224671,train
201644,train
219686,train
152144,train
176011,train
181078,train
183063,train
183069,train
124849,train
227454,train
188185,train
187976,train
199331,train
124946,train
184373,train
186264,train
187195,train
176372,train
138081,train
224303,train
177367,train
178782,train
131565,train
204880,train
184447,train
203057,train
184419,train
153130,train
136972,train
227452,train
176509,train
201998,train
225651,train
137492,train
187303,train
183714,train
125506,train
172388,train
177286,train
220910,train
215299,train
197175,train
210972,train
192265,train
145302,train
227227,train
200475,train
183676,train
187243,train
172786,train
179672,train
168695,train
221809,train
166893,train
193565,train
201945,train
173655,train
184291,train
126775,train
174771,train
184859,train
183013,train
228145,train
190765,train
175998,train
219778,train
219964,train
174696,train
211298,train
220560,train
198808,train
189470,train
183426,train
177720,train
221014,train
153007,train
224970,train
175952,train
196570,train
174071,train
172613,train
180575,train
211581,train
189629,train
175009,train
186071,train
222876,train
181094,train
191168,train
207733,train
207576,train
175230,train
176254,train
176400,train
190353,train
213639,train
197147,train
185372,train
173301,train
122258,train
179364,train
105472,train
146725,train
178156,train
220288,train
171909,train
200193,train
176795,train
223498,train
180297,train
186516,train
184795,train
225052,train
221301,train
190929,train
213483,train
222657,train
172815,train
189122,train
202704,train
192781,train
205550,train
183308,train
189577,train
123147,train
129850,train
201293,train
220152,train
185317,train
183361,train
209981,train
220545,train
217942,train
96824,train
224141,train
184418,train
188104,train
82852,train
121939,train
189502,train
206576,train
214459,train
176449,train
188091,train
214495,train
172416,train
223874,train
174689,train
206954,train
184236,train
224522,train
180838,train
207806,train
203282,train
118474,train
177779,train
177653,train
227738,train
172226,train
224543,train
120301,train
179803,train
189581,train
221830,train
203669,train
176167,train
180153,train
214636,train
185262,train
186557,train
174611,train
169176,train
155203,train
198764,train
200752,train
203326,train
182434,train
192364,train
120287,train
176972,train
169145,train
222770,train
212297,train
222562,train
203618,train
198427,train
199372,train
181653,train
211448,train
189825,train
187761,train
120237,train
122624,train
203375,train
184290,train
173185,train
209038,train
192391,train
174698,train
195523,train
151467,train
184366,train
208982,train
198510,train
192547,train
212181,train
181149,train
222235,train
168592,train
173652,train
190073,train
211424,train
195137,train
221796,train
204563,train
202920,train
227101,train
179141,train
167878,train
203509,train
134725,train
225994,train
143308,train
133587,train
201291,train
219000,train
193371,train
196788,train
195195,train
126906,train
189186,train
209710,train
186275,train
167727,train
174227,train
190289,train
122490,train
189823,train
191677,train
175657,train
172432,train
124217,train
187823,train
125806,train
136971,train
183543,train
182439,train
186390,train
136965,train
221761,train
177007,train
175098,train
171855,train
202463,train
172802,train
199492,train
181468,train
199733,train
194602,train
176503,train
172886,train
168005,train
175646,train
225030,train
227525,train
227311,train
220905,train
187172,train
146808,train
150888,train
220339,train
210833,train
186983,train
203742,train
223530,train
187392,train
120892,train
120400,train
180644,train
201408,train
178053,train
186876,train
220793,train
166128,train
184152,train
227262,train
211183,train
180370,train
222341,train
176461,train
198720,train
200082,train
119261,train
84039,train
120707,train
174112,train
181692,train
168194,train
173609,train
121929,train
174069,train
192808,train
214627,train
133668,train
120014,train
205603,train
179106,train
138103,train
178624,train
173027,train
175100,train
175464,train
189699,train
221011,train
183788,train
220797,train
176406,train
188090,train
127571,train
127180,train
219523,train
185522,train
137254,train
123162,train
197872,train
188040,train
209869,train
166110,train
193451,train
119327,train
212243,train
176064,train
220600,train
118754,train
197531,train
199673,train
171050,train
198234,train
173290,train
172382,train
167886,train
184632,train
206593,train
182763,train
182438,train
195785,train
182339,train
189590,train
219261,train
119331,train
205200,train
197222,train
179795,train
207855,train
185572,train
185327,train
190292,train
191681,train
179352,train
184812,train
96970,train
227229,train
198612,train
184093,train
145250,train
222666,train
214972,train
187253,train
171780,train
180594,train
181202,train
183267,train
143376,train
181177,train
227515,train
184286,train
190899,train
193018,train
180851,train
179885,train
222750,train
186649,train
216557,train
173035,train
180960,train
183316,train
186441,train
168179,train
127661,train
177560,train
175083,train
201091,train
199601,train
172531,train
167836,train
176420,train
177874,train
200070,train
97392,train
192740,train
197274,train
181837,train
183839,train
183089,train
224431,train
221194,train
223677,train
211640,train
226783,train
217224,train
177230,train
198396,train
173582,train
198786,train
187004,train
200886,train
186967,train
179761,train
190661,train
212597,train
226418,train
127311,train
173225,train
187116,train
222788,train
183561,train
181209,train
201501,train
190183,train
224500,train
184132,train
203156,train
177775,train
183849,train
206775,train
186415,train
202728,train
223885,train
182483,train
188193,train
208393,train
145458,train
223044,train
226279,train
187841,train
170996,train
186924,train
180610,train
120949,train
181445,train
175694,train
179498,train
105336,train
223501,train
209479,train
173143,train
219585,train
182132,train
198768,train
220835,train
195531,train
223150,train
195786,train
180955,train
134444,train
176203,train
224618,train
182566,train
203137,train
201967,train
179117,train
222392,train
178414,train
198620,train
224775,train
226728,train
221846,train
203896,train
182536,train
222655,train
176324,train
203473,train
171577,train
181709,train
200002,train
212245,train
182856,train
193917,train
185235,train
171362,train
188792,train
174396,train
220649,train
189496,train
180712,train
168929,train
220832,train
188492,train
225975,train
205801,train
175412,train
200451,train
195821,train
215218,train
179098,train
200083,train
167686,train
180736,train
184707,train
207932,train
175023,train
174965,train
180948,train
179781,train
100009,train
196901,train
133714,train
183963,train
189213,train
186817,train
211745,train
219918,train
200902,train
221388,train
226264,train
182297,train
201608,train
215565,train
177877,train
174530,train
186431,train
182085,train
220690,train
221123,train
190015,train
219887,train
174971,train
186066,train
129984,train
218442,train
209413,train
143594,train
207456,train
185769,train
173394,train
197322,train
180839,train
220488,train
188574,train
203277,train
197074,train
225602,train
173675,train
227797,train
204913,train
173232,train
174562,train
192724,train
180432,train
152523,train
188704,train
199427,train
212671,train
181092,train
181162,train
193678,train
227679,train
175208,train
182639,train
194264,train
222933,train
203465,train
184646,train
172442,train
186326,train
181993,train
222581,train
223801,train
183419,train
171551,train
222055,train
204773,train
199370,train
138651,train
221399,train
219002,train
186813,train
144988,train
145389,train
197754,train
175651,train
170997,train
184040,train
192776,train
171523,train
93614,train
227126,train
221910,train
213610,train
208626,train
145409,train
174420,train
122893,train
205860,train
176780,train
181662,train
105467,train
127300,train
78402,train
224159,train
222631,train
172949,train
197968,train
195107,train
177839,train
183911,train
174350,train
144733,train
215329,train
174598,train
182056,train
200097,train
174355,train
218783,train
217759,train
193589,train
220092,train
227180,train
171118,train
174972,train
166942,train
192878,train
171772,train
196077,train
182917,train
154462,train
186652,train
188494,train
125206,train
175663,train
180099,train
214442,train
220435,train
125892,train
161001,train
193646,train
201547,train
223925,train
222605,train
175911,train
195859,train
222462,train
133698,train
194623,train
171977,train
211518,train
176242,train
207450,train
192716,train
226444,train
209871,train
175972,train
180711,train
185344,train
226414,train
176907,train
178863,train
198212,train
184964,train
185272,train
178580,train
182088,train
207540,train
174442,train
194524,train
177884,train
200910,train
194159,train
224114,train
177641,train
200783,train
175813,train
212226,train
189152,train
124326,train
188509,train
222510,train
189102,train
208286,train
197886,train
200449,train
177762,train
212277,train
128821,train
186859,train
187371,train
223828,train
192706,train
227496,train
123932,train
145375,train
183377,train
201417,train
185741,train
201538,train
223368,train
190070,train
200173,train
182551,train
124785,train
202959,train
181513,train
184404,train
183318,train
189499,train
182601,train
214848,train
180751,train
176218,train
106948,train
187947,train
175835,train
178431,train
156070,train
176040,train
226983,train
208296,train
194648,train
172414,train
172829,train
180323,train
176278,train
201287,train
91422,train
197016,train
206232,train
182066,train
196866,train
198662,train
205684,train
227158,train
184228,train
185863,train
209140,train
196670,train
190184,train
172222,train
187384,train
171529,train
199508,train
180463,train
199710,train
223215,train
202805,train
212283,train
196671,train
183877,train
213666,train
207927,train
176594,train
223103,train
222705,train
204205,train
180934,train
202498,train
222898,train
222995,train
189111,train
101943,train
174844,train
132832,train
186286,train
201474,train
179906,train
204772,train
188902,train
194967,train
183736,train
222514,train
191933,train
169336,train
189909,train
224068,train
226018,train
186840,train
174691,train
181350,train
216061,train
96448,train
196488,train
221101,train
177340,train
224668,train
185404,train
217181,train
178509,train
222981,train
221178,train
202158,train
178297,train
172903,train
202454,train
200744,train
178855,train
223882,train
178962,train
92794,train
198419,train
181577,train
182705,train
227122,train
219363,train
222559,train
190340,train
129769,train
219410,train
178270,train
186468,train
205548,train
184382,train
119556,train
203596,train
184810,train
185604,train
176391,train
225993,train
203293,train
185237,train
184600,train
220280,train
183494,train
200525,train
221381,train
212488,train
201214,train
224267,train
227798,train
175445,train
211528,train
201413,train
179467,train
196144,train
192293,train
220721,train
220820,train
189580,train
177741,train
181671,train
179357,train
218551,train
195283,train
150818,train
202445,train
201548,train
195780,train
199176,train
140019,train
187935,train
172310,train
196815,train
122005,train
183511,train
200632,train
209056,train
215061,train
180700,train
96982,train
180021,train
205449,train
196645,train
202352,train
121235,train
171442,train
179110,train
206326,train
222889,train
222350,train
203624,train
217768,train
219795,train
180490,train
188955,train
202758,train
182011,train
222934,train
186869,train
219692,train
196576,train
178972,train
225288,train
165922,train
226395,train
89794,train
184085,train
173307,train
222992,train
204702,train
199993,train
123287,train
182607,train
177273,train
152109,train
225549,train
202089,train
205869,train
223051,train
200174,train
181734,train
196805,train
184295,train
224558,train
206228,train
184996,train
182326,train
215226,train
193610,train
227495,train
179226,train
227203,train
92685,train
182652,train
226721,train
222445,train
204592,train
188086,train
186100,train
195589,train
222677,train
196721,train
182065,train
172950,train
173723,train
181168,train
224206,train
194078,train
177292,train
219179,train
222354,train
183926,train
209147,train
204834,train
199768,train
219875,train
173460,train
175129,train
102053,train
204693,train
173588,train
124208,train
178868,train
148907,train
180367,train
179726,train
127207,train
183070,train
172524,train
172814,train
167842,train
195116,train
93680,train
179295,train
200001,train
189716,train
223587,train
176856,train
178426,train
220667,train
199521,train
196571,train
174660,train
170840,train
219581,train
214449,train
226723,train
181240,train
227287,train
173725,train
167845,train
190752,train
206592,train
184205,train
219693,train
144620,train
192044,train
181971,train
201483,train
202014,train
222916,train
198045,train
136907,train
222645,train
190802,train
177484,train
220779,train
190783,train
206899,train
189355,train
223966,train
179810,train
206670,train
181341,train
167722,train
190525,train
220874,train
186514,train
126576,train
177910,train
201113,train
122140,train
228149,train
204069,train
191964,train
203193,train
184566,train
221802,train
126577,train
223190,train
224045,train
185693,train
226298,train
125700,train
180434,train
138928,train
142587,train
172264,train
179208,train
169055,train
173268,train
182052,train
219631,train
177927,train
173552,train
188961,train
175383,train
174351,train
177269,train
192132,train
118746,train
101906,train
177721,train
218459,train
175544,train
98746,train
222367,train
218777,train
222044,train
87898,train
211646,train
223738,train
191971,train
211658,train
187271,train
176199,train
184779,train
178515,train
172236,train
224624,train
137954,train
220373,train
118782,train
209418,train
186266,train
120486,train
205080,train
183359,train
222308,train
221095,train
219003,train
173615,train
179230,train
125585,train
182006,train
193686,train
194685,train
119909,train
183097,train
172403,train
180105,train
222065,train
226096,train
188753,train
227039,train
176003,train
180478,train
225980,train
204996,train
201168,train
174824,train
174447,train
182421,train
175671,train
222424,train
216056,train
136791,train
101940,train
183574,train
183934,train
198365,train
171438,train
197991,train
166915,train
181093,train
134964,train
207333,train
197097,train
205456,train
185843,train
212027,train
165973,train
174591,train
183886,train
196725,train
176006,train
172484,train
222167,train
214631,train
220390,train
222327,train
223553,train
134762,train
202151,train
204703,train
187853,train
176641,train
125046,train
134718,train
219605,train
176023,train
170980,train
172926,train
175730,train
225150,train
186284,train
175221,train
125886,train
186639,train
175453,train
175116,train
199503,train
203708,train
190177,train
184893,train
182675,train
181089,train
219474,train
185152,train
171408,train
225937,train
220538,train
177596,train
208396,train
173125,train
212477,train
202007,train
192752,train
184576,train
172575,train
186842,train
188879,train
227084,train
199459,train
209050,train
221847,train
210811,train
140352,train
220120,train
176630,train
183303,train
202456,train
223503,train
177018,train
221860,train
190392,train
200194,train
199487,train
134188,train
193395,train
122213,train
217835,train
185596,train
198394,train
213612,train
220282,train
219239,train
186640,train
218260,train
199187,train
195516,train
121656,train
189119,train
178686,train
177492,train
219791,train
169093,train
227606,train
212514,train
181426,train
197894,train
171968,train
118395,train
173340,train
176912,train
224272,train
184976,train
198246,train
181553,train
206635,train
220582,train
182844,train
193979,train
180380,train
179067,train
172646,train
173665,train
144815,train
220215,train
178535,train
172394,train
211856,train
197554,train
218741,train
171554,train
227674,train
198725,train
188287,train
219398,train
182506,train
125042,train
174492,train
206673,train
220191,train
176101,train
142645,train
203192,train
183602,train
183180,train
192795,train
203514,train
223570,train
190750,train
209978,train
189375,train
184826,train
183946,train
190013,train
180702,train
205066,train
150916,train
187805,train
165877,train
177243,train
182865,train
171365,train
198044,train
203819,train
172964,train
223859,train
172175,train
227785,train
199490,train
124750,train
186064,train
213219,train
222946,train
220182,train
221662,train
174544,train
118652,train
185538,train
130980,train
200302,train
174047,train
221698,train
175314,train
181915,train
186961,train
206501,train
206510,train
203139,train
195537,train
195546,train
177912,train
208388,train
155771,train
189953,train
211449,train
226976,train
222247,train
183606,train
197139,train
227613,train
221273,train
192065,train
222757,train
185299,train
176439,train
184965,train
206347,train
223001,train
183601,train
133851,train
174480,train
222332,train
223869,train
202100,train
184438,train
201329,train
181597,train
194833,train
196517,train
188835,train
178486,train
223019,train
181897,train
205474,train
217971,train
224165,train
178597,train
125586,train
179773,train
127888,train
211373,train
224339,train
179586,train
222670,train
173199,train
216040,train
194707,train
176366,train
193877,train
189372,train
173874,train
226293,train
189588,train
206352,train
192758,train
185699,train
214062,train
184353,train
195147,train
195865,train
188817,train
194092,train
178246,train
213604,train
191803,train
172961,train
205861,train
181868,train
185369,train
186445,train
194720,train
171748,train
182963,train
189374,train
225343,train
220697,train
203108,train
190850,train
173234,train
183918,train
203422,train
222404,train
206139,train
173669,train
190509,train
124238,train
205563,train
223213,train
199324,train
130766,train
184155,train
225192,train
174678,train
199461,train
194773,train
198672,train
213926,train
227251,train
187833,train
178572,train
185474,train
206042,train
189214,train
127175,train
118670,train
125814,train
166896,train
220546,train
177006,train
182754,train
129859,train
172732,train
205902,train
204798,train
177648,train
107559,train
227533,train
146495,train
178502,train
177287,train
200913,train
175101,train
192884,train
212459,train
143588,train
126351,train
206560,train
193925,train
223712,train
127543,train
201561,train
175344,train
208646,train
197514,train
210565,train
78952,train
222931,train
186259,train
189171,train
176186,train
181189,train
192445,train
219613,train
188800,train
200230,train
198783,train
180696,train
188319,train
207082,train
177233,train
187027,train
188603,train
180538,train
129755,train
172647,train
200508,train
227648,train
193654,train
176896,train
220171,train
189966,train
200164,train
181552,train
190664,train
222209,train
192804,train
194868,train
222487,train
192098,train
208647,train
182476,train
96978,train
192742,train
187844,train
176817,train
183630,train
175490,train
185385,train
167903,train
180593,train
185266,train
180260,train
214991,train
184789,train
121549,train
176611,train
204923,train
137419,train
174769,train
208580,train
118733,train
169086,train
196554,train
203143,train
197086,train
105432,train
205476,train
192507,train
199659,train
180588,train
180691,train
186111,train
179857,train
172327,train
173117,train
174128,train
204483,train
213629,train
122285,train
188531,train
123267,train
96445,train
168899,train
218019,train
176268,train
182015,train
125561,train
190148,train
183657,train
214605,train
179792,train
194046,train
224675,train
181813,train
202706,train
189292,train
192807,train
150822,train
225806,train
179782,train
195389,train
199782,train
191496,train
186929,train
121403,train
180399,train
122879,train
180771,train
186360,train
217822,train
183086,train
184099,train
198356,train
224505,train
77866,train
226001,train
137139,train
179873,train
126217,train
199997,train
125425,train
178619,train
182061,train
211846,train
184772,train
123003,train
226407,train
192207,train
124224,train
186245,train
179542,train
193732,train
188232,train
169105,train
103650,train
175594,train
220412,train
134783,train
179849,train
165886,train
199564,train
171359,train
121352,train
207615,train
174840,train
121923,train
197282,train
183279,train
221940,train
194527,train
199784,train
218941,train
223645,train
193806,train
209179,train
218744,train
172265,train
200745,train
178245,train
198781,train
141200,train
184569,train
205477,train
205512,train
221429,train
151578,train
182013,train
176910,train
192384,train
202175,train
93520,train
204608,train
199592,train
177050,train
181961,train
194911,train
172992,train
183902,train
96419,train
181095,test
204779,test
202419,test
174357,test
224652,test
183003,test
221262,test
122707,test
195802,test
217818,test
174981,test
183204,test
196612,test
222846,test
201159,test
182450,test
222680,test
212491,test
123174,test
198378,test
198641,test
125818,test
174010,test
190244,test
130472,test
193462,test
186448,test
194377,test
179691,test
190759,test
181372,test
172898,test
193529,test
200301,test
105672,test
187924,test
199421,test
204707,test
178393,test
181649,test
202197,test
173839,test
187408,test
200581,test
200219,test
183784,test
227315,test
180332,test
223604,test
221764,test
194271,test
177872,test
189131,test
122832,test
220158,test
175390,test
198628,test
212398,test
174466,test
96442,test
188076,test
172851,test
125487,test
191362,test
228037,test
168145,test
190319,test
182444,test
186271,test
193844,test
190193,test
180540,test
205409,test
175700,test
172760,test
182258,test
177835,test
219432,test
222909,test
167885,test
184899,test
167869,test
136964,test
109278,test
199423,test
148809,test
174633,test
204797,test
118438,test
191123,test
169752,test
96409,test
200306,test
175432,test
175817,test
183331,test
100024,test
171156,test
174674,test
178698,test
186395,test
202674,test
181894,test
199660,test
184860,test
180769,test
217791,test
211662,test
176584,test
179132,test
196898,test
199761,test
187699,test
197638,test
207567,test
202992,test
223756,test
194614,test
138699,test
186804,test
204998,test
199604,test
127689,test
219371,test
172913,test
85979,test
179252,test
176457,test
168465,test
223066,test
197535,test
220520,test
189649,test
222290,test
112542,test
220353,test
195183,test
174151,test
193049,test
193814,test
177275,test
220904,test
225967,test
145400,test
93469,test
167338,test
178991,test
206057,test
183247,test
209928,test
223713,test
177067,test
127572,test
200512,test
206666,test
188225,test
180472,test
182055,test
185817,test
186886,test
223035,test
227843,test
185200,test
177650,test
221337,test
227309,test
193852,test
182967,test
93778,test
220352,test
184235,test
172599,test
199224,test
171578,test
201307,test
222914,test
176192,test
205437,test
190580,test
211806,test
200123,test
203574,test
143426,test
178448,test
178093,test
171706,test
223964,test
219449,test
122619,test
220128,test
189022,test
203520,test
213140,test
197704,test
205798,test
202444,test
226272,test
215205,test
193328,test
175077,test
179466,test
207447,test
206628,test
125471,test
200285,test
168815,test
137990,test
200010,test
137333,test
174412,test
181501,test
201271,test
181195,test
225999,test
178843,test
211689,test
192786,test
200096,test
184873,test
133609,test
220173,test
220823,test
225047,test
142901,test
177487,test
154821,test
226761,test
198047,test
131123,test
179987,test
131291,test
189197,test
169184,test
178232,test
171904,test
182553,test
200661,test
189739,test
181500,test
175457,test
200122,test
222384,test
166251,test
183453,test
169095,test
198363,test
193715,test
223799,test
142677,test
188881,test
122867,test
175537,test
221885,test
222835,test
199751,test
166944,test
172766,test
176229,test
200639,test
179704,test
188765,test
173685,test
202803,test
186060,test
218605,test
179596,test
172418,test
192069,test
220628,test
184877,test
97508,test
152075,test
177331,test
184960,test
209858,test
195178,test
170481,test
138650,test
196108,test
226329,test
178462,test
224341,test
176515,test
173385,test
203449,test
178504,test
152999,test
179013,test
186481,test
218745,test
192253,test
221024,test
170982,test
199774,test
183635,test
194518,test
188149,test
191511,test
179210,test
200493,test
173053,test
197942,test
199055,test
133652,test
222951,test
187906,test
195927,test
125566,test
224277,test
186658,test
198415,test
175219,test
185405,test
96960,test
223866,test
215239,test
200900,test
223636,test
146053,test
175558,test
103490,test
185338,test
177617,test
198315,test
223950,test
219475,test
202148,test
206579,test
184906,test
202307,test
123234,test
174275,test
221816,test
128808,test
222864,test
224035,test
201292,test
175303,test
191279,test
222692,test
184067,test
127146,test
193647,test
122877,test
185721,test
176240,test
121832,test
222436,test
193874,test
175440,test
145371,test
145196,test
182651,test
200860,test
168188,test
182246,test
180920,test
175067,test
125246,test
200026,test
123432,test
190762,test
193483,test
227836,test
187061,test
223887,test
183709,test
183054,test
172953,test
212581,test
188837,test
224238,test
188170,test
201462,test
182605,test
172615,test
186863,test
143332,test
173832,test
193479,test
182250,test
172959,test
200896,test
200533,test
171549,test
185336,test
187964,test
127896,test
216536,test
172564,test
195719,test
174374,test
189146,test
203654,test
185888,test
221972,test
219061,test
208508,test
176790,test
223613,test
191586,test
188905,test
175402,test
119044,test
199684,test
144066,test
169158,test
182749,test
228209,test
223436,test
225129,test
169359,test
178552,test
222026,test
133709,test
197644,test
127530,test
198998,test
183487,test
177482,test
209121,test
171369,test
181551,test
124233,test
182199,test
203299,test
184190,test
139712,test
137312,test
228039,test
172956,test
193226,test
208221,test
224535,test
201569,test
189793,test
224054,test
206355,test
182389,test
207341,test
192413,test
127583,test
210781,test
211252,test
172909,test
198519,test
142647,test
217073,test
187894,test
182029,test
181643,test
193789,test
184352,test
174588,test
219156,test
223825,test
196525,test
118435,test
134729,test
221791,test
175734,test
133648,test
200409,test
175497,test
137944,test
139605,test
172729,test
171835,test
190123,test
184311,test
177680,test
173367,test
171196,test
198469,test
191162,test
148494,test
199327,test
171612,test
98384,test
221688,test
224470,test
190699,test
173779,test
179166,test
168150,test
191764,test
125465,test
196703,test
214954,test
185381,test
222859,test
202150,test
219794,test
205729,test
193008,test
175401,test
179494,test
189750,test
205455,test
175018,test
193574,test
173928,test
188304,test
173130,test
199937,test
222304,test
196101,test
169301,test
124594,test
174850,test
191568,test
125257,test
186847,test
221518,test
222857,test
121926,test
177279,test
171768,test
110592,test
176164,test
134648,test
178542,test
175683,test
188411,test
178511,test
179791,test
172191,test
221181,test
224276,test
174836,test
221537,test
175323,test
127142,test
186304,test
193069,test
173256,test
176093,test
205680,test
206570,test
223787,test
199460,test
188047,test
194050,test
174455,test
173617,test
184158,test
204997,test
219425,test
184051,test
167876,test
187357,test
122689,test
219337,test
179903,test
182507,test
200522,test
178722,test
221599,test
214957,test
181055,test
196802,test
127331,test
140946,test
172552,test
223132,test
121436,test
189857,test
189009,test
147485,test
180935,test
191372,test
185487,test
195038,test
195866,test
186435,test
172422,test
195124,test
224462,test
210616,test
185890,test
192778,test
195749,test
146465,test
221424,test
183523,test
183195,test
172411,test
175958,test
222459,test
126213,test
175720,test
101702,test
187409,test
100033,test
180456,test
201314,test
191966,test
137385,test
196435,test
183722,test
209051,test
175713,test
176961,test
176217,test
206671,test
226280,test
222824,test
199073,test
191970,test
167696,test
225965,test
219759,test
208931,test
180376,test
188317,test
179394,test
181072,test
178621,test
167872,test
177491,test
207676,test
189301,test
178869,test
214750,test
203141,test
155763,test
227074,test
200644,test
173677,test
167863,test
184903,test
221238,test
203511,test
102126,test
183787,test
174563,test
199074,test
182706,test
217896,test
183023,test
196621,test
224081,test
202065,test
227105,test
227360,test
175786,test
120555,test
122630,test
198617,test
219567,test
124221,test
184023,test
172280,test
206415,test
126337,test
213609,test
210813,test
169096,test
175096,test
191357,test
202685,test
184588,test
203112,test
173263,test
194439,test
175354,test
175461,test
120483,test
185329,test
220071,test
227524,test
218901,test
225872,test
201392,test
175340,test
181794,test
182636,test
213756,test
188039,test
125598,test
172548,test
189359,test
191145,test
202339,test
197857,test
184618,test
184332,test
207584,test
175722,test
172882,test
173694,test
179236,test
185842,test
183092,test
208199,test
174440,test
207481,test
223247,test
170959,test
219600,test
187729,test
175036,test
168612,test
178795,test
183591,test
191711,test
222588,test
206135,test
200571,test
194638,test
222653,test
186244,test
196935,test
127303,test
185533,test
182869,test
218546,test
182360,test
125567,test
138046,test
196982,test
192125,test
174720,test
201923,test
134664,test
183161,test
175750,test
203161,test
185477,test
181406,test
183436,test
195190,test
193912,test
222508,test
199005,test
194617,test
197181,test
212498,test
197971,test
202984,test
227034,test
171851,test
179709,test
205718,test
206749,test
181025,test
186642,test
172767,test
145377,test
205766,test
180103,test
204068,test
194959,test
199013,test
175677,test
123008,test
176206,test
176466,test
168131,test
206819,test
222564,test
179605,test
184786,test
174318,test
122816,test
223112,test
169777,test
203586,test
214712,test
179854,test
207555,test
207099,test
127104,test
186279,test
203745,test
191528,test
223606,test
176846,test
131277,test
123227,test
199366,test
179797,test
201331,test
195180,test
173270,test
187400,test
185221,test
196352,test
221330,test
126158,test
197563,test
184953,test
131743,test
200473,test
175483,test
212005,test
181343,test
208954,test
203445,test
96971,test
205594,test
199144,test
227114,test
176264,test
211652,test
184424,test
217817,test
128939,test
204694,test
187560,test
179242,test
184634,test
177267,test
193014,test
202273,test
182404,test
179749,test
183486,test
186554,test
195303,test
188036,test
185203,test
125942,test
177517,test
196884,test
221973,test
175405,test
181158,test
203273,test
183720,test
199648,test
212280,test
175606,test
181886,test
197288,test
192639,test
172757,test
181866,test
189303,test
186366,test
185598,test
201280,test
172114,test
199082,test
216365,test
221806,test
179372,test
180392,test
201456,test
179986,test
145314,test
200482,test
173882,test
183939,test
178359,test
224645,test
176078,test
204992,test
174055,test
176209,test
184407,test
222553,test
178836,test
188140,test
223780,test
203191,test
183307,test
212482,test
181344,test
179907,test
181924,test
183683,test
223571,test
175013,test
180535,test
219070,test
223769,test
179723,test
212673,test
184766,test
145781,test
173903,test
189018,test
176953,test
223820,test
200434,test
175492,test
175117,test
190072,test
201465,test
117809,test
93787,test
183351,test
175644,test
220563,test
171145,test
172267,test
222281,test
194292,test
123288,test
221745,test
210815,test
174407,test
205001,test
105656,test
200129,test
190229,test
173431,test
208957,test
212454,test
186880,test
202305,test
201853,test
174522,test
227368,test
191148,test
205799,test
199694,test
195030,test
122861,test
189016,test
190136,test
210253,test
173827,test
197954,test
182597,test
220581,test
227664,test
177228,test
175415,test
195297,test
181638,test
211360,test
207206,test
208540,test
204630,test
183916,test
126899,test
219695,test
224314,test
185947,test
205038,test
221427,test
217718,test
188770,test
209396,test
181308,test
203454,test
205886,test
183071,test
180488,test
190418,test
205199,test
184776,test
212315,test
176184,test
188244,test
178440,test
219427,test
201536,test
181150,test
179081,test
142820,test
187032,test
96412,test
166220,test
211735,test
130779,test
200003,test
122092,test
123390,test
191765,test
182244,test
123986,test
174960,test
142592,test
188178,test
193993,test
206591,test
201296,test
171108,test
179748,test
208702,test
185652,test
183329,test
179469,test
118626,test
182195,test
174607,test
223142,test
180552,test
226678,test
185210,test
183055,test
174089,test
223734,test
194147,test
227268,test
189773,test
214392,test
197277,test
172983,test
203472,test
202336,test
188144,test
188541,test
182634,test
174484,test
185294,test
223068,test
204810,test
183589,test
196569,test
176769,test
181269,test
180377,test
126767,test
125539,test
192091,test
202236,test
171974,test
223551,test
179224,test
209120,test
218482,test
184010,test
223460,test
222279,test
178629,test
205821,test
175647,test
126769,test
192632,test
195086,test
190701,test
189362,test
92746,test
205471,test
172975,test
171760,test
190173,test
188403,test
122242,test
221212,test
191987,test
134610,test
146410,test
96435,test
188498,test
174636,test
170989,test
223430,test
128251,test
137972,test
127324,test
212657,test
183202,test
183555,test
202476,test
181598,test
212309,test
174136,test
224030,test
200531,test
181727,test
223244,test
202201,test
189743,test
202169,test
172438,test
185074,test
121628,test
179693,test
222007,test
120484,test
138094,test
88766,test
189607,test
154738,test
179307,test
190134,test
177502,test
186399,test
191522,test
180568,test
201265,test
178339,test
172277,test
201216,test
182365,test
178794,test
209628,test
178543,test
199476,test
99609,test
206685,test
208249,test
191600,test
197502,test
222396,test
176313,test
195853,test
188175,test
92800,test
125883,test
144064,test
171550,test
212579,test
101713,test
127690,test
188078,test
222515,test
216363,test
206902,test
183216,test
202801,test
176139,test
185638,test
185269,test
184354,test
173204,test
198404,test
175668,test
208839,test
219495,test
223784,test
207929,test
189459,test
220622,test
188238,test
123281,test
172413,test
144947,test
175922,test
223706,test
197930,test
184793,test
184664,test
226394,test
220178,test
178430,test
203215,test
184181,test
168015,test
179653,test
203169,test
179931,test
180774,test
219626,test
196667,test
209793,test
173030,test
209900,test
182661,test
201540,test
205107,test
208087,test
217637,test
105380,test
203540,test
177328,test
226413,test
188123,test
182373,test
176603,test
227188,test
184396,test
199794,test
183332,test
182110,test
202967,test
175666,test
204973,test
227875,test
178924,test
173248,test
199965,test
223816,test
172455,test
186963,test
198005,test
214446,test
208988,test
175136,test
216153,test
186391,test
105384,test
217833,test
219729,test
171068,test
183213,test
177354,test
179343,test
202930,test
118666,test
180041,test
181520,test
181137,test
217639,test
219557,test
146715,test
206582,test
176256,test
226447,test
122772,test
225846,test
172119,test
124853,test
181464,test
187864,test
203336,test
181754,test
180388,test
93828,test
170991,test
129842,test
180498,test
173931,test
184143,test
201518,test
182813,test
227054,test
223211,test
198001,test
177748,test
173678,test
177673,test
187281,test
180866,test
174641,test
175685,test
204764,test
185568,test
223147,test
145212,test
184013,test
221817,test
103654,test
179989,test
206114,test
221945,test
186250,test
121356,test
188006,test
193771,test
185782,test
145245,test
219881,test
178315,test
223603,test
175927,test
190690,test
207185,test
186520,test
174531,test
221255,test
181334,test
205633,test
172589,test
195177,test
172927,test
176929,test
172499,test
180333,test
176799,test
199682,test
221318,test
203554,test
122826,test
118201,test
186026,test
180618,test
224520,test
172003,test
181983,test
177714,test
183235,test
179147,test
181129,test
205067,test
181303,test
191160,test
177430,test
203655,test
172530,test
221613,test
224220,test
198475,test
176801,test
222335,test
223836,test
208704,test
223822,test
176699,test
218458,test
209623,test
227538,test
174798,test
205854,test
172230,test
180589,test
195006,test
182054,test
188769,test
195712,test
173546,test
186408,test
199977,test
171610,test
195388,test
192690,test
191488,test
174717,test
173478,test
220564,test
219153,test
184429,test
124018,test
192749,test
201164,test
222006,test
202094,test
181958,test
193577,test
123268,test
181982,test
179681,test
224772,test
124075,test
223083,test
223203,test
218980,test
176135,test
205495,test
208484,test
169521,test
223012,test
185303,test
178978,test
171761,test
174448,test
190673,test
196859,test
202059,test
183339,test
200432,test
191502,test
173778,test
184593,test
221832,test
173016,test
219606,test
182859,test
209297,test
223087,test
187612,test
208084,test
223541,test
169221,test
180436,test
181920,test
221247,test
179085,test
181180,test
208570,test
224633,test
172669,test
221958,test
190345,test
188049,test
200428,test
184800,test
133686,test
181144,test
191222,test
179334,test
220190,test
222351,test
223568,test
223451,test
183380,test
199458,test
178385,test
180464,test
201473,test
181342,test
211505,test
189601,test
208963,test
200542,test
125416,test
181997,test
175991,test
220076,test
92711,test
222649,test
181836,test
208659,test
177369,test
175691,test
189379,test
173944,test
155424,test
167350,test
173504,test
226786,test
172478,test
182919,test
170862,test
196674,test
215058,test
171356,test
206349,test
201515,test
205513,test
222399,test
183503,test
189260,test
198811,test
224041,test
195563,test
191368,test
188161,test
178829,test
181798,test
208265,test
201095,test
199752,test
174066,test
188843,test
175154,test
221825,test
201558,test
120461,test
203092,test
188431,test
184264,test
166606,test
218952,test
181026,test
97512,test
174467,test
225511,test
193940,test
222516,test
221127,test
203617,test
121526,test
173400,test
199705,test
125281,test
176293,test
219422,test
178416,test
198054,test
185333,test
183251,test
124850,test
118720,test
224593,test
199534,test
199767,test
167900,test
173600,test
225040,test
187304,test
173717,test
183409,test
177859,test
221790,test
140018,test
197224,test
222002,test
183952,test
200649,test
175171,test
176219,test
172040,test
152301,test
145311,test
188899,test
202669,test
175966,test
226686,test
174976,test
123296,test
222652,test
191291,test
182409,test
223933,test
178840,test
180606,test
142835,test
199990,test
123385,test
182435,test
193276,test
222675,test
221946,test
188523,test
170947,test
134765,test
208079,test
175688,test
180832,test
219428,test
200098,test
187386,test
185279,test
124718,test
146602,test
139275,test
181852,test
125819,test
195541,test
199203,test
226284,test
179068,test
192818,test
194976,test
187393,test
175629,test
218982,test
181640,test
179253,test
125435,test
145640,test
174411,test
202466,test
205501,test
226835,test
124333,test
220167,test
202510,test
174085,test
175767,test
179134,test
176587,test
170984,test
222251,test
181198,test
124878,test
223693,test
196513,test
205578,test
182703,test
120339,test
173298,test
149804,test
214642,test
165985,test
191513,test
221557,test
178618,test
202255,test
185865,test
184125,test
185641,test
212751,test
190930,test
223988,test
177898,test
181452,test
192703,test
226541,test
200209,test
175891,test
175044,test
120419,test
185025,test
176145,test
199208,test
193582,test
169207,test
203327,test
133607,test
127094,test
202709,test
182018,test
145254,test
210601,test
218114,test
223722,test
185349,test
171542,test
178927,test
188784,test
178268,test
178104,test
189800,test
203189,test
205400,test
188098,test
188486,test
209921,test
179302,test
203289,test
181033,test
225011,test
206180,test
219680,test
124881,test
186501,test
118566,test
187251,test
181594,test
220483,test
198517,test
211774,test
121930,test
205443,test
219463,test
168932,test
195517,test
184836,test
219411,test
184289,test
208317,test
220580,test
134229,test
222634,test
176822,test
143467,test
210930,test
183389,test
228142,test
177530,test
221957,test
227096,test
158056,test
168909,test
174233,test
209415,test
196987,test
192499,test
146815,test
190064,test
172360,test
221348,test
184962,test
199963,test
121242,test
221792,test
183314,test
212312,test
180694,test
100568,test
176575,test
120115,test
194831,test
194084,test
205406,test
103143,test
195304,test
226034,test
222334,test
178215,test
174734,test
187593,test
194908,test
220188,test
197329,test
87258,test
224778,test
213472,test
175664,test
130981,test
182031,test
182633,test
219885,test
227306,test
175598,test
209397,test
172262,test
172475,test
134333,test
220263,test
152980,test
198514,test
172612,test
204669,test
199249,test
118646,test
196056,test
185595,test
219556,test
202303,test
184956,test
173714,test
169163,test
186953,test
171858,test
173042,test
177766,test
222664,test
142798,test
189598,test
181831,test
184160,test
223159,test
117869,test
171367,test
227497,test
176835,test
186829,test
178428,test
209534,test
222537,test
179048,test
176435,test
166004,test
205619,test
183724,test
183490,test
193004,test
178718,test
222749,test
173317,test
201438,test
227056,test
176778,test
174325,test
223848,test
128810,test
200439,test
198359,test
199580,test
224599,test
224004,test
193667,test
137982,test
200919,test
181246,test
168825,test
196814,test
189640,test
178417,test
196464,test
182517,test
127095,test
186109,test
176592,test
202058,test
179952,test
197544,test
123370,test
202679,test
177744,test
185417,test
194001,test
175322,test
181044,test
175556,test
202040,test
183200,test
126755,test
221680,test
188497,test
200611,test
197979,test
121241,test
194841,test
183713,test
212282,test
211743,test
217860,test
181703,test
188583,test
177761,test
173938,test
221018,test
173218,test
179396,test
172598,test
92719,test
221240,test
200032,test
224235,test
184571,test
183257,test
195850,test
187522,test
127280,test
191166,test
197938,test
185240,test
182100,test
222708,test
199759,test
220719,test
200928,test
172891,test
205403,test
219024,test
175783,test
128461,test
196470,test
199538,test
166278,test
219876,test
209687,test
222158,test
117859,test
195412,test
172445,test
190185,test
190066,test
185775,test
198589,test
127172,test
209303,test
179982,test
173651,test
178713,test
188490,test
194928,test
176039,test
221421,test
224590,test
200589,test
178611,test
188363,test
202200,test
179895,test
169173,test
181940,test
172671,test
200217,test
179438,test
181869,test
179418,test
186229,test
179624,test
202818,test
204919,test
222721,test
227316,test
185772,test
180170,test
222712,test
96377,test
220774,test
177467,test
169443,test
175086,test
197874,test
199541,test
189054,test
201672,test
187561,test
175874,test
214989,test
205414,test
167343,test
203294,test
181585,test
178563,test
203300,test
186412,test
183624,test
215024,test
173515,test
203589,test
169160,test
172395,test
173748,test
195661,test
219158,test
146468,test
173222,test
186371,test
210883,test
181834,test
177496,test
185481,test
201441,test
176410,test
176398,test
187274,test
92775,test
180672,test
181339,test
182586,test
172783,test
173558,test
213064,test
193673,test
122048,test
179856,test
199444,test
222984,test
92814,test
226811,test
181264,test
219603,test
187179,test
108189,test
180938,test
190779,test
182443,test
202287,test
187053,test
177481,test
144132,test
186857,test
134646,test
193469,test
180526,test
182872,test
222767,test
227245,test
180730,test
172820,test
172805,test
180052,test
144068,test
186331,test
221993,test
185906,test
214389,test
200202,test
186455,test
173744,test
179482,test
177585,test
223556,test
183403,test
203664,test
199709,test
225003,test
205642,test
181841,test
185206,test
176215,test
189824,test
205347,test
203487,test
196121,test
180217,test
174775,test
219684,test
197598,test
207035,test
186895,test
193759,test
177957,test
182770,test
223355,test
192771,test
216102,test
221129,test
178153,test
204577,test
227197,test
199329,test
124711,test
222621,test
101957,test
194211,test
222376,test
223164,test
184773,test
221403,test
197428,test
208089,test
177337,test
189137,test
209137,test
120026,test
171070,test
179500,test
188417,test
172273,test
173760,test
175034,test
199206,test
125537,test
212727,test
198807,test
172328,test
150884,test
199163,test
133234,test
122875,test
198563,test
205498,test
221651,test
219611,test
174139,test
183412,test
172661,test
179676,test
221048,test
188589,test
199150,test
195158,test
179211,test
199373,test
212185,test
210996,test
182820,test
181507,test
117502,test
182401,test
222989,test
197335,test
221230,test
199061,test
197281,test
176802,test
172303,test
215008,test
224026,test
182488,test
188421,test
124353,test
208524,test
188504,test
197347,test
175053,test
188037,test
126557,test
198376,test
182708,test
223518,test
216296,test
220830,test
209299,test
183067,test
169936,test
173937,test
200917,test
221867,test
175000,test
205615,test
92683,test
124226,test
128316,test
203780,test
175236,test
204705,test
221243,test
203407,test
205187,test
202297,test
98923,test
220423,test
181719,test
134533,test
182717,test
215780,test
228041,test
203536,test
219491,test
227377,test
219947,test
178649,test
181809,test
205359,test
210566,test
204575,test
150853,test
223730,test
192700,test
196840,test
190059,test
208123,test
175844,test
183659,test
172515,test
175339,test
200941,test
172506,test
186262,test
186051,test
173165,test
183342,test
176940,test
186434,test
173736,test
176585,test
119522,test
173571,test
211949,test
188262,test
152077,test
185836,test
186504,test
178019,test
167312,test
178183,test
188323,test
187014,test
119886,test
225990,test
226982,test
183715,test
203695,test
223047,test
186521,test
166887,test
224694,test
200254,test
202165,test
132241,test
166814,test
122631,test
184400,test
125876,test
168610,test
183950,test
178363,test
184050,test
219072,test
221412,test
199148,test
221611,test
183375,test
177842,test
220186,test
189361,test
178780,test
146460,test
177831,test
172074,test
216980,test
101933,test
186558,test
187150,test
218756,test
202972,test
122059,test
174426,test
196381,test
178191,test
126227,test
197496,test
202001,test
217815,test
179869,test
210575,test
182328,test
173848,test
199506,test
199136,test
210810,test
200172,test
200985,test
85334,test
189254,test
221863,test
171781,test
220121,test
211647,test
181537,test
221249,test
176401,test
98683,test
198392,test
122110,test
225118,test
175213,test
196792,test
196845,test
198306,test
93681,test
204802,test
221725,test
172225,test
179985,test
166943,test
145452,test
196448,test
186242,test
177988,test
200548,test
147322,test
221564,test
173561,test
185694,test
228197,test
182048,test
199417,test
173514,test
226058,test
193690,test
173922,test
176274,test
175718,test
205071,test
192135,test
192879,test
189589,test
223940,test
228151,test
187069,test
172816,test
223531,test
127733,test
202678,test
182201,test
103525,test
122859,test
188501,test
197893,test
179736,test
137898,test
227532,test
184794,test
210250,test
227048,test
125432,test
190801,test
196454,test
196270,test
187018,test
227560,test
191363,test
223746,test
184191,test
189893,test
207551,test
118779,test
126597,test
125995,test
190062,test
195843,test
192494,test
199191,test
126073,test
225648,test
227222,test
174762,test
186819,test
118385,test
186546,test
137136,test
152990,test
227017,test
183647,test
117863,test
172885,test
219347,test
199929,test
192390,test
174628,test
171059,test
202146,test
222690,test
192720,test
172474,test
173826,test
179892,test
184915,test
182640,test
219734,test
122971,test
223447,test
146490,test
187265,test
215235,test
185835,test
205852,test
122878,test
203457,test
202496,test
190996,test
204999,test
146386,test
185423,test
222467,test
194601,test
146474,test
190335,test
177465,test
197945,test
202729,test
221943,test
178103,test
199197,test
173038,test
142462,test
127723,test
223583,test
207100,test
126727,test
223788,test
128298,test
123284,test
187385,test
184952,test
223752,test
189432,test
217816,test
183665,test
183017,test
201492,test
216225,test
141704,test
204667,test
206770,test
199254,test
207821,test
196801,test
122913,test
123283,test
180661,test
182072,test
194641,test
174669,test
187601,test
221959,test
173851,test
197912,test
204920,test
178520,test
203410,test
189121,test
183508,test
185142,test
177231,test
182298,test
179820,test
183780,test
219790,test
169450,test
221553,test
179996,test
212056,test
173924,test
179488,test
201777,test
206041,test
200234,test
130479,test
126090,test
176729,test
225339,test
212279,test
175709,test
221849,test
170946,test
183335,test
221979,test
224471,test
175787,test
119990,test
228144,test
178764,test
179638,test
120391,test
101950,test
183688,test
202968,test
208344,test
182074,test
179497,test
127112,test
218517,test
222830,test
184007,test
200168,test
200585,test
126911,test
185728,test
186850,test
198382,test
180979,test
222003,test
186354,test
209976,test
197339,test
220181,test
187925,test
172511,test
185797,test
221932,test
208264,test
181326,test
211808,test
175032,test
165833,test
201603,test
170688,test
170512,test
192598,test
185966,test
186032,test
138488,test
178878,test
200927,test
186901,test
211411,test
171750,test
205687,test
150322,test
173007,test
186871,test
195703,test
220443,test
192692,test
192862,test
94134,test
184918,test
212474,test
184349,test
205439,test
177731,test
185114,test
176155,test
199465,test
184703,test
179428,test
172780,test
200312,test
178705,test
199516,test
221783,test
135195,test
194711,test
201739,test
177669,test
196190,test
166080,test
86306,test
223250,test
200430,test
184184,test
184809,test
188054,test
224517,test
219007,test
174419,test
226019,test
179589,test
223653,test
195468,test
202702,test
189533,test
141628,test
185723,test
207549,test
192649,test
137256,test
189835,test
185531,test
173297,test
223764,test
199162,test
146491,test
220576,test
176721,test
227526,test
201925,test
173144,test
173654,test
225254,test
189576,test
203233,test
201323,test
203287,test
185750,test
178999,test
218315,test
220534,test
181578,test
120285,test
190704,test
226595,test
176722,test
193502,test
179075,test
182614,test
180883,test
218707,test
179772,test
186467,test
182103,test
222291,test
147081,test
122710,test
179376,test
194049,test
177776,test
124084,test
174253,test
212566,test
222388,test
195154,test
220213,test
174832,test
205488,test
199006,test
197515,test
194993,test
181059,test
179896,test
186845,test
188789,test
209685,test
96835,test
168348,test
178622,test
221820,test
169111,test
173162,test
195983,test
181172,test
118553,test
200932,test
122349,test
197400,test
173048,test
186636,test
94125,test
200689,test
211246,test
178147,test
222134,test
197685,test
198611,test
221100,test
200269,test
168158,test
176865,test
172880,test
204084,test
176018,test
214740,test
201235,test
192650,test
195113,test
227543,test
124847,test
180972,test
179571,test
193593,test
181510,test
198391,test
208705,test
223030,test
189468,test
178429,test
219765,test
190225,test
197227,test
207852,test
182911,test
207675,test
198453,test
175427,test
181311,test
220369,test
127668,test
214458,test
184756,test
223567,test
195522,test
188074,test
223986,test
175960,test
198366,test
198233,test
185658,test
176059,test
196777,test
200604,test
201163,test
184662,test
171620,test
227690,test
187041,test
220470,test
219822,test
189324,test
182067,test
199268,test
198521,test
182126,test
180662,test
194255,test
191631,test
152946,test
199726,test
190003,test
200470,test
220521,test
198545,test
174752,test
195121,test
196078,test
220782,test
199139,test
221420,test
179764,test
203257,test
187859,test
185795,test
193312,test
216165,test
165891,test
192367,test
222273,test
215034,test
227215,test
173324,test
211663,test
176247,test
222347,test
137262,test
180529,test
196572,test
188143,test
200546,test
185402,test
209046,test
136920,test
189134,test
92724,test
181380,test
177642,test
219533,test
195070,test
180302,test
205871,test
209049,test
146409,test
202278,test
181428,test
118461,test
194624,test
205660,test
200983,test
170987,test
129991,test
221206,test
209872,test
178834,test
197140,test
201376,test
172900,test
180692,test
206127,test
171848,test
181374,test
204028,test
175395,test
133696,test
222662,test
177315,test
212258,test
197118,test
188851,test
178675,test
226399,test
124343,test
213485,test
182812,test
219817,test
209317,test
190530,test
133519,test
171149,test
212348,test
189040,test
212560,test
140064,test
185546,test
184909,test
174310,test
199871,test
174533,test
218444,test
196940,test
173789,test
180421,test
172919,test
176828,test
193655,test
225813,test
206637,test
134719,test
118427,test
108734,test
190261,test
175595,test
184435,test
226389,test
199473,test
209148,test
198425,test
221083,test
186305,test
176495,test
192495,test
176196,test
192118,test
96366,test
208537,test
214721,test
178550,test
181780,test
190754,test
197931,test
168189,test
219972,test
224232,test
150755,test
137146,test
188537,test
126155,test
224050,test
227209,test
201324,test
184350,test
96434,test
165978,test
176273,test
193214,test
187845,test
220454,test
219530,test
176679,test
203627,test
185695,test
190076,test
191293,test
184390,test
174553,test
174185,test
183219,test
120487,test
222130,test
182527,test
119828,test
223996,test
197871,test
137257,test
202793,test
126018,test
137722,test
125844,test
177121,test
127542,test
96954,test
184282,test
225869,test
188099,test
196817,test
193344,test
179872,test
208571,test
138795,test
135019,test
169332,test
183711,test
179045,test
173947,test
186541,test
187364,test
199701,test
196462,test
193317,test
181802,test
212295,test
190300,test
208656,test
92777,test
205681,test
177289,test
197394,test
193913,test
154819,test
194884,test
202279,test
178383,test
180761,test
124795,test
220717,test
183376,test
126792,test
171950,test
200540,test
178599,test
202331,test
176675,test
189216,test
220389,test
218774,test
201893,test
169801,test
217940,test
199409,test
182253,test
176725,test
103645,test
180107,test
214572,test
188693,test
226165,test
197195,test
221835,test
133701,test
179388,test
181732,test
205192,test
207177,test
225029,test
187827,test
225112,test
198508,test
171975,test
222910,test
213616,test
119483,test
179108,test
220666,test
180896,test
208171,test
127301,test
176812,test
192498,test
176568,test
173724,test
205055,test
220046,test
185719,test
207546,test
171147,test
196521,test
220098,test
171338,test
177830,test
178492,test
172985,test
135367,test
177822,test
191142,test
177329,test
185739,test
188440,test
187746,test
150836,test
172099,test
220843,test
187184,test
223444,test
175437,test
121588,test
182666,test
121971,test
183797,test
185066,test
193587,test
207105,test
122115,test
203434,test
222962,test
218446,test
202794,test
198385,test
191235,test
193994,test
165999,test
207853,test
216016,test
188840,test
195167,test
209210,test
214961,test
202281,test
186073,test
224481,test
204059,test
120479,test
167892,test
175174,test
203463,test
142626,test
209473,test
196915,test
174743,test
179358,test
200487,test
196995,test
175638,test
181021,test
224243,test
196722,test
109128,test
227564,test
180912,test
206131,test
188768,test
133655,test
209929,test
186475,test
186398,test
186996,test
184752,test
176353,test
207375,test
172771,test
180755,test
195019,test
189110,test
181777,test
222959,test
184882,test
179305,test
193422,test
189023,test
178138,test
143659,test
206687,test
179245,test
184486,test
201528,test
190020,test
203663,test
125507,test
180651,test
171982,test
223872,test
175743,test
179636,test
179333,test
187309,test
222698,test
183681,test
183420,test
176056,test
188052,test
127687,test
134657,test
179629,test
213204,test
222609,test
219159,test
143587,test
175641,test
101903,test
125609,test
185459,test
179822,test
185353,test
177784,test
125426,test
214745,test
179167,test
180335,test
179727,test
220141,test
176668,test
188712,test
176355,test
222691,test
204064,test
221186,test
209122,test
203409,test
182704,test
199016,test
127516,test
193985,test
180391,test
192060,test
183019,test
182135,test
173595,test
190461,test
223827,test
120706,test
190760,test
135729,test
226820,test
189417,test
221395,test
188906,test
224664,test
197932,test
186091,test
138678,test
219469,test
222716,test
173844,test
227330,test
219064,test
221733,test
176220,test
131027,test
175455,test
96405,test
227256,test
186508,test
192505,test
218589,test
122795,test
196825,test
145415,test
189145,test
221293,test
221063,test
178596,test
189139,test
195416,test
186805,test
127666,test
221922,test
224077,test
206679,test
187046,test
209636,test
172563,test
201277,test
180842,test
193579,test
191968,test
194610,test
174540,test
222778,test
221495,test
222138,test
201514,test
173147,test
178681,test
225963,test
183622,test
182670,test
206182,test
201360,test
219339,test
118773,test
180574,test
120303,test
176600,test
124677,test
223229,test
200088,test
197596,test
124088,test
175989,test
224647,test
187758,test
205061,test
222972,test
189543,test
181178,test
195772,test
221539,test
190961,test
173468,test
203103,test
223415,test
208365,test
211307,test
177645,test
178046,test
177360,test
203713,test
203301,test
201993,test
92769,test
177105,test
207559,test
126226,test
182077,test
180843,test
199706,test
141696,test
182371,test
177866,test
199214,test
180454,test
222001,test
175951,test
175161,test
182042,test
167683,test
215782,test
223863,test
180470,test
195186,test
126017,test
203290,test
205862,test
206776,test
208096,test
225505,test
183313,test
187276,test
187370,test
211815,test
146463,test
175024,test
195172,test
201401,test
195521,test
118730,test
224511,test
226405,test
203657,test
184590,test
203332,test
184379,test
203096,test
180096,test
198590,test
121294,test
206504,test
173732,test
204836,test
205198,test
186873,test
122056,test
181910,test
220737,test
180524,test
185192,test
137346,test
224274,test
195768,test
200848,test
183587,test
181159,test
222826,test
197073,test
121859,test
171076,test
201684,test
121862,test
182273,test
178389,test
219696,test
212020,test
179051,test
129992,test
130706,test
225021,test
224282,test
219503,test
195793,test
187149,test
174483,test
180528,test
223252,test
177738,test
202332,test
184119,test
182827,test
126763,test
223045,test
225508,test
178356,test
188821,test
213606,test
177749,test
216758,test
212089,test
200233,test
191722,test
172415,test
176476,test
169165,test
137421,test
177242,test
205885,test
180759,test
186482,test
226736,test
205929,test
196663,test
185556,test
219865,test
123691,test
190507,test
130568,test
184636,test
220185,test
221364,test
220436,test
186888,test
177725,test
176347,test
226387,test
192805,test
208170,test
183910,test
197141,test
218788,test
186367,test
84854,test
187382,test
211379,test
174110,test
225027,test
198583,test
134644,test
180192,test
183312,test
180510,test
145315,test
179616,test
181779,test
181860,test
197113,test
196934,test
185121,test
202447,test
223867,test
173598,test
218976,test
172485,test
224137,test
125705,test
118645,test
184702,test
220097,test
208081,test
192122,test
226377,test
121728,test
201720,test
223076,test
174160,test
187545,test
221145,test
184671,test
227746,test
184641,test
198208,test
191919,test
214434,test
174368,test
204660,test
189474,test
166898,test
225680,test
181191,test
203521,test
185092,test
190743,test
180514,test
197990,test
223527,test
187750,test
127663,test
184393,test
203571,test
168197,test
200099,test
224024,test
196585,test
175149,test
218830,test
194651,test
174693,test
191154,test
182079,test
150781,test
201983,test
212007,test
200949,test
199036,test
211405,test
173091,test
199994,test
175345,test
219639,test
227460,test
185544,test
184578,test
220203,test
172858,test
200199,test
203284,test
181891,test
180891,test
175005,test
195170,test
120975,test
176882,test
182991,test
199328,test
151020,test
178850,test
196466,test
212662,test
211447,test
198210,test
191067,test
176168,test
178846,test
192800,test
223350,test
211412,test
210971,test
153819,test
175325,test
189358,test
199261,test
214457,test
200987,test
184451,test
177489,test
205562,test
175714,test
198606,test
206050,test
221788,test
192768,test
219409,test
171877,test
141697,test
203188,test
177769,test
138663,test
191961,test
226161,test
182629,test
199558,test
220844,test
176866,test
188904,test
180447,test
199411,test
93786,test
226890,test
184679,test
203543,test
186914,test
201505,test
183014,test
186270,test
183477,test
226650,test
179058,test
179747,test
185999,test
190488,test
221373,test
202304,test
105674,test
195941,test
172634,test
197915,test
201686,test
188903,test
201186,test
171071,test
181446,test
193653,test
185354,test
122827,test
210573,test
171616,test
219434,test
214196,test
184211,test
176446,test
123207,test
183256,test
186523,test
121373,test
173564,test
173929,test
208173,test
219381,test
223497,test
186552,test
222108,test
217494,test
125919,test
134654,test
222173,test
126904,test
203397,test
182837,test
170606,test
199486,test
172212,test
122039,test
137034,test
194961,test
211516,test
200155,test
207587,test
219071,test
219596,test
219831,test
200853,test
193021,test
184380,test
183990,test
183905,test
189806,test
203615,test
123238,test
177311,test
220635,test
146471,test
179470,test
175602,test
178852,test
179489,test
227016,test
177873,test
181627,test
224767,test
187893,test
219816,test
117885,test
218770,test
197018,test
186866,test
205617,test
199028,test
203418,test
187495,test
180458,test
184035,test
187826,test
173103,test
184754,test
187571,test
222949,test
182202,test
184238,test
219974,test
199449,test
219346,test
97525,test
217189,test
205998,test
200169,test
120307,test
149343,test
180121,test
173722,test
127905,test
176257,test
223807,test
186488,test
140010,test
176451,test
207573,test
223597,test
177737,test
185430,test
175020,test
183632,test
223562,test
183552,test
205483,test
120629,test
175852,test
129865,test
171390,test
205590,test
181962,test
222270,test
167778,test
178067,test
171098,test
26046,test
177509,test
182588,test
175656,test
196362,test
174855,test
211653,test
183137,test
172965,test
223585,test
177734,test
211429,test
186080,test
198828,test
224139,test
219962,test
180893,test
196244,test
181847,test
183603,test
119108,test
219220,test
177782,test
185223,test
221548,test
216173,test
193721,test
177250,test
222893,test
187962,test
75317,test
199662,test
178975,test
223944,test
176330,test
190639,test
205815,test
181450,test
172369,test
223662,test
198411,test
193728,test
126907,test
208869,test
222092,test
186654,test
196271,test
222763,test
188503,test
226748,test
179852,test
181760,test
193347,test
184746,test
203716,test
181084,test
184064,test
221577,test
184307,test
169178,test
176933,test
179609,test
205436,test
212002,test
211947,test
203210,test
199986,test
220096,test
166869,test
219784,test
169144,test
200857,test
217932,test
188061,test
207556,test
180840,test
200904,test
200406,test
119894,test
206542,test
127580,test
184757,test
145386,test
174391,test
222363,test
209904,test
220397,test
176162,test
168757,test
200419,test
181203,test
137033,test
171355,test
194923,test
166146,test
222928,test
184111,test
185148,test
205386,test
203211,test
181186,test
184745,test
175087,test
212511,test
105381,test
133579,test
213477,test
137314,test
194616,test
211744,test
214726,test
172419,test
176613,test
218939,test
202080,test
201183,test
126215,test
219074,test
170449,test
212875,test
219969,test
198802,test
138691,test
219243,test
128811,test
186050,test
195175,test
180532,test
176267,test
179701,test
208367,test
188807,test
173613,test
172376,test
188579,test
175165,test
207080,test
218479,test
190893,test
196177,test
178887,test
175620,test
177192,test
227328,test
195787,test
227491,test
222398,test
92774,test
221520,test
180707,test
171413,test
175033,test
128824,test
176746,test
178362,test
139101,test
184896,test
209180,test
105579,test
155772,test
211324,test
214439,test
174266,test
185536,test
223401,test
185591,test
189537,test
176464,test
179751,test
191678,test
174433,test
184997,test
179544,test
220187,test
173328,test
188803,test
200608,test
180325,test
181923,test
137416,test
176791,test
196820,test
199676,test
192103,test
192124,test
175628,test
196979,test
120320,test
175460,test
179910,test
180564,test
178747,test
181613,test
182369,test
179228,test
182432,test
97393,test
178854,test
176810,test
175163,test
88027,test
200933,test
188005,test
182915,test
211796,test
119606,test
119464,test
175319,test
197715,test
225256,test
223049,test
184627,test
125415,test
200610,test
176935,test
130000,test
196545,test
173095,test
180029,test
128319,test
207723,test
123009,test
200292,test
187058,test
221241,test
219360,test
179657,test
175031,test
180045,test
175254,test
219372,test
176635,test
213119,test
126782,test
190347,test
203728,test
194904,test
222047,test
127907,test
185343,test
122045,test
189150,test
137977,test
213484,test
196991,test
223366,test
214369,test
188832,test
205904,test
196961,test
192796,test
196390,test
184214,test
189752,test
174928,test
207578,test
191625,test
184383,test
133651,test
186547,test
176642,test
211938,test
223665,test
182144,test
121962,test
184210,test
184384,test
188756,test
184548,test
195969,test
198361,test
200997,test
177281,test
133603,test
199969,test
187269,test
187142,test
185838,test
211365,test
221227,test
188662,test
223459,test
180807,test
181998,test
171762,test
96379,test
188487,test
170124,test
130781,test
206038,test
203825,test
196657,test
192984,test
206481,test
134732,test
198728,test
180382,test
88433,test
176185,test
169528,test
80161,test
196939,test
142802,test
203138,test
149807,test
181425,test
118777,test
188973,test
178505,test
180502,test
102039,test
186338,test
227219,test
179630,test
126786,test
146388,test
181883,test
223145,test
183366,test
173904,test
223578,test
173443,test
129857,test
223761,test
194215,test
139368,test
167705,test
208117,test
179042,test
101955,test
120482,test
194179,test
173051,test
175203,test
196630,test
186940,test
185768,test
197201,test
174340,test
126708,test
180126,test
118177,test
218543,test
137383,test
175139,test
227387,test
118473,test
178717,test
169098,test
188132,test
94129,test
207107,test
131127,test
126558,test
221528,test
226382,test
182012,test
205611,test
222067,test
172508,test
211180,test
186509,test
187203,test
174091,test
145399,test
186837,test
199452,test
225289,test
183291,test
200561,test
223854,test
191593,test
188887,test
174189,test
125288,test
209541,test
187839,test
202284,test
186943,test
218538,test
145246,test
184056,test
206620,test
175057,test
222169,test
186884,test
124219,test
127306,test
205451,test
201493,test
176763,test
200226,test
196794,test
171403,test
203550,test
205795,test
209632,test
183298,test
214732,test
184403,test
226763,test
227549,test
199320,test
201850,test
203086,test
179651,test
197900,test
144970,test
131269,test
181641,test
222888,test
204712,test
200550,test
171896,test
224350,test
172957,test
183504,test
219426,test
175872,test
183731,test
189790,test
194622,test
206505,test
193689,test
207583,test
193426,test
172936,test
193695,test
224284,test
211209,test
187897,test
137269,test
172017,test
224896,test
223025,test
193339,test
189605,test
198042,test
131535,test
200596,test
174640,test
183326,test
174835,test
180042,test
218484,test
212353,test
204984,test
175672,test
212091,test
194152,test
199748,test
179088,test
171771,test
172420,test
127128,test
226553,test
223857,test
221472,test
220211,test
227652,test
227322,test
208694,test
209099,test
171878,test
175728,test
185676,test
122186,test
130587,test
176937,test
222372,test
171545,test
215060,test
185523,test
175888,test
166922,test
222627,test
197081,test
200612,test
211530,test
169152,test
185779,test
203653,test
207679,test
175027,test
185215,test
119666,test
204580,test
199030,test
211789,test
172970,test
202735,test
180289,test
146730,test
214705,test
181207,test
124848,test
172231,test
200629,test
177809,test
194710,test
172889,test
227089,test
222342,test
189759,test
219635,test
200555,test
134428,test
182050,test
227654,test
221966,test
176615,test
181967,test
146462,test
170335,test
222318,test
187010,test
221456,test
196799,test
183127,test
224584,test
197287,test
192342,test
137038,test
173223,test
206684,test
185388,test
174559,test
200952,test
186826,test
172656,test
175765,test
167841,test
180652,test
180047,test
201194,test
212887,test
122763,test
187013,test
181880,test
196397,test
222669,test
137993,test
220836,test
214430,test
96987,test
172216,test
199728,test
209476,test
178745,test
194690,test
196729,test
185468,test
181304,test
200446,test
181233,test
122144,test
187255,test
177812,test
203587,test
198708,test
179686,test
183518,test
222568,test
192410,test
200751,test
189464,test
213668,test
205910,test
194652,test
219413,test
173762,test
220037,test
214607,test
221297,test
175617,test
224596,test
199011,test
185868,test
197337,test
205000,test
226993,test
221308,test
205711,test
186370,test
222608,test
206651,test
123347,test
176490,test
118668,test
150756,test
206125,test
117823,test
178944,test
186887,test
223929,test
178839,test
179037,test
219536,test
179853,test
102076,test
224119,test
178113,test
202441,test
188968,test
226760,test
177344,test
223421,test
180881,test
124083,test
176296,test
184565,test
181865,test
199247,test
187604,test
173436,test
219745,test
202681,test
168180,test
194613,test
224304,test
223505,test
149186,test
215781,test
174638,test
180249,test
176411,test
201550,test
130763,test
200303,test
204696,test
225870,test
193345,test
200090,test
208407,test
224483,test
176252,test
187054,test
173658,test
218616,test
197202,test
144728,test
130765,test
183964,test
201267,test
202044,test
194664,test
176646,test
213664,test
223960,test
178148,test
184678,test
174783,test
137338,test
121256,test
225823,test
196524,test
175589,test
189027,test
176489,test
178388,test
198623,test
175075,test
189992,test
179692,test
207655,test
201564,test
179061,test
187851,test
166862,test
219946,test
223108,test
202207,test
222503,test
208874,test
122886,test
178740,test
177317,test
177403,test
176423,test
219810,test
186904,test
117857,test
191076,test
197017,test
127531,test
141703,test
196128,test
145253,test
227103,test
179779,test
179618,test
219975,test
216033,test
192441,test
199237,test
228032,test
172998,test
203183,test
182505,test
118459,test
203333,test
225822,test
214685,test
184875,test
125665,test
172424,test
200614,test
183920,test
223673,test
137885,test
148782,test
195099,test
223934,test
120333,test
207942,test
221707,test
127582,test
211402,test
181695,test
223063,test
176936,test
185510,test
188974,test
199930,test
92687,test
166960,test
222919,test
195008,test
152973,test
172501,test
177538,test
184704,test
140073,test
226616,test
170961,test
171566,test
203328,test
221705,test
207262,test
183343,test
202821,test
136960,test
219818,test
189761,test
126167,test
227490,test
202168,test
223532,test
222507,test
191149,test
173293,test
220034,test
126766,test
200911,test
193738,test
177763,test
182020,test
168206,test
175021,test
186203,test
173257,test
174393,test
183136,test
178336,test
188227,test
198503,test
148272,test
196620,test
211782,test
193044,test
183631,test
186815,test
202039,test
190165,test
202477,test
223804,test
197543,test
199106,test
193849,test
201115,test
101712,test
199174,test
168137,test
182751,test
105870,test
183643,test
126768,test
182913,test
173382,test
196989,test
219977,test
211854,test
180504,test
186808,test
221488,test
184196,test
175301,test
177733,test
182738,test
176028,test
189596,test
176180,test
169625,test
131271,test
182382,test
176732,test
217808,test
179667,test
224009,test
108740,test
125891,test
211523,test
190805,test
176712,test
200393,test
189779,test
183573,test
212876,test
178973,test
204867,test
212653,test
184345,test
187934,test
182491,test
219575,test
179728,test
192788,test
222663,test
181328,test
118682,test
185792,test
187240,test
120764,test
172916,test
179190,test
219804,test
214588,test
174856,test
220834,test
134916,test
137087,test
220700,test
186946,test
219262,test
195112,test
194105,test
226249,test
182176,test
224189,test
217979,test
190755,test
219497,test
195322,test
203140,test
173447,test
195128,test
211362,test
166892,test
197283,test
178410,test
200645,test
189609,test
222760,test
219660,test
187147,test
190697,test
196232,test
197564,test
177177,test
195009,test
216316,test
145456,test
138765,test
174915,test
167316,test
189788,test
185225,test
175334,test
197294,test
189293,test
205012,test
122698,test
177956,test
181345,test
188059,test
219960,test
222920,test
214334,test
172907,test
193676,test
190489,test
207183,test
205863,test
93795,test
147090,test
224037,test
185823,test
178715,test
124885,test
182327,test
219587,test
183255,test
172952,test
175947,test
174532,test
173787,test
197974,test
138927,test
133574,test
148324,test
177813,test
92810,test
195068,test
180961,test
172318,test
201973,test
186767,test
203613,test
177523,test
176238,test
178757,test
188046,test
221930,test
222908,test
171141,test
179309,test
179625,test
219465,test
138127,test
193869,test
215012,test
211666,test
218782,test
121702,test
126047,test
101945,test
124073,test
185489,test
171850,test
188761,test
224018,test
204665,test
172943,test
175766,test
119846,test
176948,test
133233,test
200532,test
120759,test
110595,test
127548,test
194913,test
177724,test
186357,test
175316,test
180699,test
199483,test
122830,test
171565,test
182845,test
227118,test
182752,test
200255,test
179875,test
224044,test
184677,test
181753,test
227805,test
138565,test
199202,test
172397,test
209855,test
100558,test
120669,test
199741,test
188219,test
217832,test
201437,test
182774,test
180546,test
137329,test
197383,test
181215,test
188145,test
166605,test
125423,test
224242,test
207585,test
194258,test
189582,test
190042,test
181381,test
227194,test
225338,test
179760,test
184017,test
179632,test
202293,test
120290,test
185367,test
177665,test
174051,test
221559,test
203009,test
126729,test
176500,test
190242,test
177227,test
193629,test
183727,test
174212,test
120894,test
188734,test
122695,test
214494,test
211264,test
172513,test
181978,test
190341,test
222048,test
181604,test
182555,test
108824,test
125546,test
214450,test
176639,test
220687,test
179194,test
175726,test
182741,test
172663,test
181370,test
173909,test
214291,test
188702,test
145304,test
203588,test
178475,test
192269,test
184839,test
220557,test
191228,test
173072,test
212319,test
171138,test
223953,test
222323,test
202789,test
179619,test
175934,test
169653,test
203250,test
184464,test
181005,test
125805,test
197884,test
227323,test
172539,test
185422,test
183051,test
192042,test
198726,test
172980,test
174514,test
185378,test
175335,test
168622,test
126777,test
200131,test
207720,test
180635,test
183146,test
133586,test
173373,test
219511,test
212567,test
191167,test
178458,test
206752,test
220386,test
223992,test
186932,test
184151,test
192885,test
182881,test
193198,test
202078,test
201469,test
176688,test
184121,test
224478,test
206633,test
184302,test
135763,test
120505,test
182335,test
175854,test
179401,test
175289,test
182999,test
133606,test
174445,test
192127,test
188257,test
180227,test
196425,test
178759,test
173015,test
222076,test
218762,test
227228,test
179634,test
181602,test
174664,test
175321,test
174068,test
194241,test
200834,test
183735,test
198213,test
169508,test
181146,test
172517,test
188815,test
224134,test
120315,test
220482,test
206563,test
207204,test
224053,test
203645,test
185907,test
174263,test
93671,test
180778,test
192105,test
224936,test
139716,test
206503,test
222912,test
187501,test
221836,test
199695,test
222710,test
222625,test
173591,test
211352,test
202283,test
172368,test
122889,test
175522,test
122727,test
205659,test
184432,test
141159,test
193698,test
174677,test
195311,test
193682,test
197759,test
180534,test
221897,test
145244,test
201416,test
186809,test
177053,test
191629,test
122179,test
200223,test
119973,test
198668,test
227731,test
186480,test
182910,test
174574,test
193402,test
200947,test
193562,test
168183,test
179587,test
190067,test
221645,test
187347,test
182578,test
182759,test
175272,test
172384,test
129999,test
118525,test
119679,test
166958,test
181590,test
172775,test
221760,test
192007,test
125918,test
175242,test
197935,test
139073,test
205911,test
171849,test
170239,test
127670,test
190584,test
223789,test
182993,test
223121,test
214284,test
223026,test
203474,test
191308,test
224905,test
184837,test
199590,test
219579,test
100579,test
222244,test
182333,test
211883,test
219744,test
122989,test
214976,test
202036,test
122608,test
174054,test
192123,test
193527,test
202290,test
224294,test
176415,test
181043,test
178870,test
211391,test
181131,test
172390,test
171632,test
174057,test
181857,test
125420,test
222366,test
224423,test
197643,test
168178,test
126327,test
183972,test
179862,test
185703,test
181781,test
203305,test
201535,test
203107,test
181132,test
198948,test
196830,test
181453,test
184767,test
126773,test
196746,test
179241,test
185143,test
222512,test
199651,test
207554,test
174108,test
191288,test
207575,test
169135,test
219402,test
221408,test
184563,test
178696,test
174140,test
192418,test
171862,test
223735,test
175865,test
189686,test
206836,test
176195,test
211660,test
192518,test
186852,test
169133,test
201500,test
219728,test
203392,test
130989,test
199035,test
120324,test
204578,test
175710,test
196832,test
200452,test
200518,test
186844,test
193567,test
190611,test
196804,test
191623,test
184651,test
140071,test
122997,test
127297,test
188121,test
175240,test
188578,test
172940,test
181210,test
226291,test
172678,test
223054,test
205921,test
181047,test
227517,test
181409,test
176744,test
142993,test
210512,test
196631,test
178465,test
220807,test
178390,test
92708,test
223445,test
118490,test
184135,test
196602,test
183325,test
175939,test
177325,test
179131,test
174052,test
223539,test
214688,test
191899,test
185456,test
129899,test
123273,test
190308,test
171940,test
173740,test
186294,test
166865,test
196090,test
192036,test
181052,test
194101,test
186311,test
173057,test
207825,test
176895,test
203806,test
127279,test
183193,test
214368,test
195926,test
172778,test
217330,test
101698,test
193311,test
183131,test
186297,test
184724,test
207854,test
226267,test
198829,test
176403,test
180817,test
93512,test
120607,test
172104,test
203152,test
224625,test
137895,test
210622,test
227565,test
176337,test
183321,test
140110,test
123677,test
174362,test
203577,test
125813,test
172065,test
175681,test
174436,test
175307,test
178814,test
184761,test
208961,test
182324,test
221905,test
133637,test
183500,test
124714,test
196888,test
182748,test
125482,test
176173,test
219614,test
103651,test
219719,test
172578,test
96822,test
180013,test
195497,test
205655,test
172423,test
220344,test
145455,test
190311,test
210381,test
171948,test
173689,test
192810,test
184068,test
200458,test
143331,test
206350,test
177630,test
177681,test
166925,test
176565,test
178637,test
215771,test
218771,test
179481,test
96826,test
173018,test
169755,test
181081,test
194609,test
189757,test
183876,test
172896,test
188913,test
130784,test
197953,test
212228,test
181966,test
181397,test
127151,test
125590,test
181926,test
188493,test
171112,test
185804,test
184601,test
177477,test
131294,test
185144,test
221494,test
213218,test
183692,test
134293,test
177519,test
200523,test
174378,test
224311,test
205445,test
188041,test
170948,test
220147,test
103641,test
118440,test
187026,test
86323,test
223509,test
171785,test
182532,test
120091,test
178687,test
194642,test
192307,test
187257,test
183897,test
212593,test
181192,test
199620,test
199596,test
224332,test
190103,test
203245,test
198145,test
195476,test
131129,test
198852,test
202708,test
220290,test
200180,test
177347,test
166003,test
199381,test
184117,test
203380,test
202300,test
182702,test
181903,test
176015,test
140104,test
119760,test
186651,test
177534,test
176060,test
171552,test
193106,test
137939,test
78409,test
198435,test
125007,test
191554,test
181820,test
173505,test
125488,test
205490,test
185765,test
199607,test
127332,test
176816,test
177352,test
185668,test
179866,test
173033,test
219260,test
179994,test
121406,test
119515,test
126455,test
179553,test
201976,test
196748,test
200909,test
176819,test
183352,test
175841,test
206346,test
137410,test
189797,test
213653,test
188963,test
181611,test
189465,test
223389,test
181388,test
224475,test
227195,test
224510,test
190886,test
186349,test
185733,test
183427,test
120229,test
179637,test
222111,test
193722,test
186105,test
176944,test
180154,test
189258,test
105465,test
181764,test
183139,test
219895,test
172112,test
195614,test
182755,test
202334,test
225142,test
174106,test
178199,test
177671,test
202909,test
190221,test
92776,test
188420,test
203611,test
174999,test
134662,test
169150,test
186908,test
188316,test
214728,test
192604,test
182582,test
188838,test
201342,test
177520,test
178700,test
119440,test
177934,test
205685,test
187829,test
200175,test
224573,test
172198,test
223569,test
208226,test
145366,test
122869,test
105696,test
173323,test
180671,test
190582,test
176197,test
181022,test
222728,test
207308,test
189264,test
199537,test
220404,test
182492,test
187520,test
225834,test
221704,test
177506,test
200232,test
175705,test
122350,test
184298,test
189472,test
220135,test
185773,test
178209,test
200579,test
170963,test
205622,test
222498,test
220124,test
193497,test
185493,test
174449,test
193926,test
220383,test
176417,test
183398,test
183338,test
220300,test
182882,test
184975,test
223370,test
171557,test
193304,test
187158,test
200134,test
210977,test
188322,test
173220,test
225016,test
197524,test
200918,test
126587,test
169354,test
182659,test
217770,test
223970,test
185486,test
225591,test
176762,test
124890,test
206858,test
183254,test
183397,test
177746,test
189702,test
193838,test
129997,test
174462,test
225335,test
223564,test
147944,test
120283,test
183732,test
181785,test
213727,test
208033,test
222265,test
195101,test
194640,test
184269,test
185877,test
184666,test
173575,test
175578,test
200163,test
131022,test
178947,test
177569,test
181206,test
185738,test
120308,test
205630,test
138093,test
177211,test
186457,test
212460,test
125022,test
184133,test
210258,test
224195,test
183128,test
205475,test
185231,test
221436,test
180278,test
172773,test
214960,test
117940,test
168669,test
180698,test
184126,test
184020,test
214959,test
223917,test
205608,test
225935,test
201471,test
172266,test
189498,test
193886,test
185376,test
185494,test
179944,test
221130,test
185295,test
177282,test
204574,test
203378,test
174741,test
206128,test
145414,test
193775,test
200023,test
200421,test
173611,test
173556,test
227264,test
201494,test
199131,test
190133,test
177919,test
206369,test
178386,test
221766,test
181038,test
180008,test
175286,test
190748,test
201424,test
200317,test
186110,test
146399,test
175781,test
172389,test
130977,test
175932,test
21421,test
219546,test
185159,test
210568,test
182032,test
189431,test
180944,test
223703,test
188820,test
124227,test
130116,test
223625,test
187105,test
224355,test
205063,test
176392,test
219592,test
117905,test
221614,test
148369,test
172491,test
192559,test
168212,test
188010,test
147005,test
220621,test
192208,test
180829,test
200423,test
206396,test
180570,test
197546,test
222025,test
201974,test
186372,test
225057,test
120126,test
225874,test
175794,test
178364,test
202438,test
104764,test
220149,test
181556,test
218746,test
92773,test
198447,test
177527,test
176297,test
225529,test
175565,test
206771,test
186513,test
185541,test
176390,test
214536,test
137092,test
191146,test
188802,test
187008,test
218913,test
150592,test
197188,test
171978,test
197674,test
194803,test
177088,test
222010,test
180403,test
182384,test
197964,test
221643,test
214360,test
192750,test
209645,test
181488,test
227678,test
178614,test
172828,test
125611,test
179294,test
184108,test
175329,test
224518,test
207843,test
172492,test
226164,test
208212,test
206325,test
182862,test
192887,test
223234,test
196061,test
224173,test
179272,test
137411,test
171913,test
183009,test
145471,test
219976,test
172853,test
121234,test
193683,test
174380,test
172785,test
144208,test
178837,test
181080,test
137607,test
133682,test
199245,test
220459,test
185786,test
227370,test
175239,test
174729,test
214638,test
188542,test
117844,test
174293,test
196916,test
219473,test
184422,test
193421,test
223919,test
177668,test
187254,test
191699,test
202472,test
120305,test
223104,test
197123,test
183636,test
179729,test
175661,test
171784,test
176757,test
169659,test
93571,test
175122,test
173086,test
203414,test
217901,test
120299,test
189597,test
200457,test
208920,test
150418,test
180722,test
196658,test
221821,test
215885,test
196610,test
193522,test
176776,test
185150,test
207937,test
185654,test
120448,test
96437,test
209853,test
195040,test
185238,test
199180,test
187857,test
220829,test
121433,test
179533,test
203413,test
219963,test
202743,test
201005,test
122813,test
180859,test
168182,test
183229,test
178445,test
125879,test
185799,test
221589,test
128317,test
184193,test
131795,test
197783,test
193342,test
177308,test
198981,test
183549,test
176052,test
126019,test
183405,test
181139,test
177666,test
176922,test
190252,test
222085,test
175773,test
206566,test
193418,test
182338,test
186361,test
208637,test
141594,test
179650,test
223119,test
176418,test
143095,test
193908,test
194483,test
208630,test
140156,test
206805,test
181905,test
180022,test
179908,test
180433,test
196860,test
195284,test
219408,test
195022,test
178040,test
190118,test
180222,test
199679,test
214723,test
182447,test
200140,test
181236,test
173586,test
221333,test
205193,test
174521,test
222565,test
224532,test
206813,test
218175,test
204567,test
214431,test
195139,test
198004,test
143515,test
178108,test
223185,test
206849,test
194726,test
182058,test
220387,test
130787,test
199714,test
178546,test
183554,test
221573,test
174081,test
184998,test
119879,test
186347,test
224286,test
102030,test
139593,test
133680,test
131288,test
185446,test
123148,test
212455,test
175727,test
174400,test
168211,test
179642,test
181787,test
199702,test
167991,test
196701,test
181755,test
200782,test
220184,test
172412,test
222029,test
188746,test
155362,test
198009,test
124861,test
170981,test
185889,test
224989,test
205407,test
174949,test
203214,test
184624,test
176327,test
166002,test
200963,test
203104,test
184944,test
144213,test
212249,test
176648,test
188970,test
196669,test
181260,test
208405,test
184417,test
201512,test
140015,test
207397,test
175356,test
166912,test
210599,test
199462,test
203265,test
191700,test
200018,test
178434,test
191683,test
202956,test
200014,test
189832,test
206179,test
177742,test
121026,test
191994,test
184819,test
222163,test
193545,test
203813,test
178249,test
190792,test
184497,test
197388,test
189999,test
182007,test
140013,test
185559,test
175581,test
169214,test
126585,test
195294,test
198226,test
198853,test
180579,test
196636,test
212569,test
172826,test
181906,test
221853,test
127929,test
182464,test
174273,test
119954,test
142763,test
205602,test
171090,test
207437,test
193572,test
221781,test
200438,test
211335,test
198703,test
191557,test
221397,test
119871,test
118647,test
94210,test
173208,test
189020,test
201675,test
183205,test
120886,test
174770,test
200756,test
166820,test
169760,test
102810,test
183707,test
167783,test
188112,test
146414,test
181769,test
201461,test
191153,test
176690,test
187092,test
208984,test
220491,test
175575,test
224007,test
189860,test
174822,test
176596,test
188205,test
211446,test
169146,test
177819,test
198295,test
205553,test
208487,test
196880,test
195769,test
182592,test
221487,test
211444,test
212804,test
194072,test
188162,test
77847,test
190508,test
184402,test
189572,test
192556,test
174661,test
155866,test
193047,test
196872,test
209048,test
175748,test
197921,test
185873,test
122139,test
222152,test
173509,test
214979,test
212219,test
208889,test
194714,test
119994,test
189897,test
196064,test
222160,test
219912,test
177823,test
218545,test
195127,test
182325,test
227485,test
190142,test
211517,test
168224,test
182731,test
198211,test
178592,test
105393,test
208251,test
210711,test
194039,test
221742,test
226938,test
121672,test
198010,test
199770,test
172701,test
118411,test
205463,test
185118,test
179606,test
167709,test
176671,test
201346,test
222683,test
219973,test
196453,test
180473,test
171972,test
186518,test
218753,test
177466,test
197004,test
217834,test
176170,test
180402,test
171086,test
182495,test
201354,test
227608,test
167688,test
222572,test
184046,test
228157,test
199519,test
223131,test
224528,test
185982,test
188484,test
209139,test
223847,test
210687,test
196803,test
201377,test
175622,test
220710,test
146400,test
197008,test
174668,test
176202,test
208348,test
200515,test
187817,test
193931,test
193223,test
194925,test
191989,test
171965,test
181559,test
182596,test
93766,test
171358,test
173708,test
213187,test
192343,test
195935,test
221878,test
184897,test
187275,test
203601,test
184189,test
200786,test
176687,test
122238,test
172504,test
175744,test
186030,test
220477,test
190652,test
221386,test
209864,test
193842,test
212466,test
185615,test
222648,test
199606,test
180571,test
190612,test
181511,test
221801,test
181848,test
203544,test
176908,test
185807,test
177661,test
121752,test
185788,test
187599,test
175404,test
194162,test
196437,test
220636,test
