user_id,fold
182873,train
203403,train
176268,train
198395,train
168132,train
179578,train
227607,train
175590,train
184670,train
204555,train
174253,train
219759,train
189434,train
198231,train
186953,train
97015,train
179916,train
222300,train
181645,train
181092,train
211264,train
184023,train
188442,train
201996,train
214449,train
184032,train
188006,train
179747,train
205400,train
171451,train
173943,train
197916,train
189775,train
203444,train
220665,train
199220,train
211248,train
126770,train
183018,train
220037,train
192809,train
147353,train
142849,train
201494,train
127334,train
220000,train
180691,train
179790,train
210702,train
122889,train
192784,train
226595,train
130989,train
184771,train
185800,train
214635,train
227786,train
175667,train
128070,train
93654,train
173282,train
186438,train
191506,train
171578,train
195422,train
202815,train
194769,train
204609,train
182826,train
187075,train
175662,train
188015,train
179371,train
206617,train
213478,train
217984,train
223835,train
180470,train
223970,train
200857,train
221208,train
124952,train
195287,train
193720,train
185599,train
178962,train
196448,train
176851,train
195114,train
173947,train
137265,train
227329,train
175232,train
178862,train
173149,train
120886,train
225360,train
224257,train
179453,train
219992,train
223441,train
167481,train
181726,train
183243,train
221573,train
173996,train
175105,train
179494,train
206619,train
223591,train
97522,train
193419,train
171895,train
194670,train
178856,train
179343,train
221480,train
131138,train
120417,train
121672,train
180043,train
178493,train
210697,train
202709,train
193679,train
121928,train
172814,train
221920,train
199516,train
123279,train
169777,train
224475,train
202283,train
194128,train
179313,train
227158,train
194638,train
178755,train
221559,train
214694,train
99841,train
150839,train
143518,train
205966,train
194169,train
180415,train
193685,train
223690,train
178723,train
194716,train
176791,train
176494,train
221657,train
128808,train
202049,train
123227,train
195093,train
189297,train
189258,train
222525,train
122139,train
208871,train
176711,train
222505,train
206228,train
170987,train
223157,train
148313,train
183376,train
173579,train
186304,train
201972,train
178341,train
184309,train
187230,train
171343,train
168174,train
173734,train
195390,train
201147,train
130780,train
198752,train
177958,train
124069,train
220404,train
179009,train
150320,train
183123,train
137950,train
216566,train
175208,train
183062,train
120856,train
184227,train
174969,train
167837,train
223836,train
191960,train
184876,train
181546,train
174095,train
203431,train
150754,train
197739,train
176625,train
224517,train
178797,train
219375,train
172523,train
181535,train
174639,train
141706,train
202145,train
181083,train
198055,train
222727,train
111301,train
181648,train
200886,train
192275,train
173599,train
100580,train
182730,train
175383,train
219527,train
222358,train
96375,train
180769,train
219411,train
193665,train
227669,train
216055,train
178675,train
93580,train
220351,train
175290,train
208415,train
179745,train
185522,train
204772,train
137142,train
182720,train
221499,train
181506,train
184075,train
221760,train
181897,train
175868,train
220547,train
179379,train
176097,train
198631,train
198759,train
175933,train
181753,train
170978,train
124075,train
224687,train
125256,train
193469,train
172780,train
189221,train
188185,train
124792,train
179586,train
178607,train
184293,train
168216,train
227204,train
203530,train
181681,train
196835,train
176836,train
202038,train
223145,train
221214,train
173157,train
171960,train
175757,train
173430,train
185264,train
125552,train
184221,train
128821,train
178590,train
204808,train
221278,train
219357,train
217720,train
179741,train
201853,train
137137,train
205593,train
215230,train
199496,train
190158,train
225052,train
192794,train
208704,train
186439,train
203625,train
199434,train
149076,train
179919,train
191558,train
181611,train
194150,train
176311,train
196974,train
172703,train
177526,train
206571,train
167726,train
189141,train
145472,train
177349,train
175773,train
222129,train
186261,train
178596,train
174730,train
181497,train
182140,train
224473,train
172984,train
207099,train
204882,train
173362,train
197234,train
184844,train
226296,train
182091,train
227520,train
166251,train
218607,train
192211,train
200937,train
197320,train
188814,train
179599,train
207465,train
201005,train
221613,train
178612,train
187870,train
182050,train
188785,train
173167,train
194037,train
211306,train
190594,train
211854,train
169597,train
224253,train
179017,train
221513,train
201150,train
188778,train
222647,train
196627,train
186485,train
211232,train
192744,train
175381,train
184936,train
195016,train
145196,train
138712,train
173924,train
223034,train
196632,train
189757,train
84854,train
176856,train
208084,train
133607,train
132239,train
222435,train
138142,train
204031,train
182702,train
178931,train
222193,train
222583,train
188768,train
220290,train
137987,train
186223,train
170996,train
182413,train
190955,train
168465,train
195062,train
222252,train
124883,train
183653,train
200011,train
201670,train
182404,train
227277,train
203198,train
222326,train
221813,train
190247,train
226818,train
193586,train
151425,train
187890,train
224236,train
178765,train
207823,train
179044,train
119954,train
174950,train
126774,train
170175,train
175200,train
213202,train
182057,train
179778,train
224579,train
188712,train
186495,train
214736,train
184299,train
185349,train
166128,train
180767,train
192977,train
187304,train
180044,train
133722,train
175767,train
181764,train
120439,train
182199,train
193218,train
204999,train
120289,train
169448,train
191526,train
199377,train
145254,train
174962,train
224151,train
189813,train
179792,train
116243,train
185215,train
222004,train
173479,train
189358,train
96978,train
182742,train
217682,train
145640,train
152116,train
110698,train
183453,train
90430,train
198443,train
202352,train
224484,train
184953,train
226998,train
171530,train
172076,train
211381,train
134409,train
186978,train
200662,train
189683,train
203042,train
200750,train
172834,train
187069,train
218893,train
193937,train
187621,train
222347,train
224045,train
209450,train
171959,train
220155,train
220924,train
172169,train
205136,train
176843,train
196435,train
204664,train
192511,train
173451,train
180522,train
225822,train
174780,train
190866,train
222997,train
183473,train
191508,train
181553,train
207218,train
120304,train
180904,train
186868,train
205598,train
218937,train
182070,train
176021,train
218431,train
223122,train
188707,train
139347,train
223965,train
184035,train
108734,train
134654,train
103689,train
175008,train
218185,train
222584,train
129421,train
184994,train
203562,train
180732,train
123686,train
142626,train
118682,train
222618,train
177495,train
200588,train
222371,train
180382,train
194601,train
180673,train
196655,train
167863,train
205528,train
182001,train
174867,train
182443,train
220484,train
196916,train
197133,train
178260,train
223626,train
150892,train
208686,train
124343,train
227175,train
185465,train
207689,train
138126,train
196856,train
179099,train
168124,train
187195,train
221296,train
121964,train
183507,train
195125,train
121352,train
196101,train
200663,train
209399,train
121624,train
173261,train
207237,train
176813,train
212803,train
221086,train
181387,train
137023,train
177242,train
214309,train
205418,train
205375,train
174980,train
183396,train
184784,train
121926,train
193227,train
222974,train
227489,train
150801,train
189963,train
186914,train
209983,train
178686,train
211650,train
149694,train
182585,train
186394,train
179647,train
119171,train
222197,train
175412,train
181870,train
203434,train
182531,train
180020,train
181544,train
180735,train
176010,train
182101,train
192304,train
198300,train
175630,train
187363,train
189781,train
194215,train
90003,train
181269,train
109406,train
219637,train
108740,train
181231,train
197948,train
200170,train
221173,train
121619,train
169156,train
206781,train
185497,train
185528,train
190003,train
178627,train
189647,train
183650,train
214732,train
225999,train
214973,train
196315,train
179214,train
202438,train
177870,train
174811,train
217911,train
186358,train
208320,train
176173,train
184158,train
224778,train
199471,train
172653,train
224551,train
201545,train
212245,train
184781,train
199473,train
177366,train
213658,train
206794,train
174783,train
196892,train
178435,train
178819,train
211354,train
172484,train
102832,train
196848,train
224494,train
177371,train
196793,train
186072,train
191290,train
222325,train
199645,train
198367,train
224541,train
187247,train
154842,train
214703,train
226647,train
176605,train
103509,train
170947,train
186933,train
140107,train
222775,train
189576,train
117869,train
174355,train
226291,train
206036,train
203566,train
179499,train
226786,train
191626,train
186245,train
179095,train
174124,train
207922,train
227216,train
93575,train
128759,train
92591,train
184492,train
227521,train
186053,train
185838,train
188116,train
188081,train
192782,train
192414,train
190212,train
124341,train
219767,train
223181,train
165807,train
196861,train
194255,train
201312,train
176276,train
166595,train
202419,train
179042,train
208665,train
182559,train
196694,train
196638,train
227050,train
203468,train
173032,train
206631,train
221049,train
203806,train
198629,train
200309,train
122350,train
183022,train
175941,train
127294,train
179366,train
176699,train
174079,train
221247,train
224126,train
209986,train
186023,train
180954,train
174275,train
138068,train
189264,train
196559,train
221555,train
219734,train
195521,train
185780,train
186232,train
172565,train
199665,train
190954,train
198462,train
219691,train
175293,train
166866,train
171552,train
178154,train
217831,train
200509,train
211226,train
224011,train
146388,train
221796,train
105397,train
220721,train
185708,train
172773,train
176645,train
122488,train
219022,train
191616,train
203121,train
211442,train
198304,train
172224,train
177498,train
181975,train
227663,train
180936,train
126231,train
177503,train
136908,train
217631,train
192452,train
175483,train
178823,train
190809,train
200194,train
166538,train
174012,train
214632,train
175127,train
207142,train
178930,train
118438,train
181940,train
222595,train
203213,train
173159,train
201584,train
219556,train
186466,train
217180,train
212319,train
197690,train
177584,train
226773,train
177721,train
177301,train
208032,train
218114,train
205929,train
186886,train
195794,train
200094,train
178446,train
120574,train
103529,train
206401,train
224469,train
185861,train
212469,train
223437,train
180875,train
175141,train
138170,train
220438,train
195019,train
177885,train
118467,train
198329,train
186276,train
131792,train
131030,train
176771,train
184837,train
201025,train
219415,train
186508,train
208169,train
199615,train
177916,train
166003,train
184694,train
198658,train
137199,train
196586,train
173305,train
117918,train
189597,train
226822,train
209360,train
185281,train
218463,train
188238,train
185555,train
176789,train
211995,train
139977,train
222445,train
137308,train
190188,train
184242,train
176362,train
177177,train
131275,train
174770,train
180934,train
182492,train
192766,train
127277,train
227254,train
186937,train
119902,train
141646,train
219398,train
227197,train
176989,train
221952,train
199480,train
214741,train
222374,train
222516,train
174375,train
171101,train
227341,train
186791,train
198708,train
223624,train
206736,train
184349,train
192751,train
200089,train
223469,train
174320,train
186494,train
179077,train
127911,train
219692,train
187261,train
179362,train
175944,train
121832,train
224515,train
119871,train
185885,train
137382,train
190254,train
186106,train
184069,train
181937,train
185228,train
225253,train
189034,train
175660,train
176835,train
86323,train
227836,train
119603,train
183415,train
219613,train
137388,train
181057,train
108835,train
203105,train
191590,train
177893,train
224062,train
138974,train
122995,train
202476,train
200895,train
187933,train
198565,train
205969,train
189897,train
179908,train
137309,train
184243,train
211808,train
177821,train
187892,train
190343,train
185603,train
181817,train
184356,train
145382,train
118622,train
183979,train
197900,train
219540,train
177352,train
220219,train
197997,train
181189,train
131130,train
188217,train
206127,train
186277,train
194696,train
226748,train
217861,train
207080,train
206960,train
120341,train
192381,train
191720,train
97397,train
174670,train
199673,train
171118,train
223128,train
181217,train
186338,train
221227,train
194151,train
219530,train
187023,train
221487,train
222272,train
188095,train
200169,train
219508,train
202292,train
192518,train
127036,train
180677,train
176304,train
183611,train
193591,train
224499,train
194524,train
173045,train
184593,train
182747,train
219060,train
200173,train
172802,train
183263,train
122777,train
197078,train
210687,train
178623,train
182835,train
199932,train
222914,train
145308,train
188586,train
184780,train
119525,train
207108,train
174971,train
93275,train
176331,train
174825,train
181373,train
172562,train
221240,train
222854,train
180594,train
205012,train
172277,train
137021,train
221191,train
187029,train
191699,train
174888,train
166815,train
215061,train
174042,train
198583,train
199593,train
201121,train
188055,train
125888,train
134724,train
181668,train
190748,train
173041,train
124714,train
197105,train
118057,train
122864,train
176486,train
209870,train
171706,train
195425,train
225509,train
137678,train
125474,train
215535,train
198377,train
188889,train
203461,train
193432,train
93467,train
219970,train
181461,train
173939,train
93682,train
172473,train
181169,train
220035,train
173567,train
195865,train
203645,train
225974,train
195036,train
170610,train
181080,train
185328,train
212477,train
175081,train
199753,train
218753,train
166969,train
184223,train
182755,train
225095,train
222000,train
175956,train
223933,train
200071,train
197335,train
179770,train
186051,train
205724,train
196791,train
220183,train
145685,train
183964,train
186546,train
145299,train
166080,train
218168,train
189533,train
220551,train
206440,train
205630,train
181523,train
203216,train
196610,train
180144,train
175942,train
183873,train
202701,train
176345,train
227486,train
178775,train
174054,train
225053,train
186432,train
168142,train
186514,train
169233,train
206497,train
180109,train
187505,train
223846,train
185360,train
224598,train
175310,train
197672,train
184143,train
227733,train
174827,train
195796,train
125811,train
207559,train
122447,train
185118,train
188440,train
102042,train
192277,train
189769,train
169121,train
184657,train
122618,train
183915,train
223741,train
214991,train
227276,train
218442,train
176503,train
181586,train
187005,train
218019,train
199174,train
191232,train
185240,train
207548,train
199574,train
223677,train
138506,train
171896,train
184665,train
180422,train
201474,train
146473,train
193395,train
176677,train
186458,train
174463,train
206873,train
218913,train
155388,train
201315,train
178451,train
199428,train
194707,train
177172,train
175235,train
187240,train
174466,train
221835,train
174315,train
210571,train
175489,train
181035,train
193427,train
186857,train
191372,train
222335,train
173021,train
188614,train
176400,train
181480,train
205858,train
173385,train
175432,train
122035,train
199692,train
186109,train
119617,train
186471,train
219543,train
222860,train
214687,train
179166,train
177320,train
134610,train
206139,train
219362,train
195568,train
178563,train
196887,train
176077,train
171943,train
123937,train
219820,train
172861,train
188316,train
182482,train
204836,train
212301,train
193633,train
218814,train
172231,train
192628,train
183303,train
176897,train
172357,train
225113,train
125611,train
168789,train
217910,train
138519,train
224219,train
184635,train
188966,train
187250,train
104339,train
121656,train
146458,train
198672,train
195614,train
131390,train
195087,train
199166,train
217184,train
174610,train
187021,train
224035,train
120892,train
218982,train
192768,train
199999,train
222973,train
183936,train
120268,train
223855,train
186484,train
200522,train
170550,train
227562,train
201000,train
184900,train
203245,train
174490,train
219071,train
180717,train
183408,train
198386,train
109128,train
176473,train
173165,train
166002,train
220097,train
173435,train
181066,train
185484,train
197201,train
186636,train
200300,train
183428,train
186650,train
214361,train
203288,train
201616,train
199675,train
169999,train
185781,train
159523,train
204635,train
213142,train
209902,train
220788,train
180513,train
208664,train
103653,train
170950,train
121846,train
172954,train
199424,train
211504,train
219765,train
218911,train
226260,train
125557,train
194159,train
181436,train
200302,train
203671,train
205059,train
185299,train
187065,train
222898,train
169221,train
178827,train
199541,train
177493,train
206483,train
124848,train
222851,train
197284,train
205876,train
172219,train
221998,train
220033,train
192201,train
219042,train
214978,train
212593,train
178389,train
224510,train
221978,train
176513,train
184173,train
175615,train
185737,train
206042,train
183652,train
176433,train
175936,train
176131,train
223752,train
205458,train
172752,train
178093,train
133577,train
144551,train
193311,train
191696,train
184435,train
195178,train
172547,train
176059,train
175953,train
174120,train
203223,train
179442,train
188748,train
222302,train
176708,train
137456,train
223874,train
186388,train
142384,train
186926,train
219529,train
226402,train
75241,train
222662,train
198776,train
227714,train
174865,train
93571,train
175565,train
175893,train
171923,train
140019,train
184726,train
179771,train
179068,train
178727,train
221166,train
121526,train
181031,train
175270,train
212220,train
122981,train
221095,train
177369,train
220837,train
176111,train
186099,train
178889,train
182698,train
172385,train
222600,train
92813,train
169624,train
224982,train
199261,train
181895,train
199013,train
227092,train
185397,train
205193,train
177596,train
193556,train
187391,train
179660,train
172923,train
220123,train
217963,train
177626,train
188366,train
196266,train
146383,train
183644,train
224179,train
188249,train
200515,train
119483,train
185165,train
201528,train
178594,train
143373,train
206400,train
202093,train
194231,train
166856,train
227361,train
175864,train
185547,train
204575,train
196644,train
178453,train
123431,train
222259,train
218692,train
205008,train
226772,train
178942,train
155761,train
165891,train
166917,train
183896,train
189040,train
202363,train
182859,train
173914,train
150770,train
173469,train
203481,train
201392,train
183063,train
122247,train
146415,train
179754,train
193577,train
182614,train
204918,train
172198,train
196667,train
224767,train
124701,train
93782,train
126455,train
182446,train
172040,train
120145,train
223464,train
204654,train
185216,train
186657,train
220557,train
193653,train
174550,train
205902,train
195777,train
192699,train
134783,train
205853,train
125007,train
181656,train
168439,train
207452,train
174136,train
182319,train
152146,train
200223,train
223050,train
124648,train
175781,train
175321,train
219948,train
189793,train
207090,train
199691,train
175252,train
189006,train
179061,train
186888,train
102127,train
219835,train
183630,train
220566,train
178981,train
186264,train
199671,train
206896,train
210978,train
225129,train
190140,train
194535,train
178554,train
144934,train
200393,train
184650,train
180403,train
170997,train
204037,train
200452,train
185828,train
185105,train
174591,train
216942,train
180860,train
123219,train
126145,train
195185,train
184757,train
171436,train
217633,train
186959,train
224242,train
119994,train
120026,train
175658,train
181887,train
98683,train
137035,train
209051,train
208079,train
200391,train
201543,train
224491,train
208542,train
177505,train
133270,train
173747,train
195293,train
197693,train
177762,train
218447,train
210346,train
203103,train
125887,train
220819,train
182036,train
185210,train
152986,train
200177,train
185833,train
141698,train
183859,train
224558,train
226001,train
198801,train
209540,train
222747,train
220863,train
209868,train
226166,train
177060,train
196802,train
223213,train
222614,train
196541,train
118518,train
203529,train
138650,train
172501,train
196695,train
183940,train
167833,train
181816,train
225872,train
183552,train
173787,train
211581,train
188700,train
123268,train
168550,train
186472,train
190285,train
227028,train
199682,train
189851,train
171609,train
203305,train
124718,train
175601,train
209141,train
188789,train
136969,train
201512,train
222480,train
198411,train
96958,train
206737,train
198837,train
223563,train
127730,train
200187,train
193942,train
184042,train
208175,train
94132,train
186821,train
197562,train
153518,train
146376,train
219964,train
192596,train
207615,train
187798,train
186969,train
134335,train
183426,train
179490,train
177723,train
118645,train
199555,train
223998,train
190041,train
211611,train
199270,train
173154,train
175644,train
194091,train
185865,train
187119,train
221143,train
144068,train
96983,train
200221,train
207482,train
126760,train
202068,train
205002,train
172009,train
223746,train
177471,train
174945,train
187809,train
196928,train
205134,train
193339,train
217384,train
203390,train
183792,train
195098,train
193083,train
208552,train
174716,train
173319,train
219658,train
222607,train
125614,train
174678,train
198670,train
184213,train
206189,train
220644,train
224603,train
179385,train
178036,train
211356,train
176913,train
187018,train
211991,train
137259,train
183217,train
188407,train
177865,train
185354,train
130765,train
180641,train
175592,train
185604,train
227445,train
179104,train
198524,train
225029,train
224440,train
195418,train
170394,train
174470,train
223142,train
101908,train
212249,train
188041,train
120986,train
184167,train
121370,train
183193,train
173127,train
197129,train
175835,train
205411,train
177659,train
125532,train
178697,train
209140,train
174469,train
184859,train
179630,train
172729,train
186259,train
220827,train
175394,train
202015,train
135894,train
181456,train
227244,train
171072,train
194837,train
200029,train
198001,train
169801,train
199664,train
184270,train
214445,train
185477,train
182751,train
128813,train
180912,train
125564,train
197555,train
185163,train
213653,train
179058,train
222817,train
205617,train
130979,train
191970,train
222994,train
199173,train
193044,train
195063,train
196479,train
183152,train
189974,train
223002,train
214386,train
202163,train
185048,train
203127,train
202469,train
176267,train
203086,train
180459,train
200858,train
205408,train
180428,train
179690,train
221703,train
174319,train
171135,train
221983,train
206230,train
184580,train
204786,train
180040,train
166695,train
199131,train
214620,train
175961,train
197011,train
227514,train
187027,train
227774,train
219059,train
224611,train
145249,train
218484,train
199605,train
170959,train
204965,train
227033,train
197496,train
181221,train
199727,train
192292,train
221536,train
174083,train
182593,train
187309,train
221011,train
220664,train
222013,train
222739,train
209413,train
227559,train
120531,train
210701,train
226281,train
189686,train
202273,train
177075,train
203337,train
183024,train
100582,train
172670,train
148609,train
218105,train
183605,train
221163,train
118440,train
176119,train
202298,train
186517,train
184954,train
153381,train
189458,train
174529,train
198379,train
180429,train
199366,train
199600,train
178757,train
184696,train
182856,train
188247,train
190210,train
186062,train
184960,train
198302,train
188427,train
189771,train
146725,train
180647,train
175401,train
213212,train
191613,train
200721,train
103500,train
221145,train
213632,train
200537,train
223723,train
125816,train
181508,train
173504,train
223439,train
169120,train
198613,train
219155,train
177759,train
184669,train
96987,train
174946,train
219366,train
188955,train
182834,train
185656,train
186986,train
178617,train
200884,train
211380,train
177296,train
219877,train
173327,train
186973,train
180924,train
202304,train
222873,train
120338,train
185605,train
124820,train
185352,train
218467,train
184317,train
189588,train
205413,train
173825,train
181659,train
201007,train
203196,train
199716,train
196532,train
202024,train
182444,train
176670,train
137313,train
189502,train
204798,train
178568,train
186004,train
143332,train
195297,train
186640,train
172222,train
220359,train
136776,train
180208,train
181079,train
189114,train
196748,train
191152,train
178751,train
174374,train
191228,train
179904,train
172650,train
219547,train
184501,train
176140,train
182554,train
205443,train
124676,train
226897,train
221712,train
220486,train
220727,train
127097,train
182867,train
179397,train
207575,train
202303,train
203593,train
182881,train
137508,train
202672,train
121361,train
183889,train
96974,train
173138,train
222270,train
203160,train
153504,train
183921,train
223354,train
142636,train
189254,train
185699,train
186455,train
130977,train
173155,train
201555,train
92809,train
176647,train
178742,train
206522,train
174391,train
198400,train
176467,train
200358,train
221628,train
200264,train
179999,train
176575,train
152296,train
188493,train
137099,train
130990,train
207456,train
181215,train
208655,train
221639,train
220449,train
152069,train
165983,train
177874,train
172459,train
220465,train
192650,train
227775,train
179933,train
100024,train
176766,train
167717,train
188117,train
183220,train
184503,train
181491,train
211309,train
209904,train
223400,train
222952,train
146496,train
178111,train
139593,train
152925,train
175247,train
171620,train
176329,train
125495,train
211846,train
193584,train
202199,train
188713,train
170912,train
126765,train
185676,train
205500,train
226763,train
211730,train
193979,train
184745,train
185262,train
205585,train
206182,train
183660,train
175079,train
190227,train
185155,train
221980,train
221584,train
199032,train
173158,train
181101,train
126671,train
200476,train
176046,train
205550,train
193082,train
220485,train
203218,train
221015,train
196890,train
219335,train
191126,train
206154,train
201605,train
117841,train
179684,train
175957,train
186054,train
193541,train
167843,train
223544,train
186824,train
98748,train
179330,train
166875,train
126220,train
223188,train
175570,train
197115,train
219453,train
204066,train
184208,train
218788,train
174850,train
175471,train
195567,train
188534,train
198218,train
225967,train
195053,train
203378,train
180548,train
173034,train
196891,train
180796,train
165924,train
208960,train
201198,train
138653,train
166004,train
198002,train
183549,train
214737,train
173745,train
180519,train
176929,train
194999,train
123267,train
174623,train
226417,train
179863,train
200609,train
141152,train
183447,train
205489,train
227240,train
184110,train
189523,train
184977,train
126219,train
185304,train
172864,train
173768,train
180892,train
179748,train
188977,train
187271,train
199104,train
221954,train
119044,train
205561,train
176445,train
173600,train
187026,train
117885,train
185359,train
92699,train
171974,train
173571,train
193869,train
202181,train
198415,train
176452,train
184909,train
219348,train
105432,train
180762,train
221171,train
199240,train
167836,train
183707,train
212888,train
137028,train
176138,train
222573,train
181026,train
206368,train
201159,train
203097,train
184026,train
173614,train
197955,train
181729,train
173164,train
178113,train
123986,train
218909,train
172900,train
119785,train
201183,train
205586,train
227837,train
168159,train
220165,train
126078,train
191151,train
213064,train
172865,train
208672,train
214608,train
192504,train
127734,train
179808,train
207910,train
180866,train
222601,train
222604,train
195782,train
177740,train
122041,train
129898,train
202094,train
205691,train
89825,train
203738,train
183301,train
224650,train
197466,train
171908,train
167889,train
178427,train
187841,train
197703,train
222123,train
200608,train
224341,train
183494,train
92759,train
186435,train
206563,train
202796,train
169550,train
178498,train
180009,train
214425,train
187824,train
204547,train
221583,train
137334,train
177725,train
183607,train
220046,train
204239,train
126595,train
119915,train
190156,train
219895,train
182252,train
174774,train
174779,train
198660,train
184488,train
221935,train
131129,train
178632,train
227848,train
166007,train
175019,train
225402,train
131271,train
180221,train
203700,train
221641,train
184783,train
195307,train
201319,train
227306,train
227798,train
188911,train
183327,train
185298,train
180724,train
214698,train
189609,train
183735,train
120393,train
170146,train
220211,train
208338,train
135798,train
186324,train
171619,train
179763,train
196107,train
174842,train
185285,train
179472,train
185812,train
168153,train
223725,train
183854,train
181260,train
92706,train
185482,train
171361,train
208790,train
197238,train
183696,train
223858,train
223584,train
134106,train
179127,train
174433,train
174781,train
179467,train
176955,train
227299,train
126456,train
223930,train
176654,train
121353,train
124317,train
185199,train
143874,train
223471,train
172671,train
203473,train
200090,train
117935,train
184807,train
168176,train
226382,train
220423,train
207275,train
189260,train
195007,train
199643,train
180427,train
221403,train
185204,train
202992,train
195505,train
211518,train
202854,train
134199,train
198570,train
179653,train
85969,train
205815,train
173935,train
221271,train
194139,train
207280,train
172225,train
174611,train
196587,train
182022,train
186246,train
192870,train
181595,train
184504,train
124018,train
125875,train
184237,train
183183,train
189595,train
222058,train
222729,train
198474,train
173855,train
181488,train
183788,train
211815,train
191236,train
171890,train
220576,train
206367,train
172432,train
167774,train
186478,train
220689,train
186268,train
206325,train
142650,train
222638,train
187567,train
183888,train
210449,train
199171,train
196674,train
200088,train
185491,train
189766,train
176367,train
191679,train
126587,train
219410,train
176022,train
196487,train
192885,train
184840,train
181191,train
222368,train
186928,train
184699,train
175931,train
195319,train
178926,train
218994,train
195021,train
142647,train
131291,train
206505,train
169162,train
216154,train
179041,train
176715,train
177909,train
186203,train
150036,train
219974,train
209416,train
226756,train
137409,train
222603,train
203896,train
221686,train
174624,train
172561,train
201532,train
182200,train
211304,train
177829,train
176266,train
201472,train
203418,train
209121,train
171859,train
222774,train
179164,train
215775,train
178585,train
184394,train
203463,train
178615,train
123690,train
216360,train
214443,train
183522,train
208981,train
202862,train
197347,train
198368,train
205573,train
168563,train
165973,train
172163,train
205933,train
227647,train
177763,train
224176,train
197950,train
173184,train
185783,train
202677,train
174813,train
179864,train
193342,train
223602,train
200548,train
175632,train
180417,train
189128,train
191365,train
179622,train
175228,train
184941,train
183916,train
208221,train
205052,train
205524,train
180844,train
205381,train
188139,train
182534,train
220818,train
193650,train
204789,train
138072,train
182972,train
182062,train
222458,train
127671,train
125417,train
219605,train
217915,train
171839,train
223648,train
199714,train
178247,train
123009,train
202201,train
226018,train
143376,train
181650,train
211812,train
179307,train
206016,train
218751,train
200006,train
198609,train
198632,train
173907,train
133652,train
174415,train
194646,train
181965,train
212115,train
131294,train
222949,train
227545,train
186793,train
219732,train
189052,train
168009,train
182374,train
212459,train
219028,train
224223,train
177784,train
180979,train
179401,train
182401,train
182818,train
136808,train
183726,train
220674,train
217186,train
193529,train
227323,train
154821,train
120300,train
211834,train
192409,train
178776,train
203143,train
220902,train
125665,train
228211,train
223033,train
182144,train
190704,train
200525,train
195068,train
203813,train
223126,train
187758,train
177052,train
195416,train
197394,train
124254,train
217638,train
192132,train
188298,train
196867,train
181701,train
203389,train
204766,train
221210,train
176264,train
203080,train
176801,train
178762,train
184721,train
210819,train
169531,train
185623,train
194903,train
179318,train
222491,train
182676,train
224033,train
190921,train
173888,train
173457,train
227450,train
172661,train
172581,train
204633,train
179715,train
175544,train
193607,train
227231,train
186559,train
100009,train
193495,train
125040,train
177657,train
131020,train
196979,train
137986,train
174189,train
177785,train
202017,train
219457,train
226835,train
193076,train
197596,train
223712,train
217909,train
210930,train
211528,train
121970,train
225091,train
188439,train
173315,train
201624,train
189203,train
203604,train
177088,train
211592,train
223025,train
203654,train
186537,train
177174,train
181240,train
181500,train
226157,train
190142,train
198820,train
183202,train
195085,train
190177,train
179883,train
223467,train
191966,train
185157,train
199783,train
187593,train
170577,train
182432,train
176415,train
143103,train
198432,train
186080,train
183876,train
174263,train
106948,train
221842,train
173390,train
180972,train
185440,train
192246,train
184212,train
179433,train
220393,train
173832,train
177802,train
222350,train
118646,train
186408,train
211230,train
182548,train
224393,train
189586,train
176297,train
179638,train
198420,train
178547,train
179995,train
179455,train
175608,train
185259,train
180295,train
187949,train
186440,train
222652,train
197497,train
189011,train
194612,train
227490,train
183610,train
219893,train
176246,train
184145,train
198202,train
183368,train
173113,train
183079,train
178259,train
191890,train
203859,train
190666,train
190910,train
200148,train
180106,train
169248,train
221753,train
129346,train
181340,train
142847,train
136803,train
197096,train
127905,train
220633,train
184153,train
202729,train
226936,train
176183,train
176254,train
172444,train
217936,train
186991,train
170989,train
220526,train
199074,train
138372,train
123172,train
184353,train
204814,train
211322,train
179053,train
181582,train
96413,train
219492,train
173706,train
219509,train
176713,train
221366,train
137338,train
185351,train
126217,train
205554,train
184617,train
183399,train
203533,train
176678,train
145464,train
183566,train
199335,train
178922,train
173136,train
181762,train
224574,train
179012,train
173290,train
201424,train
173317,train
141170,train
180214,train
192390,train
225364,train
179216,train
172768,train
190159,train
178717,train
177796,train
202005,train
175958,train
173686,train
181660,train
178842,train
222007,train
224060,train
176300,train
206592,train
184386,train
212465,train
184494,train
223666,train
186549,train
199501,train
172947,train
126777,train
182464,train
175591,train
183643,train
181019,train
201385,train
222126,train
152211,train
225657,train
219152,train
224070,train
172857,train
171527,train
203275,train
190775,train
221819,train
195003,train
221558,train
184610,train
184404,train
223673,train
191368,train
125889,train
171953,train
207927,train
211804,train
175203,train
227664,train
207553,train
177915,train
176614,train
202834,train
201466,train
172953,train
181243,train
183884,train
180312,train
178955,train
202841,train
198594,train
223814,train
93796,train
122630,train
217896,train
209990,train
205809,train
201684,train
203099,train
176141,train
147063,train
222763,train
226760,train
130656,train
188831,train
192512,train
187829,train
173858,train
213037,train
213619,train
182645,train
138071,train
199446,train
177636,train
225938,train
226722,train
179692,train
220582,train
214958,train
184906,train
192963,train
193422,train
177649,train
225897,train
188893,train
121237,train
201679,train
176476,train
173313,train
198591,train
223192,train
200432,train
179739,train
199177,train
122883,train
210531,train
120977,train
176259,train
194995,train
180042,train
211525,train
193466,train
169093,train
190309,train
204776,train
221941,train
122878,train
189439,train
101930,train
186442,train
199733,train
178067,train
120744,train
188884,train
193718,train
203573,train
226757,train
170038,train
100558,train
184197,train
221373,train
180419,train
174138,train
188502,train
203715,train
202902,train
197636,train
218494,train
176803,train
220356,train
200413,train
223304,train
201579,train
174799,train
200941,train
173088,train
182660,train
178944,train
208029,train
134296,train
196652,train
202278,train
181235,train
192644,train
223826,train
198781,train
179484,train
74601,train
121439,train
179159,train
168652,train
185650,train
170161,train
203666,train
219806,train
145954,train
179370,train
196517,train
202801,train
183597,train
197282,train
181585,train
185532,train
182026,train
147706,train
179375,train
182308,train
193392,train
183254,train
122704,train
214955,train
185161,train
173523,train
196954,train
201672,train
184207,train
180999,train
172433,train
227270,train
186391,train
112092,train
201859,train
224538,train
180021,train
179427,train
227539,train
185467,train
218452,train
211457,train
212056,train
177761,train
120484,train
195929,train
118403,train
173725,train
165998,train
187972,train
205693,train
186290,train
226723,train
218095,train
143321,train
179797,train
177680,train
179718,train
224166,train
186975,train
222548,train
197536,train
168185,train
167311,train
200513,train
206500,train
201973,train
150548,train
182546,train
108783,train
119404,train
177812,train
202493,train
211600,train
223027,train
200007,train
227566,train
172276,train
182419,train
182517,train
119354,train
201163,train
143476,train
185878,train
173298,train
198540,train
182320,train
183069,train
193597,train
221746,train
224077,train
181903,train
221867,train
173785,train
222649,train
224971,train
185661,train
173084,train
180454,train
202241,train
180055,train
215787,train
97392,train
199060,train
198434,train
127888,train
175799,train
224301,train
180756,train
175165,train
224281,train
190045,train
224621,train
136911,train
119955,train
187595,train
183910,train
186281,train
228145,train
200303,train
173257,train
182117,train
173058,train
179986,train
190696,train
188615,train
172637,train
80439,train
133609,train
188838,train
175677,train
197869,train
195018,train
181395,train
218769,train
168815,train
187783,train
174392,train
182480,train
175682,train
168145,train
184750,train
214251,train
187571,train
96027,train
174859,train
196177,train
226908,train
227513,train
186807,train
176792,train
177506,train
166876,train
198499,train
105824,train
178469,train
93525,train
209925,train
207678,train
175413,train
198392,train
118599,train
202485,train
195323,train
206877,train
221229,train
185278,train
174094,train
185707,train
220132,train
126498,train
175932,train
184716,train
172245,train
178725,train
206581,train
121551,train
178429,train
189145,train
179255,train
175242,train
220159,train
175345,train
174688,train
224700,train
207807,train
222002,train
203636,train
211415,train
177571,train
172750,train
120308,train
205870,train
186282,train
190277,train
195412,train
180285,train
176740,train
191087,train
193585,train
210262,train
177891,train
223676,train
185350,train
181160,train
225142,train
200285,train
168899,train
127296,train
184274,train
205783,train
175023,train
145446,train
172312,train
185398,train
122038,train
224294,train
179545,train
227320,train
178503,train
211228,train
196277,train
186068,train
185565,train
209939,train
205689,train
181401,train
186660,train
182675,train
181599,train
196437,train
173942,train
221375,train
175691,train
189600,train
190251,train
176732,train
222005,train
220340,train
222707,train
182013,train
187942,train
145243,train
180134,train
203610,train
122764,train
199138,train
146296,train
193917,train
212003,train
227331,train
188432,train
193791,train
179762,train
174957,train
174810,train
225121,train
203475,train
139973,train
204071,train
201988,train
192752,train
179982,train
194703,train
173675,train
181741,train
182063,train
224457,train
222286,train
181056,train
172808,train
192045,train
193676,train
201271,train
178480,train
137335,train
189431,train
204550,train
195013,train
188327,train
214685,train
174339,train
179475,train
221382,train
185248,train
148269,train
199771,train
173119,train
194154,train
176457,train
182244,train
184449,train
177665,train
182463,train
199777,train
134718,train
205000,train
177894,train
201480,train
137252,train
145445,train
178449,train
215776,train
222983,train
217761,train
197109,train
222301,train
142605,train
176968,train
186007,train
142820,train
123741,train
171551,train
188704,train
202334,train
124208,train
221423,train
175748,train
222288,train
185728,train
172981,train
188148,train
123365,train
188775,train
189124,train
200162,train
190005,train
225871,train
193842,train
227399,train
201589,train
92684,train
185245,train
180593,train
138651,train
214616,train
123453,train
130998,train
176782,train
169528,train
182852,train
182201,train
96973,train
212278,train
209534,train
205846,train
175400,train
128064,train
185295,train
223536,train
166008,train
171988,train
199495,train
145192,train
180755,train
181095,train
208178,train
188589,train
179348,train
215769,train
183753,train
195544,train
201441,train
208489,train
199938,train
181263,train
186317,train
188747,train
196739,train
183136,train
222283,train
203819,train
183318,train
139585,train
189359,train
179088,train
185174,train
181210,train
178733,train
105831,train
190226,train
193822,train
206589,train
143746,train
137304,train
178886,train
181578,train
176351,train
176391,train
209542,train
214728,train
192220,train
155850,train
187253,train
198347,train
203681,train
183289,train
198181,train
189852,train
220131,train
152946,train
184217,train
220666,train
186325,train
94129,train
145741,train
189740,train
193279,train
222497,train
180041,train
202013,train
179241,train
189197,train
127324,train
182009,train
118731,train
181890,train
219514,train
185261,train
120993,train
181972,train
193693,train
182007,train
205821,train
222960,train
174843,train
182565,train
175301,train
152064,train
183899,train
203124,train
180748,train
183445,train
206734,train
137995,train
202751,train
171880,train
198574,train
184443,train
177339,train
173395,train
192303,train
165833,train
123213,train
182669,train
142505,train
186547,train
222696,train
191593,train
166189,train
179048,train
174558,train
218154,train
208393,train
223627,train
127951,train
179564,train
183695,train
176155,train
176709,train
179689,train
210601,train
182185,train
184365,train
215748,train
207555,train
225055,train
201367,train
199489,train
175676,train
180471,train
184770,train
183592,train
173576,train
171992,train
196656,train
211378,train
199237,train
186449,train
222740,train
126901,train
125456,train
179589,train
178467,train
124328,train
183443,train
171784,train
187416,train
186974,train
207444,train
205822,train
173036,train
211814,train
120303,train
175580,train
135829,train
221249,train
120899,train
227732,train
178509,train
221269,train
208979,train
124339,train
219537,train
185332,train
217584,train
195240,train
172539,train
145471,train
191265,train
204569,train
171763,train
211571,train
192289,train
223151,train
217231,train
225837,train
206682,train
182111,train
179098,train
227199,train
214697,train
174553,train
186416,train
191194,train
180554,train
227372,train
175854,train
193707,train
186123,train
186553,train
207683,train
198435,train
183485,train
221059,train
77966,train
184496,train
197383,train
182682,train
209987,train
214498,train
199764,train
201501,train
177494,train
179737,train
168623,train
93657,train
175955,train
208173,train
188720,train
167845,train
172939,train
211775,train
173878,train
219465,train
96944,train
206666,train
188771,train
170180,train
223224,train
173005,train
184999,train
220414,train
181814,train
128307,train
175894,train
184297,train
189794,train
179548,train
175122,train
197665,train
175556,train
176029,train
195011,train
175885,train
197919,train
197084,train
221549,train
219426,train
222110,train
224127,train
196924,train
184184,train
198655,train
133234,train
173462,train
219451,train
76592,train
161970,train
175462,train
220829,train
176344,train
148490,train
178695,train
183736,train
188128,train
177467,train
203350,train
187406,train
185134,train
186280,train
200748,train
174074,train
182670,train
203387,train
221164,train
203152,train
199232,train
194724,train
200233,train
178474,train
205531,train
185234,train
194271,train
172746,train
226733,train
188796,train
194483,train
181323,train
92690,train
186520,train
125546,train
201288,train
179799,train
200400,train
176406,train
179871,train
209273,train
120934,train
188770,train
184174,train
220481,train
196860,train
180782,train
181453,train
223055,train
173577,train
174543,train
182378,train
184408,train
227657,train
175857,train
186938,train
137516,train
201251,train
225975,train
219872,train
186964,train
178153,train
191693,train
146379,train
195429,train
221651,train
126153,train
220045,train
174522,train
172264,train
184959,train
187986,train
174538,train
174861,train
184686,train
174571,train
118457,train
126224,train
184348,train
182473,train
197114,train
219876,train
196939,train
172116,train
213187,train
204693,train
220096,train
197992,train
224057,train
184720,train
200905,train
227546,train
131285,train
173007,train
195541,train
219808,train
168187,train
179265,train
127146,train
222862,train
171884,train
199370,train
221141,train
209410,train
192905,train
184107,train
206516,train
92722,train
209397,train
224056,train
182717,train
186419,train
223866,train
130173,train
181426,train
178639,train
188883,train
186298,train
170534,train
172166,train
201981,train
127732,train
215971,train
182262,train
209126,train
227075,train
183423,train
186850,train
183699,train
207757,train
212567,train
202494,train
224626,train
151467,train
177866,train
120949,train
133682,train
178031,train
196722,train
176412,train
175628,train
194924,train
173162,train
203643,train
190843,train
138046,train
181669,train
196084,train
96379,train
197543,train
187053,train
166281,train
103525,train
175347,train
204768,train
125891,train
188203,train
189076,train
226004,train
187013,train
227569,train
182382,train
196477,train
214455,train
180126,train
93795,train
176225,train
190215,train
193840,train
182321,train
224144,train
179085,train
216532,train
130991,train
200293,train
173755,train
186895,train
218762,train
169181,train
175476,train
182058,train
134726,train
222134,train
192418,train
186464,train
145373,train
179165,train
181594,train
188801,train
187138,train
203487,train
125848,train
187881,train
130787,train
133687,train
197675,train
171078,train
190692,train
179443,train
211665,train
178808,train
201359,train
184707,train
123231,train
214357,train
180369,train
174836,train
138490,train
208653,train
186061,train
184980,train
189104,train
146498,train
221427,train
93551,train
186032,train
120309,train
177859,train
137983,train
125991,train
176588,train
225080,train
220518,train
226616,train
202041,train
214962,train
207933,train
189707,train
206153,train
182115,train
124958,train
223356,train
222968,train
211364,train
223850,train
184724,train
119606,train
176639,train
122045,train
201279,train
190335,train
213926,train
181932,train
181315,train
222488,train
200632,train
180703,train
184382,train
143467,train
203251,train
223051,train
174427,train
186651,train
184633,train
198637,train
208090,train
173742,train
171848,train
199202,train
220460,train
206687,train
153363,train
174627,train
179346,train
220629,train
172604,train
200225,train
180877,train
219385,train
179025,train
175251,train
182654,train
227434,train
184354,train
184748,train
183257,train
171575,train
184038,train
196738,train
192558,train
174785,train
184389,train
220774,train
218614,train
145451,train
180514,train
175729,train
222399,train
224141,train
186490,train
223967,train
175000,train
118674,train
125455,train
211382,train
126105,train
226016,train
226387,train
173325,train
178702,train
190091,train
222642,train
184883,train
126792,train
128313,train
172414,train
190171,train
100560,train
209286,train
206713,train
170949,train
105470,train
186301,train
188881,train
221688,train
178804,train
190655,train
212058,train
203386,train
197532,train
203298,train
221947,train
218445,train
166888,train
201522,train
169933,train
180621,train
220375,train
168214,train
212451,train
171783,train
203601,train
224349,train
173017,train
137982,train
184602,train
214454,train
189307,train
179990,train
217580,train
199036,train
167756,train
86306,train
133681,train
208202,train
174625,train
227019,train
183690,train
175960,train
174265,train
186846,train
219063,train
183194,train
177403,train
203722,train
224523,train
197200,train
174369,train
185290,train
120331,train
201438,train
169950,train
174397,train
206499,train
122114,train
220470,train
201349,train
181063,train
201774,train
202510,train
138581,train
205644,train
182100,train
225372,train
205635,train
172600,train
199469,train
181077,train
134495,train
179572,train
208666,train
207953,train
172915,train
203455,train
127890,train
221098,train
217678,train
185289,train
202955,train
221072,train
199939,train
179043,train
224481,train
168217,train
220048,train
189117,train
182304,train
127929,train
173431,train
222122,train
148927,train
174055,train
195713,train
197708,train
184702,train
187087,train
208220,train
189049,train
167868,train
122869,train
187564,train
223969,train
184917,train
183358,train
174151,train
202959,train
221850,train
97524,train
214717,train
203404,train
186101,train
140023,train
191315,train
130992,train
175320,train
122184,train
172760,train
187251,train
222712,train
225104,train
175905,train
142963,train
222610,train
184825,train
200622,train
217860,train
143310,train
219220,train
222219,train
177613,train
180534,train
186968,train
182963,train
191695,train
185233,train
207928,train
205057,train
199722,train
226815,train
222217,train
178855,train
188231,train
183072,train
181304,train
205592,train
185772,train
227460,train
187887,train
206561,train
187355,train
212514,train
182674,train
173134,train
223791,train
175603,train
174802,train
198611,train
182716,train
187602,train
227522,train
194731,train
189303,train
172503,train
176326,train
172469,train
175234,train
220271,train
189310,train
181738,train
222782,train
181999,train
192285,train
174844,train
181033,train
221439,train
171580,train
189800,train
221201,train
200127,train
179639,train
191535,train
199648,train
177902,train
130479,train
227454,train
174641,train
223313,train
181144,train
179128,train
200618,train
176358,train
199088,train
205736,train
131019,train
201983,train
148369,train
166962,train
180518,train
202336,train
224972,train
194623,train
184454,train
171549,train
180297,train
122352,train
127138,train
174401,train
220830,train
189809,train
221827,train
193814,train
226727,train
169164,train
174628,train
181805,train
217972,train
198762,train
172965,train
212488,train
222073,train
176883,train
187956,train
225343,train
176906,train
219610,train
186323,train
199163,train
222972,train
227787,train
174618,train
222633,train
196462,train
204812,train
184264,train
133377,train
120895,train
213220,train
177549,train
184286,train
207335,train
190219,train
173782,train
219875,train
222462,train
211243,train
196469,train
129993,train
124546,train
221689,train
105690,train
176372,train
217826,train
192637,train
195164,train
224520,train
181218,train
185591,train
118772,train
185339,train
150765,train
176815,train
191303,train
182653,train
223641,train
187925,train
200108,train
226140,train
173678,train
176148,train
224243,train
197085,train
190313,train
182861,train
181928,train
227466,train
181663,train
174973,train
194832,train
203441,train
178510,train
183338,train
183500,train
209855,train
195243,train
206770,train
179071,train
176184,train
181363,train
119572,train
200967,train
173176,train
206817,train
180465,train
97393,train
119327,train
225807,train
133713,train
122258,train
198818,train
219824,train
185662,train
221816,train
222947,train
212027,train
188150,train
200091,train
105433,train
181742,train
200580,train
212529,train
227518,train
188816,train
117904,train
171369,train
215009,train
177895,train
173603,train
202507,train
200294,train
177514,train
200636,train
178393,train
203166,train
184751,train
197079,train
179016,train
179481,train
193689,train
166266,train
208045,train
174540,train
189039,train
175151,train
183482,train
180362,train
177249,train
173012,train
212311,train
193626,train
176374,train
196905,train
208559,train
177573,train
201891,train
223779,train
222425,train
214977,train
172763,train
194699,train
172380,train
166605,train
128826,train
198692,train
125230,train
194099,train
171121,train
212215,train
212005,train
182406,train
181590,train
175015,train
171455,train
183504,train
167353,train
214964,train
181339,train
179600,train
117139,train
206149,train
188109,train
199531,train
191525,train
224482,train
181445,train
172759,train
209907,train
190207,train
126574,train
200916,train
120469,train
224311,train
226741,train
187767,train
172018,train
190324,train
178334,train
177372,train
221648,train
152073,train
123373,train
183429,train
172006,train
191631,train
195832,train
195790,train
143312,train
207847,train
205923,train
124019,train
190134,train
98821,train
183613,train
178114,train
110516,train
199214,train
183214,train
220903,train
173650,train
172940,train
203611,train
179588,train
169135,train
175470,train
186457,train
194619,train
192781,train
199258,train
186405,train
174845,train
194134,train
210379,train
224638,train
210599,train
185554,train
197557,train
207913,train
184177,train
177522,train
225254,train
122699,train
201358,train
179624,train
222011,train
223708,train
173681,train
212652,train
227857,train
213210,train
228044,train
199181,train
217905,train
203264,train
182672,train
173146,train
186942,train
176671,train
181064,train
221833,train
171840,train
125599,train
178513,train
175415,train
121648,train
172871,train
209923,train
194675,train
131289,train
199720,train
174868,train
167684,train
127568,train
166840,train
196832,train
196927,train
213157,train
219631,train
191502,train
224304,train
182677,train
183180,train
178447,train
142861,train
193492,train
137977,train
217959,train
182761,train
193575,train
171915,train
200621,train
186364,train
185694,train
126377,train
180626,train
193736,train
179067,train
171544,train
227793,train
104261,train
181910,train
125502,train
126780,train
220114,train
200203,train
123689,train
207035,train
224069,train
175819,train
185035,train
178674,train
146459,train
172603,train
193886,train
203823,train
201964,train
171846,train
200903,train
196665,train
177814,train
219611,train
204807,train
178598,train
142592,train
183781,train
189951,train
200024,train
198449,train
188220,train
126333,train
205600,train
122722,train
225361,train
202053,train
203405,train
202831,train
184374,train
175720,train
191484,train
201448,train
180434,train
174112,train
214957,train
168203,train
183223,train
207368,train
127907,train
175229,train
179022,train
182701,train
200552,train
227785,train
192074,train
227203,train
212883,train
227002,train
179695,train
199936,train
208889,train
226651,train
186992,train
184360,train
212309,train
224441,train
184890,train
175027,train
199540,train
221392,train
173509,train
187301,train
219246,train
178676,train
186539,train
201313,train
179817,train
226395,train
197186,train
212521,train
172324,train
175473,train
124015,train
176799,train
187762,train
187340,train
207206,train
176147,train
181728,train
206491,train
219963,train
186311,train
178989,train
178680,train
221518,train
205777,train
222054,train
225348,train
181209,train
192441,train
177730,train
221942,train
150418,train
227263,train
147061,train
176416,train
175642,train
118670,train
174643,train
184634,train
200564,train
185541,train
210572,train
186291,train
166940,train
171757,train
121866,train
178939,train
196575,train
173503,train
181529,train
182860,train
201360,train
222276,train
181371,train
200035,train
219727,train
218589,train
177728,train
176944,train
186430,train
224026,train
200163,train
182388,train
193463,train
179142,train
169106,train
176249,train
198403,train
177031,train
176337,train
154738,train
180533,train
189832,train
198628,train
177767,train
181232,train
190303,train
177232,train
185796,train
212564,train
205651,train
205607,train
168186,train
120340,train
196673,train
172411,train
206354,train
177485,train
184424,train
118479,train
172868,train
121863,train
202688,train
184763,train
185527,train
196078,train
206231,train
193550,train
206546,train
177729,train
207107,train
174677,train
133589,train
225511,train
120457,train
186894,train
225976,train
190063,train
177551,train
183912,train
221725,train
209924,train
192740,train
227745,train
221567,train
225112,train
185658,train
223564,train
214392,train
172428,train
219013,train
211731,train
177926,train
175077,train
189798,train
222776,train
172114,train
188046,train
224182,train
198475,train
171909,train
185958,train
123182,train
171972,train
209046,train
176860,train
125619,train
127574,train
181612,train
136959,train
199650,train
221550,train
189143,train
185294,train
227659,train
186984,train
222579,train
197653,train
183673,train
173517,train
201235,train
200641,train
202081,train
127132,train
195312,train
202078,train
130760,train
211833,train
205521,train
186866,train
222930,train
217913,train
120324,train
175114,train
202404,train
174014,train
195292,train
198040,train
173052,train
206829,train
174386,train
92685,train
179108,train
227875,train
192337,train
177224,train
190735,train
177643,train
141648,train
223989,train
169123,train
226767,train
184288,train
201668,train
177104,train
182699,train
173266,train
180555,train
123238,train
219336,train
180808,train
179421,train
127113,train
223879,train
196735,train
203613,train
197882,train
119886,train
182837,train
193355,train
186033,train
225258,train
227344,train
181027,train
208580,train
194766,train
227444,train
171413,train
175268,train
183375,train
105674,train
147917,train
168484,train
184822,train
224286,train
227262,train
180840,train
172416,train
223784,train
223152,train
183345,train
179712,train
223809,train
186794,train
203509,train
173434,train
184809,train
179705,train
190930,train
183608,train
176648,train
120473,train
199794,train
197969,train
201403,train
137415,train
224771,train
203302,train
221494,train
196268,train
172318,train
178975,train
187255,train
220342,train
129290,train
177824,train
182172,train
173014,train
206675,train
189943,train
98091,train
182395,train
196718,train
183268,train
172775,train
215224,train
172961,train
219595,train
197015,train
148907,train
205830,train
122115,train
212575,train
205623,train
187302,train
137256,train
196828,train
184277,train
200934,train
193304,train
175672,train
142646,train
168155,train
168172,train
184502,train
200923,train
197289,train
173874,train
174608,train
178799,train
202350,train
173873,train
96377,train
184169,train
169124,train
179441,train
122056,train
208656,train
183941,train
200420,train
221532,train
174526,train
203108,train
224019,train
183333,train
197190,train
196859,train
188474,train
201149,train
173161,train
189744,train
227523,train
193836,train
196521,train
222627,train
211660,train
209123,train
173337,train
121346,train
221668,train
181202,train
145324,train
137975,train
222088,train
172950,train
110595,train
197886,train
189492,train
201493,train
177289,train
205054,train
176631,train
183087,train
181052,train
194701,train
196654,train
193006,train
222366,train
190680,train
207806,train
224526,train
184659,train
173461,train
192257,train
196925,train
151989,train
181179,train
203291,train
196703,train
184831,train
171113,train
202169,train
201999,train
189716,train
206620,train
195008,train
190061,train
194167,train
190152,train
138488,train
174424,train
203017,train
198656,train
223253,train
208984,train
182882,train
220053,train
197549,train
181744,train
201569,train
184383,train
123977,train
186643,train
228148,train
198808,train
198408,train
206350,train
184675,train
175090,train
136523,train
173685,train
183628,train
222675,train
145375,train
178546,train
199106,train
224416,train
220191,train
126337,train
199704,train
223059,train
224189,train
220434,train
177462,train
171390,train
223413,train
198464,train
140112,train
222442,train
199998,train
196105,train
206857,train
195925,train
168126,train
150893,train
195852,train
172421,train
227337,train
227550,train
186939,train
169136,train
175645,train
178385,train
223749,train
208176,train
187390,train
192212,train
181398,train
190042,train
204970,train
225336,train
187072,train
125052,train
211522,train
150008,train
182440,train
178785,train
177363,train
207281,train
179929,train
190779,train
203331,train
192652,train
150788,train
199761,train
172660,train
184862,train
130487,train
118408,train
122428,train
187932,train
209933,train
97396,train
193555,train
221812,train
204563,train
183017,train
177480,train
215781,train
203402,train
208341,train
172328,train
197893,train
197725,train
219072,train
201014,train
172553,train
209048,train
194998,train
195110,train
127896,train
184109,train
176932,train
178487,train
177355,train
178951,train
150750,train
180690,train
188121,train
192721,train
190431,train
176805,train
184798,train
203745,train
199485,train
186519,train
220648,train
118555,train
190064,train
185816,train
178448,train
178462,train
204813,train
177233,train
183675,train
197970,train
217834,train
220581,train
179681,train
184447,train
185495,train
224235,train
227371,train
191733,train
215966,train
176794,train
174277,train
176760,train
159136,train
222450,train
201263,train
184988,train
199204,train
172636,train
174357,train
185706,train
125803,train
183587,train
187298,train
173095,train
120316,train
189577,train
197939,train
177993,train
137263,train
221762,train
220966,train
137250,train
174353,train
222112,train
209854,train
189054,train
181703,train
142763,train
173743,train
176591,train
206180,train
205405,train
221797,train
183727,train
223569,train
171375,train
214363,train
198841,train
168337,train
188076,train
192796,train
142938,train
208621,train
178315,train
208099,train
131022,train
206039,train
177487,train
198787,train
173051,train
221710,train
88433,train
200449,train
119882,train
135256,train
226015,train
172502,train
218782,train
221853,train
182487,train
173039,train
205519,train
222249,train
186031,train
223149,train
227252,train
189772,train
222874,train
181878,train
180036,train
195023,train
181780,train
202036,train
126004,train
140018,train
174143,train
123929,train
220912,train
190017,train
209139,train
208623,train
176802,train
218981,train
199721,train
175689,train
195926,train
187104,train
181148,train
125814,train
205686,train
218726,train
179248,train
206774,train
137945,train
183334,train
92398,train
189226,train
226327,train
203420,train
207576,train
178872,train
174882,train
175760,train
192286,train
219238,train
185390,train
174057,train
130774,train
190687,train
176460,train
184741,train
182497,train
195531,train
179773,train
182157,train
179592,train
181433,train
168180,train
178678,train
205723,train
189322,train
210425,train
211194,train
190527,train
186642,train
126226,train
203158,train
228135,train
196584,train
171162,train
130118,train
221885,train
227300,train
174352,train
131126,train
196093,train
125505,train
194739,train
214368,train
212581,train
222089,train
183314,train
96824,train
175218,train
227085,train
189419,train
177227,train
186124,train
214572,train
219340,train
222178,train
209310,train
179146,train
190166,train
200125,train
220663,train
185181,train
193362,train
133683,train
173784,train
168211,train
199458,train
125542,train
179601,train
175404,train
143337,train
174729,train
204835,train
205079,train
176493,train
199687,train
211366,train
186105,train
123677,train
139275,train
183212,train
183414,train
203515,train
205296,train
142587,train
198453,train
182984,train
199307,train
209536,train
219548,train
194527,train
137332,train
179117,train
222501,train
201463,train
136957,train
175238,train
215773,train
189177,train
199767,train
227557,train
184992,train
172889,train
199245,train
200428,train
184037,train
208174,train
219878,train
212353,train
195409,train
176271,train
183329,train
180925,train
155029,train
173691,train
120366,train
173677,train
211246,train
201486,train
205795,train
219659,train
176408,train
199187,train
176360,train
171314,train
226005,train
208541,train
123372,train
196663,train
220843,train
219511,train
188568,train
182079,train
196524,train
180885,train
208983,train
177809,train
191629,train
218616,train
199589,train
182126,train
174396,train
188138,train
227446,train
158056,train
175774,train
118756,train
210391,train
227827,train
188208,train
120091,train
172242,train
97384,train
201171,train
224624,train
179363,train
175233,train
222045,train
187760,train
195430,train
221838,train
176042,train
125504,train
186995,train
201902,train
209291,train
173100,train
212295,train
118662,train
200123,train
209702,train
201355,train
208101,train
197644,train
222141,train
181143,train
207348,train
215770,train
170392,train
178880,train
220904,train
198213,train
203397,train
202327,train
223722,train
175134,train
175188,train
118233,train
180802,train
184316,train
200017,train
226389,train
120391,train
198211,train
204554,train
191722,train
224775,train
215299,train
196621,train
222150,train
219239,train
196086,train
226444,train
125045,train
197687,train
203577,train
199333,train
179498,train
122820,train
180523,train
191554,train
185475,train
194158,train
173321,train
141639,train
190071,train
205683,train
200458,train
148494,train
180681,train
96366,train
188969,train
220432,train
224309,train
122242,train
184058,train
181851,train
123347,train
186820,train
174552,train
202484,train
223815,train
221158,train
199785,train
192342,train
212560,train
205634,train
201282,train
148370,train
207914,train
184772,train
189826,train
188330,train
197942,train
130983,train
193045,train
220121,train
220536,train
201942,train
177771,train
225018,train
146412,train
193913,train
183319,train
197529,train
179039,train
204763,train
220578,train
226273,train
137089,train
186861,train
203187,train
131743,train
178681,train
220836,train
199250,train
179497,train
197550,train
180226,train
183061,train
185377,train
197777,train
174531,train
189427,train
205055,train
211507,train
223124,train
214371,train
224239,train
208191,train
224923,train
184727,train
222561,train
207530,train
208322,train
176578,train
184818,train
185788,train
181492,train
182356,train
197353,train
181527,train
185853,train
209863,train
190507,train
227315,train
187281,train
183719,train
206057,train
227551,train
195661,train
178020,train
185874,train
223611,train
222337,train
183624,train
219795,train
207188,train
198796,train
219475,train
184422,train
207572,train
125257,train
122487,train
176347,train
125537,train
175341,train
195827,train
185849,train
177661,train
173944,train
223144,train
224272,train
223657,train
222861,train
186399,train
189355,train
102041,train
174668,train
212481,train
181680,train
169757,train
210034,train
151662,train
218736,train
186999,train
185300,train
202286,train
170478,train
220184,train
205590,train
212031,train
205415,train
122621,train
184141,train
134333,train
219417,train
178599,train
195571,train
200523,train
177884,train
174438,train
225903,train
185370,train
220038,train
209135,train
218933,train
206637,train
134658,train
211375,train
193271,train
224054,train
174457,train
209318,train
181220,train
126221,train
206232,train
194146,train
184916,train
207546,train
178535,train
180053,train
195755,train
203415,train
155772,train
201415,train
222940,train
223639,train
174746,train
174801,train
212471,train
179615,train
181862,train
223475,train
208096,train
200142,train
220377,train
174823,train
181039,train
186270,train
189599,train
191287,train
193728,train
187268,train
209873,train
223500,train
181983,train
101713,train
193562,train
194688,train
168020,train
217808,train
177533,train
204050,train
153009,train
195858,train
149186,train
178181,train
186378,train
127546,train
222563,train
118385,train
177417,train
141629,train
205770,train
184836,train
188450,train
221891,train
123366,train
227496,train
201876,train
178065,train
224116,train
127093,train
172936,train
169131,train
191637,train
177281,train
175460,train
221395,train
182334,train
227205,train
184378,train
161001,train
184562,train
224303,train
205160,train
223964,train
129857,train
208181,train
201613,train
209951,train
188175,train
93579,train
221718,train
180501,train
188173,train
223957,train
189574,train
220390,train
183586,train
207458,train
187105,train
200440,train
188428,train
190933,train
195803,train
166870,train
174409,train
195855,train
123707,train
197563,train
212323,train
208705,train
178570,train
188822,train
185652,train
219001,train
196509,train
224654,train
123382,train
128316,train
224025,train
137394,train
182299,train
199505,train
220193,train
203536,train
176857,train
174876,train
219884,train
184003,train
221614,train
201489,train
126040,train
119281,train
218965,train
207679,train
174139,train
173008,train
170957,train
220039,train
189854,train
222597,train
193646,train
222192,train
200257,train
190044,train
133696,train
177957,train
220544,train
209884,train
174663,train
180118,train
181647,train
169450,train
146492,train
181640,train
180981,train
227126,train
209145,train
182705,train
153008,train
205907,train
175139,train
184579,train
93808,train
187929,train
193069,train
223187,train
168025,train
223674,train
207354,train
197097,train
200892,train
174426,train
182327,train
174033,train
226419,train
180517,train
140017,train
200773,train
181307,train
121014,train
186312,train
221897,train
179129,train
181916,train
182384,train
189890,train
178692,train
187415,train
197188,train
219068,train
197911,train
187051,train
176462,train
171363,train
222708,train
180992,train
216896,train
187845,train
193600,train
183541,train
175225,train
190622,train
207082,train
128238,train
183780,train
134076,train
176296,train
119590,train
221948,train
212076,train
145381,train
177373,train
217830,train
125878,train
172077,train
169281,train
210781,train
167705,train
208383,train
126767,train
188416,train
188404,train
174863,train
174532,train
224115,train
179862,train
181422,train
102037,train
213120,train
199580,train
206549,train
193294,train
167177,train
120675,train
175915,train
205772,train
226482,train
192560,train
176831,train
180638,train
169041,train
225338,train
198662,train
186648,train
176017,train
177890,train
223688,train
185471,train
187834,train
201125,train
187802,train
131036,train
185394,train
202276,train
194050,train
200411,train
177202,train
127667,train
174047,train
183539,train
205591,train
179527,train
198775,train
174398,train
192601,train
179228,train
207102,train
185480,train
175595,train
178581,train
173615,train
125809,train
174350,train
84060,train
185556,train
223633,train
190457,train
120089,train
218432,train
142869,train
196125,train
190204,train
211514,train
204983,train
222913,train
183383,train
220128,train
218547,train
183374,train
193589,train
208920,train
222246,train
190350,train
190157,train
206586,train
195801,train
213480,train
173220,train
199715,train
151464,train
182626,train
176176,train
181061,train
201574,train
206382,train
176332,train
205687,train
203054,train
215885,train
179685,train
181981,train
182850,train
184054,train
194863,train
187144,train
193049,train
224065,train
223505,train
180871,train
193743,train
225021,train
181899,train
178360,train
226971,train
200581,train
186893,train
185558,train
221650,train
177525,train
145212,train
176192,train
222857,train
174925,train
221926,train
179386,train
190131,train
122886,train
184841,train
193425,train
172631,train
209311,train
197006,train
125460,train
203203,train
185671,train
185782,train
194773,train
220820,train
187976,train
192811,train
201143,train
211556,train
175912,train
198980,train
195094,train
193602,train
206542,train
128896,train
118537,train
171107,train
206506,train
175925,train
209709,train
219549,train
219097,train
170609,train
182745,train
174064,train
189497,train
223661,train
174547,train
184925,train
184085,train
183409,train
183557,train
186884,train
134428,train
180685,train
200305,train
188773,train
193522,train
183264,train
209981,train
225100,train
180743,train
190740,train
206670,train
122444,train
217942,train
120290,train
208687,train
191230,train
125540,train
222651,train
211133,train
171897,train
194664,train
126782,train
197112,train
172948,train
196248,train
219350,train
202810,train
221707,train
173311,train
196901,train
151034,train
122285,train
176260,train
224255,train
173601,train
178929,train
177617,train
222291,train
173308,train
189579,train
140064,train
226447,train
121927,train
183231,train
169480,train
222962,train
221330,train
175522,train
187082,train
173270,train
200689,train
176882,train
195325,train
190581,train
130477,train
199582,train
179026,train
182967,train
145260,train
227309,train
187803,train
75317,train
176504,train
180230,train
201327,train
209417,train
184746,train
82852,train
190663,train
121549,train
214435,train
118743,train
184893,train
223659,train
191685,train
105461,train
176876,train
220054,train
209264,train
222227,train
208364,train
200359,train
185855,train
184194,train
211734,train
194301,train
212480,train
201535,train
199757,train
201948,train
173945,train
224282,train
172550,train
222574,train
150789,train
224981,train
221820,train
204199,train
184281,train
207828,train
172642,train
122009,train
224018,train
198180,train
219965,train
221921,train
223189,train
183794,train
186479,train
222333,train
183973,train
182142,train
205618,train
185822,train
169087,train
173861,train
219546,train
201602,train
181187,train
125804,train
197945,train
207854,train
183359,train
180636,train
173240,train
209623,train
126585,train
190757,train
220084,train
205599,train
212462,train
184930,train
173140,train
173197,train
187354,train
181879,train
184632,train
198794,train
227330,train
214502,train
175634,train
221611,train
205603,train
186461,train
191369,train
211452,train
197704,train
178026,train
181317,train
181149,train
223613,train
217940,train
199409,train
185818,train
153279,train
204815,train
214696,train
227772,train
199661,train
186644,train
212452,train
174419,train
172458,train
176682,train
194654,train
173020,train
172377,train
220410,train
166963,train
183706,train
123232,train
184199,train
172934,train
188305,train
224922,train
170975,train
199420,train
187246,train
183080,train
203505,train
203616,train
171870,train
171914,train
187836,train
176057,train
219966,train
196800,train
167729,train
222568,train
206683,train
188491,train
193471,train
221546,train
219010,train
222065,train
108781,train
221416,train
206242,train
200166,train
197868,train
185786,train
181186,train
134188,train
126052,train
197288,train
125608,train
220529,train
196922,train
177519,train
186253,train
183692,train
195927,train
207519,train
210970,train
178773,train
211251,train
214284,train
174318,train
186936,train
221667,train
220110,train
178595,train
198663,train
212672,train
185239,train
179590,train
212075,train
184198,train
178471,train
175664,train
211124,train
173294,train
218187,train
171300,train
212070,train
223522,train
203606,train
203261,train
131567,train
182496,train
202340,train
184186,train
178791,train
204783,train
194904,train
189432,train
213479,train
180007,train
221943,train
167869,train
188419,train
182495,train
221333,train
200267,train
202076,train
221889,train
173450,train
200000,train
123278,train
201296,train
167876,train
178934,train
224196,train
182132,train
208359,train
182470,train
176826,train
176392,train
188189,train
200028,train
174307,train
204696,train
171782,train
223234,train
175872,train
171583,train
198878,train
189992,train
195768,train
167879,train
223575,train
185804,train
181178,train
175171,train
180963,train
181157,train
174594,train
92708,train
199365,train
172194,train
139598,train
183676,train
137350,train
199465,train
227736,train
208199,train
184789,train
209396,train
221389,train
183246,train
209703,train
190963,train
180632,train
178651,train
211389,train
125700,train
218940,train
179948,train
192393,train
193475,train
190583,train
184708,train
179994,train
195550,train
222263,train
223667,train
189375,train
184540,train
129865,train
181331,train
174328,train
214612,train
92760,train
182030,train
206590,train
200211,train
118177,train
177292,train
191897,train
198770,train
192041,train
168440,train
145251,train
218212,train
178941,train
193677,train
187667,train
222721,train
186997,train
181542,train
213061,train
175286,train
98923,train
199622,train
198209,train
199105,train
210589,train
126072,train
187411,train
185982,train
190066,train
189776,train
193850,train
223763,train
225803,train
190151,train
203596,train
223743,train
220321,train
194072,train
185235,train
219437,train
220440,train
122261,train
180931,train
223369,train
196917,train
183568,train
186288,train
187286,train
200218,train
224367,train
221791,train
119553,train
126232,train
137894,train
211656,train
200928,train
190060,train
214808,train
178476,train
196726,train
200712,train
220158,train
101909,train
187047,train
188418,train
192625,train
186859,train
206730,train
183310,train
183909,train
227026,train
211045,train
223570,train
180649,train
178995,train
197031,train
206825,train
189371,train
166048,train
207540,train
189293,train
209414,train
180483,train
183631,train
98761,train
122990,train
173374,train
175255,train
212890,train
220580,train
211209,train
178778,train
176730,train
222859,train
133788,train
138678,train
174857,train
197865,train
176863,train
206715,train
137136,train
190956,train
180327,train
211745,train
225963,train
222381,train
192389,train
174955,train
182475,train
203472,train
122008,train
187365,train
182147,train
221521,train
191514,train
118777,train
212723,train
180709,train
209626,train
204660,train
189467,train
185344,train
221726,train
195092,train
207207,train
211499,train
188902,train
199508,train
196608,train
145457,train
203547,train
179980,train
227009,train
123672,train
185709,train
184528,train
220780,train
172960,train
182739,train
173324,train
200898,train
172612,train
223421,train
195513,train
185214,train
166896,train
122103,train
182136,train
204540,train
184852,train
96407,train
118489,train
173586,train
203237,train
197125,train
180421,train
180038,train
214712,train
227797,train
209624,train
173556,train
197051,train
183242,train
102033,train
192883,train
213509,train
205558,train
198541,train
193217,train
177036,train
194614,train
207963,train
200664,train
227049,train
190451,train
190611,train
180151,train
184796,train
183877,train
219677,train
188848,train
189499,train
172203,train
195162,train
96378,train
177666,train
192724,train
221564,train
200392,train
174819,train
171522,train
171098,train
191955,train
200904,train
219686,train
176244,train
174832,train
191500,train
212256,train
168605,train
171545,train
128811,train
182844,train
172063,train
142685,train
224237,train
172701,train
190590,train
109579,train
179342,train
194528,train
127666,train
202434,train
208535,train
221471,train
150903,train
120305,train
128761,train
101903,train
177516,train
173392,train
183274,train
177346,train
200474,train
122867,train
208540,train
219774,train
190123,train
227456,train
185211,train
222295,train
222531,train
185779,train
208777,train
173396,train
177787,train
209641,train
223314,train
183722,train
194003,train
173137,train
190996,train
177623,train
183677,train
175945,train
180819,train
177589,train
125000,train
193438,train
174789,train
200136,train
206583,train
221220,train
205806,train
178841,train
185713,train
218734,train
202995,train
179143,train
196825,train
198936,train
169808,train
176696,train
174866,train
129289,train
178104,train
220425,train
221981,train
101952,train
193601,train
120354,train
173607,train
196537,train
117809,train
199091,train
182577,train
184887,train
183937,train
193816,train
173709,train
220126,train
198371,train
220528,train
138568,train
194862,train
221493,train
213634,train
188319,train
122061,train
171071,train
212498,train
182040,train
184545,train
183279,train
181684,train
227730,train
220841,train
192807,train
223882,train
183146,train
174645,train
177820,train
181203,train
172238,train
131122,train
192392,train
203719,train
189021,train
224773,train
200717,train
178710,train
181329,train
203668,train
180943,train
203644,train
180093,train
193113,train
189109,train
219346,train
222440,train
199203,train
195523,train
118669,train
179011,train
175049,train
203694,train
182214,train
200805,train
199586,train
224524,train
193313,train
220136,train
194661,train
187655,train
178479,train
176357,train
178618,train
203157,train
193458,train
206564,train
177501,train
175323,train
225363,train
173936,train
193347,train
172418,train
198730,train
192065,train
173130,train
202180,train
172817,train
203555,train
221845,train
176767,train
187828,train
173510,train
198751,train
226414,train
134916,train
196598,train
218483,train
133709,train
181428,train
203341,train
219162,train
195565,train
199769,train
185736,train
181195,train
183077,train
176303,train
190139,train
175464,train
176692,train
214724,train
227652,train
218990,train
176887,train
180496,train
191298,train
172882,train
221104,train
179544,train
184187,train
223210,train
215218,train
221280,train
127151,train
203205,train
197521,train
199609,train
205547,train
184873,train
173437,train
199539,train
94210,train
171918,train
175335,train
204787,train
223451,train
182044,train
149804,train
174551,train
181030,train
199708,train
180914,train
136962,train
174767,train
209688,train
173118,train
122088,train
200940,train
192102,train
204998,train
189468,train
186875,train
186503,train
200531,train
201255,train
176820,train
197390,train
222500,train
221799,train
184814,train
121356,train
126887,train
196719,train
196723,train
227023,train
209676,train
227471,train
146402,train
188144,train
190953,train
119481,train
172204,train
178472,train
184905,train
206775,train
185479,train
130568,train
177593,train
202294,train
202811,train
177775,train
188973,train
176807,train
181372,train
206899,train
177682,train
184881,train
200601,train
181845,train
216033,train
173621,train
201576,train
176402,train
133668,train
192749,train
177738,train
219345,train
171847,train
117862,train
194720,train
193908,train
166954,train
221949,train
178614,train
172107,train
188223,train
184190,train
176570,train
173329,train
184908,train
189546,train
174846,train
171947,train
154675,train
179069,train
107559,train
181875,train
199252,train
174607,train
179356,train
173863,train
189817,train
177345,train
173930,train
184971,train
122213,train
222571,train
181111,train
176568,train
225317,train
200977,train
188110,train
180402,train
189490,train
206121,train
221893,train
203202,train
199990,train
218970,train
182429,train
191157,train
185546,train
209692,train
194094,train
181043,train
188897,train
222616,train
179725,train
207262,train
189171,train
206510,train
183609,train
206677,train
188498,train
227250,train
196522,train
123290,train
224969,train
228032,train
179897,train
218971,train
180115,train
179909,train
195000,train
220225,train
127670,train
223586,train
207717,train
180392,train
177105,train
175681,train
201561,train
174644,train
199369,train
207342,train
190138,train
207930,train
185358,train
92681,train
179466,train
170597,train
222553,train
219408,train
140071,train
185596,train
124336,train
218917,train
224697,train
219295,train
212866,train
223944,train
200918,train
221705,train
184744,train
227219,train
222910,train
227370,train
182812,train
93680,train
183331,train
194119,train
173777,train
209122,train
212250,train
208978,train
92766,train
203267,train
167339,train
201542,train
127728,train
188602,train
187117,train
200255,train
178593,train
210154,train
172907,train
222970,train
182481,train
183250,train
224694,train
137254,train
211736,train
175442,train
93786,train
178206,train
191585,train
184637,train
200930,train
179761,train
180217,train
174441,train
180614,train
219520,train
130002,train
226987,train
185348,train
176101,train
175163,train
137266,train
222330,train
181021,train
208495,train
153147,train
181047,train
181084,train
181967,train
169100,train
175440,train
217819,train
177335,train
145402,train
222613,train
182922,train
181322,train
179554,train
175153,train
178210,train
191483,train
220036,train
184689,train
200902,train
172316,train
175922,train
220504,train
203462,train
205596,train
192704,train
179407,train
104764,train
194618,train
189015,train
186283,train
123370,train
150318,train
200312,train
131021,train
179895,train
181713,train
195862,train
175715,train
211949,train
137528,train
198580,train
184823,train
188158,train
195187,train
176569,train
148782,train
102076,train
173520,train
211774,train
127903,train
117948,train
218481,train
214365,train
214494,train
117910,train
180010,train
221372,train
197537,train
192208,train
199592,train
198046,train
208265,train
168757,train
171969,train
188136,train
189051,train
226736,train
204791,train
212248,train
202022,train
211350,train
227086,train
175155,train
185148,train
184302,train
195719,train
188012,train
210822,train
224659,train
198627,train
193483,train
205899,train
209057,train
188492,train
78952,train
175180,train
187375,train
193105,train
220160,train
177212,train
226381,train
199459,train
194079,train
212017,train
182090,train
187264,train
180368,train
220687,train
125584,train
177504,train
137315,train
187917,train
200032,train
225212,train
183775,train
185873,train
168972,train
175346,train
172754,train
228051,train
147916,train
174098,train
180440,train
183795,train
187821,train
185202,train
187353,train
205396,train
222659,train
189787,train
201329,train
200532,train
197278,train
193554,train
177677,train
193561,train
221643,train
222106,train
193344,train
200966,train
126215,train
183691,train
185999,train
185722,train
176255,train
221788,train
205441,train
201231,train
193223,train
173927,train
207849,train
178178,train
193356,train
182583,train
131137,train
179210,train
181402,train
192878,train
181299,train
215752,train
123283,train
193656,train
196829,train
123167,train
197387,train
145759,train
183939,train
175053,train
178968,train
192367,train
172869,train
94126,train
227358,train
179641,train
198007,train
223643,train
173555,train
184572,train
219159,train
125612,train
171904,train
125993,train
217747,train
181638,train
174697,train
202666,train
223445,train
190961,train
185840,train
186279,train
201437,train
179654,train
179176,train
209059,train
191994,train
191511,train
180077,train
201435,train
172419,train
180930,train
184758,train
187878,train
214622,train
194958,train
198816,train
183952,train
174881,train
200213,train
174762,train
217967,train
205584,train
201539,train
187710,train
221808,train
167333,train
171600,train
220978,train
188436,train
123174,train
192710,train
193417,train
184764,train
201604,train
172564,train
176893,train
207570,train
196578,train
187605,train
213654,train
178292,train
196475,train
184885,train
190078,train
220625,train
120647,train
165877,train
118676,train
196940,train
131278,train
188809,train
199143,train
185052,train
190667,train
222785,train
180694,train
206553,train
182875,train
114418,train
202675,train
222455,train
120369,train
193377,train
183999,train
227112,train
200412,train
183141,train
197205,train
174694,train
206963,train
200083,train
181924,train
187039,train
205906,train
192649,train
166055,train
201373,train
110507,train
188236,train
138655,train
205476,train
173332,train
224193,train
203057,train
175065,train
193995,train
177921,train
184631,train
166929,train
181074,train
219343,train
169660,train
174873,train
194732,train
226586,train
197464,train
224124,train
175657,train
212546,train
169154,train
174343,train
93519,train
224522,train
225123,train
178690,train
209677,train
200551,train
205402,train
176694,train
202737,train
192416,train
179985,train
133596,train
125847,train
207808,train
180938,train
180515,train
182421,train
189009,train
195824,train
193674,train
218963,train
188885,train
127333,train
208368,train
180101,train
222529,train
197002,train
186073,train
200740,train
219615,train
173718,train
125497,train
221300,train
200649,train
184958,train
126022,train
210625,train
219617,train
103375,train
191963,train
227430,train
184352,train
188088,train
222938,train
179787,train
218256,train
223162,train
176686,train
206052,train
219885,train
127337,train
126165,train
182662,train
194713,train
181184,train
209053,train
183933,train
181162,train
169527,train
223523,train
224565,train
221417,train
179942,train
195311,train
197728,train
131274,train
194737,train
213487,train
172480,train
223745,train
200165,train
173038,train
197928,train
194961,train
166597,train
182298,train
120286,train
176008,train
224300,train
172824,train
180609,train
196839,train
187050,train
178184,train
120497,train
184914,train
179802,train
190168,train
190205,train
222167,train
170335,train
152990,train
78409,train
176976,train
211519,train
185159,train
192509,train
176295,train
187846,train
224003,train
178386,train
208928,train
226383,train
142860,train
188764,train
199711,train
167711,train
201268,train
224658,train
219352,train
209853,train
168135,train
225347,train
224664,train
219363,train
204714,train
196626,train
188545,train
136965,train
224492,train
197123,train
221048,train
96971,train
192722,train
200925,train
201335,train
201979,train
187237,train
223992,train
173199,train
195624,train
193613,train
183145,train
182845,train
130555,train
188193,train
180793,train
185280,train
172582,train
194876,train
184113,train
174101,train
178338,train
174460,train
188177,train
190183,train
182869,train
221769,train
120326,train
209099,train
186948,train
173234,train
127941,train
148274,train
122282,train
93520,train
225002,train
184400,train
219242,train
184749,train
181161,train
198451,train
193406,train
119491,train
182587,train
189916,train
224887,train
170986,train
195802,train
201170,train
176783,train
211361,train
195194,train
126167,train
209704,train
138129,train
220154,train
133587,train
176683,train
185692,train
183474,train
182642,train
178583,train
199100,train
221374,train
93681,train
87898,train
172837,train
173323,train
105381,train
209982,train
202977,train
222503,train
226785,train
126576,train
136960,train
181570,train
182633,train
226249,train
177582,train
170547,train
197080,train
218906,train
194251,train
172982,train
181603,train
221925,train
178602,train
75316,train
203325,train
182484,train
177235,train
182743,train
176064,train
198384,train
198799,train
199595,train
197328,train
199324,train
171139,train
172144,train
225943,train
134237,train
182772,train
220299,train
202289,train
219165,train
199506,train
138645,train
187563,train
196926,train
198458,train
122132,train
218915,train
187555,train
203250,train
199778,train
201714,train
122795,train
219438,train
219518,train
225078,train
221644,train
221418,train
140110,train
179529,train
214373,train
198216,train
192968,train
201518,train
194162,train
180596,train
137895,train
175356,train
136919,train
180682,train
172497,train
188218,train
184415,train
200200,train
177332,train
223063,train
218733,train
172201,train
204771,train
175147,train
175963,train
184688,train
188443,train
92768,train
189037,train
222567,train
191700,train
201305,train
127344,train
209975,train
120083,train
184057,train
183302,train
207547,train
148324,train
200289,train
172742,train
184146,train
178297,train
185347,train
185773,train
172031,train
179850,train
120919,train
180562,train
181417,train
191233,train
222738,train
182766,train
197528,train
198226,train
186998,train
188420,train
174458,train
207685,train
200075,train
174777,train
140072,train
176765,train
208091,train
190146,train
125818,train
196512,train
174434,train
224549,train
221785,train
189954,train
226034,train
152817,train
223650,train
173446,train
221982,train
202277,train
176465,train
184122,train
220150,train
184092,train
171550,train
105697,train
180606,train
205922,train
200999,train
202089,train
205728,train
172751,train
177231,train
175743,train
122042,train
202039,train
182711,train
175911,train
226012,train
174822,train
178416,train
173445,train
215767,train
223064,train
224528,train
220282,train
179987,train
219978,train
190275,train
184363,train
189020,train
200053,train
195787,train
205416,train
171338,train
177129,train
143317,train
221997,train
176940,train
189785,train
179097,train
222581,train
200143,train
186901,train
173367,train
220041,train
176089,train
121862,train
201554,train
199407,train
181493,train
125990,train
192364,train
193592,train
211182,train
179458,train
215329,train
192265,train
173463,train
121888,train
201525,train
196879,train
172818,train
190401,train
208251,train
207677,train
206371,train
198805,train
127137,train
180541,train
175546,train
216758,train
206599,train
221472,train
221529,train
120115,train
204710,train
118720,train
181976,train
136958,train
179557,train
212113,train
177877,train
209265,train
173003,train
197458,train
199723,train
192256,train
184712,train
211789,train
215599,train
182397,train
175466,train
146389,train
203628,train
181451,train
187248,train
214974,train
212549,train
174493,train
193781,train
223697,train
174517,train
149672,train
221089,train
187374,train
222492,train
223229,train
133701,train
174669,train
221090,train
174298,train
146500,train
127187,train
183098,train
221268,train
150195,train
183732,train
172969,train
180381,train
187501,train
174128,train
204795,train
105465,train
205863,train
205915,train
190904,train
212658,train
193712,train
175989,train
170956,train
195024,train
224604,train
188221,train
219696,train
221691,train
183058,train
179440,train
198694,train
188246,train
173871,train
203561,train
222443,train
193985,train
227397,train
178218,train
191490,train
169471,train
179436,train
180731,train
186843,train
139716,train
188606,train
198562,train
206135,train
131741,train
220102,train
130481,train
187661,train
182017,train
225546,train
145315,train
179777,train
207483,train
193351,train
191146,train
200493,train
180520,train
192862,train
225290,train
220720,train
182403,train
186639,train
200617,train
220560,train
190758,train
184678,train
124749,train
96985,train
169809,train
190135,train
195717,train
175786,train
180029,train
174807,train
205781,train
177247,train
203398,train
190311,train
192325,train
93526,train
126910,train
184877,train
204548,train
196931,train
138176,train
173692,train
204973,train
219544,train
192819,train
205998,train
181825,train
227267,train
204920,train
221519,train
178233,train
120482,train
179657,train
184387,train
190454,train
175947,train
158577,train
187083,train
182109,train
200408,train
227492,train
172268,train
227660,train
197841,train
220319,train
120896,train
174371,train
186538,train
196693,train
192204,train
179925,train
222673,train
205457,train
101691,train
181692,train
176833,train
189420,train
172160,train
208381,train
185389,train
220722,train
201364,train
174804,train
183425,train
187833,train
182500,train
183954,train
179101,train
176185,train
225345,train
190331,train
199940,train
223000,train
123675,train
141593,train
183255,train
182750,train
209931,train
178158,train
205495,train
161961,train
224985,train
150899,train
199870,train
175022,train
222158,train
128816,train
182068,train
100570,train
185222,train
180766,train
131027,train
190067,train
172849,train
141703,train
196736,train
206815,train
169354,train
181478,train
187403,train
214442,train
188518,train
186499,train
205080,train
225858,train
185819,train
182076,train
194898,train
186825,train
143419,train
221157,train
199591,train
222830,train
188509,train
200080,train
118458,train
221786,train
166827,train
204694,train
212801,train
202018,train
202130,train
183737,train
178927,train
146815,train
168832,train
183598,train
188639,train
197338,train
52535,train
220972,train
187062,train
197979,train
223073,train
178633,train
188318,train
199227,train
169183,train
219061,train
156345,train
189002,train
223243,train
189831,train
176724,train
221937,train
131742,train
221130,train
205935,train
201287,train
176681,train
185250,train
175810,train
210612,train
175927,train
168157,train
172420,train
197509,train
178800,train
209297,train
145115,train
185570,train
186656,train
176877,train
185232,train
133232,train
139591,train
197932,train
183350,train
178768,train
220577,train
202151,train
222750,train
218743,train
193852,train
205496,train
228136,train
173265,train
223680,train
185092,train
190248,train
191686,train
169098,train
168194,train
174408,train
174853,train
195985,train
164901,train
221822,train
223618,train
169732,train
92773,train
187394,train
175784,train
118432,train
179672,train
189855,train
177348,train
219493,train
207455,train
181214,train
218546,train
173231,train
187765,train
172074,train
176277,train
204830,train
145238,train
204695,train
126276,train
198510,train
198845,train
194996,train
129854,train
221995,train
198852,train
183728,train
199705,train
219569,train
182749,train
187649,train
227453,train
223115,train
201506,train
188216,train
101943,train
190787,train
212478,train
194070,train
213475,train
226728,train
175566,train
172382,train
120931,train
185208,train
123269,train
182511,train
220368,train
226272,train
189125,train
188777,train
221370,train
193664,train
218908,train
178578,train
225019,train
196882,train
176091,train
167903,train
101698,train
122862,train
173589,train
204667,train
222975,train
185284,train
185282,train
143323,train
173255,train
173781,train
192574,train
194647,train
182417,train
166820,train
176437,train
221878,train
219313,train
219665,train
96370,train
222683,train
177370,train
201544,train
205438,train
200295,train
186488,train
204819,train
202059,train
206046,train
203708,train
198995,train
125554,train
221010,train
189093,train
128251,train
193582,train
193539,train
221250,train
199265,train
169455,train
92771,train
196894,train
187407,train
221649,train
225116,train
200619,train
120385,train
207801,train
200935,train
179364,train
216415,train
122985,train
178209,train
176274,train
202148,train
141628,train
182361,train
172956,train
178836,train
187156,train
173902,train
137331,train
183288,train
196520,train
200406,train
179652,train
145465,train
210611,train
177550,train
186269,train
197936,train
227662,train
192038,train
174891,train
126706,train
134528,train
223700,train
122048,train
183075,train
188155,train
184498,train
194645,train
172233,train
190106,train
174100,train
221711,train
176656,train
187817,train
203165,train
178613,train
223623,train
200192,train
171154,train
203112,train
159063,train
186102,train
203478,train
180370,train
172943,train
227307,train
184183,train
207578,train
175503,train
190575,train
123192,train
222668,train
192719,train
224580,train
172106,train
188900,train
183446,train
182195,train
205192,train
172230,train
212634,train
205855,train
124672,train
184964,train
222351,train
203534,train
192033,train
219582,train
224014,train
224159,train
218967,train
225591,train
197729,train
193873,train
134970,train
188887,train
191687,train
199031,train
210512,train
182204,train
126233,train
177321,train
174492,train
173120,train
200571,train
180039,train
205563,train
186507,train
219796,train
180018,train
221436,train
219160,train
227082,train
171406,train
202142,train
202750,train
201779,train
203345,train
176963,train
203159,train
189292,train
195324,train
188504,train
130762,train
183554,train
203362,train
203139,train
182572,train
102810,train
174606,train
146280,train
193519,train
186265,train
180706,train
211782,train
173213,train
188452,train
196242,train
227100,train
177298,train
223630,train
177836,train
174814,train
197685,train
172652,train
199198,train
127909,train
122865,train
211368,train
201185,train
175813,train
141159,train
180227,train
127569,train
179703,train
187262,train
225990,train
181925,train
213164,train
175126,train
106647,train
177653,train
182306,train
97279,train
197219,train
219394,train
194772,train
187822,train
221672,train
134716,train
211693,train
176613,train
187675,train
200023,train
227032,train
221482,train
126230,train
202305,train
173560,train
202341,train
184204,train
96400,train
200926,train
225306,train
193807,train
220407,train
172417,train
174573,train
195188,train
152143,train
192708,train
220877,train
188804,train
175735,train
193658,train
199781,train
118780,train
173937,train
189789,train
224359,train
182836,train
201682,train
221694,train
183725,train
185337,train
181853,train
172921,train
179806,train
221019,train
190773,train
211554,train
171878,train
187492,train
181667,train
171087,train
183602,train
181171,train
173762,train
224283,train
180590,train
137886,train
174932,train
170612,train
179491,train
222888,train
185770,train
166884,train
197892,train
200460,train
178432,train
201558,train
225109,train
177670,train
200442,train
123282,train
195711,train
203571,train
128312,train
189764,train
224066,train
176844,train
199965,train
179478,train
188322,train
173371,train
178582,train
202202,train
173476,train
184351,train
184120,train
188772,train
181646,train
175152,train
175820,train
175061,train
187906,train
181959,train
131284,train
205442,train
218674,train
205253,train
225255,train
172979,train
219373,train
222367,train
197339,train
134420,train
181552,train
222253,train
223856,train
183918,train
206019,train
172883,train
180081,train
194177,train
189542,train
143318,train
184921,train
203553,train
212673,train
210587,train
191162,train
176346,train
174872,train
183600,train
207116,train
205449,train
199566,train
200130,train
130766,train
188212,train
174664,train
172175,train
218980,train
176804,train
185675,train
227650,train
204078,train
174914,train
219444,train
221261,train
202463,train
195146,train
137144,train
179943,train
185412,train
174513,train
184176,train
220548,train
188124,train
199199,train
175638,train
225302,train
195570,train
189704,train
189320,train
175654,train
178335,train
203303,train
206791,train
186017,train
203161,train
137088,train
186316,train
207684,train
137038,train
181409,train
208986,train
207804,train
181655,train
205612,train
195116,train
177823,train
170481,train
205361,train
170953,train
221793,train
176642,train
200196,train
182240,train
171924,train
216152,train
189743,train
223211,train
205579,train
185515,train
174979,train
177425,train
187022,train
176455,train
173932,train
182504,train
227387,train
225823,train
188224,train
221970,train
203521,train
169149,train
178420,train
134656,train
219972,train
222890,train
183320,train
188244,train
154278,train
222181,train
224290,train
220524,train
138093,train
131134,train
221429,train
191042,train
171945,train
183972,train
180052,train
185256,train
186890,train
221165,train
166936,train
182566,train
189630,train
102039,train
200463,train
218464,train
195431,train
196866,train
198539,train
178482,train
179611,train
227235,train
176014,train
212232,train
210250,train
201451,train
195291,train
176442,train
200915,train
223795,train
200206,train
194500,train
217490,train
199188,train
202975,train
182885,train
177788,train
197397,train
186315,train
198470,train
225081,train
186024,train
210576,train
189903,train
138672,train
136230,train
133626,train
180874,train
223165,train
176643,train
208022,train
196852,train
126784,train
207155,train
192093,train
216934,train
196144,train
223869,train
184426,train
171322,train
133271,train
176036,train
203665,train
205560,train
205393,train
205897,train
173400,train
172941,train
200448,train
203664,train
122765,train
166600,train
92723,train
209934,train
227048,train
167885,train
175670,train
227672,train
172973,train
182589,train
213639,train
179960,train
187980,train
202080,train
173707,train
182483,train
173105,train
183227,train
174321,train
184438,train
108732,train
178511,train
166905,train
176251,train
181242,train
171750,train
208553,train
219534,train
200105,train
203433,train
178701,train
202858,train
191628,train
181085,train
200986,train
204081,train
174903,train
193411,train
198676,train
187371,train
185654,train
207573,train
184673,train
208508,train
190962,train
220540,train
202782,train
200610,train
220153,train
201666,train
173272,train
127311,train
145265,train
98760,train
222562,train
171541,train
221881,train
180034,train
171930,train
188753,train
95959,train
100563,train
191923,train
183623,train
220424,train
189119,train
198205,train
194976,train
145467,train
193744,train
176186,train
186822,train
181327,train
179456,train
183945,train
200680,train
128310,train
222884,train
212563,train
121341,train
220688,train
146059,train
226621,train
121923,train
179452,train
183337,train
227286,train
184996,train
222030,train
193014,train
195722,train
220057,train
172777,train
213913,train
177720,train
176712,train
200947,train
225000,train
87394,train
183410,train
200079,train
204824,train
178964,train
203514,train
182246,train
209535,train
222969,train
126155,train
103645,train
221339,train
202344,train
199748,train
207926,train
224425,train
203612,train
197020,train
175550,train
219494,train
183563,train
171156,train
221757,train
125558,train
202069,train
189815,train
207565,train
192627,train
181717,train
172578,train
211372,train
177822,train
212510,train
195780,train
227658,train
222214,train
174935,train
173690,train
196961,train
177276,train
134358,train
131038,train
171996,train
205594,train
222196,train
125056,train
173900,train
201410,train
221267,train
183472,train
218517,train
208201,train
176190,train
176790,train
180838,train
205472,train
227239,train
219735,train
180571,train
124856,train
197072,train
220442,train
223693,train
120880,train
184811,train
200228,train
174999,train
203686,train
137264,train
199928,train
176435,train
190588,train
187339,train
180544,train
181670,train
178555,train
201419,train
205417,train
196702,train
182582,train
118531,train
137416,train
184357,train
129985,train
205387,train
185189,train
168148,train
203189,train
197990,train
92796,train
225993,train
201095,train
184625,train
187376,train
179091,train
203007,train
223764,train
209258,train
186902,train
180089,train
172525,train
186985,train
173875,train
174262,train
195004,train
117905,train
175675,train
178019,train
187831,train
184499,train
187903,train
175206,train
194608,train
212282,train
203585,train
227045,train
218995,train
202803,train
167697,train
219581,train
225013,train
223357,train
187676,train
182839,train
177509,train
173652,train
181022,train
135747,train
223045,train
167334,train
203657,train
190582,train
199222,train
225133,train
223683,train
215297,train
145783,train
189018,train
184723,train
221640,train
224344,train
225815,train
210261,train
188874,train
119747,train
174327,train
219009,train
173516,train
175102,train
219568,train
174446,train
195043,train
157693,train
180500,train
211405,train
195819,train
221690,train
178397,train
219040,train
225047,train
188741,train
174115,train
227294,train
210813,train
169086,train
201659,train
215772,train
198406,train
197136,train
217970,train
181540,train
199266,train
177279,train
146464,train
219783,train
225842,train
217901,train
175492,train
202735,train
182602,train
212597,train
198469,train
176529,train
226315,train
206776,train
224120,train
221021,train
200607,train
182606,train
140267,train
221734,train
218491,train
150793,train
227535,train
203301,train
175776,train
200624,train
203442,train
127942,train
184835,train
205811,train
172747,train
202508,train
177734,train
177269,train
177518,train
174604,train
189808,train
181213,train
188111,train
133594,train
199009,train
122879,train
200851,train
123746,train
176540,train
125585,train
219512,train
180918,train
204604,train
183491,train
202920,train
139357,train
197081,train
209073,train
181719,train
194917,train
175949,train
169970,train
191621,train
219516,train
220122,train
182122,train
180547,train
180540,train
207549,train
212015,train
119838,train
203780,train
221100,train
183636,train
173235,train
226002,train
227727,train
227223,train
214352,train
130706,train
183132,train
181579,train
212530,train
199597,train
130653,train
208524,train
176084,train
198726,train
205910,train
193373,train
194303,train
219834,train
199073,train
190767,train
215746,train
174544,train
177631,train
206038,train
185002,train
146488,train
174147,train
121040,train
122709,train
192813,train
191971,train
200550,train
194651,train
137034,train
222149,train
216366,train
171048,train
171984,train
195776,train
202930,train
216980,train
197554,train
212362,train
176500,train
172262,train
120424,train
182507,train
212231,train
222945,train
145456,train
183849,train
196261,train
80161,train
187007,train
179803,train
191145,train
173698,train
205768,train
173758,train
182365,train
185459,train
200719,train
172580,train
209858,train
214610,train
181131,train
175197,train
187073,train
219558,train
199148,train
182652,train
193371,train
187885,train
219491,train
202416,train
176005,train
201307,train
175752,train
176701,train
188846,train
202487,train
187149,train
194685,train
185698,train
203432,train
177223,train
198405,train
214501,train
174368,train
187238,train
186813,train
101940,train
223995,train
200628,train
203233,train
175597,train
189047,train
185553,train
222265,train
140073,train
184829,train
189750,train
223565,train
176596,train
197342,train
177300,train
199929,train
188875,train
118469,train
177807,train
190141,train
220519,train
208156,train
190677,train
119401,train
226641,train
211444,train
119739,train
130781,train
208988,train
222375,train
175865,train
222048,train
218756,train
173129,train
180883,train
173792,train
178443,train
221404,train
177828,train
192396,train
169301,train
174524,train
186308,train
198542,train
198201,train
211718,train
207862,train
121963,train
175198,train
177225,train
118782,train
220328,train
136373,train
176821,train
179874,train
131288,train
198791,train
139889,train
182296,train
199876,train
183309,train
200102,train
223108,train
189522,train
186096,train
178502,train
200860,train
179448,train
183560,train
118560,train
185145,train
125918,train
182375,train
185419,train
177816,train
172668,train
190213,train
190294,train
220549,train
207554,train
200755,train
190661,train
191537,train
178084,train
226163,train
202037,train
183052,train
125801,train
178719,train
221896,train
206566,train
186441,train
175561,train
146462,train
168483,train
185806,train
203710,train
219388,train
97404,train
179605,train
177567,train
174331,train
184367,train
178201,train
174719,train
212554,train
180168,train
183377,train
173848,train
227366,train
175650,train
224596,train
175501,train
202185,train
125425,train
122143,train
200756,train
205671,train
188915,train
186112,train
178180,train
182166,train
175457,train
184076,train
215057,train
200150,train
178394,train
208569,train
142803,train
196256,train
178769,train
150307,train
221295,train
226821,train
181929,train
183127,train
203392,train
225947,train
177954,train
170184,train
180408,train
222680,train
188033,train
186811,train
175166,train
223748,train
190718,train
196670,train
186983,train
175537,train
181902,train
179141,train
221836,train
186363,train
143322,train
184157,train
184810,train
198782,train
197193,train
199226,train
188484,train
185549,train
182671,train
193846,train
208633,train
220325,train
207671,train
173925,train
222942,train
201309,train
223753,train
181601,train
221320,train
176491,train
207635,train
200852,train
206339,train
128815,train
197402,train
185367,train
122110,train
176675,train
212160,train
178436,train
181863,train
172404,train
174885,train
223249,train
190185,train
200313,train
198641,train
195015,train
173254,train
175329,train
120311,train
227701,train
146566,train
121669,train
117920,train
195155,train
181414,train
180948,train
227093,train
214619,train
167701,train
220797,train
216016,train
227804,train
189739,train
188107,train
191566,train
185493,train
204054,train
203096,train
205200,train
184138,train
190525,train
177780,train
120723,train
187249,train
179132,train
187678,train
223117,train
191673,train
194747,train
193404,train
220386,train
186273,train
177424,train
203538,train
220348,train
185801,train
122861,train
203102,train
223934,train
208197,train
222703,train
188806,train
139360,train
144728,train
176315,train
226051,train
183977,train
190043,train
124851,train
212671,train
180436,train
195932,train
153069,train
191325,train
196990,train
205868,train
181121,train
227121,train
193222,train
168780,train
194650,train
208955,train
175117,train
223174,train
173838,train
142875,train
92718,train
180699,train
211802,train
222056,train
227120,train
207720,train
120373,train
192720,train
179015,train
196955,train
184618,train
192020,train
178709,train
214431,train
197698,train
227038,train
183665,train
183432,train
167338,train
126728,train
192769,train
185188,train
199228,train
195468,train
174834,train
214312,train
199703,train
223578,train
218379,train
194711,train
201683,train
126906,train
184782,train
126222,train
181081,train
195172,train
192108,train
168181,train
222146,train
195798,train
131290,train
226946,train
193557,train
203516,train
187855,train
122050,train
171520,train
207215,train
195938,train
176067,train
192755,train
219805,train
131786,train
227010,train
191901,train
172372,train
182472,train
186076,train
210883,train
193931,train
221669,train
173226,train
183371,train
204804,train
141704,train
219662,train
185984,train
201987,train
181643,train
226025,train
178552,train
227043,train
172504,train
212020,train
182544,train
124350,train
143020,train
205917,train
188037,train
222037,train
183391,train
171356,train
176113,train
139065,train
221953,train
197355,train
200126,train
218380,train
138765,train
186979,train
127298,train
133585,train
190325,train
172386,train
211359,train
179984,train
221887,train
227693,train
200818,train
222748,train
189742,train
170948,train
204559,train
193648,train
203424,train
174791,train
189604,train
140015,train
225850,train
200122,train
224228,train
138101,train
181354,train
200469,train
97526,train
200929,train
214768,train
216556,train
226650,train
187358,train
188761,train
221968,train
175861,train
180704,train
220918,train
143482,train
211524,train
210810,train
174574,train
185418,train
187620,train
185302,train
175096,train
175531,train
178364,train
219248,train
186795,train
175923,train
127582,train
205198,train
222951,train
205401,train
182066,train
120454,train
168592,train
193839,train
184896,train
200973,train
177862,train
143426,train
182438,train
224074,train
188149,train
198433,train
173123,train
224197,train
226097,train
123923,train
184129,train
126755,train
196121,train
219283,train
186225,train
92677,train
224227,train
177630,train
196976,train
200862,train
227221,train
189014,train
187699,train
203375,train
208482,train
184945,train
187766,train
188543,train
179125,train
178945,train
195549,train
120301,train
69885,train
221829,train
92775,train
210573,train
190700,train
175314,train
187433,train
179246,train
189215,train
199596,train
218747,train
122614,train
208547,train
185375,train
173013,train
197867,train
202499,train
222091,train
125526,train
199182,train
219252,train
221544,train
175666,train
227613,train
199584,train
186294,train
223993,train
202307,train
199780,train
182099,train
191959,train
221561,train
221202,train
180855,train
188800,train
203608,train
190076,train
188448,train
225940,train
174794,train
224029,train
185672,train
196716,train
185990,train
198439,train
176624,train
183009,train
174870,train
168200,train
171082,train
172977,train
197964,train
92807,train
176139,train
183484,train
188447,train
178227,train
127689,train
219807,train
211383,train
205517,train
212054,train
130782,train
180565,train
178541,train
196743,train
101933,train
226902,train
126216,train
225038,train
181691,train
206595,train
182479,train
202405,train
199654,train
186326,train
174485,train
175674,train
143728,train
176761,train
185514,train
83952,train
189719,train
190058,train
177018,train
211358,train
199361,train
185340,train
96826,train
182519,train
191961,train
209418,train
118604,train
185966,train
181662,train
192984,train
186827,train
225295,train
200019,train
224630,train
177285,train
178706,train
194628,train
192412,train
182010,train
227027,train
122183,train
200147,train
186113,train
123683,train
203703,train
204993,train
227890,train
223083,train
177216,train
195091,train
188005,train
200016,train
118617,train
221424,train
122355,train
192564,train
194992,train
206843,train
223076,train
183156,train
194910,train
189115,train
223074,train
129995,train
185887,train
196857,train
150902,train
186052,train
220192,train
180637,train
189133,train
176666,train
190567,train
154819,train
176403,train
185401,train
184701,train
173432,train
182847,train
186425,train
212856,train
117909,train
201184,train
177745,train
204879,train
227563,train
184298,train
184509,train
169090,train
184050,train
174689,train
189816,train
206822,train
200497,train
172043,train
203119,train
190345,train
187252,train
226096,train
193695,train
167838,train
195096,train
177357,train
186945,train
189151,train
149688,train
220344,train
200912,train
171920,train
186816,train
209475,train
177639,train
185659,train
187243,train
177291,train
222902,train
189602,train
173468,train
178459,train
180363,train
177580,train
175196,train
126025,train
181938,train
140259,train
204754,train
177724,train
181099,train
221965,train
192629,train
172044,train
227459,train
168015,train
177303,train
214354,train
125802,train
195848,train
171768,train
170397,train
219260,train
196290,train
168123,train
192775,train
197322,train
176388,train
180770,train
178764,train
176269,train
180398,train
224269,train
213617,train
208481,train
194367,train
173248,train
225935,train
200486,train
225008,train
200909,train
137097,train
189219,train
175060,train
197994,train
184848,train
206192,train
189773,train
121235,train
167860,train
150798,train
190274,train
212539,train
195845,train
202824,train
185530,train
96447,train
180856,train
125427,train
150835,train
219075,train
170980,train
224043,train
202464,train
198285,train
139971,train
216536,train
184802,train
214421,train
188540,train
173472,train
209037,train
190118,train
189110,train
123166,train
183956,train
217790,train
192127,train
222429,train
196958,train
194126,train
181755,train
179902,train
125561,train
198436,train
212724,train
180783,train
181106,train
218449,train
223164,train
126081,train
150196,train
180391,train
204032,train
122051,train
227105,train
195298,train
223527,train
203123,train
179981,train
203508,train
167709,train
142798,train
213630,train
182025,train
185799,train
210641,train
220622,train
196721,train
187417,train
181602,train
181822,train
199379,train
196807,train
222699,train
219947,train
177428,train
183071,train
93566,train
188833,train
219073,train
199699,train
191067,train
143659,train
215060,train
172509,train
190854,train
227316,train
199418,train
186110,train
176725,train
223416,train
172912,train
177913,train
219422,train
200311,train
118634,train
222908,train
201332,train
125583,train
189715,train
191802,train
186512,train
223058,train
186385,train
129862,train
174273,train
181129,train
92683,train
188805,train
205774,train
205900,train
166946,train
185144,train
179819,train
193365,train
208356,train
207950,train
176850,train
185317,train
191623,train
182993,train
183950,train
183569,train
181138,train
195327,train
175070,train
198410,train
203009,train
217711,train
181029,train
199463,train
204039,train
219339,train
120947,train
137336,train
196701,train
200461,train
222128,train
175765,train
172388,train
204870,train
201976,train
190638,train
123234,train
188019,train
195420,train
187259,train
214614,train
204913,train
178707,train
224314,train
185567,train
217643,train
183991,train
221754,train
194087,train
126018,train
219635,train
101702,train
195487,train
190347,train
222751,train
192366,train
191339,train
184732,train
195942,train
175159,train
173912,train
182477,train
223507,train
174684,train
145444,train
183091,train
184108,train
193806,train
219403,train
181135,train
184093,train
203183,train
222682,train
218749,train
123173,train
177527,train
181136,train
127330,train
208950,train
182274,train
176355,train
182683,train
187308,train
212224,train
129280,train
180098,train
185606,train
145791,train
125563,train
204989,train
186952,train
223718,train
183051,train
223474,train
150802,train
188588,train
176044,train
145458,train
205470,train
190673,train
224351,train
181679,train
211422,train
172774,train
204578,train
177430,train
174442,train
191592,train
181377,train
214690,train
227233,train
206320,train
187603,train
208189,train
189032,train
185843,train
177343,train
220052,train
178820,train
218688,train
198244,train
119500,train
121642,train
171979,train
137091,train
177900,train
222827,train
197135,train
61394,train
185020,train
140285,train
182680,train
168191,train
193022,train
199521,train
225470,train
150880,train
124956,train
120335,train
144131,train
185511,train
178183,train
184734,train
178144,train
222131,train
207269,train
175785,train
190931,train
136968,train
179950,train
137414,train
188295,train
212513,train
181058,train
224157,train
122002,train
203208,train
122134,train
215449,train
182718,train
204829,train
219100,train
222690,train
194823,train
134923,train
89794,train
166921,train
175694,train
123440,train
227684,train
186946,train
211517,train
217838,train
175614,train
173340,train
198734,train
193403,train
222338,train
181425,train
169487,train
179887,train
179633,train
225865,train
217958,train
135763,train
221818,train
188765,train
214989,train
174494,train
171632,train
224525,train
189610,train
209180,train
208044,train
173731,train
189045,train
206396,train
80145,train
195935,train
209290,train
175014,train
209927,train
198829,train
180843,train
197018,train
176023,train
195101,train
173107,train
175129,train
183456,train
222363,train
98367,train
220263,train
227119,train
178601,train
221440,train
167698,train
126911,train
203449,train
220596,train
174134,train
178579,train
177876,train
209985,train
172218,train
220185,train
196465,train
196123,train
204030,train
182864,train
168294,train
127528,train
221823,train
204926,train
181813,train
157159,train
223047,train
134311,train
211245,train
196100,train
222846,train
223797,train
185734,train
170955,train
167795,train
178835,train
225970,train
203292,train
178747,train
177569,train
198665,train
219251,train
205365,train
223435,train
206020,train
172815,train
220542,train
178352,train
193467,train
134293,train
198328,train
181305,train
175183,train
198593,train
194000,train
171442,train
193666,train
201893,train
196580,train
221511,train
219539,train
180696,train
215235,train
214641,train
117830,train
177228,train
193594,train
208954,train
222362,train
208086,train
200190,train
216557,train
176040,train
167712,train
169224,train
187179,train
175047,train
191499,train
125553,train
183147,train
211643,train
176053,train
200014,train
180818,train
184347,train
184647,train
196631,train
207375,train
214726,train
145246,train
205490,train
202150,train
182707,train
204086,train
178507,train
173684,train
208190,train
133592,train
175116,train
194714,train
181806,train
180524,train
118637,train
125539,train
177037,train
190333,train
218543,train
172115,train
206806,train
131748,train
227547,train
151578,train
225997,train
168610,train
173467,train
211441,train
175673,train
181651,train
223822,train
173263,train
183351,train
186878,train
174976,train
177053,train
200154,train
205564,train
197346,train
125430,train
172931,train
178828,train
188961,train
125589,train
178693,train
183627,train
177359,train
175596,train
96408,train
181501,train
223717,train
180556,train
182329,train
190173,train
188225,train
196571,train
185774,train
175874,train
196817,train
172423,train
137333,train
174894,train
219337,train
212533,train
181489,train
201588,train
140069,train
178758,train
167685,train
209930,train
195035,train
176916,train
179884,train
198518,train
192898,train
186967,train
182865,train
187606,train
175316,train
190349,train
176597,train
213661,train
195564,train
192067,train
184942,train
182107,train
180463,train
221801,train
181199,train
183715,train
199533,train
182257,train
174747,train
227202,train
138565,train
120560,train
185156,train
127891,train
188299,train
220637,train
177753,train
220157,train
220704,train
227373,train
169568,train
219833,train
203155,train
185720,train
219827,train
222402,train
173552,train
221294,train
186284,train
210706,train
174964,train
178873,train
187865,train
222220,train
188182,train
208194,train
180332,train
211654,train
202702,train
171785,train
211349,train
180193,train
194729,train
219034,train
130798,train
198053,train
94125,train
187859,train
186407,train
172281,train
227400,train
195309,train
200585,train
184149,train
221022,train
196617,train
184651,train
186509,train
225869,train
180289,train
195161,train
169147,train
205619,train
181278,train
207185,train
120888,train
185994,train
117863,train
214980,train
227215,train
194888,train
196731,train
199200,train
134425,train
184523,train
165915,train
195774,train
146368,train
204817,train
183614,train
203407,train
221800,train
212280,train
227795,train
180848,train
189120,train
193290,train
189309,train
177539,train
216056,train
209628,train
184903,train
178867,train
188834,train
218576,train
202996,train
218977,train
181794,train
178413,train
212565,train
226761,train
222778,train
181930,train
227801,train
125728,train
187413,train
150766,train
204976,train
205616,train
191594,train
218070,train
211443,train
197515,train
161300,train
180814,train
212595,train
183702,train
105467,train
190971,train
174765,train
99597,train
120228,train
222439,train
181847,train
118575,train
193654,train
192693,train
180778,train
198506,train
203307,train
223553,train
206482,train
123928,train
227278,train
205566,train
218502,train
195795,train
224027,train
180897,train
121366,train
189102,train
212299,train
180975,train
142993,train
208488,train
195750,train
178089,train
136916,train
225541,train
198419,train
133706,train
226168,train
169143,train
175708,train
121973,train
195250,train
146392,train
219784,train
188798,train
178434,train
189094,train
109617,train
120288,train
210757,train
197143,train
188115,train
199488,train
184863,train
122757,train
177524,train
173826,train
227555,train
199762,train
186957,train
175640,train
181683,train
200459,train
203333,train
193547,train
174581,train
205063,train
178269,train
173712,train
192068,train
180015,train
176922,train
174393,train
227537,train
179222,train
177988,train
221831,train
225093,train
196513,train
179750,train
225259,train
134330,train
221846,train
199244,train
127684,train
222116,train
203511,train
189142,train
201678,train
118643,train
222057,train
176638,train
224371,train
204880,train
209686,train
199500,train
124783,train
198564,train
188412,train
166814,train
134731,train
175540,train
204702,train
219557,train
145301,train
181885,train
175101,train
148328,train
221153,train
143576,train
220343,train
169179,train
172867,train
186297,train
211700,train
183148,train
223212,train
227194,train
176673,train
167765,train
186448,train
198589,train
198504,train
175263,train
203144,train
196827,train
222507,train
189374,train
121243,train
226399,train
179938,train
222490,train
119699,train
203672,train
175191,train
193346,train
196995,train
189924,train
181070,train
173751,train
171756,train
219614,train
188710,train
183640,train
206233,train
193450,train
93684,train
179744,train
207945,train
170984,train
122104,train
227826,train
178497,train
124226,train
209200,train
220769,train
175661,train
169148,train
176187,train
191163,train
177574,train
224533,train
182072,train
193460,train
177138,train
175683,train
185883,train
190701,train
192095,train
177278,train
176193,train
184369,train
176323,train
220300,train
183523,train
206816,train
180316,train
188426,train
201276,train
224546,train
181325,train
174264,train
217815,train
125893,train
205819,train
172191,train
205182,train
171376,train
171160,train
146808,train
195020,train
192548,train
202016,train
176149,train
194697,train
130722,train
199146,train
174058,train
187204,train
181695,train
179549,train
186395,train
202706,train
207270,train
194147,train
206568,train
184754,train
188810,train
191965,train
181067,train
123442,train
172103,train
176062,train
126347,train
126002,train
200908,train
186548,train
202712,train
173917,train
190619,train
201408,train
168129,train
185338,train
173689,train
221863,train
183839,train
194718,train
183381,train
186452,train
227195,train
180396,train
182338,train
193673,train
173862,train
103644,train
138649,train
137093,train
180008,train
175288,train
179740,train
212656,train
206358,train
211858,train
175999,train
184558,train
180330,train
199773,train
176432,train
195097,train
180889,train
207939,train
219371,train
173211,train
188123,train
173880,train
172513,train
169125,train
201945,train
221871,train
173665,train
176846,train
221531,train
140355,train
183341,train
221272,train
223952,train
193569,train
174487,train
182014,train
178664,train
181122,train
194990,train
171934,train
220869,train
171579,train
200215,train
168006,train
173859,train
180097,train
176827,train
180635,train
181858,train
191279,train
180742,train
133832,train
193880,train
184104,train
214366,train
222515,train
222369,train
120325,train
181350,train
202447,train
226777,train
171948,train
172014,train
208093,train
183807,train
206558,train
186658,train
222590,train
211801,train
181671,train
152982,train
196823,train
177008,train
179434,train
179560,train
93517,train
178696,train
132832,train
178649,train
204715,train
220105,train
216535,train
170535,train
185263,train
181335,train
200533,train
184864,train
172830,train
196850,train
210623,train
123926,train
171581,train
220690,train
201446,train
137958,train
222592,train
138901,train
181454,train
169700,train
183729,train
200416,train
207826,train
224537,train
220032,train
182871,train
199180,train
122049,train
204576,train
195857,train
176726,train
220493,train
182073,train
206552,train
194712,train
181303,train
127145,train
203347,train
224051,train
184548,train
202104,train
197294,train
223806,train
180861,train
199461,train
221284,train
192703,train
183021,train
180836,train
200254,train
185341,train
225846,train
195123,train
187807,train
183232,train
211993,train
218378,train
181751,train
194982,train
218969,train
219531,train
219660,train
181312,train
125587,train
220476,train
188145,train
222845,train
174340,train
220265,train
176281,train
204994,train
227685,train
145313,train
215411,train
208536,train
175827,train
222143,train
220135,train
222012,train
180431,train
179634,train
188802,train
93801,train
226376,train
168158,train
189496,train
207850,train
185976,train
176905,train
201517,train
204656,train
196110,train
121834,train
182303,train
187748,train
223446,train
179555,train
122813,train
205410,train
203814,train
209138,train
136913,train
219594,train
202211,train
96831,train
180672,train
214453,train
194133,train
207952,train
181429,train
175222,train
179951,train
206685,train
205453,train
201458,train
181487,train
217835,train
185200,train
203588,train
211644,train
208792,train
183321,train
225955,train
203190,train
221709,train
199175,train
177547,train
190365,train
183976,train
173730,train
221178,train
190765,train
198342,train
203098,train
175809,train
195046,train
227731,train
196506,train
221957,train
179853,train
222032,train
183978,train
180507,train
180045,train
198755,train
180692,train
183343,train
173086,train
181615,train
225864,train
220139,train
184736,train
207943,train
172027,train
205769,train
173297,train
126090,train
200464,train
129991,train
178961,train
190172,train
209627,train
226416,train
178973,train
224044,train
211269,train
221012,train
189095,train
215450,train
171981,train
188906,train
133575,train
174685,train
204577,train
191615,train
185775,train
216102,train
219016,train
172369,train
180849,train
105491,train
182866,train
186468,train
227178,train
202271,train
193837,train
194962,train
203857,train
169132,train
223065,train
198520,train
167303,train
225550,train
221399,train
180608,train
219470,train
126573,train
212318,train
130778,train
222976,train
181785,train
206572,train
134964,train
214708,train
168133,train
199319,train
207552,train
121360,train
199786,train
181860,train
181337,train
174306,train
181176,train
183664,train
136910,train
168188,train
177246,train
222121,train
105456,train
165991,train
174070,train
137391,train
172575,train
224584,train
183911,train
193918,train
174563,train
181090,train
169533,train
169824,train
175877,train
206317,train
196657,train
190147,train
191319,train
222390,train
195533,train
133584,train
184407,train
175080,train
202157,train
195476,train
174271,train
212246,train
129987,train
182596,train
191533,train
202468,train
195699,train
212562,train
182769,train
174782,train
175582,train
203148,train
172938,train
185376,train
185468,train
187961,train
190337,train
185149,train
125469,train
192705,train
204205,train
182530,train
188455,train
183621,train
182067,train
207924,train
213205,train
175038,train
179818,train
142796,train
146494,train
182383,train
176312,train
205726,train
205421,train
216561,train
204545,train
227208,train
224267,train
211231,train
196934,train
201324,train
127301,train
169110,train
184222,train
212493,train
127335,train
131141,train
189786,train
192864,train
185153,train
78402,train
127172,train
180909,train
203653,train
187035,train
225340,train
200583,train
179120,train
195712,train
221140,train
218941,train
96359,train
168168,train
185733,train
227852,train
196190,train
182112,train
125562,train
205488,train
182029,train
193549,train
194690,train
103143,train
187895,train
220286,train
178731,train
202465,train
228157,train
192058,train
178032,train
187791,train
174063,train
138140,train
195029,train
175777,train
223517,train
225022,train
171899,train
180205,train
213042,train
201293,train
193662,train
187381,train
181559,train
174412,train
175554,train
221915,train
187994,train
194270,train
151596,train
120629,train
167687,train
198654,train
184775,train
224004,train
196528,train
199556,train
226829,train
201291,train
124352,train
222829,train
223242,train
223580,train
207180,train
192701,train
191962,train
103647,train
93523,train
173236,train
179952,train
120567,train
193573,train
179731,train
176305,train
196814,train
183412,train
206628,train
203490,train
200415,train
199700,train
190030,train
193426,train
123933,train
171991,train
123162,train
218549,train
220420,train
200119,train
218732,train
185243,train
120461,train
188287,train
185494,train
187370,train
208407,train
125815,train
184766,train
209124,train
142797,train
138671,train
204069,train
218767,train
182773,train
99539,train
192297,train
195854,train
175057,train
222893,train
199612,train
202752,train
138172,train
204841,train
211433,train
196384,train
180689,train
184114,train
138094,train
187159,train
175718,train
210575,train
172971,train
190927,train
181071,train
223021,train
208511,train
171438,train
227781,train
186906,train
217716,train
189538,train
183418,train
179993,train
195745,train
176136,train
197399,train
120488,train
219078,train
142901,train
193994,train
219639,train
211735,train
174858,train
183328,train
224284,train
225971,train
184755,train
211252,train
137148,train
121965,train
173557,train
179344,train
193270,train
134717,train
204711,train
183604,train
137300,train
210574,train
200298,train
190508,train
205454,train
173611,train
185314,train
202514,train
173931,train
218434,train
176363,train
197761,train
184350,train
207177,train
172521,train
174830,train
128139,train
196526,train
184787,train
213481,train
186805,train
144394,train
211377,train
127303,train
174560,train
222833,train
202790,train
200943,train
224590,train
209151,train
175475,train
188043,train
181332,train
140016,train
100574,train
207126,train
213575,train
185768,train
182086,train
186278,train
225972,train
176727,train
120890,train
166289,train
215015,train
122044,train
96982,train
177585,train
173502,train
187395,train
193990,train
203639,train
190782,train
184125,train
174266,train
219517,train
219391,train
185807,train
121433,train
201484,train
214349,train
207474,train
123932,train
220699,train
177431,train
184600,train
181735,train
188724,train
174886,train
224372,train
201777,train
182273,train
197195,train
207675,train
136815,train
222341,train
200987,train
190073,train
222639,train
186500,train
136915,train
205794,train
194660,train
137421,train
221873,train
179418,train
187794,train
117887,train
195289,train
167894,train
211456,train
172968,train
126596,train
227265,train
199607,train
178175,train
209137,train
175199,train
181049,train
180526,train
118613,train
226541,train
121620,train
203286,train
209694,train
166953,train
172266,train
205106,train
209699,train
180433,train
188413,train
122693,train
127147,train
181234,train
175016,train
125162,train
185609,train
178608,train
201717,train
186243,train
177311,train
188548,train
174417,train
182135,train
214699,train
183612,train
193007,train
173372,train
226877,train
225060,train
149703,train
214355,train
197972,train
222099,train
222711,train
224205,train
184487,train
181239,train
183784,train
199136,train
176233,train
197870,train
177628,train
185810,train
221112,train
222617,train
183065,train
199269,train
223120,train
180477,train
179876,train
140109,train
207852,train
207966,train
168210,train
186400,train
193588,train
186489,train
204977,train
225298,train
181583,train
183887,train
204801,train
187063,train
212662,train
208083,train
227342,train
118397,train
181977,train
220719,train
194945,train
187147,train
187856,train
220396,train
202888,train
181777,train
201164,train
206757,train
173464,train
194985,train
193497,train
209874,train
212235,train
190584,train
130811,train
127722,train
211652,train
223736,train
186065,train
185104,train
179469,train
184049,train
180831,train
183335,train
171519,train
207890,train
125598,train
174495,train
224493,train
201308,train
222199,train
200870,train
122112,train
205860,train
173101,train
118472,train
186256,train
197505,train
194152,train
195149,train
179046,train
125491,train
187960,train
174580,train
193386,train
184373,train
203417,train
219114,train
193576,train
207571,train
199973,train
212399,train
105336,train
179568,train
187504,train
202188,train
224684,train
190035,train
228151,train
170951,train
178763,train
194090,train
176495,train
222658,train
175882,train
222473,train
182808,train
212306,train
179934,train
173672,train
177326,train
119465,train
219638,train
194728,train
198811,train
182541,train
183983,train
165988,train
181673,train
123904,train
132449,train
224467,train
171070,train
174336,train
188880,train
92746,train
205516,train
192810,train
170301,train
190224,train
175639,train
187919,train
172112,train
186039,train
172506,train
171540,train
125022,train
207558,train
193868,train
197715,train
197542,train
194292,train
169113,train
185251,train
169006,train
203457,train
177588,train
181089,train
200356,train
138663,train
177294,train
124997,train
149240,train
180485,train
119440,train
219816,train
208172,train
202046,train
225841,train
179885,train
227479,train
218362,train
185411,train
184987,train
205139,train
172899,train
184388,train
225122,train
200512,train
173441,train
184939,train
188304,train
174831,train
146410,train
180088,train
206488,train
175583,train
150460,train
175009,train
184760,train
126776,train
174984,train
203663,train
180100,train
176000,train
184642,train
104815,train
219817,train
182607,train
186470,train
188161,train
190780,train
199688,train
189754,train
176593,train
150895,train
177502,train
193402,train
222498,train
206496,train
214364,train
181736,train
215205,train
183642,train
222039,train
223783,train
197108,train
175951,train
187012,train
226156,train
118431,train
223759,train
218116,train
117943,train
218775,train
221437,train
220055,train
186307,train
199583,train
175883,train
175201,train
172227,train
221642,train
185795,train
223703,train
187522,train
180893,train
190942,train
120278,train
184366,train
228146,train
108392,train
182713,train
200425,train
185987,train
211732,train
199221,train
170748,train
207105,train
182549,train
187873,train
201487,train
183276,train
190021,train
200584,train
185488,train
181849,train
136918,train
188494,train
185114,train
219680,train
170846,train
138049,train
179701,train
171705,train
219406,train
180945,train
209679,train
193727,train
122532,train
118580,train
182176,train
191386,train
222247,train
157737,train
198369,train
179350,train
165999,train
186800,train
207905,train
219445,train
130773,train
173674,train
184808,train
176203,train
203169,train
175878,train
179575,train
102269,train
173926,train
191805,train
123936,train
199339,train
175568,train
176871,train
172162,train
227052,train
165916,train
188807,train
169166,train
206784,train
176685,train
153072,train
199772,train
184341,train
207673,train
195151,train
188815,train
192874,train
135195,train
121646,train
186285,train
221237,train
186369,train
227243,train
124964,train
200443,train
218115,train
174743,train
201412,train
93787,train
223976,train
203401,train
193802,train
131281,train
196883,train
92814,train
183688,train
197395,train
215780,train
187837,train
180951,train
201110,train
223195,train
188821,train
122624,train
201265,train
223713,train
148272,train
223765,train
187825,train
221528,train
176075,train
224884,train
177838,train
183667,train
133611,train
214725,train
148491,train
184103,train
167350,train
221548,train
214441,train
193553,train
189850,train
199557,train
184943,train
225892,train
198050,train
200549,train
179756,train
96953,train
183074,train
146771,train
175352,train
122792,train
192547,train
185529,train
195157,train
147485,train
221557,train
221194,train
215080,train
188793,train
184072,train
225870,train
222939,train
174316,train
193412,train
193464,train
137269,train
208222,train
192738,train
188716,train
195746,train
224039,train
198853,train
176996,train
202267,train
202200,train
101957,train
182116,train
197903,train
175456,train
214706,train
224888,train
195117,train
199372,train
196039,train
173237,train
225017,train
200688,train
124233,train
194836,train
189596,train
175449,train
220213,train
204610,train
175542,train
184785,train
172881,train
210249,train
121543,train
206179,train
199765,train
206348,train
192090,train
121727,train
167724,train
203542,train
198008,train
178718,train
180328,train
183342,train
193628,train
188165,train
219498,train
197202,train
204794,train
205680,train
179486,train
211768,train
189806,train
180103,train
175709,train
221355,train
140238,train
173386,train
219650,train
174554,train
220981,train
179037,train
222079,train
198457,train
208564,train
223539,train
227679,train
175855,train
185789,train
187970,train
177892,train
144066,train
179232,train
172213,train
175458,train
101941,train
197130,train
174380,train
219797,train
190315,train
193916,train
208545,train
214959,train
199450,train
129875,train
184645,train
198346,train
223119,train
123922,train
189369,train
174448,train
205886,train
194926,train
200030,train
181519,train
198783,train
181165,train
172859,train
219880,train
186891,train
137412,train
197348,train
196470,train
118651,train
100027,train
198010,train
187057,train
138110,train
219599,train
193993,train
174880,train
126764,train
179254,train
181846,train
182164,train
223637,train
193933,train
123274,train
184983,train
177952,train
177473,train
188091,train
123684,train
181789,train
195234,train
179546,train
193527,train
219461,train
219724,train
193088,train
181005,train
223154,train
204864,train
214059,train
169667,train
198544,train
144132,train
182045,train
195059,train
171901,train
193145,train
219003,train
184432,train
171610,train
120565,train
176451,train
205062,train
211806,train
177234,train
98388,train
222676,train
218595,train
196797,train
177888,train
137413,train
221961,train
185462,train
184172,train
190781,train
198365,train
177065,train
185850,train
189311,train
189582,train
183245,train
195537,train
123487,train
198051,train
221795,train
172426,train
202956,train
130815,train
187857,train
140011,train
227111,train
219683,train
127153,train
224502,train
175465,train
205456,train
96368,train
185705,train
174622,train
122037,train
183716,train
184097,train
219890,train
183655,train
184860,train
140061,train
171866,train
206779,train
181225,train
214721,train
185190,train
180659,train
176900,train
177022,train
228141,train
178746,train
183796,train
176013,train
166943,train
219661,train
190070,train
207585,train
212725,train
173655,train
203633,train
201346,train
178626,train
173783,train
212556,train
179655,train
189503,train
125892,train
220838,train
220152,train
180652,train
183316,train
187024,train
186429,train
182516,train
202177,train
92709,train
93515,train
205412,train
177819,train
122856,train
177280,train
197111,train
226479,train
182659,train
188058,train
131125,train
178606,train
185669,train
189316,train
221258,train
187409,train
207109,train
200526,train
185839,train
199573,train
178610,train
172215,train
221381,train
219166,train
193692,train
190028,train
122462,train
174588,train
212454,train
199208,train
202158,train
214062,train
169482,train
199537,train
222489,train
221260,train
183247,train
200635,train
179789,train
180167,train
175076,train
188577,train
177211,train
122787,train
178826,train
117952,train
204080,train
189255,train
178390,train
130911,train
179242,train
188755,train
130472,train
205455,train
224364,train
187276,train
222053,train
220098,train
222115,train
193003,train
126158,train
182043,train
122855,train
195769,train
186249,train
193738,train
197692,train
223509,train
196247,train
195294,train
222950,train
177973,train
226553,train
193537,train
119601,train
117916,train
186403,train
180568,train
122694,train
181945,train
127687,train
178348,train
196746,train
199770,train
202179,train
194635,train
165989,train
179580,train
168678,train
182420,train
172545,train
172538,train
227114,train
205009,train
203211,train
172499,train
212228,train
180881,train
196113,train
124849,train
183373,train
200660,train
180503,train
92678,train
214060,train
125877,train
200590,train
184786,train
175581,train
203296,train
221096,train
187203,train
222535,train
170426,train
175948,train
219563,train
182027,train
223235,train
200507,train
189578,train
188040,train
121960,train
200498,train
177488,train
198375,train
204038,train
221492,train
215254,train
208953,train
180092,train
223687,train
183208,train
203701,train
220147,train
121365,train
190363,train
120462,train
172234,train
182521,train
127690,train
207357,train
173072,train
225936,train
220308,train
173772,train
176104,train
221632,train
137346,train
123239,train
219955,train
201675,train
203379,train
172360,train
212294,train
189028,train
178377,train
124238,train
184765,train
101712,train
125581,train
181828,train
167870,train
186540,train
206395,train
185024,train
191709,train
171542,train
187400,train
182082,train
201580,train
221720,train
178368,train
185766,train
187503,train
187849,train
92701,train
179184,train
178997,train
201339,train
203306,train
201515,train
184660,train
117846,train
192135,train
179211,train
131031,train
200614,train
223941,train
173244,train
177457,train
185534,train
176302,train
219838,train
193669,train
172454,train
128825,train
223597,train
181904,train
208075,train
198793,train
176479,train
183486,train
184152,train
202756,train
197349,train
179686,train
181725,train
185485,train
175881,train
175558,train
202265,train
195106,train
176875,train
227247,train
221858,train
121236,train
201724,train
199178,train
105459,train
175448,train
201575,train
96409,train
187257,train
209400,train
186543,train
124357,train
96416,train
226294,train
218490,train
201547,train
177624,train
206579,train
202061,train
184224,train
226420,train
185476,train
184450,train
220107,train
206540,train
180561,train
185499,train
223196,train
175721,train
180600,train
202734,train
219476,train
184429,train
149332,train
185825,train
184418,train
205615,train
191377,train
179563,train
145391,train
218996,train
212251,train
199874,train
189895,train
155762,train
178970,train
199474,train
167882,train
223043,train
201723,train
182408,train
205486,train
177286,train
197938,train
176405,train
199598,train
182550,train
145307,train
167901,train
179913,train
182069,train
124861,train
187928,train
126909,train
166061,train
201926,train
170339,train
177220,train
219977,train
211450,train
211371,train
225516,train
131127,train
184967,train
120998,train
208396,train
176048,train
219918,train
200933,train
175964,train
174186,train
92795,train
187771,train
176519,train
192301,train
185552,train
185551,train
207447,train
131014,train
203052,train
118773,train
224677,train
175851,train
192052,train
185977,train
173573,train
125457,train
192069,train
203535,train
192007,train
189581,train
185765,train
197673,train
129992,train
227046,train
131023,train
122100,train
173043,train
129890,train
188767,train
190280,train
219183,train
137859,train
173436,train
120637,train
178863,train
174972,train
136956,train
227256,train
78401,train
174050,train
180480,train
185539,train
222612,train
146419,train
223887,train
200671,train
195313,train
122248,train
173227,train
174233,train
208711,train
214748,train
183913,train
180521,train
212875,train
226810,train
223849,train
210617,train
219664,train
94128,train
122877,train
199677,train
188696,train
178495,train
194893,train
223163,train
221088,train
220840,train
120384,train
197139,train
181452,train
173776,train
179612,train
207557,train
190783,train
175790,train
203486,train
187607,train
220455,train
226058,train
173739,train
221465,train
182268,train
183099,train
173031,train
188126,train
192706,train
203122,train
120521,train
176411,train
221794,train
202506,train
202413,train
181224,train
206578,train
180542,train
185502,train
193548,train
191353,train
202496,train
221745,train
130770,train
125423,train
186417,train
209906,train
188429,train
224470,train
174065,train
197967,train
174119,train
175108,train
206716,train
182872,train
203513,train
200990,train
122888,train
120674,train
199658,train
212052,train
183421,train
200219,train
177243,train
122913,train
199006,train
216153,train
227360,train
172587,train
185205,train
198548,train
194604,train
204708,train
173609,train
176581,train
201850,train
177331,train
180473,train
169371,train
178866,train
183361,train
201560,train
222720,train
179662,train
179352,train
222546,train
223997,train
186103,train
222772,train
222184,train
207941,train
227091,train
108773,train
179226,train
180437,train
223862,train
201719,train
203266,train
181379,train
205813,train
215964,train
120459,train
221515,train
226824,train
174956,train
155771,train
211385,train
194682,train
172792,train
125987,train
169092,train
225143,train
200128,train
205444,train
198620,train
227567,train
222628,train
196898,train
206577,train
185834,train
171861,train
166912,train
199328,train
225868,train
184019,train
176074,train
181233,train
179302,train
180012,train
176327,train
185132,train
206638,train
180107,train
184182,train
173820,train
213477,train
180962,train
198978,train
223204,train
175212,train
125800,train
122260,train
194723,train
92812,train
184975,train
178520,train
194959,train
177277,train
193657,train
222093,train
166264,train
180143,train
185792,train
136972,train
213635,train
186482,train
184276,train
175028,train
195788,train
226386,train
221186,train
174335,train
227653,train
202452,train
186932,train
220217,train
208411,train
188403,train
178586,train
175177,train
194913,train
220826,train
125808,train
226159,train
194282,train
171547,train
178461,train
201566,train
195052,train
224128,train
181884,train
198516,train
221963,train
212023,train
178805,train
92777,train
205005,train
204661,train
181381,train
198618,train
180484,train
180435,train
219962,train
206768,train
198467,train
199676,train
195047,train
138924,train
171105,train
176210,train
209918,train
221680,train
226290,train
193782,train
183226,train
218455,train
204960,train
186424,train
184039,train
117829,train
200868,train
139592,train
223140,train
185562,train
219593,train
125988,train
183493,train
175343,train
200351,train
207587,train
125565,train
183817,train
199373,train
202296,train
206050,train
189735,train
179260,train
222724,train
220457,train
176213,train
219515,train
194833,train
194611,train
206900,train
146978,train
227734,train
222840,train
182758,train
201481,train
140108,train
129842,train
205582,train
227671,train
199701,train
177797,train
200078,train
218737,train
120706,train
208177,train
201405,train
127281,train
177956,train
225805,train
180686,train
126017,train
152529,train
222191,train
173569,train
124963,train
212230,train
182579,train
222834,train
174073,train
181175,train
120320,train
190639,train
195542,train
179288,train
194029,train
178943,train
223436,train
179231,train
178741,train
172465,train
219779,train
187763,train
120307,train
134958,train
172375,train
222085,train
203194,train
197333,train
224588,train
180486,train
227608,train
168199,train
177041,train
198473,train
201485,train
219600,train
221585,train
188262,train
206680,train
175692,train
184581,train
173442,train
125450,train
180050,train
224121,train
175629,train
223053,train
219368,train
189116,train
184067,train
177746,train
137257,train
182106,train
203618,train
185961,train
208702,train
196724,train
188039,train
189036,train
127542,train
172831,train
222422,train
172033,train
125428,train
185055,train
142670,train
223781,train
177742,train
198768,train
177749,train
222207,train
189900,train
177483,train
220534,train
200518,train
191527,train
182028,train
225536,train
225505,train
90020,train
180393,train
184489,train
195517,train
203215,train
189108,train
200004,train
220064,train
219499,train
223168,train
207921,train
189256,train
176908,train
195183,train
197894,train
181575,train
176226,train
181510,train
226975,train
200217,train
183534,train
195017,train
175392,train
196969,train
124235,train
181580,train
184815,train
199303,train
93599,train
220539,train
188060,train
172919,train
178759,train
203395,train
223526,train
182065,train
201960,train
131145,train
200439,train
195070,train
181913,train
143009,train
172980,train
184160,train
182362,train
203728,train
168182,train
179602,train
202007,train
201995,train
225118,train
214536,train
196606,train
227227,train
190860,train
227656,train
226686,train
187100,train
122816,train
213662,train
175962,train
92799,train
207100,train
201191,train
177815,train
173246,train
203195,train
218482,train
203300,train
217889,train
172745,train
197541,train
218457,train
189105,train
137147,train
219344,train
192639,train
223876,train
186645,train
167899,train
181411,train
181368,train
203326,train
177991,train
186987,train
122825,train
203137,train
207308,train
203416,train
208165,train
185704,train
208624,train
174727,train
213471,train
178689,train
226209,train
172265,train
119894,train
224518,train
126786,train
201739,train
145255,train
137383,train
184663,train
139073,train
222428,train
175146,train
223366,train
204781,train
178795,train
184345,train
181495,train
194044,train
179558,train
178584,train
214064,train
125211,train
219380,train
170990,train
199707,train
184439,train
193109,train
225523,train
130563,train
119402,train
220076,train
208406,train
183768,train
206125,train
217968,train
185267,train
196741,train
127338,train
190155,train
198466,train
193542,train
199730,train
202819,train
201974,train
224635,train
199737,train
131142,train
176456,train
176354,train
197140,train
223803,train
208931,train
196725,train
123159,train
124216,train
203822,train
123627,train
214450,train
222356,train
185141,train
175780,train
219000,train
127297,train
180693,train
201194,train
222025,train
169095,train
228045,train
213299,train
198233,train
192879,train
190332,train
227527,train
198366,train
173870,train
219404,train
175996,train
195067,train
187562,train
221741,train
204611,train
204204,train
172986,train
172524,train
193567,train
24586,train
179881,train
183996,train
191497,train
207210,train
122616,train
105850,train
171889,train
184882,train
184101,train
176629,train
185279,train
118600,train
181060,train
186542,train
221363,train
196628,train
218727,train
181836,train
176380,train
120881,train
168096,train
222982,train
206373,train
172370,train
207581,train
220120,train
180768,train
87907,train
206191,train
105692,train
192592,train
227217,train
125029,train
122761,train
169163,train
178488,train
183252,train
137339,train
216457,train
178694,train
200558,train
176194,train
173547,train
191012,train
137955,train
183648,train
200220,train
130488,train
223506,train
193540,train
129997,train
224192,train
100561,train
126329,train
190048,train
203277,train
150254,train
150930,train
173268,train
188787,train
175988,train
203695,train
140013,train
187210,train
227528,train
187805,train
189590,train
174601,train
180494,train
193723,train
201663,train
189697,train
193885,train
224507,train
200754,train
93673,train
184972,train
201443,train
218754,train
169364,train
120894,train
121930,train
219682,train
209678,train
214066,train
219676,train
193012,train
199875,train
223679,train
181689,train
220435,train
184898,train
192105,train
227335,train
214624,train
180923,train
181622,train
119353,train
178822,train
180186,train
177834,train
211662,train
202970,train
150796,train
138127,train
177219,train
219259,train
170203,train
139597,train
190220,train
176693,train
196527,train
200409,train
126351,train
190754,train
224423,train
140156,train
192818,train
187097,train
204873,train
224593,train
120283,train
194725,train
179396,train
189795,train
223232,train
180642,train
203409,train
225341,train
223185,train
222539,train
208078,train
181707,train
223721,train
208082,train
188743,train
227799,train
222451,train
177898,train
202787,train
222948,train
183721,train
217466,train
212173,train
222511,train
207686,train
111156,train
188103,train
197650,train
168415,train
186260,train
133580,train
171075,train
188607,train
189138,train
192497,train
219545,train
226976,train
194983,train
218777,train
204573,train
152973,train
193428,train
193845,train
218935,train
172327,train
199315,train
181367,train
180661,train
118710,train
102615,train
180640,train
89192,train
173909,train
222277,train
219037,train
203260,train
138118,train
183897,train
189473,train
199486,train
185421,train
128804,train
187265,train
221535,train
220472,train
178647,train
146399,train
217586,train
187008,train
182878,train
174803,train
215024,train
198418,train
218493,train
188879,train
184973,train
205875,train
222024,train
184235,train
194495,train
199153,train
127548,train
211227,train
136818,train
196904,train
224599,train
172389,train
221070,train
207448,train
178515,train
100559,train
188963,train
221524,train
177839,train
143261,train
199150,train
184446,train
185068,train
168151,train
203381,train
185884,train
222432,train
177141,train
219536,train
174826,train
184997,train
215565,train
138078,train
177272,train
180775,train
192688,train
201519,train
217759,train
202740,train
195112,train
220093,train
209717,train
219503,train
192736,train
199330,train
181246,train
183354,train
180539,train
167865,train
185793,train
221580,train
188078,train
197507,train
196833,train
171384,train
183711,train
188811,train
181311,train
183210,train
183731,train
184008,train
172384,train
126781,train
183571,train
227553,train
208394,train
171539,train
92772,train
133669,train
196886,train
181923,train
131293,train
179430,train
209935,train
218739,train
199971,train
172801,train
176165,train
181596,train
190165,train
206328,train
208659,train
181767,train
216545,train
220900,train
198210,train
182366,train
205199,train
174947,train
205583,train
195130,train
224543,train
217828,train
188663,train
172557,train
208171,train
197175,train
223709,train
186356,train
96404,train
169177,train
221848,train
200401,train
174337,train
188584,train
175939,train
177860,train
172853,train
225531,train
167723,train
185414,train
201568,train
203504,train
227538,train
221810,train
137385,train
196444,train
190531,train
190802,train
200530,train
176156,train
198664,train
198359,train
204607,train
176880,train
205869,train
175051,train
179136,train
206711,train
172786,train
222157,train
174658,train
124996,train
178923,train
175551,train
173373,train
167991,train
177651,train
218771,train
128824,train
192410,train
197999,train
171102,train
145831,train
181657,train
186551,train
203825,train
119666,train
93549,train
124881,train
201473,train
179733,train
222716,train
104312,train
221159,train
175340,train
173790,train
185535,train
181059,train
127725,train
222483,train
172894,train
184866,train
199660,train
186436,train
181364,train
193124,train
187897,train
185845,train
184794,train
197976,train
198388,train
205440,train
224670,train
207718,train
190636,train
131707,train
202071,train
223978,train
227094,train
214615,train
189543,train
223222,train
176020,train
208365,train
188829,train
203271,train
182435,train
203669,train
122014,train
187223,train
185739,train
180142,train
186970,train
172036,train
224488,train
186898,train
145389,train
180406,train
194124,train
223353,train
196830,train
179223,train
192795,train
221495,train
105436,train
209988,train
199176,train
220292,train
211218,train
177934,train
205048,train
174404,train
185877,train
131564,train
197656,train
120408,train
180964,train
214611,train
218405,train
227747,train
189167,train
175866,train
123187,train
210699,train
137337,train
212596,train
183307,train
181936,train
215774,train
218773,train
202281,train
117502,train
220593,train
196705,train
186362,train
185703,train
183763,train
182712,train
171354,train
133686,train
137139,train
204987,train
214730,train
183027,train
195160,train
123622,train
227274,train
181114,train
166942,train
185119,train
200611,train
166913,train
211360,train
224149,train
214729,train
223044,train
183641,train
171754,train
183671,train
201716,train
203558,train
178722,train
223603,train
92763,train
220520,train
188192,train
124711,train
100315,train
172549,train
197691,train
223655,train
221761,train
187782,train
225934,train
198608,train
178457,train
220323,train
191322,train
187110,train
178464,train
180846,train
212091,train
199751,train
201278,train
176619,train
222570,train
182510,train
191632,train
175705,train
173736,train
179791,train
202967,train
183959,train
171851,train
183267,train
186248,train
189107,train
208200,train
196601,train
209543,train
197279,train
191383,train
185066,train
172897,train
134657,train
172748,train
218701,train
227007,train
192556,train
198789,train
178391,train
209857,train
196271,train
205784,train
176774,train
196862,train
203741,train
195546,train
172322,train
212060,train
200479,train
187858,train
182324,train
220133,train
200477,train
211997,train
227188,train
218550,train
227098,train
185014,train
212021,train
220793,train
184011,train
147070,train
175685,train
185158,train
184753,train
176434,train
199390,train
183709,train
211256,train
189313,train
171528,train
221364,train
218439,train
200236,train
142795,train
174096,train
125676,train
220087,train
177536,train
180890,train
184680,train
221304,train
221329,train
122984,train
199678,train
200604,train
118730,train
200517,train
175747,train
140921,train
180789,train
222698,train
180011,train
178874,train
181547,train
173661,train
192091,train
199033,train
179525,train
125003,train
208081,train
180099,train
176705,train
92705,train
201267,train
134648,train
166864,train
185395,train
203622,train
172270,train
169780,train
199419,train
195829,train
183190,train
168536,train
204606,train
176658,train
173201,train
150752,train
221721,train
176229,train
223780,train
175048,train
196616,train
178641,train
203641,train
195851,train
185258,train
180969,train
198047,train
168149,train
123271,train
121528,train
185238,train
171523,train
174562,train
182424,train
177328,train
175716,train
184305,train
176180,train
121392,train
219804,train
201720,train
179006,train
209239,train
181112,train
186864,train
187010,train
224505,train
204581,train
189790,train
185608,train
198370,train
200553,train
142543,train
175068,train
219836,train
214310,train
176218,train
206671,train
191305,train
134562,train
221226,train
216839,train
217829,train
168208,train
197070,train
183615,train
220714,train
181145,train
187014,train
178167,train
191678,train
172758,train
188035,train
184735,train
185329,train
194586,train
177119,train
221996,train
213482,train
185974,train
201971,train
177543,train
177561,train
221483,train
219801,train
199969,train
194105,train
178960,train
202457,train
150783,train
185566,train
175485,train
176135,train
177652,train
199754,train
120808,train
186863,train
178148,train
186833,train
202793,train
172461,train
199536,train
226714,train
177616,train
100033,train
127660,train
186486,train
129899,train
179688,train
172104,train
194710,train
180411,train
125541,train
176182,train
185213,train
181811,train
183980,train
192579,train
225602,train
207582,train
120999,train
183584,train
186654,train
171916,train
188541,train
206394,train
193359,train
218551,train
180051,train
219750,train
223696,train
219525,train
165981,train
192120,train
179642,train
219778,train
217728,train
174959,train
193914,train
222163,train
182641,train
96947,train
223576,train
166890,train
185242,train
195817,train
186941,train
200715,train
206051,train
179816,train
199005,train
179493,train
184451,train
124795,train
205385,train
196439,train
214713,train
121626,train
184459,train
220345,train
143172,train
192394,train
195022,train
133651,train
173394,train
222622,train
186059,train
172966,train
195820,train
199259,train
201181,train
176342,train
183538,train
223510,train
196081,train
214372,train
223518,train
193430,train
185668,train
223886,train
192269,train
197884,train
143095,train
176381,train
223220,train
172303,train
202451,train
172906,train
209056,train
224340,train
122760,train
198373,train
192319,train
193407,train
175725,train
180794,train
190697,train
187745,train
175792,train
184402,train
126223,train
126907,train
179347,train
185150,train
181958,train
181630,train
224614,train
166103,train
184506,train
181664,train
220731,train
188574,train
219379,train
176756,train
223756,train
130115,train
185892,train
222885,train
208518,train
214705,train
211447,train
223427,train
178238,train
226398,train
218998,train
176429,train
184311,train
117783,train
220270,train
205791,train
152106,train
221783,train
226377,train
180605,train
184154,train
193357,train
192321,train
201205,train
182547,train
176612,train
175972,train
143483,train
200822,train
138131,train
202455,train
185185,train
184385,train
198515,train
218667,train
198561,train
184681,train
197334,train
200490,train
220717,train
172239,train
180680,train
124242,train
222376,train
177111,train
187726,train
228193,train
217723,train
224181,train
122059,train
180841,train
101958,train
175612,train
175226,train
169756,train
125845,train
182061,train
184644,train
177351,train
168558,train
186456,train
137393,train
144209,train
167841,train
202010,train
198387,train
118533,train
201234,train
179623,train
191065,train
208192,train
221553,train
183393,train
185519,train
123921,train
213627,train
129787,train
186368,train
171765,train
202471,train
219468,train
172599,train
175123,train
183579,train
182982,train
181494,train
179658,train
211609,train
202859,train
148037,train
178246,train
171987,train
188507,train
210613,train
167852,train
178309,train
176038,train
191013,train
172449,train
201342,train
181109,train
189421,train
179079,train
224275,train
198006,train
171882,train
197837,train
137274,train
185102,train
178829,train
217637,train
201835,train
119556,train
181110,train
203632,train
195906,train
182858,train
187017,train
175030,train
223556,train
166606,train
185180,train
195561,train
212499,train
120323,train
223859,train
192391,train
220280,train
182668,train
173296,train
227673,train
179051,train
202748,train
181823,train
196390,train
180467,train
176016,train
181180,train
223003,train
202454,train
187184,train
195137,train
130779,train
120319,train
127898,train
170962,train
204797,train
227884,train
168141,train
223847,train
183401,train
122057,train
178473,train
188489,train
197075,train
227743,train
181384,train
208170,train
178824,train
201301,train
174795,train
202969,train
209680,train
137328,train
189190,train
206596,train
182765,train
205462,train
223411,train
208876,train
178543,train
168202,train
179208,train
196505,train
178956,train
224131,train
171781,train
155292,train
177555,train
172448,train
177515,train
125490,train
209635,train
189319,train
186990,train
202456,train
185474,train
176778,train
184279,train
221839,train
198979,train
171526,train
202009,train
171572,train
211664,train
189792,train
224363,train
177496,train
217825,train
222768,train
225665,train
167316,train
201462,train
202466,train
206498,train
175426,train
219096,train
215636,train
198578,train
178340,train
169185,train
174477,train
195314,train
187599,train
219262,train
198689,train
214604,train
176298,train
227782,train
222934,train
224410,train
222824,train
177673,train
183512,train
223729,train
183804,train
185740,train
211127,train
202488,train
225292,train
125496,train
175749,train
221687,train
188130,train
153243,train
172453,train
194268,train
207577,train
189291,train
172910,train
171106,train
186815,train
194092,train
188098,train
181271,train
186885,train
208033,train
191783,train
216031,train
227678,train
187055,train
186340,train
190072,train
200167,train
175935,train
181423,train
219015,train
227383,train
127279,train
193647,train
189761,train
203676,train
225508,train
221343,train
225977,train
126005,train
227079,train
182817,train
118774,train
186469,train
187963,train
213626,train
127134,train
190075,train
221991,train
145244,train
199683,train
202634,train
209697,train
197966,train
127544,train
219458,train
208366,train
172615,train
200554,train
135900,train
205851,train
172898,train
172590,train
193394,train
173010,train
175665,train
142868,train
126428,train
218824,train
188908,train
227290,train
183157,train
180666,train
221671,train
174464,train
206826,train
192735,train
176439,train
221909,train
208571,train
219636,train
174122,train
193722,train
204788,train
185403,train
221675,train
176659,train
222580,train
216060,train
185379,train
117886,train
206332,train
180906,train
220651,train
180209,train
197864,train
122623,train
187872,train
209054,train
206777,train
206836,train
214643,train
197145,train
211526,train
179106,train
126762,train
174361,train
183637,train
181759,train
222176,train
224468,train
185221,train
180880,train
188038,train
179543,train
175395,train
145366,train
198622,train
222404,train
220399,train
186091,train
189363,train
173452,train
227540,train
203100,train
188490,train
126227,train
203142,train
196609,train
178603,train
180753,train
186055,train
200802,train
219448,train
171615,train
139873,train
177662,train
188962,train
204838,train
170331,train
198981,train
222071,train
203003,train
175017,train
173515,train
133678,train
192384,train
188397,train
174451,train
221281,train
194727,train
214630,train
143587,train
118582,train
171964,train
185607,train
122870,train
183986,train
181993,train
180835,train
223935,train
196233,train
182914,train
217755,train
213608,train
210807,train
183965,train
197404,train
226937,train
203544,train
173598,train
196636,train
203210,train
178057,train
200545,train
184828,train
176319,train
210972,train
219626,train
183013,train
223996,train
183382,train
223829,train
184205,train
187352,train
189625,train
177304,train
131144,train
123940,train
183508,train
211370,train
188790,train
165887,train
172405,train
196381,train
191764,train
174786,train
212587,train
203104,train
196821,train
212676,train
222728,train
180425,train
206831,train
174739,train
225969,train
193779,train
126759,train
120505,train
119350,train
223131,train
221960,train
137340,train
193367,train
183694,train
173882,train
177284,train
96405,train
211657,train
201270,train
146465,train
197167,train
220532,train
224539,train
208088,train
222560,train
127662,train
171074,train
182046,train
127136,train
184126,train
196630,train
172109,train
170177,train
221162,train
182416,train
194605,train
199165,train
179629,train
181676,train
196637,train
193221,train
183420,train
185178,train
219064,train
193715,train
175003,train
174918,train
221101,train
211373,train
182708,train
206634,train
185249,train
189511,train
131562,train
182640,train
221275,train
176066,train
220715,train
228009,train
198727,train
171865,train
93512,train
203257,train
127520,train
222169,train
192643,train
224234,train
206543,train
188167,train
134765,train
213631,train
174085,train
129287,train
187351,train
127953,train
218608,train
175236,train
179220,train
185784,train
204869,train
224333,train
117929,train
176674,train
130319,train
171574,train
169099,train
184175,train
223221,train
174078,train
182330,train
207443,train
181865,train
223919,train
185291,train
184850,train
204029,train
187893,train
187305,train
145240,train
226737,train
180552,train
173364,train
123280,train
181784,train
194253,train
193792,train
174284,train
221780,train
125580,train
152065,train
202210,train
183982,train
212571,train
221083,train
228040,train
194706,train
182911,train
220495,train
211411,train
212655,train
174713,train
189298,train
197393,train
186929,train
187899,train
175731,train
194652,train
212677,train
189531,train
203147,train
198717,train
222226,train
194726,train
183340,train
198706,train
173594,train
189572,train
118578,train
219502,train
201160,train
220428,train
177769,train
219372,train
224214,train
188803,train
180873,train
198251,train
211305,train
183546,train
176105,train
179944,train
217962,train
182591,train
205006,train
224512,train
183511,train
202491,train
181507,train
205640,train
206580,train
219500,train
177523,train
227099,train
225155,train
170512,train
144935,train
206838,train
186465,train
174056,train
184671,train
200451,train
183487,train
192015,train
226180,train
202356,train
127901,train
209120,train
207274,train
171148,train
102040,train
223175,train
172226,train
200224,train
182919,train
200623,train
219879,train
226938,train
186870,train
199394,train
124073,train
223754,train
174435,train
221868,train
187006,train
181107,train
188760,train
208515,train
189324,train
183713,train
188219,train
183225,train
202084,train
219116,train
225016,train
199498,train
222308,train
200776,train
131131,train
175469,train
191606,train
189893,train
222847,train
185847,train
209978,train
195199,train
218440,train
176758,train
190229,train
174254,train
178904,train
182468,train
199752,train
198468,train
180188,train
195156,train
220496,train
120456,train
176590,train
205659,train
220369,train
174809,train
215730,train
126886,train
124677,train
182624,train
224158,train
222194,train
199329,train
183762,train
207825,train
173669,train
178371,train
150756,train
192300,train
120519,train
197128,train
184907,train
190020,train
182863,train
175348,train
205445,train
201577,train
120344,train
145462,train
186475,train
217823,train
208403,train
174796,train
181211,train
121435,train
211501,train
192598,train
203551,train
221050,train
180570,train
196549,train
220599,train
177553,train
180066,train
197356,train
169289,train
186876,train
203366,train
186756,train
176280,train
123284,train
123285,train
192799,train
191362,train
197120,train
137947,train
184155,train
173453,train
195813,train
121925,train
199364,train
167696,train
214631,train
182161,train
221790,train
176109,train
174633,train
178363,train
221702,train
195144,train
176788,train
226413,train
212668,train
183131,train
179155,train
217634,train
146386,train
195552,train
226021,train
189765,train
176849,train
182706,train
194049,train
228041,train
184390,train
198771,train
197098,train
185346,train
176461,train
202167,train
190523,train
187744,train
221526,train
212588,train
223218,train
177577,train
197502,train
183993,train
144366,train
189537,train
174965,train
117497,train
177887,train
123010,train
221455,train
200288,train
211391,train
185817,train
223940,train
175870,train
183384,train
202342,train
118546,train
184000,train
192460,train
203107,train
188100,train
180444,train
186812,train
220508,train
221456,train
181499,train
207063,train
176170,train
134721,train
177642,train
221700,train
178847,train
216805,train
168205,train
214437,train
195115,train
175930,train
218397,train
227013,train
201113,train
119879,train
178466,train
185876,train
177302,train
183067,train
219119,train
179721,train
198442,train
176985,train
183438,train
199040,train
187393,train
227212,train
204778,train
176768,train
226007,train
227245,train
195139,train
206138,train
172749,train
219960,train
177323,train
221779,train
189784,train
122822,train
196467,train
178592,train
218605,train
195014,train
181857,train
221865,train
222119,train
180713,train
118529,train
212225,train
193911,train
183090,train
181835,train
210339,train
184304,train
203634,train
130711,train
184379,train
176852,train
226400,train
138102,train
206748,train
206576,train
189150,train
200738,train
196671,train
173887,train
227908,train
222477,train
176979,train
201998,train
131282,train
196895,train
188134,train
182039,train
205384,train
182398,train
150592,train
224068,train
179482,train
184162,train
155770,train
224946,train
192559,train
191321,train
171963,train
189096,train
206130,train
206844,train
120555,train
211424,train
181765,train
176414,train
201685,train
221537,train
137423,train
178562,train
182188,train
182638,train
122176,train
214374,train
198563,train
127729,train
203550,train
175169,train
181256,train
221666,train
200508,train
188328,train
193921,train
222396,train
92676,train
173716,train
174447,train
175254,train
221617,train
127902,train
220149,train
220967,train
219077,train
221346,train
204779,train
133621,train
219882,train
188325,train
202674,train
120464,train
222731,train
195306,train
122135,train
177317,train
179480,train
145370,train
182700,train
175641,train
178958,train
201406,train
133614,train
189934,train
226279,train
225952,train
187368,train
201552,train
194077,train
186996,train
222225,train
184586,train
200031,train
182809,train
201325,train
220463,train
202813,train
195301,train
200427,train
212467,train
150781,train
187908,train
145781,train
196919,train
194740,train
179135,train
137032,train
181815,train
220202,train
179585,train
130077,train
118601,train
221127,train
218454,train
200227,train
188827,train
175738,train
200521,train
221243,train
180701,train
179243,train
222135,train
201286,train
176003,train
182499,train
77866,train
171353,train
198725,train
188968,train
188283,train
182300,train
182301,train
217644,train
196573,train
221665,train
222755,train
165886,train
175453,train
180700,train
211883,train
175472,train
203713,train
188390,train
185275,train
174981,train
185287,train
209637,train
205388,train
182598,train
227047,train
212568,train
185244,train
199448,train
207212,train
212328,train
198444,train
174297,train
200229,train
200495,train
182055,train
174556,train
134719,train
105380,train
222919,train
179450,train
102073,train
120650,train
122145,train
186947,train
197180,train
202073,train
199445,train
207060,train
200826,train
225537,train
219542,train
124885,train
218470,train
202669,train
220206,train
167888,train
181539,train
181915,train
219810,train
195175,train
221337,train
187274,train
193008,train
202074,train
222160,train
122039,train
188579,train
183400,train
172434,train
222175,train
180389,train
180827,train
134426,train
181170,train
219587,train
174459,train
209147,train
202198,train
220383,train
183479,train
179610,train
224634,train
173125,train
225051,train
225030,train
182506,train
206805,train
187843,train
186353,train
123375,train
120332,train
175563,train
172395,train
127326,train
133702,train
223024,train
176004,train
181376,train
175042,train
192737,train
183139,train
134732,train
194174,train
172278,train
200899,train
190662,train
221575,train
223501,train
179446,train
214587,train
179229,train
180083,train
199970,train
129998,train
192455,train
227084,train
204792,train
203458,train
179227,train
211793,train
190289,train
169936,train
208736,train
188958,train
175193,train
173055,train
125431,train
205610,train
140062,train
184851,train
183353,train
205605,train
144070,train
185504,train
227056,train
187341,train
219207,train
205552,train
170685,train
184569,train
174695,train
178838,train
171108,train
186516,train
196819,train
148271,train
206195,train
181898,train
223543,train
207467,train
169170,train
173037,train
197889,train
222006,train
178403,train
192646,train
184132,train
210986,train
206848,train
181919,train
175150,train
171137,train
177204,train
199552,train
201015,train
221438,train
222594,train
126161,train
177786,train
178729,train
184137,train
189575,train
203016,train
227014,train
168178,train
200665,train
202440,train
224191,train
176589,train
175702,train
224140,train
180461,train
180133,train
179845,train
219006,train
194626,train
227228,train
223420,train
199963,train
187263,train
226765,train
222506,train
180702,train
223790,train
174603,train
179846,train
180464,train
202282,train
224679,train
188578,train
197835,train
182476,train
169800,train
150840,train
172517,train
205766,train
193877,train
223032,train
145407,train
181831,train
185223,train
175082,train
118754,train
168496,train
227406,train
171548,train
189741,train
182524,train
119532,train
188142,train
171317,train
183192,train
180037,train
205776,train
192692,train
187113,train
169141,train
206679,train
202065,train
179230,train
224613,train
145453,train
176166,train
178455,train
178053,train
191164,train
197975,train
182041,train
202731,train
176035,train
203674,train
144570,train
186422,train
220765,train
181244,train
175085,train
224354,train
179800,train
172446,train
211120,train
177152,train
181746,train
187060,train
141594,train
219980,train
178983,train
205369,train
177668,train
196518,train
179464,train
125468,train
169152,train
224350,train
221327,train
138095,train
193451,train
225981,train
179224,train
196525,train
180935,train
119331,train
118618,train
205903,train
200504,train
184759,train
175507,train
211649,train
185296,train
193671,train
193144,train
133604,train
184320,train
201776,train
205763,train
195498,train
127583,train
219971,train
205469,train
209866,train
178761,train
190670,train
179693,train
222436,train
226164,train
137251,train
180786,train
195771,train
189835,train
100564,train
117844,train
218989,train
123229,train
222236,train
173042,train
207462,train
228144,train
195781,train
200502,train
82110,train
156070,train
179394,train
182616,train
200418,train
218783,train
208196,train
201167,train
186899,train
175599,train
187032,train
200747,train
176776,train
179539,train
208249,train
126729,train
184698,train
208263,train
185452,train
93670,train
177883,train
218479,train
202981,train
172765,train
205483,train
126763,train
180804,train
198937,train
178544,train
198232,train
100576,train
206745,train
174086,train
182379,train
182553,train
225141,train
172975,train
189306,train
224036,train
225108,train
125880,train
126164,train
196622,train
169176,train
194839,train
182251,train
186275,train
219674,train
216652,train
140067,train
210811,train
185363,train
224190,train
211742,train
190939,train
196149,train
173260,train
173163,train
204996,train
185989,train
145720,train
119821,train
201541,train
194261,train
196717,train
193660,train
183143,train
200835,train
118406,train
211413,train
197666,train
188698,train
197103,train
224232,train
181097,train
184396,train
200205,train
175745,train
119480,train
182814,train
217971,train
199362,train
178715,train
176325,train
196235,train
201377,train
211655,train
224498,train
176356,train
209412,train
198575,train
188061,train
181308,train
197879,train
220535,train
187877,train
105749,train
173723,train
202002,train
130714,train
183317,train
180774,train
218552,train
179247,train
190585,train
197679,train
186874,train
225257,train
200417,train
178869,train
203406,train
125732,train
219822,train
127149,train
204666,train
175382,train
172821,train
187132,train
119365,train
206131,train
187797,train
198426,train
184393,train
184646,train
196109,train
168338,train
226656,train
187114,train
175744,train
194138,train
200534,train
219341,train
93514,train
212472,train
178587,train
206739,train
194160,train
219975,train
199483,train
220561,train
202744,train
180479,train
227554,train
220298,train
205466,train
224050,train
201772,train
184458,train
197119,train
222588,train
201468,train
175801,train
191995,train
184121,train
224061,train
177671,train
145393,train
187800,train
174709,train
222784,train
168161,train
226298,train
177686,train
193429,train
145789,train
124850,train
178857,train
173006,train
141711,train
221811,train
174148,train
173921,train
201316,train
182258,train
209865,train
218755,train
183550,train
127128,train
190016,train
206175,train
199507,train
182555,train
117637,train
197000,train
180047,train
204064,train
223653,train
184131,train
180823,train
171357,train
179732,train
193686,train
205614,train
122766,train
220980,train
198045,train
172519,train
181711,train
89826,train
184940,train
211244,train
226282,train
137026,train
195041,train
200131,train
200481,train
220694,train
175468,train
207025,train
200527,train
120330,train
119662,train
128823,train
182611,train
220262,train
193570,train
177562,train
172000,train
205493,train
223160,train
193856,train
227843,train
224466,train
207277,train
176926,train
225813,train
188179,train
172957,train
220318,train
171792,train
180907,train
226940,train
197951,train
197909,train
145241,train
181251,train
173091,train
181654,train
125432,train
227441,train
195032,train
218942,train
177297,train
176421,train
222995,train
195303,train
184715,train
185325,train
167319,train
92778,train
202044,train
181042,train
212590,train
208195,train
167307,train
198044,train
220563,train
200314,train
174954,train
181094,train
94900,train
192767,train
179616,train
217754,train
79656,train
177308,train
200642,train
179373,train
92687,train
120336,train
222398,train
173309,train
173575,train
222993,train
137087,train
150764,train
179457,train
176422,train
119558,train
166914,train
132048,train
185498,train
181496,train
180373,train
186058,train
184879,train
165997,train
192881,train
176441,train
200853,train
221562,train
193462,train
189606,train
208631,train
186808,train
220600,train
220172,train
221662,train
187405,train
222926,train
195415,train
224460,train
203352,train
126737,train
190272,train
207938,train
185769,train
174960,train
201578,train
190574,train
125548,train
127712,train
174082,train
179848,train
206397,train
204834,train
172816,train
209942,train
144220,train
221815,train
203679,train
179305,train
194176,train
205878,train
168349,train
196660,train
209636,train
186313,train
206539,train
184839,train
219395,train
199640,train
124082,train
174565,train
119174,train
207936,train
181880,train
227686,train
184910,train
209179,train
176935,train
166009,train
200567,train
194252,train
184679,train
226026,train
184855,train
145388,train
179468,train
174514,train
206771,train
200446,train
173764,train
188905,train
171971,train
188904,train
222426,train
118409,train
198448,train
176359,train
180443,train
208226,train
218735,train
178072,train
183540,train
185196,train
220507,train
203125,train
198385,train
188752,train
214260,train
124847,train
172937,train
207273,train
200467,train
187102,train
205652,train
210369,train
187819,train
190797,train
201903,train
105472,train
171717,train
195853,train
209705,train
187275,train
170404,train
222020,train
184164,train
176584,train
174013,train
181598,train
198807,train
191166,train
190203,train
183285,train
222447,train
118553,train
183253,train
204580,train
224896,train
179479,train
225811,train
185269,train
173608,train
188162,train
152980,train
173950,train
175098,train
172105,train
222504,train
181832,train
188003,train
197926,train
182155,train
193348,train
186880,train
145409,train
189315,train
208041,train
202789,train
212449,train
219483,train
179451,train
133648,train
226388,train
182120,train
211233,train
150916,train
171842,train
188762,train
176618,train
179912,train
208674,train
183583,train
212081,train
185835,train
171788,train
189833,train
122727,train
200547,train
193571,train
200863,train
180388,train
200528,train
211207,train
203388,train
190079,train
188739,train
179873,train
193849,train
223938,train
97080,train
176291,train
201855,train
166898,train
197350,train
204703,train
205602,train
207451,train
198459,train
166599,train
205656,train
179190,train
125844,train
207290,train
199253,train
206490,train
176762,train
220766,train
193409,train
197694,train
169304,train
175450,train
209181,train
209304,train
223816,train
199464,train
204816,train
202448,train
178452,train
181123,train
187431,train
172706,train
203287,train
172478,train
167688,train
171771,train
203382,train
174323,train
199028,train
206598,train
212804,train
177912,train
176378,train
193735,train
201982,train
194237,train
126914,train
219025,train
120480,train
192239,train
150853,train
167725,train
96835,train
179954,train
212053,train
191148,train
200589,train
222211,train
177492,train
192709,train
206484,train
223499,train
177597,train
188766,train
221781,train
178023,train
190651,train
193940,train
223583,train
188106,train
168675,train
174638,train
186955,train
205643,train
136964,train
181661,train
201940,train
170143,train
189278,train
180416,train
193350,train
100579,train
225648,train
226284,train
183477,train
155757,train
140243,train
178358,train
178616,train
173995,train
171954,train
203422,train
193302,train
137620,train
157443,train
125234,train
181921,train
174961,train
192604,train
191557,train
134649,train
194241,train
176425,train
145314,train
199978,train
126775,train
169355,train
124084,train
134374,train
125005,train
186523,train
190660,train
189372,train
221131,train
128496,train
137037,train
206190,train
223799,train
185353,train
220875,train
172770,train
227083,train
179050,train
227318,train
197702,train
213612,train
208874,train
206722,train
174051,train
193625,train
200692,train
220662,train
184440,train
227791,train
191571,train
224594,train
174949,train
191280,train
194967,train
220785,train
172195,train
186412,train
173335,train
191532,train
100652,train
185848,train
137138,train
179753,train
196729,train
227556,train
188405,train
131735,train
223990,train
222684,train
175161,train
133630,train
185237,train
150164,train
191604,train
184381,train
213668,train
206399,train
177517,train
177641,train
219163,train
196464,train
184927,train
176262,train
193398,train
210980,train
120487,train
223738,train
174507,train
201908,train
173200,train
179893,train
122136,train
178045,train
206415,train
180759,train
184043,train
167713,train
188057,train
217784,train
194071,train
225040,train
183140,train
187116,train
222151,train
126583,train
126557,train
174533,train
201208,train
173726,train
169888,train
204568,train
180076,train
223153,train
122349,train
218741,train
185598,train
173022,train
219469,train
183154,train
227324,train
210977,train
198803,train
177655,train
185374,train
173663,train
225337,train
130116,train
146414,train
211374,train
207682,train
180478,train
192510,train
174575,train
201540,train
185674,train
203650,train
205840,train
212928,train
195779,train
209207,train
200419,train
127280,train
26046,train
226984,train
190018,train
218097,train
222240,train
188794,train
225024,train
223751,train
221821,train
183682,train
118571,train
181658,train
191379,train
184889,train
188178,train
177792,train
192957,train
219883,train
183191,train
200033,train
193544,train
181313,train
176830,train
220709,train
181166,train
202284,train
195296,train
224534,train
179679,train
198397,train
195048,train
193710,train
224276,train
226394,train
200600,train
222397,train
166919,train
221371,train
225365,train
145377,train
224547,train
200771,train
220461,train
197388,train
179643,train
174153,train
176256,train
214693,train
223070,train
183625,train
93509,train
200561,train
175525,train
92767,train
197944,train
171090,train
220049,train
178843,train
134646,train
201469,train
179720,train
176366,train
176854,train
207805,train
218905,train
182394,train
127897,train
148809,train
188433,train
223863,train
175205,train
196851,train
174428,train
214627,train
222354,train
202047,train
185931,train
211561,train
216032,train
182411,train
209632,train
188965,train
177726,train
169258,train
179147,train
174661,train
180803,train
169128,train
188252,train
168298,train
171573,train
175706,train
219688,train
172171,train
184135,train
198769,train
193941,train
183312,train
218898,train
190153,train
221326,train
221016,train
181922,train
129870,train
178295,train
221385,train
172753,train
131318,train
184485,train
183299,train
175039,train
192654,train
206858,train
187402,train
186814,train
203383,train
224273,train
185220,train
188850,train
190230,train
184300,train
179899,train
186840,train
181808,train
173701,train
206633,train
223735,train
219338,train
179057,train
182746,train
205920,train
227478,train
196910,train
198733,train
200596,train
175750,train
194923,train
212078,train
188535,train
185809,train
222868,train
217821,train
185335,train
205463,train
169101,train
202685,train
191293,train
121608,train
200587,train
222556,train
195347,train
174634,train
180613,train
174329,train
217494,train
193418,train
170192,train
176365,train
195100,train
222124,train
214739,train
185274,train
191123,train
143421,train
145302,train
200424,train
185741,train
200974,train
183325,train
199368,train
217636,train
203539,train
176723,train
174766,train
200626,train
188714,train
223046,train
202929,train
176811,train
119261,train
202444,train
196747,train
118430,train
167994,train
210610,train
223652,train
175746,train
204082,train
172531,train
136955,train
123441,train
124462,train
166877,train
166110,train
201523,train
195793,train
121241,train
186765,train
196232,train
202853,train
177650,train
145113,train
227886,train
205798,train
122191,train
117956,train
168154,train
138567,train
179608,train
176049,train
179691,train
200179,train
221566,train
176931,train
194622,train
187989,train
206346,train
201283,train
195128,train
125046,train
187698,train
200672,train
199449,train
178716,train
174520,train
200661,train
177042,train
175216,train
173171,train
175831,train
169249,train
130491,train
224207,train
179591,train
174110,train
186224,train
176829,train
173906,train
212253,train
224620,train
188892,train
186247,train
146602,train
125461,train
188844,train
219541,train
202102,train
198612,train
174855,train
182339,train
119823,train
200535,train
174296,train
199331,train
181441,train
173168,train
188044,train
183907,train
222061,train
178950,train
150777,train
178643,train
186444,train
217822,train
171786,train
173564,train
227688,train
93608,train
201610,train
175926,train
189909,train
184944,train
128812,train
166959,train
134229,train
221806,train
195283,train
179447,train
180665,train
172891,train
190784,train
182087,train
196853,train
172962,train
193980,train
184150,train
186420,train
137387,train
176868,train
216167,train
212304,train
105395,train
172235,train
200191,train
183476,train
180644,train
179167,train
180870,train
179045,train
183799,train
222016,train
219798,train
185172,train
178310,train
206349,train
176273,train
221792,train
138096,train
184510,train
175162,train
179465,train
227339,train
208673,train
178704,train
177592,train
133684,train
174519,train
191804,train
181604,train
200616,train
177621,train
176785,train
205051,train
199257,train
189857,train
125994,train
224657,train
219832,train
187935,train
182250,train
186476,train
104306,train
224973,train
187215,train
197564,train
176334,train
223617,train
119995,train
176633,train
181699,train
200005,train
183291,train
197137,train
222271,train
178972,train
222559,train
182089,train
212589,train
171990,train
184897,train
183681,train
210711,train
218381,train
200645,train
186257,train
179651,train
181906,train
146467,train
196468,train
175067,train
125989,train
211546,train
203456,train
193214,train
211910,train
208548,train
178359,train
145400,train
206318,train
191523,train
183392,train
223244,train
188410,train
201464,train
186801,train
198804,train
199710,train
188251,train
172676,train
137896,train
197184,train
181644,train
176623,train
222031,train
222423,train
181223,train
205058,train
173279,train
186993,train
186961,train
198472,train
181791,train
185331,train
220091,train
184339,train
123296,train
182819,train
201722,train
175036,train
187808,train
166833,train
179781,train
174905,train
184436,train
93572,train
188751,train
178494,train
92691,train
201470,train
173242,train
119671,train
190334,train
120041,train
219553,train
187924,train
203590,train
127340,train
197386,train
201582,train
192411,train
173448,train
196122,train
181550,train
178196,train
223350,train
193401,train
183336,train
207463,train
181319,train
205852,train
185667,train
191683,train
180371,train
202837,train
165974,train
137314,train
180460,train
175158,train
127104,train
178395,train
199655,train
100569,train
208183,train
172593,train
94782,train
189752,train
183134,train
209976,train
196984,train
124882,train
197357,train
225998,train
182558,train
179376,train
221764,train
205898,train
185230,train
226787,train
199713,train
190217,train
196921,train
205624,train
227778,train
190187,train
197857,train
97280,train
227302,train
183632,train
179694,train
175280,train
177192,train
201295,train
185718,train
170840,train
203182,train
181028,train
121239,train
176335,train
199010,train
204616,train
185962,train
108768,train
213474,train
208391,train
181642,train
202861,train
193108,train
207965,train
217726,train
132631,train
149939,train
174066,train
192808,train
183535,train
205060,train
180376,train
203471,train
185486,train
176600,train
223171,train
174869,train
192748,train
227246,train
123687,train
221803,train
184979,train
179217,train
211307,train
194855,train
205661,train
173918,train
128309,train
186930,train
223711,train
189966,train
227495,train
198502,train
215241,train
179947,train
133608,train
182325,train
203578,train
221525,train
193328,train
186851,train
195320,train
203163,train
224905,train
193490,train
218780,train
202467,train
182034,train
191591,train
179648,train
139366,train
187045,train
198005,train
135550,train
173837,train
189417,train
109943,train
221577,train
166817,train
171365,train
178748,train
178859,train
182752,train
182513,train
223787,train
207733,train
185135,train
203623,train
195248,train
176333,train
196634,train
221944,train
203564,train
201447,train
208210,train
199649,train
181982,train
179001,train
204780,train
118606,train
219912,train
220360,train
223525,train
178191,train
195860,train
209474,train
198994,train
218744,train
184051,train
179157,train
190800,train
174402,train
225467,train
198800,train
202339,train
209629,train
176027,train
201514,train
179547,train
126773,train
175856,train
180049,train
199504,train
177419,train
195158,train
203329,train
173658,train
133598,train
181459,train
105673,train
177791,train
187912,train
184607,train
205682,train
192507,train
199942,train
220363,train
174362,train
194749,train
188742,train
121539,train
186505,train
188792,train
181465,train
194932,train
223942,train
193620,train
220574,train
177207,train
179488,train
187871,train
133602,train
184845,train
136791,train
191559,train
189999,train
203658,train
223950,train
214883,train
129493,train
194067,train
192546,train
179476,train
205394,train
127584,train
197281,train
172887,train
188701,train
217938,train
205187,train
167351,train
188077,train
195547,train
222621,train
210546,train
173622,train
201590,train
120306,train
224073,train
203537,train
175637,train
203520,train
93776,train
181877,train
219473,train
186646,train
126920,train
196858,train
192251,train
185823,train
222076,train
221212,train
185731,train
118561,train
176475,train
201207,train
188248,train
171794,train
175655,train
222757,train
171400,train
140029,train
179121,train
222043,train
186869,train
178384,train
222208,train
223460,train
189024,train
183555,train
77847,train
174530,train
172353,train
181771,train
189767,train
191552,train
175937,train
146489,train
207276,train
185206,train
222204,train
211651,train
184059,train
179237,train
178078,train
189370,train
203815,train
176196,train
184867,train
193317,train
188052,train
183958,train
227127,train
221888,train
193099,train
171925,train
183668,train
177420,train
123920,train
227251,train
178858,train
133519,train
200723,train
222461,train
197222,train
103646,train
186501,train
200612,train
185357,train
205494,train
179295,train
194704,train
183970,train
196881,train
221930,train
181261,train
183759,train
171617,train
125026,train
179698,train
177799,train
226724,train
125535,train
223078,train
193453,train
125021,train
194610,train
182840,train
168339,train
195190,train
197721,train
181840,train
224462,train
201376,train
180192,train
211740,train
187382,train
133610,train
193684,train
192803,train
126334,train
198101,train
197206,train
137033,train
220821,train
195220,train
223593,train
225802,train
190221,train
210698,train
167846,train
92797,train
180658,train
172664,train
219846,train
223917,train
206569,train
224055,train
212474,train
123868,train
193926,train
212051,train
199724,train
172888,train
171854,train
180734,train
180645,train
188021,train
187479,train
211727,train
146401,train
133662,train
197337,train
129292,train
181551,train
179140,train
198421,train
169025,train
153053,train
222130,train
218472,train
194163,train
227374,train
185343,train
171196,train
201254,train
120400,train
227549,train
168622,train
227741,train
182360,train
182402,train
127094,train
178426,train
193565,train
180538,train
221945,train
192863,train
178379,train
199569,train
195191,train
175010,train
208546,train
201400,train
214459,train
187350,train
171408,train
166923,train
208694,train
196662,train
145317,train
222547,train
174313,train
175215,train
194084,train
133655,train
205884,train
184991,train
120882,train
186331,train
119370,train
174707,train
142677,train
227796,train
189830,train
184161,train
182415,train
92688,train
187016,train
93794,train
165921,train
205406,train
174824,train
175711,train
208561,train
179333,train
222385,train
214444,train
102061,train
208742,train
227517,train
130575,train
220876,train
180651,train
207392,train
199572,train
201456,train
145257,train
174294,train
150779,train
202357,train
211275,train
92680,train
196796,train
218441,train
176917,train
172964,train
182650,train
201687,train
137903,train
212653,train
175414,train
177458,train
218436,train
193661,train
122891,train
206334,train
192505,train
93516,train
224222,train
185120,train
122005,train
184719,train
179360,train
179309,train
205718,train
200484,train
223865,train
126166,train
207934,train
224511,train
179632,train
203088,train
138174,train
199248,train
227532,train
198765,train
217827,train
209071,train
219601,train
193534,train
178580,train
178433,train
186414,train
185147,train
227260,train
179869,train
222040,train
182162,train
172511,train
190370,train
186904,train
137253,train
211105,train
175002,train
194264,train
166924,train
138688,train
177733,train
133624,train
225939,train
182748,train
208187,train
169184,train
220559,train
199712,train
186506,train
187256,train
202280,train
204716,train
183947,train
91422,train
172321,train
221266,train
219681,train
199694,train
181345,train
182557,train
219744,train
171864,train
174626,train
174067,train
120692,train
201813,train
175759,train
205053,train
201455,train
175417,train
200232,train
211777,train
205622,train
171994,train
219121,train
181316,train
190382,train
222041,train
184692,train
222328,train
92800,train
195751,train
222441,train
212579,train
201465,train
207567,train
168350,train
154292,train
200599,train
176228,train
181597,train
187172,train
188603,train
153671,train
190452,train
150795,train
183580,train
226721,train
224204,train
183622,train
212675,train
203586,train
196734,train
202285,train
175823,train
214738,train
220487,train
191481,train
176041,train
180922,train
188890,train
208551,train
224291,train
191555,train
199729,train
169659,train
201571,train
195121,train
171877,train
211653,train
196151,train
203177,train
185085,train
199646,train
195064,train
126922,train
201348,train
204806,train
119522,train
211559,train
223710,train
176710,train
184804,train
187844,train
221647,train
217181,train
213672,train
133692,train
216173,train
203723,train
206947,train
176317,train
224210,train
179620,train
219008,train
191070,train
166904,train
187165,train
183411,train
180737,train
133620,train
223514,train
174354,train
184919,train
172488,train
121374,train
137347,train
220215,train
201395,train
96440,train
192754,train
191727,train
198378,train
223502,train
190587,train
172067,train
172812,train
181577,train
124335,train
200593,train
181212,train
201984,train
171850,train
184842,train
175005,train
137267,train
172402,train
206493,train
197336,train
122626,train
182605,train
184812,train
198790,train
184405,train
223770,train
220174,train
226295,train
196615,train
205731,train
189465,train
194075,train
171980,train
191609,train
227016,train
133233,train
194868,train
127517,train
183588,train
191706,train
176864,train
188406,train
182141,train
227530,train
132241,train
179755,train
226659,train
176610,train
223562,train
189017,train
136963,train
184649,train
199212,train
223113,train
223103,train
227125,train
184643,train
226328,train
195504,train
187148,train
197783,train
172406,train
218975,train
198413,train
213616,train
222014,train
166920,train
192124,train
184800,train
96984,train
174722,train
224119,train
202067,train
200634,train
125538,train
200174,train
121929,train
194851,train
199367,train
185602,train
222262,train
184795,train
184697,train
117934,train
145660,train
176459,train
202402,train
225424,train
171362,train
203284,train
219533,train
170963,train
179552,train
184640,train
178879,train
212721,train
183489,train
198492,train
200226,train
211451,train
181440,train
197905,train
171855,train
183150,train
214493,train
202082,train
196288,train
178566,train
168160,train
212476,train
207929,train
173389,train
167727,train
176752,train
153145,train
120898,train
181574,train
222250,train
225994,train
192800,train
186387,train
175688,train
209899,train
176129,train
178186,train
186020,train
173188,train
205439,train
204992,train
122137,train
209270,train
178782,train
181446,train
223039,train
223566,train
221139,train
206193,train
188300,train
225037,train
224478,train
190245,train
183875,train
195055,train
190806,train
207089,train
202804,train
131394,train
178402,train
219967,train
125042,train
181600,train
185548,train
196845,train
97508,train
203541,train
173225,train
168633,train
173732,train
199191,train
127535,train
216157,train
192185,train
145454,train
82250,train
145404,train
173112,train
219454,train
173054,train
175306,train
178949,train
224047,train
192063,train
120151,train
220332,train
183475,train
203435,train
201524,train
127579,train
179056,train
181018,train
181167,train
188431,train
224622,train
214773,train
198471,train
178865,train
220584,train
188152,train
177542,train
178853,train
179075,train
202446,train
186447,train
176635,train
147829,train
204822,train
173708,train
145372,train
144620,train
177426,train
204613,train
176595,train
196099,train
223999,train
220456,train
178877,train
227839,train
190759,train
176585,train
173015,train
179118,train
122245,train
166862,train
178777,train
206487,train
184899,train
187273,train
209307,train
182578,train
176814,train
223191,train
223923,train
178560,train
208233,train
223755,train
175769,train
172972,train
207645,train
206597,train
184788,train
221569,train
188105,train
222643,train
127661,train
190681,train
223031,train
172632,train
205428,train
207173,train
184112,train
184214,train
182407,train
183527,train
199732,train
155151,train
126079,train
175219,train
174915,train
174104,train
208675,train
222274,train
178489,train
122190,train
222050,train
173465,train
199968,train
186521,train
198659,train
205404,train
227123,train
177901,train
184148,train
174145,train
207566,train
122703,train
193986,train
172366,train
179906,train
188317,train
225528,train
204718,train
200040,train
130995,train
132085,train
174048,train
224975,train
185115,train
118679,train
176099,train
204704,train
182494,train
169521,train
186372,train
172598,train
176336,train
222946,train
175824,train
205386,train
175336,train
177241,train
168130,train
177831,train
192496,train
206340,train
192451,train
130556,train
130000,train
197290,train
198584,train
203149,train
208581,train
179531,train
184055,train
222028,train
186104,train
205655,train
189112,train
180404,train
222932,train
205924,train
126580,train
178846,train
131737,train
221904,train
223594,train
118633,train
179696,train
185187,train
203454,train
202189,train
210624,train
175447,train
207844,train
224353,train
194216,train
118615,train
167686,train
200103,train
181374,train
221014,train
150768,train
180095,train
184834,train
203385,train
183618,train
141697,train
172167,train
122309,train
105580,train
226980,train
174983,train
183765,train
195615,train
221117,train
183565,train
198703,train
121627,train
172571,train
224675,train
168495,train
169105,train
224913,train
227561,train
195105,train
203445,train
192368,train
137027,train
209708,train
125536,train
174081,train
184330,train
197741,train
201323,train
183365,train
186445,train
176657,train
200193,train
172485,train
177983,train
172646,train
201382,train
167329,train
190628,train
193719,train
183219,train
179886,train
222878,train
199709,train
184134,train
180319,train
170991,train
127889,train
205518,train
180276,train
170396,train
179357,train
179759,train
166947,train
171143,train
199101,train
173439,train
204769,train
178383,train
188256,train
199553,train
127617,train
195612,train
185286,train
221918,train
223461,train
179579,train
171576,train
100013,train
120975,train
173562,train
120584,train
190572,train
181609,train
198327,train
222478,train
221126,train
183095,train
122102,train
173688,train
179900,train
189152,train
221442,train
226325,train
197712,train
203838,train
223966,train
208648,train
199309,train
189778,train
222052,train
214278,train
197917,train
221652,train
220140,train
131121,train
199444,train
144982,train
205873,train
182629,train
187242,train
184111,train
172358,train
167691,train
219550,train
200714,train
98747,train
203254,train
177397,train
208637,train
195040,train
214423,train
190637,train
200472,train
186826,train
143521,train
179215,train
118636,train
175143,train
205796,train
181675,train
220835,train
221940,train
221698,train
188560,train
184346,train
226000,train
174617,train
150832,train
184018,train
222304,train
215058,train
177537,train
130634,train
143096,train
125687,train
201196,train
199316,train
189459,train
214638,train
186924,train
118558,train
225009,train
177358,train
184951,train
167840,train
172886,train
220693,train
131535,train
195193,train
200073,train
193375,train
203423,train
101944,train
203101,train
184742,train
190593,train
184682,train
185939,train
193989,train
221661,train
179130,train
172486,train
222655,train
226993,train
201508,train
186980,train
221543,train
185690,train
183010,train
179218,train
191306,train
186951,train
201538,train
183646,train
212482,train
173388,train
226702,train
222487,train
77861,train
174212,train
131572,train
186830,train
185665,train
211776,train
206673,train
179174,train
226979,train
185192,train
121961,train
184178,train
179822,train
188441,train
179923,train
197514,train
223632,train
172407,train
183553,train
175816,train
184662,train
205632,train
185345,train
171902,train
200667,train
194989,train
176577,train
202482,train
187826,train
184027,train
207925,train
181183,train
206502,train
186907,train
182842,train
152976,train
223986,train
186410,train
203466,train
190679,train
222981,train
186015,train
196240,train
192780,train
202743,train
183562,train
188836,train
184931,train
178491,train
125613,train
194850,train
171922,train
219351,train
183920,train
206849,train
186908,train
192717,train
196519,train
181697,train
196603,train
191522,train
203597,train
178387,train
147486,train
199579,train
122885,train
207453,train
97528,train
213666,train
200952,train
137020,train
185146,train
223788,train
177342,train
122939,train
190216,train
188147,train
105870,train
201334,train
212491,train
222984,train
221063,train
173617,train
172813,train
200438,train
191536,train
223984,train
179788,train
198701,train
223557,train
199759,train
124878,train
212670,train
222183,train
183743,train
227548,train
179645,train
195843,train
102044,train
180399,train
175044,train
137418,train
179065,train
192759,train
187385,train
224041,train
196647,train
205778,train
119741,train
192495,train
138516,train
169122,train
187412,train
222275,train
177556,train
174733,train
180030,train
183693,train
174835,train
200487,train
177295,train
193110,train
194153,train
181543,train
195056,train
191765,train
184516,train
178347,train
179096,train
138520,train
221285,train
186925,train
199262,train
220494,train
185253,train
182876,train
201837,train
223223,train
176728,train
125053,train
177548,train
145386,train
221262,train
137317,train
208484,train
175817,train
177510,train
165931,train
218764,train
131013,train
176586,train
179562,train
198536,train
202671,train
180154,train
185771,train
224772,train
155775,train
185859,train
195507,train
185272,train
227116,train
132051,train
181883,train
198491,train
220477,train
187241,train
189364,train
205551,train
195049,train
176313,train
179593,train
199441,train
201500,train
130988,train
195113,train
134664,train
199967,train
216464,train
218752,train
176236,train
137944,train
170688,train
197971,train
184017,train
208645,train
179855,train
178016,train
121403,train
122710,train
189053,train
201115,train
178339,train
118488,train
186958,train
212456,train
173264,train
184457,train
207940,train
176290,train
122619,train
203282,train
194957,train
223215,train
200468,train
187432,train
176142,train
200015,train
209047,train
181769,train
202064,train
212050,train
223740,train
223067,train
177032,train
185288,train
214452,train
180550,train
222315,train
191688,train
192861,train
179435,train
223056,train
220979,train
206492,train
121835,train
216165,train
221479,train
207214,train
171117,train
222033,train
181520,train
174815,train
188971,train
221908,train
185025,train
177752,train
171978,train
199411,train
222278,train
198412,train
175309,train
194093,train
178330,train
205484,train
182542,train
127543,train
204073,train
208080,train
184608,train
137301,train
221637,train
84039,train
181557,train
188476,train
175202,train
198425,train
183503,train
176722,train
220389,train
186496,train
181732,train
131279,train
180852,train
211689,train
175091,train
222264,train
219122,train
186380,train
179094,train
177579,train
179775,train
179392,train
179233,train
181177,train
208487,train
227230,train
184240,train
219157,train
187796,train
174692,train
198440,train
190326,train
173027,train
207918,train
178355,train
212383,train
187964,train
198626,train
179617,train
120483,train
186477,train
179428,train
203459,train
179329,train
217817,train
189589,train
201331,train
180497,train
200753,train
186397,train
212305,train
197643,train
206898,train
220641,train
134644,train
101950,train
210833,train
176386,train
179758,train
171557,train
174982,train
118562,train
127332,train
182667,train
182892,train
176019,train
206833,train
227107,train
174871,train
224485,train
178512,train
138698,train
118602,train
219952,train
227544,train
227025,train
196269,train
207672,train
122622,train
181127,train
184813,train
196953,train
192777,train
127152,train
199016,train
186116,train
224000,train
176250,train
192060,train
181639,train
224148,train
123679,train
184803,train
211485,train
201280,train
198566,train
213473,train
178936,train
199755,train
228042,train
182163,train
211565,train
227482,train
223608,train
176215,train
182064,train
193629,train
165980,train
194182,train
201565,train
189758,train
191357,train
192408,train
131565,train
222104,train
179523,train
176969,train
191011,train
182295,train
136971,train
138697,train
209119,train
118132,train
205854,train
177776,train
199476,train
181366,train
174116,train
176242,train
227558,train
200423,train
179613,train
122107,train
187611,train
198723,train
179239,train
183216,train
182422,train
200983,train
227735,train
209687,train
176454,train
192284,train
193119,train
192293,train
181730,train
180944,train
187088,train
181686,train
204984,train
190744,train
227167,train
175007,train
189539,train
198625,train
187674,train
206316,train
152923,train
204592,train
221882,train
185837,train
184073,train
186881,train
188523,train
176201,train
206343,train
219641,train
177872,train
203093,train
218907,train
185879,train
213578,train
194542,train
197391,train
201471,train
190328,train
93780,train
177468,train
201527,train
189360,train
179327,train
180710,train
186550,train
220583,train
221322,train
126073,train
184355,train
186834,train
221377,train
174462,train
220320,train
179795,train
214617,train
204629,train
92717,train
190893,train
173094,train
187561,train
200745,train
182731,train
125693,train
205474,train
184195,train
176316,train
227536,train
180073,train
198512,train
185544,train
188180,train
187009,train
189464,train
182323,train
187231,train
222038,train
196871,train
224668,train
200556,train
200204,train
227124,train
212726,train
127098,train
175627,train
204980,train
185236,train
192119,train
195133,train
208654,train
208228,train
176428,train
182912,train
220339,train
209719,train
186413,train
206333,train
190586,train
199901,train
176838,train
200069,train
177484,train
176773,train
203603,train
166830,train
178424,train
176410,train
172916,train
220050,train
226385,train
214700,train
173287,train
109819,train
194687,train
209638,train
219946,train
220553,train
177313,train
202895,train
179439,train
179492,train
184892,train
168588,train
188411,train
184463,train
202043,train
173910,train
173074,train
203820,train
181075,train
120887,train
182855,train
122632,train
223060,train
172933,train
176981,train
227035,train
196977,train
147466,train
183633,train
193300,train
220565,train
220915,train
180653,train
178621,train
184703,train
176188,train
181866,train
206570,train
205391,train
211347,train
190392,train
193015,train
225847,train
176644,train
171970,train
177271,train
170208,train
199564,train
189780,train
166881,train
175796,train
188227,train
181141,train
227694,train
176377,train
195045,train
216563,train
221830,train
210717,train
188699,train
178249,train
184448,train
223960,train
183054,train
202152,train
213611,train
187913,train
130125,train
196623,train
184290,train
180170,train
179857,train
183348,train
178571,train
212599,train
211912,train
221802,train
188817,train
193480,train
201478,train
172927,train
125630,train
119618,train
127180,train
195244,train
200296,train
208402,train
183574,train
223775,train
138069,train
180385,train
184361,train
184493,train
211388,train
199718,train
179793,train
150885,train
226443,train
206503,train
213297,train
207560,train
214369,train
224288,train
221393,train
224989,train
184291,train
227313,train
183498,train
183422,train
226982,train
186427,train
187560,train
190047,train
225826,train
183984,train
177756,train
180157,train
190069,train
145245,train
223665,train
200429,train
191624,train
178410,train
217766,train
127530,train
198404,train
177006,train
221733,train
178415,train
207713,train
145405,train
222055,train
197010,train
186111,train
193472,train
176353,train
198797,train
189154,train
181931,train
182704,train
183462,train
182396,train
207460,train
144434,train
182414,train
180412,train
221932,train
172827,train
220626,train
219580,train
178098,train
203546,train
212093,train
228142,train
202720,train
178712,train
193878,train
100562,train
181036,train
223166,train
173404,train
172935,train
204712,train
224647,train
172610,train
209621,train
194258,train
213484,train
182047,train
179743,train
223937,train
194841,train
200402,train
195518,train
127736,train
199491,train
198054,train
202732,train
224143,train
220387,train
144160,train
180163,train
179935,train
213629,train
184384,train
102035,train
177867,train
122464,train
126240,train
223225,train
140026,train
222635,train
203207,train
173700,train
192884,train
223843,train
219370,train
189136,train
186988,train
184048,train
198760,train
181623,train
125492,train
181098,train
197540,train
203812,train
175054,train
198456,train
131276,train
208185,train
133715,train
134647,train
219496,train
186641,train
183417,train
175844,train
200256,train
183714,train
192118,train
176234,train
171751,train
221574,train
174312,train
174473,train
186463,train
183874,train
126082,train
130480,train
172065,train
186897,train
173908,train
198465,train
182673,train
221784,train
212321,train
187541,train
202821,train
208959,train
181826,train
177896,train
194717,train
180646,train
176047,train
206949,train
168137,train
137262,train
122767,train
172806,train
190753,train
133136,train
199647,train
186797,train
108189,train
220180,train
174944,train
181388,train
205626,train
224152,train
153819,train
183379,train
219356,train
227264,train
201667,train
179245,train
196508,train
183908,train
176910,train
179866,train
221125,train
176650,train
181804,train
177766,train
172880,train
172391,train
196237,train
120237,train
202040,train
172274,train
183987,train
198437,train
190669,train
183322,train
221466,train
223444,train
201375,train
178624,train
220187,train
188408,train
203503,train
173232,train
222319,train
221922,train
186286,train
224030,train
226334,train
186960,train
184838,train
205613,train
200970,train
223634,train
184739,train
221756,train
183230,train
184130,train
177324,train
177475,train
204784,train
223239,train
212243,train
222865,train
196765,train
196834,train
181188,train
174439,train
125418,train
178268,train
169096,train
211785,train
203335,train
198407,train
187911,train
179485,train
184041,train
224597,train
185559,train
184123,train
197695,train
177210,train
181393,train
219844,train
185292,train
175717,train
175604,train
219358,train
184624,train
184015,train
201620,train
186431,train
178499,train
185947,train
125819,train
178419,train
209908,train
191077,train
169094,train
203548,train
221397,train
227104,train
201320,train
138799,train
146367,train
209287,train
207143,train
176874,train
179567,train
171409,train
226019,train
189321,train
194679,train
206118,train
178514,train
174405,train
198382,train
180364,train
179551,train
179565,train
222586,train
205861,train
125506,train
226783,train
196914,train
173050,train
176060,train
180361,train
226589,train
222954,train
176007,train
219087,train
205771,train
180574,train
176763,train
196812,train
183679,train
199719,train
136907,train
125996,train
173099,train
130560,train
206345,train
189101,train
187109,train
216365,train
190926,train
182737,train
185219,train
174828,train
174497,train
175698,train
96402,train
174301,train
221936,train
196907,train
225834,train
200625,train
200025,train
203620,train
176772,train
188417,train
187784,train
183969,train
178551,train
203583,train
183894,train
174389,train
183235,train
182536,train
222114,train
226717,train
172967,train
189113,train
199130,train
180575,train
137130,train
124159,train
203576,train
227304,train
209683,train
180800,train
220550,train
196083,train
142383,train
219507,train
174851,train
222631,train
222148,train
219566,train
184273,train
126761,train
200074,train
208626,train
201024,train
193489,train
202184,train
184433,train
192750,train
179049,train
130468,train
222235,train
222173,train
201709,train
181766,train
190286,train
125489,train
184127,train
194979,train
172730,train
185886,train
188719,train
200144,train
179540,train
178620,train
98085,train
173230,train
168825,train
226267,train
208198,train
118428,train
224472,train
202027,train
227259,train
190755,train
209633,train
202639,train
105798,train
177586,train
196563,train
127668,train
203426,train
173563,train
221659,train
188692,train
183514,train
176909,train
203255,train
184901,train
170974,train
181421,train
185490,train
186347,train
227784,train
201318,train
178234,train
96403,train
179361,train
195969,train
224530,train
184923,train
173588,train
215427,train
202306,train
147090,train
197611,train
221759,train
179395,train
174237,train
194733,train
183904,train
220828,train
177595,train
182430,train
173384,train
127580,train
223605,train
189811,train
227229,train
168929,train
203204,train
219504,train
126338,train
190490,train
185543,train
174158,train
175647,train
176407,train
225549,train
193298,train
190184,train
93778,train
212651,train
212706,train
190535,train
120008,train
125591,train
179937,train
179477,train
226618,train
178346,train
191625,train
220047,train
171950,train
200949,train
181652,train
202462,train
180822,train
185378,train
208235,train
203617,train
125459,train
119991,train
195524,train
169178,train
203363,train
197920,train
200164,train
171762,train
179779,train
187862,train
192648,train
130717,train
228200,train
181961,train
138795,train
172552,train
221872,train
214504,train
220728,train
194734,train
142844,train
188444,train
178217,train
183742,train
214388,train
203146,train
186799,train
186071,train
180277,train
180618,train
177684,train
215501,train
125615,train
188156,train
195304,train
177461,train
201686,train
191677,train
198709,train
174450,train
179431,train
214695,train
199404,train
224323,train
179940,train
222080,train
185727,train
172577,train
181843,train
128319,train
199058,train
180122,train
169165,train
188398,train
184193,train
188970,train
205660,train
172844,train
194222,train
184315,train
222957,train
141644,train
214966,train
177541,train
182056,train
175886,train
168183,train
199706,train
199717,train
222145,train
188501,train
119147,train
217683,train
143588,train
166863,train
174772,train
175751,train
209308,train
173475,train
184294,train
221533,train
185653,train
195830,train
207175,train
208835,train
225538,train
180595,train
191381,train
188818,train
211426,train
127904,train
211603,train
201317,train
195288,train
153023,train
190746,train
188072,train
221321,train
196562,train
182538,train
179359,train
196431,train
187136,train
131012,train
181892,train
177017,train
225339,train
203439,train
208089,train
179158,train
174821,train
213294,train
192571,train
221773,train
220908,train
219916,train
197993,train
176448,train
174044,train
170127,train
190176,train
223853,train
180329,train
125501,train
200869,train
175940,train
222953,train
184630,train
194936,train
174061,train
167884,train
193568,train
187106,train
183195,train
220310,train
122180,train
206600,train
187818,train
92727,train
192791,train
227739,train
185270,train
200893,train
182092,train
185130,train
120343,train
222554,train
222019,train
201941,train
212019,train
216059,train
122931,train
177832,train
195736,train
197396,train
224454,train
125813,train
147055,train
199417,train
203651,train
206514,train
219428,train
180784,train
187270,train
194161,train
221025,train
197403,train
173174,train
206773,train
194694,train
219439,train
176809,train
178522,train
199251,train
186652,train
146413,train
220040,train
183207,train
200478,train
119314,train
126343,train
176646,train
198702,train
186349,train
150884,train
196930,train
89056,train
168643,train
185569,train
176466,train
194885,train
205904,train
221789,train
188740,train
197953,train
220772,train
202509,train
130763,train
128461,train
198538,train
176640,train
176321,train
213223,train
174672,train
191702,train
204665,train
175455,train
147101,train
185719,train
181236,train
172563,train
186383,train
178569,train
228037,train
205362,train
190211,train
182242,train
202155,train
171134,train
221297,train
226788,train
204790,train
168004,train
197239,train
197285,train
175451,train
173223,train
172648,train
174287,train
207944,train
205765,train
222221,train
183444,train
199758,train
189213,train
128820,train
181734,train
125419,train
190046,train
125771,train
169625,train
174091,train
206591,train
175013,train
176895,train
190756,train
141529,train
194068,train
198668,train
178161,train
172658,train
221376,train
193338,train
183495,train
185387,train
222909,train
202445,train
210616,train
183397,train
216225,train
175452,train
100578,train
184700,train
175815,train
192499,train
200942,train
213727,train
171367,train
184002,train
184228,train
150775,train
181024,train
198588,train
179896,train
201603,train
184933,train
222395,train
222320,train
180199,train
151975,train
181592,train
119990,train
195290,train
222826,train
191989,train
217926,train
187495,train
184790,train
219606,train
179702,train
184344,train
222036,train
194648,train
218973,train
126019,train
185888,train
221706,train
142863,train
178172,train
205398,train
205197,train
194884,train
120014,train
187511,train
180780,train
180772,train
186258,train
210248,train
137410,train
176780,train
125680,train
192299,train
200629,train
181891,train
191973,train
196495,train
195034,train
198493,train
206372,train
174892,train
147081,train
190074,train
105799,train
200615,train
182439,train
127906,train
126327,train
198728,train
93614,train
209871,train
124244,train
180558,train
185472,train
127585,train
203556,train
176787,train
171680,train
180869,train
219460,train
222467,train
193574,train
206043,train
196319,train
209303,train
173004,train
175325,train
185778,train
209644,train
224220,train
189812,train
211406,train
213229,train
179730,train
182376,train
137100,train
179010,train
179473,train
221091,train
203297,train
153007,train
205427,train
206957,train
174631,train
182634,train
223757,train
173018,train
166893,train
183197,train
205817,train
192642,train
185797,train
174977,train
175409,train
223418,train
228150,train
219794,train
175663,train
174087,train
179891,train
174636,train
226158,train
183403,train
202798,train
214701,train
171879,train
176896,train
206860,train
177778,train
177287,train
176227,train
223001,train
191324,train
177497,train
223568,train
193619,train
197227,train
176636,train
165919,train
183573,train
96969,train
182874,train
176884,train
171145,train
186367,train
176702,train
120329,train
145399,train
219161,train
125579,train
223695,train
218999,train
220364,train
222967,train
184985,train
146466,train
175572,train
175386,train
201836,train
126592,train
224252,train
176282,train
197921,train
201009,train
127328,train
222485,train
175327,train
117890,train
207339,train
193572,train
200894,train
221225,train
220130,train
176806,train
222992,train
166934,train
173183,train
219644,train
172492,train
181164,train
199008,train
185852,train
223949,train
223431,train
221292,train
192044,train
179628,train
179536,train
185557,train
219588,train
185723,train
223604,train
122712,train
189008,train
170237,train
207341,train
199184,train
174479,train
224049,train
131140,train
125246,train
206847,train
222463,train
181842,train
167835,train
105773,train
219505,train
185194,train
194166,train
220419,train
171973,train
96025,train
223640,train
207204,train
205820,train
118642,train
188297,train
189810,train
173049,train
170958,train
223873,train
219349,train
177804,train
194640,train
88027,train
181935,train
208517,train
181078,train
182331,train
176592,train
203095,train
197086,train
183189,train
198049,train
189552,train
196589,train
200984,train
183059,train
223052,train
219506,train
216780,train
181196,train
203168,train
118626,train
172508,train
208663,train
194589,train
128818,train
219427,train
178713,train
222944,train
176665,train
187665,train
175353,train
227436,train
137029,train
222764,train
136833,train
183634,train
191588,train
184040,train
219396,train
199231,train
175690,train
192445,train
226155,train
167896,train
173694,train
227499,train
197122,train
175083,train
222008,train
177875,train
201168,train
172783,train
193748,train
186266,train
134533,train
199132,train
185893,train
185407,train
188437,train
211432,train
125420,train
191158,train
214956,train
181760,train
193566,train
192711,train
205358,train
184743,train
123265,train
206560,train
210374,train
186839,train
191969,train
165918,train
190995,train
221847,train
173131,train
199467,train
222666,train
197907,train
177534,train
168207,train
171352,train
204579,train
185383,train
204700,train
181852,train
180342,train
177858,train
213217,train
103648,train
174687,train
226742,train
221551,train
196539,train
193608,train
192731,train
179550,train
218260,train
202100,train
96412,train
180447,train
176956,train
186972,train
203619,train
122881,train
188745,train
176515,train
126087,train
167872,train
202052,train
174454,train
192880,train
182759,train
180302,train
127099,train
180816,train
183298,train
197276,train
172310,train
184280,train
200117,train
175001,train
192103,train
200234,train
200107,train
176464,train
203693,train
198691,train
175487,train
119679,train
202586,train
219164,train
187098,train
220705,train
179268,train
123273,train
187347,train
185011,train
178286,train
197996,train
187864,train
220822,train
201264,train
203697,train
184021,train
176626,train
182024,train
184799,train
205581,train
203274,train
188907,train
126047,train
214304,train
219261,train
186396,train
188250,train
207860,train
127683,train
173715,train
201186,train
169114,train
227122,train
193928,train
210996,train
168695,train
176043,train
184922,train
188159,train
227552,train
120362,train
222725,train
180832,train
184401,train
218486,train
213198,train
180317,train
126023,train
182081,train
202172,train
92707,train
182020,train
174108,train
125142,train
192762,train
201187,train
200577,train
156655,train
221578,train
223981,train
171780,train
201431,train
127299,train
185388,train
167878,train
215771,train
212024,train
213613,train
181525,train
168218,train
227565,train
122262,train
185283,train
212348,train
189629,train
181926,train
185022,train
167343,train
192815,train
199183,train
174680,train
191622,train
207856,train
180650,train
150309,train
213199,train
183221,train
187208,train
227101,train
176930,train
178439,train
167897,train
181974,train
188550,train
215532,train
172373,train
203201,train
181115,train
223885,train
208350,train
175766,train
224930,train
225944,train
199034,train
202703,train
176819,train
188108,train
184310,train
193202,train
137419,train
200613,train
188102,train
186524,train
145239,train
125500,train
222752,train
223449,train
152972,train
196730,train
124224,train
189266,train
184556,train
192399,train
185578,train
217932,train
182103,train
198389,train
131123,train
180572,train
222171,train
223358,train
122880,train
183891,train
127516,train
177590,train
223574,train
175467,train
118583,train
177739,train
134661,train
173596,train
191993,train
181722,train
202097,train
195124,train
127325,train
220104,train
208734,train
183905,train
201411,train
188323,train
121389,train
195866,train
226985,train
178388,train
177436,train
222907,train
209182,train
191363,train
105464,train
168162,train
184612,train
171050,train
192080,train
227853,train
172908,train
209266,train
212022,train
176889,train
220303,train
176032,train
184963,train
206547,train
185415,train
93660,train
199787,train
174632,train
166822,train
224040,train
183654,train
218489,train
129302,train
174805,train
201261,train
181310,train
182486,train
180532,train
184460,train
191142,train
194088,train
188090,train
182015,train
223087,train
208982,train
179844,train
199421,train
198784,train
167880,train
202823,train
205684,train
182915,train
206753,train
224347,train
180733,train
179587,train
205888,train
222654,train
175511,train
177554,train
180671,train
194165,train
203153,train
182784,train
183645,train
201337,train
137272,train
175240,train
175092,train
123436,train
176045,train
209876,train
174761,train
179676,train
184066,train
186377,train
196641,train
200887,train
188882,train
126162,train
218063,train
175004,train
180490,train
198809,train
187746,train
222880,train
220783,train
174045,train
179139,train
198394,train
205916,train
182049,train
193875,train
195099,train
134727,train
211996,train
207937,train
219575,train
218938,train
102611,train
182337,train
176199,train
192823,train
221876,train
127997,train
178463,train
175713,train
137146,train
222656,train
197275,train
202079,train
177499,train
186852,train
176177,train
175712,train
212378,train
207674,train
220044,train
175390,train
185983,train
181104,train
211765,train
92770,train
184411,train
222210,train
205901,train
166952,train
175357,train
165995,train
189965,train
200482,train
190664,train
184912,train
219684,train
204658,train
137990,train
201710,train
176015,train
180821,train
185827,train
182620,train
175728,train
213201,train
141530,train
205512,train
192121,train
190850,train
227053,train
186371,train
212455,train
177800,train
197329,train
174534,train
193228,train
225577,train
218485,train
199977,train
179074,train
190509,train
125672,train
219886,train
204070,train
199055,train
219571,train
134666,train
179717,train
190261,train
179244,train
209272,train
123534,train
224307,train
171905,train
178553,train
226811,train
189211,train
98746,train
121527,train
179926,train
196515,train
198616,train
219570,train
189216,train
185224,train
196988,train
187383,train
227805,train
224568,train
185767,train
129856,train
202011,train
187930,train
137090,train
166869,train
201989,train
224536,train
186785,train
137310,train
200097,train
219425,train
223159,train
190630,train
222705,train
201956,train
178281,train
174160,train
182035,train
175109,train
175075,train
222831,train
209872,train
211298,train
182916,train
185225,train
175433,train
185550,train
195861,train
196425,train
199140,train
122770,train
202299,train
177222,train
224632,train
175778,train
171025,train
223823,train
199439,train
177362,train
197117,train
200889,train
223150,train
205925,train
165933,train
184989,train
173851,train
129850,train
221314,train
136177,train
196507,train
172039,train
175598,train
136966,train
121752,train
131609,train
118395,train
220294,train
209689,train
177221,train
212327,train
205501,train
202498,train
200027,train
185293,train
184206,train
194045,train
120001,train
185536,train
200516,train
172784,train
201272,train
226204,train
176845,train
180487,train
173928,train
213104,train
212464,train
225839,train
182426,train
192209,train
174549,train
190929,train
201572,train
192684,train
173864,train
98384,train
169089,train
133830,train
222213,train
206668,train
193848,train
176779,train
173147,train
205608,train
179355,train
205914,train
205905,train
199375,train
180418,train
203543,train
182031,train
125588,train
198364,train
182005,train
221768,train
223468,train
223036,train
171921,train
180102,train
174800,train
203554,train
181362,train
182838,train
176902,train
212592,train
223644,train
129863,train
166960,train
202442,train
131025,train
205382,train
184653,train
224936,train
190492,train
190270,train
179785,train
220695,train
210567,train
209202,train
184098,train
171932,train
201904,train
126218,train
199126,train
225840,train
205735,train
203716,train
175527,train
194613,train
213290,train
201526,train
153012,train
175541,train
221627,train
179649,train
196994,train
146474,train
152077,train
178750,train
223026,train
103650,train
177840,train
224292,train
127306,train
174998,train
188080,train
219447,train
99848,train
223750,train
222749,train
186244,train
200301,train
176576,train
179861,train
181710,train
189436,train
173016,train
218976,train
197678,train
177841,train
179209,train
177236,train
222026,train
190174,train
169129,train
207470,train
224576,train
183720,train
227516,train
187600,train
208698,train
169332,train
191486,train
221984,train
138104,train
101703,train
184210,train
133674,train
200201,train
212678,train
188101,train
226878,train
192715,train
224175,train
200961,train
222324,train
93674,train
206636,train
144208,train
174569,train
206227,train
197547,train
190749,train
167719,train
187842,train
208600,train
169116,train
150901,train
196275,train
201383,train
98073,train
188840,train
184410,train
190792,train
209620,train
211294,train
184666,train
192279,train
199039,train
223459,train
183647,train
205627,train
172532,train
175516,train
220129,train
225288,train
225555,train
180586,train
203465,train
178483,train
186956,train
226743,train
180728,train
218953,train
208369,train
90597,train
185492,train
224573,train
176499,train
186879,train
201273,train
153006,train
218731,train
206128,train
177267,train
171076,train
186428,train
199268,train
119865,train
221860,train
219381,train
185393,train
180667,train
211379,train
197518,train
183659,train
145466,train
96822,train
178850,train
201548,train
227474,train
180842,train
218729,train
173919,train
175648,train
221170,train
122941,train
218707,train
225346,train
189495,train
188363,train
190804,train
220173,train
223955,train
174175,train
198634,train
186900,train
188232,train
175276,train
123671,train
227097,train
200639,train
175726,train
189853,train
202066,train
219392,train
201689,train
223367,train
178974,train
179661,train
182491,train
92719,train
221729,train
196427,train
191150,train
176056,train
222321,train
108842,train
182075,train
177782,train
227186,train
218664,train
184047,train
131045,train
127727,train
199072,train
171975,train
186021,train
183251,train
176879,train
175699,train
191586,train
219510,train
179573,train
122101,train
192577,train
198303,train
226890,train
193536,train
189923,train
193021,train
222273,train
177215,train
214382,train
175863,train
200557,train
185164,train
180005,train
184486,train
215059,train
186322,train
178349,train
125666,train
185406,train
185420,train
194164,train
183064,train
146417,train
197223,train
181119,train
199035,train
174342,train
185503,train
175337,train
201461,train
206035,train
195566,train
105142,train
222084,train
97514,train
224053,train
176174,train
173593,train
205812,train
184590,train
192765,train
137103,train
207670,train
227017,train
70190,train
186027,train
208961,train
179709,train
198767,train
178484,train
197392,train
176548,train
191767,train
212025,train
200222,train
191724,train
122963,train
223230,train
122687,train
182846,train
220488,train
194211,train
197236,train
192763,train
176933,train
207584,train
200866,train
202428,train
221401,train
186887,train
182192,train
172069,train
220538,train
180585,train
131269,train
182322,train
196727,train
222298,train
188832,train
122096,train
189026,train
167891,train
122827,train
222551,train
189168,train
184295,train
220441,train
166084,train
219829,train
137974,train
176093,train
225557,train
185169,train
167166,train
184539,train
196115,train
184738,train
172757,train
221958,train
183084,train
220779,train
183985,train
189261,train
220436,train
188582,train
199935,train
170998,train
187364,train
193345,train
174388,train
179236,train
173763,train
140493,train
175788,train
211367,train
195814,train
220594,train
220906,train
173923,train
184203,train
178611,train
181054,train
182332,train
220608,train
210159,train
120764,train
188181,train
118407,train
179219,train
202704,train
182666,train
179367,train
138699,train
194518,train
227234,train
211743,train
202820,train
225378,train
183019,train
220482,train
175342,train
206573,train
178691,train
166933,train
185995,train
181044,train
202472,train
223372,train
211516,train
118680,train
227087,train
179772,train
137607,train
188715,train
149343,train
178738,train
172904,train
188164,train
189301,train
178976,train
181207,train
219484,train
187840,train
220181,train
193810,train
223820,train
221312,train
125434,train
179751,train
181627,train
178046,train
213226,train
124363,train
127733,train
172863,train
123367,train
168150,train
190801,train
183204,train
184915,train
171110,train
186462,train
138066,train
217818,train
175187,train
195037,train
125028,train
214972,train
121728,train
198361,train
219559,train
174768,train
198221,train
209398,train
182715,train
218241,train
183339,train
166887,train
207848,train
200209,train
224503,train
191167,train
189759,train
183233,train
222479,train
96948,train
214360,train
177433,train
173218,train
175287,train
201849,train
213213,train
227449,train
198642,train
225097,train
220071,train
223355,train
192385,train
204591,train
224313,train
173584,train
117940,train
217189,train
203565,train
204818,train
222306,train
211180,train
216150,train
177560,train
186401,train
175791,train
177275,train
121023,train
219384,train
179541,train
183440,train
121407,train
171612,train
206723,train
221378,train
222205,train
189998,train
202697,train
219843,train
201499,train
187851,train
181182,train
223423,train
225964,train
227333,train
202480,train
180790,train
182333,train
200022,train
122707,train
182393,train
222710,train
200579,train
172412,train
197723,train
179225,train
174422,train
122832,train
201564,train
183626,train
176202,train
193009,train
219906,train
172794,train
196270,train
205588,train
197004,train
172820,train
119390,train
176468,train
179354,train
220675,train
169509,train
222513,train
223854,train
214967,train
188819,train
180573,train
202705,train
208676,train
175869,train
150827,train
226003,train
153144,train
178985,train
189099,train
214588,train
188784,train
140341,train
179126,train
212205,train
221840,train
200178,train
177364,train
158441,train
187839,train
226676,train
175478,train
189027,train
199216,train
176927,train
185430,train
145447,train
188717,train
176948,train
221673,train
210378,train
197106,train
176958,train
196950,train
187867,train
189753,train
184016,train
133851,train
178460,train
223694,train
134762,train
172914,train
184455,train
193583,train
100572,train
215034,train
175704,train
186905,train
183161,train
227738,train
167829,train
192725,train
178952,train
181476,train
178881,train
225547,train
221257,train
202203,train
125817,train
93709,train
181306,train
165922,train
175762,train
197995,train
227742,train
219459,train
172237,train
122978,train
196640,train
174472,train
198501,train
149144,train
175130,train
190573,train
220521,train
202178,train
187044,train
182738,train
211136,train
222133,train
183211,train
184585,train
209946,train
181571,train
196897,train
186513,train
175723,train
217824,train
214976,train
220454,train
190341,train
178108,train
200198,train
219689,train
188871,train
222377,train
175633,train
197954,train
179760,train
175631,train
118725,train
118749,train
183300,train
223810,train
125503,train
209640,train
176622,train
180896,train
187258,train
191496,train
178374,train
185791,train
172483,train
182890,train
204971,train
125821,train
183442,train
222742,train
193552,train
172491,train
175136,train
221123,train
177050,train
178199,train
174599,train
184417,train
200475,train
185820,train
184995,train
201326,train
222189,train
190014,train
188143,train
166945,train
127182,train
183506,train
219374,train
142802,train
187245,train
182060,train
208958,train
212297,train
193759,train
189428,train
223440,train
174310,train
175918,train
174793,train
222564,train
198621,train
175727,train
209645,train
186767,train
176841,train
126346,train
227863,train
226326,train
140010,train
207497,train
183684,train
222465,train
191899,train
181957,train
177507,train
193732,train
185612,train
219243,train
184627,train
193456,train
197144,train
204811,train
221772,train
180324,train
220179,train
178735,train
188157,train
170405,train
202746,train
199933,train
205107,train
192494,train
216664,train
138928,train
225119,train
207437,train
125498,train
196826,train
195497,train
227408,train
166220,train
218315,train
221093,train
200867,train
218894,train
189505,train
166868,train
129897,train
121924,train
189762,train
203186,train
220083,train
179076,train
185841,train
195107,train
181253,train
124890,train
176795,train
204775,train
222284,train
221522,train
97512,train
142862,train
179110,train
179700,train
210658,train
224412,train
146395,train
195772,train
191491,train
192702,train
197457,train
223912,train
128933,train
169024,train
119478,train
136920,train
187067,train
172560,train
180453,train
225124,train
183096,train
181330,train
173778,train
180442,train
180488,train
121628,train
222216,train
179910,train
178147,train
208869,train
166859,train
202197,train
201549,train
192498,train
176143,train
172379,train
202633,train
219386,train
185241,train
188756,train
210260,train
177783,train
205477,train
142630,train
183564,train
177090,train
224766,train
180491,train
203779,train
204978,train
198511,train
174734,train
172548,train
169484,train
193414,train
120333,train
224213,train
195153,train
181973,train
194144,train
223719,train
223512,train
208404,train
222022,train
198356,train
220056,train
177538,train
182664,train
174705,train
179882,train
182571,train
188050,train
137330,train
125487,train
182318,train
171982,train
208701,train
181912,train
175405,train
178245,train
189016,train
182896,train
191229,train
223205,train
197677,train
131561,train
200140,train
203092,train
224118,train
201475,train
223066,train
197292,train
222843,train
128298,train
181624,train
176120,train
207716,train
102030,train
171845,train
211648,train
139605,train
221020,train
175722,train
177244,train
219244,train
177513,train
226316,train
190034,train
177676,train
178190,train
187973,train
185402,train
188542,train
133694,train
168946,train
127095,train
208872,train
184497,train
152991,train
177354,train
192718,train
179080,train
225107,train
192500,train
180886,train
192758,train
186375,train
183981,train
199530,train
176834,train
219402,train
181534,train
173744,train
199774,train
183023,train
179596,train
175100,train
173929,train
197341,train
179614,train
176293,train
199416,train
182563,train
221959,train
219603,train
179669,train
219811,train
223194,train
178574,train
220381,train
206342,train
187343,train
173508,train
190750,train
228175,train
139101,train
200124,train
167900,train
180268,train
185373,train
187101,train
219592,train
181206,train
186921,train
227533,train
179483,train
194730,train
176232,train
177299,train
176423,train
187011,train
173391,train
145306,train
223811,train
188237,train
212002,train
208264,train
177663,train
190241,train
221697,train
182114,train
173717,train
179667,train
211440,train
178450,train
226934,train
211299,train
186018,train
201269,train
198521,train
186554,train
169126,train
179078,train
186423,train
225866,train
220118,train
175965,train
207836,train
205383,train
137954,train
139610,train
205364,train
222466,train
176987,train
178946,train
209685,train
209166,train
222144,train
225454,train
92805,train
221147,train
198374,train
169078,train
196808,train
222067,train
206714,train
178703,train
223114,train
185700,train
200606,train
184778,train
179865,train
144682,train
187669,train
200964,train
140024,train
220767,train
189257,train
173222,train
171554,train
201275,train
126344,train
179081,train
219591,train
184211,train
181779,train
176449,train
187028,train
177460,train
223415,train
175378,train
204924,train
187943,train
192331,train
224892,train
175107,train
137094,train
219596,train
125006,train
176371,train
215747,train
189755,train
181333,train
180579,train
222097,train
212077,train
176580,train
224496,train
222172,train
186271,train
224501,train
195618,train
180397,train
207476,train
180978,train
143515,train
175074,train
190062,train
176606,train
192772,train
172464,train
222203,train
203476,train
174363,train
177681,train
206530,train
194674,train
211909,train
150755,train
222602,train
211353,train
199243,train
220492,train
181153,train
198166,train
190206,train
187756,train
182543,train
226407,train
175871,train
180137,train
200963,train
205013,train
191595,train
184577,train
176310,train
174299,train
184976,train
181168,train
218746,train
212842,train
220353,train
178160,train
222650,train
172099,train
203831,train
185531,train
211324,train
189580,train
181649,train
189591,train
183967,train
145250,train
218545,train
146278,train
187847,train
96437,train
206759,train
197931,train
211970,train
184082,train
120419,train
211852,train
122490,train
203327,train
198667,train
153154,train
181743,train
200433,train
219777,train
199587,train
176672,train
181723,train
172952,train
180851,train
180815,train
103652,train
219609,train
203109,train
183963,train
185364,train
127229,train
183305,train
192565,train
192790,train
219382,train
209148,train
205422,train
206897,train
189019,train
199452,train
227457,train
220778,train
177293,train
214753,train
221508,train
185226,train
178589,train
201413,train
190352,train
219181,train
168179,train
184849,train
191095,train
219474,train
224165,train
186823,train
185992,train
203227,train
177245,train
180273,train
185655,train
176602,train
125582,train
219678,train
187754,train
193919,train
184955,train
200978,train
177765,train
118426,train
93671,train
193360,train
187759,train
182104,train
118465,train
199249,train
211640,train
182600,train
176800,train
183357,train
171955,train
176729,train
211770,train
222899,train
173714,train
122613,train
224254,train
222965,train
206323,train
186544,train
182710,train
187336,train
176744,train
211458,train
178575,train
176616,train
219803,train
177645,train
187384,train
214334,train
131573,train
186250,train
189092,train
92810,train
176630,train
225863,train
221728,train
188422,train
221713,train
212473,train
195284,train
215252,train
179107,train
196744,train
119108,train
191612,train
169173,train
96419,train
189863,train
193564,train
221203,train
155774,train
175078,train
174421,train
119334,train
205447,train
175305,train
176324,train
192061,train
199997,train
189222,train
183686,train
178840,train
176574,train
182756,train
213209,train
183510,train
188697,train
219904,train
132804,train
202114,train
193632,train
178367,train
222670,train
175461,train
182989,train
203630,train
222297,train
212296,train
160942,train
135019,train
172200,train
183971,train
204068,train
120198,train
196987,train
202050,train
122194,train
200182,train
173208,train
206541,train
181124,train
206565,train
195338,train
220649,train
183363,train
173657,train
185875,train
191618,train
221966,train
201206,train
208622,train
186251,train
218830,train
192700,train
178928,train
181254,train
196635,train
174630,train
198753,train
215226,train
193863,train
199685,train
222502,train
209415,train
179062,train
167693,train
200520,train
179437,train
188132,train
192047,train
172470,train
169158,train
172992,train
206398,train
224080,train
198705,train
192207,train
201677,train
224007,train
202931,train
123008,train
213756,train
176419,train
186545,train
187025,train
188169,train
182649,train
181781,train
201215,train
227207,train
212669,train
132086,train
176842,train
222046,train
176320,train
188487,train
183137,train
178640,train
195388,train
178328,train
193185,train
122657,train
125555,train
174416,train
219115,train
126597,train
174452,train
206674,train
219158,train
184380,train
181978,train
211938,train
193354,train
182703,train
220306,train
175402,train
178783,train
187194,train
223831,train
174069,train
204709,train
205883,train
207880,train
175954,train
227077,train
211235,train
191972,train
185175,train
206229,train
201502,train
200258,train
195619,train
166918,train
199613,train
201321,train
181046,train
169358,train
175571,train
191568,train
200001,train
176024,train
180891,train
184878,train
224609,train
173583,train
174559,train
214963,train
228039,train
174373,train
179595,train
187565,train
177464,train
202797,train
194831,train
196849,train
176348,train
177531,train
203525,train
166278,train
176204,train
173683,train
186943,train
197113,train
150821,train
195038,train
219663,train
176565,train
118736,train
203523,train
181468,train
200640,train
202512,train
168173,train
202205,train
222359,train
222120,train
198399,train
184658,train
201563,train
194735,train
202176,train
120478,train
193474,train
188326,train
145408,train
193408,train
187795,train
200783,train
184431,train
118598,train
200910,train
169214,train
183892,train
171936,train
181490,train
195826,train
130512,train
184147,train
196150,train
198619,train
219325,train
201010,train
172401,train
185277,train
205620,train
211130,train
223541,train
222094,train
185435,train
222427,train
184858,train
182071,train
127547,train
171800,train
196659,train
132776,train
221704,train
222657,train
211746,train
102053,train
176655,train
184571,train
196614,train
181907,train
186100,train
199499,train
219584,train
123287,train
129849,train
179901,train
185318,train
119395,train
176179,train
181159,train
177153,train
208661,train
126160,train
195831,train
178202,train
201162,train
189126,train
222323,train
182862,train
198764,train
169359,train
97505,train
189964,train
219070,train
197553,train
218461,train
101960,train
179221,train
221646,train
169167,train
131372,train
201673,train
146469,train
197082,train
202329,train
221950,train
123927,train
220081,train
121408,train
221695,train
191576,train
166957,train
181326,train
193730,train
182032,train
200565,train
196441,train
182412,train
175246,train
172540,train
204668,train
175249,train
178721,train
124495,train
197947,train
171130,train
96829,train
221946,train
96369,train
187835,train
119701,train
205993,train
145304,train
185139,train
177811,train
191691,train
176848,train
177910,train
209928,train
190793,train
131040,train
176946,train
204805,train
207723,train
192746,train
206495,train
184064,train
141853,train
183313,train
178138,train
184007,train
219027,train
172945,train
176426,train
222956,train
223132,train
186552,train
186796,train
185255,train
206481,train
194929,train
177868,train
176660,train
120334,train
179284,train
189865,train
183942,train
203094,train
204765,train
175950,train
220905,train
196803,train
191168,train
187404,train
179594,train
191250,train
175959,train
178698,train
137890,train
207569,train
186402,train
172142,train
223550,train
211992,train
222765,train
124571,train
190242,train
191318,train
119973,train
152523,train
210565,train
196090,train
181226,train
190050,train
181265,train
204208,train
180965,train
180321,train
171912,train
217897,train
168902,train
196664,train
131273,train
134650,train
120254,train
181541,train
219452,train
174817,train
187671,train
174771,train
174675,train
196878,train
180013,train
173916,train
185386,train
175586,train
127565,train
193655,train
183561,train
190807,train
182113,train
212570,train
189746,train
184725,train
184332,train
212720,train
187869,train
205502,train
222494,train
178854,train
216064,train
179577,train
184711,train
188230,train
220137,train
196792,train
204842,train
219249,train
193010,train
221663,train
193502,train
181914,train
190169,train
189463,train
196872,train
176257,train
188842,train
218435,train
198331,train
190741,train
210381,train
182019,train
192771,train
205553,train
203156,train
217805,train
223987,train
193687,train
211352,train
212660,train
199443,train
212751,train
173814,train
175686,train
120126,train
227293,train
145202,train
186994,train
179682,train
176601,train
172217,train
199503,train
202355,train
186254,train
142761,train
226747,train
195159,train
193663,train
177344,train
227519,train
172241,train
173185,train
200297,train
122823,train
125883,train
173524,train
119755,train
202004,train
194722,train
193925,train
220400,train
178226,train
178884,train
200856,train
175282,train
124862,train
200210,train
118566,train
137133,train
209856,train
181917,train
226293,train
208709,train
220177,train
184275,train
186446,train
173204,train
185842,train
184546,train
194603,train
180096,train
126147,train
182754,train
201369,train
179378,train
173680,train
212403,train
137311,train
203438,train
196915,train
198011,train
181536,train
188228,train
223654,train
131015,train
220610,train
199561,train
185426,train
184234,train
194277,train
204997,train
152142,train
122182,train
200997,train
217791,train
226834,train
121616,train
166099,train
177889,train
191710,train
221311,train
179646,train
173774,train
182599,train
171772,train
169501,train
176700,train
179598,train
211798,train
211555,train
200913,train
181724,train
145321,train
220402,train
195127,train
224479,train
188693,train
193988,train
184761,train
179872,train
216061,train
194872,train
182501,train
183651,train
184406,train
174702,train
185478,train
185764,train
221391,train
180509,train
219383,train
173666,train
171858,train
174732,train
172970,train
188851,train
172026,train
173822,train
179240,train
172108,train
220609,train
176161,train
218030,train
176431,train
198587,train
219125,train
199412,train
190077,train
220070,train
222759,train
202051,train
196831,train
222537,train
189494,train
225028,train
171115,train
224990,train
180711,train
174776,train
203768,train
198423,train
206366,train
222003,train
198207,train
187151,train
92794,train
197720,train
179609,train
196077,train
178870,train
204872,train
126088,train
171141,train
200106,train
198422,train
188284,train
214704,train
220467,train
175055,train
192125,train
209789,train
189788,train
178577,train
219913,train
211429,train
223838,train
213609,train
188779,train
221870,train
131035,train
221696,train
180446,train
182917,train
211408,train
180939,train
179766,train
184998,train
169443,train
224297,train
223946,train
203811,train
204657,train
140012,train
179018,train
186229,train
126150,train
184119,train
127910,train
221856,train
176247,train
180776,train
220865,train
182820,train
207715,train
212664,train
119627,train
133703,train
200786,train
145639,train
180535,train
224535,train
177638,train
133714,train
220866,train
223587,train
133649,train
221255,train
190208,train
221560,train
184684,train
186872,train
173181,train
202070,train
219608,train
97304,train
190920,train
172572,train
188583,train
199702,train
184847,train
173443,train
120315,train
220921,train
197901,train
210157,train
184096,train
205555,train
193616,train
185265,train
137095,train
222388,train
176349,train
184538,train
182631,train
203199,train
197274,train
176446,train
209864,train
175895,train
210652,train
148209,train
187004,train
223250,train
152999,train
185247,train
179875,train
223625,train
177481,train
169263,train
200900,train
172963,train
123432,train
191638,train
174974,train
173283,train
92729,train
193499,train
180958,train
174812,train
175952,train
173303,train
221507,train
179955,train
143309,train
228210,train
184826,train
189470,train
166823,train
197016,train
179626,train
184209,train
184364,train
179205,train
177679,train
221814,train
222838,train
127563,train
222453,train
223217,train
213476,train
160780,train
200216,train
183188,train
194267,train
167102,train
202758,train
223678,train
171928,train
197513,train
172607,train
199260,train
172634,train
179675,train
218538,train
187041,train
180325,train
124088,train
202272,train
172474,train
191076,train
180502,train
219377,train
200666,train
183003,train
177664,train
217816,train
171935,train
177794,train
198729,train
189361,train
123286,train
183745,train
169293,train
184875,train
224645,train
177581,train
177927,train
226988,train
181819,train
219153,train
125228,train
196978,train
191633,train
181956,train
117928,train
221018,train
180360,train
224449,train
219643,train
120460,train
199766,train
169336,train
183395,train
176716,train
175623,train
201681,train
221238,train
168189,train
133680,train
202275,train
178876,train
169207,train
173030,train
173196,train
215012,train
125575,train
179470,train
122043,train
176911,train
179704,train
173267,train
175636,train
125992,train
208486,train
212661,train
206823,train
206783,train
221731,train
199490,train
192042,train
211384,train
220807,train
171112,train
225192,train
178070,train
185815,train
201551,train
196658,train
176220,train
204698,train
191929,train
209479,train
203197,train
172475,train
177897,train
134925,train
183551,train
192575,train
181984,train
167892,train
222697,train
202635,train
174482,train
188257,train
222989,train
202460,train
207954,train
202161,train
149430,train
192690,train
205399,train
214456,train
184491,train
172447,train
215239,train
177904,train
226678,train
208392,train
214415,train
144815,train
145396,train
184340,train
125415,train
172896,train
175041,train
180807,train
176490,train
126075,train
184292,train
123374,train
120884,train
179860,train
181754,train
176258,train
178255,train
217768,train
200751,train
225031,train
185614,train
227253,train
189472,train
200175,train
97278,train
207263,train
175334,train
173239,train
119328,train
177566,train
187002,train
168781,train
207916,train
227788,train
222634,train
173142,train
92780,train
195535,train
96434,train
171952,train
173035,train
209299,train
188646,train
122140,train
202001,train
188496,train
209401,train
182085,train
138079,train
176487,train
196935,train
181770,train
189777,train
121725,train
193618,train
222142,train
192012,train
178428,train
186013,train
131570,train
182625,train
219841,train
221598,train
207336,train
189634,train
203200,train
176151,train
181731,train
190019,train
191235,train
136961,train
199511,train
208367,train
196620,train
205587,train
170441,train
184626,train
124217,train
212227,train
177984,train
194692,train
178814,train
199423,train
182604,train
198445,train
118691,train
180868,train
177906,train
155465,train
222322,train
184865,train
188172,train
175087,train
120669,train
183323,train
193485,train
192417,train
174483,train
206341,train
223216,train
224375,train
201418,train
207912,train
208193,train
223173,train
212226,train
172822,train
122725,train
226299,train
183093,train
173613,train
137101,train
227311,train
222527,train
172776,train
193580,train
202128,train
178336,train
178688,train
182302,train
183153,train
168939,train
176587,train
134662,train
214458,train
196956,train
219067,train
204923,train
150824,train
187202,train
224465,train
203832,train
224005,train
173285,train
200888,train
127282,train
172811,train
170981,train
210376,train
179879,train
200675,train
182498,train
220804,train
172828,train
196799,train
195119,train
196885,train
200133,train
188828,train
172397,train
218459,train
184962,train
189666,train
222186,train
221910,train
178438,train
177644,train
206767,train
182552,train
137096,train
180414,train
192182,train
211362,train
183828,train
222486,train
203268,train
169697,train
173117,train
197077,train
223071,train
201622,train
105457,train
172669,train
190659,train
120475,train
205007,train
197546,train
201513,train
189137,train
196720,train
223988,train
127674,train
197287,train
193020,train
201800,train
188042,train
201644,train
183935,train
174436,train
171031,train
171985,train
220698,train
181593,train
177360,train
198416,train
188708,train
147322,train
121373,train
200503,train
221542,train
201944,train
198000,train
183390,train
227769,train
177744,train
211836,train
202048,train
184652,train
202808,train
223994,train
166939,train
203394,train
200115,train
174238,train
183670,train
179122,train
226729,train
121027,train
173651,train
180506,train
182597,train
185323,train
175221,train
169157,train
201621,train
186360,train
223851,train
194046,train
223675,train
208098,train
225178,train
183081,train
178999,train
153148,train
130702,train
180926,train
176012,train
201977,train
227526,train
227682,train
145403,train
175783,train
203265,train
188201,train
166964,train
186966,train
192501,train
187269,train
177327,train
175103,train
122829,train
176620,train
182827,train
205992,train
214951,train
223534,train
196572,train
174790,train
184674,train
203253,train
155080,train
168171,train
210579,train
227560,train
202516,train
185103,train
200129,train
176918,train
179194,train
198496,train
202805,train
226359,train
196991,train
188329,train
219698,train
93703,train
190769,train
198607,train
226683,train
180499,train
211999,train
179432,train
118460,train
180589,train
202204,train
220124,train
196244,train
122238,train
185526,train
186066,train
204809,train
190770,train
191485,train
214439,train
183352,train
200542,train
195844,train
174528,train
177121,train
216363,train
201065,train
170862,train
202825,train
177002,train
125695,train
205909,train
221905,train
203522,train
227725,train
221517,train
174704,train
213218,train
212506,train
197134,train
215782,train
222528,train
171775,train
213659,train
227515,train
226731,train
190776,train
197203,train
145468,train
189147,train
186453,train
222021,train
126734,train
192634,train
206593,train
195088,train
192645,train
224274,train
180749,train
187158,train
120141,train
201715,train
200450,train
180505,train
187962,train
174919,train
212314,train
205061,train
203895,train
188895,train
219434,train
167893,train
193579,train
175439,train
196597,train
220078,train
179380,train
173786,train
227529,train
194911,train
195743,train
195753,train
213207,train
200779,train
213767,train
208204,train
214965,train
184139,train
173202,train
128545,train
189491,train
224529,train
227485,train
217837,train
185327,train
178780,train
182502,train
186035,train
184282,train
183528,train
175914,train
199657,train
193939,train
174928,train
225140,train
196818,train
222886,train
179983,train
204773,train
138081,train
200631,train
223840,train
179636,train
122826,train
179574,train
178156,train
220134,train
185473,train
128893,train
181045,train
185380,train
192413,train
186949,train
120392,train
198508,train
199616,train
188113,train
167875,train
171853,train
198009,train
192595,train
211947,train
171546,train
166215,train
168193,train
172958,train
142420,train
187064,train
211214,train
211645,train
176621,train
171749,train
180531,train
176669,train
224459,train
203531,train
218774,train
190167,train
189048,train
124976,train
152075,train
220710,train
205597,train
205359,train
201368,train
176275,train
195168,train
172001,train
223465,train
183236,train
224672,train
179914,train
175734,train
190214,train
187071,train
220188,train
227345,train
190025,train
222941,train
219576,train
173019,train
220976,train
191326,train
188519,train
137380,train
198341,train
212573,train
223884,train
209693,train
190068,train
190751,train
204570,train
184934,train
222384,train
184170,train
174798,train
201310,train
175338,train
175617,train
204919,train
185142,train
127673,train
130996,train
224114,train
175260,train
172028,train
175967,train
181641,train
186976,train
211550,train
176680,train
196472,train
197963,train
186272,train
98832,train
190133,train
122065,train
173126,train
196777,train
199538,train
205589,train
177466,train
176907,train
190743,train
200718,train
122170,train
227024,train
196973,train
202301,train
187508,train
177576,train
134419,train
202835,train
172415,train
222719,train
179377,train
219304,train
201967,train
100571,train
167886,train
186950,train
223818,train
204669,train
206040,train
170124,train
200911,train
129855,train
199478,train
206041,train
194806,train
205056,train
220374,train
208348,train
175283,train
189424,train
206335,train
227355,train
176688,train
225089,train
184986,train
173840,train
119240,train
182514,train
190936,train
175317,train
182016,train
202511,train
180022,train
206644,train
222999,train
221023,train
184192,train
192307,train
199528,train
183068,train
123275,train
192798,train
208213,train
199604,train
209074,train
216787,train
197185,train
127519,train
176387,train
188549,train
184306,train
123497,train
223551,train
181230,train
192308,train
193545,train
194940,train
122142,train
146394,train
189050,train
189996,train
209136,train
220832,train
173727,train
175892,train
201985,train
176160,train
207481,train
131795,train
178431,train
150888,train
176230,train
200633,train
178888,train
208647,train
170738,train
121615,train
183547,train
220141,train
197551,train
136909,train
196091,train
178794,train
184307,train
177568,train
212283,train
184687,train
118475,train
166961,train
139368,train
180752,train
188913,train
203391,train
125884,train
152144,train
176307,train
202979,train
195749,train
183449,train
166882,train
165978,train
222762,train
133571,train
189474,train
212889,train
198732,train
218952,train
211402,train
196551,train
205001,train
184728,train
194736,train
180779,train
189628,train
197876,train
218901,train
218770,train
120287,train
184583,train
221735,train
222863,train
207272,train
178356,train
97523,train
222760,train
205497,train
219180,train
137492,train
223599,train
221874,train
182539,train
192773,train
168471,train
175867,train
180365,train
225150,train
207194,train
222692,train
224123,train
214626,train
190935,train
101704,train
172606,train
224130,train
136912,train
224567,train
178485,train
178572,train
171913,train
122695,train
182478,train
199468,train
219562,train
201536,train
203705,train
204584,train
188721,train
200638,train
127663,train
86324,train
219554,train
146730,train
176690,train
221475,train
178967,train
196933,train
140512,train
224455,train
179566,train
186883,train
176379,train
184296,train
179746,train
185616,train
121941,train
170977,train
188795,train
195295,train
192583,train
121962,train
220543,train
194643,train
183182,train
187608,train
178215,train
190803,train
183205,train
122887,train
196258,train
183776,train
203384,train
89852,train
154440,train
219865,train
196699,train
218182,train
220723,train
178993,train
174714,train
198657,train
176209,train
124221,train
193001,train
189134,train
124594,train
179024,train
217330,train
223883,train
169939,train
198208,train
130649,train
176865,train
175210,train
198526,train
209538,train
186835,train
180353,train
183398,train
188174,train
219719,train
146373,train
190761,train
196893,train
178422,train
185303,train
213040,train
179736,train
227504,train
178837,train
179561,train
183599,train
199590,train
205779,train
185972,train
185209,train
209070,train
199937,train
218944,train
181532,train
184241,train
223049,train
118647,train
152977,train
124225,train
179988,train
188813,train
219830,train
175994,train
223959,train
189967,train
199139,train
222152,train
183362,train
223028,train
221246,train
205874,train
176364,train
192374,train
172010,train
214734,train
170309,train
127310,train
144988,train
186889,train
223214,train
200931,train
197526,train
190136,train
181397,train
194867,train
221923,train
222392,train
119464,train
224652,train
220176,train
175086,train
195322,train
193603,train
143331,train
175938,train
175032,train
201330,train
198043,train
178103,train
190065,train
201390,train
187647,train
180729,train
150378,train
206630,train
221748,train
180910,train
184168,train
187272,train
179670,train
197344,train
181653,train
176641,train
199147,train
191308,train
183946,train
178885,train
177770,train
223012,train
208087,train
175313,train
208095,train
203440,train
178711,train
180695,train
181391,train
222251,train
223744,train
122092,train
151831,train
221708,train
179810,train
180472,train
214872,train
219640,train
176253,train
175990,train
211437,train
194101,train
188364,train
192785,train
209052,train
223622,train
227359,train
203154,train
194043,train
226264,train
188974,train
193587,train
219036,train
173333,train
218742,train
180817,train
145248,train
205471,train
184239,train
201401,train
188215,train
193494,train
222334,train
179996,train
210371,train
205775,train
194149,train
129755,train
181869,train
175173,train
220700,train
173693,train
196710,train
225832,train
211985,train
188089,train
96954,train
97541,train
182991,train
190862,train
217985,train
125882,train
177368,train
169606,train
222773,train
187356,train
176770,train
172267,train
175140,train
140060,train
203290,train
190794,train
166858,train
202165,train
227238,train
227465,train
201200,train
211856,train
174241,train
191361,train
213664,train
184950,train
218778,train
203569,train
175578,train
173280,train
194909,train
125281,train
141633,train
174150,train
173135,train
186803,train
205414,train
201402,train
183450,train
187092,train
174410,train
183582,train
118630,train
189598,train
173604,train
220373,train
190269,train
220034,train
170128,train
220397,train
189541,train
183917,train
179040,train
193667,train
220977,train
211658,train
183430,train
209691,train
176489,train
206809,train
214457,train
219154,train
148926,train
193977,train
203214,train
173722,train
171566,train
214642,train
207655,train
198401,train
173933,train
196624,train
192552,train
227074,train
209910,train
173941,train
185881,train
200077,train
208097,train
124785,train
189305,train
172903,train
227476,train
150848,train
205548,train
201012,train
204483,train
189894,train
205722,train
130001,train
212657,train
206402,train
195811,train
205677,train
199534,train
225050,train
174527,train
223370,train
194883,train
203712,train
173905,train
186649,train
168212,train
198184,train
183703,train
186026,train
172858,train
223035,train
171368,train
206467,train
196565,train
179059,train
203646,train
175020,train
133603,train
182956,train
201311,train
212229,train
220142,train
136072,train
127571,train
127315,train
185863,train
196801,train
184012,train
94134,train
213203,train
187348,train
166146,train
210380,train
223880,train
175328,train
202086,train
180086,train
213610,train
145253,train
187188,train
208085,train
227455,train
200647,train
172390,train
122890,train
200101,train
131017,train
176263,train
215750,train
175157,train
172766,train
165979,train
175427,train
182540,train
214569,train
195839,train
172111,train
173307,train
201354,train
220730,train
219055,train
174921,train
222317,train
177648,train
184541,train
199422,train
180495,train
196438,train
182551,train
198056,train
206419,train
184752,train
213208,train
224079,train
199082,train
174555,train
196488,train
176769,train
196943,train
196124,train
183934,train
222495,train
186818,train
186526,train
191551,train
120121,train
142673,train
173844,train
210785,train
222894,train
178700,train
223182,train
174659,train
178947,train
222522,train
191284,train
131143,train
192974,train
223645,train
180482,train
205801,train
118427,train
176950,train
124959,train
171405,train
193983,train
175174,train
167887,train
184452,train
220558,train
209630,train
197220,train
196715,train
187366,train
93655,train
176322,train
189022,train
205664,train
224013,train
178772,train
221934,train
178475,train
222977,train
183413,train
178097,train
215240,train
223121,train
220874,train
146491,train
191366,train
202757,train
222508,train
180222,train
216932,train
128320,train
222111,train
199241,train
174420,train
221825,train
186060,train
180156,train
220151,train
176818,train
222394,train
194931,train
223061,train
169150,train
182760,train
183133,train
181737,train
189569,train
127114,train
176734,train
193470,train
227606,train
223422,train
191140,train
184805,train
222920,train
179123,train
193698,train
218698,train
181137,train
208976,train
182995,train
226720,train
175919,train
178481,train
189736,train
175429,train
199663,train
197923,train
207681,train
218672,train
200134,train
193361,train
181613,train
146053,train
177878,train
203775,train
120339,train
170493,train
181998,train
176598,train
191286,train
122186,train
185333,train
180511,train
142871,train
184729,train
219775,train
219630,train
96435,train
181918,train
220267,train
225011,train
206813,train
212542,train
176458,train
103654,train
189717,train
220443,train
177544,train
226555,train
167704,train
185729,train
172413,train
224199,train
197398,train
196516,train
175419,train
207172,train
186398,train
180112,train
183895,train
182586,train
166198,train
211448,train
176947,train
201459,train
184691,train
222332,train
181841,train
205595,train
192822,train
144064,train
227668,train
221365,train
182380,train
200499,train
175920,train
182515,train
126008,train
201328,train
180712,train
185538,train
179530,train
199320,train
227322,train
199668,train
187879,train
184981,train
175062,train
181020,train
193397,train
196577,train
181346,train
222512,train
178821,train
120365,train
195321,train
169109,train
175437,train
220326,train
176824,train
193535,train
193745,train
193643,train
187518,train
183349,train
176191,train
184238,train
180298,train
181545,train
192210,train
197286,train
127679,train
186459,train
199194,train
185384,train
227386,train
225529,train
185121,train
223511,train
170224,train
221009,train
185826,train
188662,train
120575,train
193420,train
102126,train
176608,train
186828,train
225945,train
174698,train
174691,train
219837,train
220349,train
190143,train
202293,train
174712,train
180394,train
121534,train
125948,train
200308,train
175646,train
217833,train
194155,train
180498,train
172949,train
200782,train
121966,train
182983,train
187866,train
182389,train
197754,train
212926,train
200620,train
96981,train
207397,train
167851,train
209642,train
206347,train
189984,train
168909,train
181309,train
179911,train
199481,train
223498,train
224540,train
224915,train
221951,train
171892,train
179782,train
181951,train
219651,train
172455,train
221977,train
196653,train
193184,train
103641,train
172445,train
217929,train
173548,train
184490,train
225139,train
173203,train
173128,train
196646,train
194925,train
184768,train
199656,train
194620,train
214722,train
138090,train
188313,train
179631,train
192593,train
200859,train
186365,train
182391,train
206378,train
185184,train
138675,train
203635,train
174840,train
220252,train
174480,train
193595,train
186963,train
182488,train
226392,train
189860,train
227036,train
205049,train
224422,train
184816,train
176389,train
174577,train
202300,train
183388,train
226375,train
222318,train
184733,train
120285,train
124954,train
197400,train
179291,train
211981,train
166594,train
193862,train
174525,train
181893,train
178373,train
169653,train
179238,train
195086,train
166867,train
173819,train
120298,train
180241,train
187688,train
185203,train
183199,train
181163,train
178242,train
172514,train
204705,train
198224,train
176083,train
221308,train
140104,train
201217,train
177353,train
179102,train
185152,train
221234,train
119760,train
174370,train
182637,train
192401,train
191264,train
200897,train
206684,train
205645,train
193929,train
187157,train
174425,train
172541,train
129988,train
166873,train
174958,train
192252,train
180920,train
178040,train
223968,train
200465,train
180708,train
174646,train
121294,train
183481,train
177570,train
178518,train
209049,train
191156,train
175530,train
194822,train
171068,train
224445,train
197141,train
223579,train
177716,train
176026,train
131283,train
195838,train
194977,train
88766,train
137686,train
204823,train
177469,train
224476,train
193771,train
220491,train
189825,train
212561,train
110521,train
210809,train
181464,train
203805,train
176001,train
182371,train
192761,train
118474,train
226266,train
186390,train
208651,train
119726,train
211666,train
206114,train
227211,train
183330,train
225068,train
180829,train
177625,train
169755,train
181102,train
184136,train
123207,train
208918,train
188734,train
225296,train
126799,train
222118,train
149808,train
144733,train
196229,train
227029,train
122628,train
184201,train
187811,train
173654,train
121026,train
172212,train
183787,train
187058,train
173765,train
218247,train
204655,train
169138,train
187801,train
216316,train
180616,train
219976,train
207858,train
211505,train
224545,train
178442,train
226759,train
227695,train
177578,train
185487,train
224063,train
225551,train
198610,train
202814,train
220729,train
173253,train
174111,train
198237,train
218451,train
224878,train
173251,train
196884,train
182152,train
222179,train
206681,train
184046,train
184342,train
226445,train
180129,train
199614,train
225617,train
137349,train
173326,train
221530,train
212566,train
178682,train
214711,train
227510,train
126213,train
180940,train
124333,train
172781,train
223698,train
207347,train
176501,train
176440,train
225848,train
184464,train
169245,train
122882,train
173558,train
178110,train
126331,train
184966,train
197183,train
167683,train
180530,train
179945,train
209409,train
122243,train
182437,train
186373,train
187345,train
223945,train
123281,train
169508,train
173767,train
220898,train
221622,train
198766,train
223636,train
176704,train
222783,train
153001,train
212887,train
208550,train
198446,train
186871,train
188788,train
176157,train
124955,train
143881,train
184099,train
199620,train
175182,train
167672,train
172779,train
184601,train
168197,train
179920,train
89785,train
191222,train
170992,train
223573,train
220910,train
195574,train
214351,train
123498,train
198821,train
178573,train
177482,train
218740,train
221552,train
209541,train
198428,train
175315,train
185560,train
217820,train
172785,train
177669,train
224376,train
221348,train
188425,train
168809,train
145463,train
190633,train
169172,train
197008,train
130558,train
199402,train
219802,train
202856,train
177633,train
105466,train
183525,train
187601,train
207103,train
177758,train
126048,train
185542,train
202733,train
179735,train
177750,train
205485,train
222027,train
197110,train
190163,train
145325,train
124751,train
223161,train
199460,train
220207,train
220352,train
121859,train
124637,train
199666,train
180761,train
192876,train
219002,train
223555,train
173780,train
127518,train
195622,train
202331,train
172232,train
207183,train
184500,train
125206,train
199466,train
199651,train
180510,train
145259,train
205625,train
121548,train
143942,train
122141,train
217224,train
172755,train
176599,train
179941,train
101710,train
126791,train
204699,train
200231,train
224263,train
187387,train
199532,train
185641,train
184820,train
206749,train
124223,train
173766,train
178351,train
192415,train
224173,train
223878,train
223606,train
222623,train
137972,train
173894,train
198707,train
219607,train
183138,train
199581,train
215290,train
182581,train
152526,train
181756,train
222754,train
179390,train
183082,train
177546,train
212398,train
212511,train
199403,train
206765,train
184902,train
185582,train
197283,train
188964,train
205423,train
196579,train
196253,train
203212,train
195965,train
186350,train
206751,train
198376,train
175782,train
184854,train
224365,train
227654,train
216866,train
199550,train
148616,train
196639,train
129984,train
199145,train
193598,train
225950,train
175138,train
105806,train
120388,train
125010,train
219062,train
216296,train
131280,train
168224,train
137303,train
196645,train
187813,train
180341,train
121242,train
177521,train
178685,train
181733,train
197598,train
203704,train
174952,train
214735,train
222558,train
202369,train
208094,train
220042,train
189186,train
182505,train
203293,train
175779,train
194529,train
180111,train
224134,train
198427,train
183687,train
184151,train
172443,train
227275,train
183056,train
223619,train
184956,train
196997,train
125984,train
131612,train
219178,train
188528,train
195030,train
126768,train
179060,train
171109,train
226983,train
212356,train
194624,train
176679,train
184740,train
210823,train
179683,train
186842,train
185260,train
174240,train
192770,train
175862,train
210979,train
102036,train
176754,train
169127,train
179931,train
206116,train
175710,train
174816,train
192938,train
191786,train
176398,train
180610,train
93711,train
191234,train
126152,train
168138,train
193617,train
141200,train
222777,train
188438,train
177478,train
187362,train
225335,train
118733,train
202003,train
96828,train
173578,train
220503,train
170218,train
180278,train
184456,train
176812,train
206575,train
200195,train
220546,train
185458,train
184762,train
176153,train
100568,train
182615,train
206945,train
166872,train
92804,train
192369,train
118459,train
200435,train
123462,train
187061,train
212531,train
183149,train
172438,train
224662,train
200155,train
140021,train
170445,train
130768,train
222964,train
221866,train
193307,train
183427,train
184289,train
224293,train
205633,train
182763,train
205871,train
178937,train
181227,train
220618,train
203631,train
223772,train
222615,train
93766,train
200491,train
209622,train
216320,train
224578,train
196613,train
195177,train
185942,train
125435,train
196514,train
197674,train
218728,train
195010,train
226205,train
117857,train
150920,train
108824,train
193000,train
149563,train
210120,train
198454,train
189760,train
212457,train
172498,train
220138,train
179936,train
224674,train
199745,train
184737,train
183014,train
200431,train
182678,train
175326,train
199242,train
172456,train
189318,train
178050,train
180031,train
176318,train
219314,train
105458,train
199311,train
193047,train
128398,train
195756,train
208123,train
119969,train
181113,train
191803,train
189139,train
197974,train
219250,train
220823,train
197428,train
187410,train
184056,train
183419,train
201553,train
224038,train
138143,train
227524,train
173616,train
177886,train
224346,train
179584,train
185813,train
179533,train
197888,train
178687,train
173194,train
181569,train
220483,train
168491,train
226391,train
178076,train
186238,train
175333,train
181222,train
187372,train
174660,train
197924,train
216368,train
219914,train
172909,train
176878,train
184403,train
198183,train
184200,train
224497,train
168982,train
183378,train
176283,train
197524,train
125890,train
183914,train
119846,train
194156,train
175154,train
217369,train
101693,train
193017,train
200847,train
186483,train
184191,train
184287,train
223592,train
188104,train
178030,train
219656,train
222448,train
176265,train
223926,train
179007,train
179989,train
209643,train
205324,train
181318,train
178398,train
222215,train
175548,train
175589,train
179131,train
174773,train
190342,train
131029,train
186844,train
180352,train
199662,train
216057,train
200306,train
219390,train
179749,train
182359,train
203217,train
193487,train
228181,train
197503,train
219177,train
196899,train
199487,train
222365,train
211527,train
195219,train
181848,train
169161,train
178802,train
224680,train
125424,train
190810,train
186817,train
227078,train
179020,train
174445,train
101945,train
171481,train
174616,train
125806,train
175587,train
219652,train
137306,train
226997,train
183797,train
190346,train
195195,train
227213,train
186327,train
188204,train
221776,train
174071,train
175669,train
153130,train
187852,train
180949,train
200355,train
171577,train
166892,train
221421,train
221334,train
176703,train
198295,train
188154,train
226162,train
184028,train
188808,train
184710,train
180825,train
120293,train
187408,train
222644,train
96960,train
133688,train
188321,train
223538,train
224277,train
199234,train
173713,train
173269,train
172436,train
223246,train
201674,train
222051,train
189498,train
177751,train
225012,train
223432,train
136040,train
183297,train
173602,train
200095,train
172422,train
184318,train
193004,train
226302,train
195822,train
121367,train
222393,train
146493,train
226280,train
221892,train
195389,train
176339,train
203272,train
168348,train
120322,train
175770,train
178921,train
182590,train
200646,train
217875,train
225992,train
224633,train
173302,train
192792,train
203145,train
182999,train
192605,train
185301,train
189783,train
180451,train
179082,train
214952,train
171862,train
189843,train
180757,train
177007,train
179444,train
175998,train
183000,train
191016,train
185763,train
190308,train
203304,train
133586,train
131037,train
182442,train
192555,train
172674,train
176175,train
168125,train
215055,train
225873,train
198372,train
181126,train
196971,train
172823,train
172530,train
201958,train
211418,train
198586,train
212458,train
186971,train
225996,train
222281,train
220833,train
174429,train
219597,train
178197,train
197092,train
169658,train
125472,train
195563,train
193396,train
200238,train
208957,train
181538,train
227451,train
223236,train
181100,train
184314,train
203621,train
173828,train
181807,train
150763,train
220834,train
125590,train
226990,train
145450,train
221993,train
206651,train
172168,train
222864,train
180375,train
190243,train
196982,train
214733,train
211832,train
222514,train
203479,train
185787,train
145455,train
178508,train
223112,train
182537,train
182961,train
223767,train
193605,train
126838,train
175560,train
224600,train
129994,train
150822,train
172205,train
201718,train
223786,train
212279,train
215887,train
200865,train
175579,train
145378,train
205067,train
189705,train
223019,train
203248,train
177826,train
209050,train
177727,train
198396,train
205879,train
177743,train
204802,train
185721,train
117897,train
198543,train
202175,train
175035,train
172143,train
205799,train
170226,train
126571,train
128809,train
173676,train
212234,train
185864,train
175928,train
174330,train
118461,train
183304,train
170782,train
192887,train
190928,train
196108,train
130982,train
175946,train
121848,train
176858,train
209859,train
127788,train
227779,train
172495,train
199987,train
207106,train
192382,train
219462,train
171616,train
200242,train
175168,train
177833,train
201607,train
195914,train
125462,train
195516,train
224052,train
191294,train
196569,train
218460,train
221273,train
184874,train
205133,train
180380,train
190080,train
184412,train
214988,train
173791,train
182052,train
123270,train
174486,train
221181,train
223861,train
192742,train
214750,train
186867,train
92711,train
177439,train
119906,train
173229,train
173775,train
199457,train
174102,train
173735,train
183200,train
223925,train
118724,train
188036,train
151626,train
165934,train
203826,train
137417,train
183239,train
222532,train
174536,train
184891,train
176159,train
181855,train
227691,train
221906,train
180648,train
200202,train
180792,train
130562,train
220216,train
120261,train
167401,train
212727,train
198674,train
176751,train
227651,train
196245,train
179369,train
146411,train
202196,train
206326,train
196056,train
199680,train
177781,train
200541,train
204800,train
220844,train
174521,train
200104,train
211351,train
222345,train
181266,train
197871,train
200304,train
225965,train
120581,train
183657,train
169145,train
191088,train
224500,train
227031,train
192562,train
183683,train
204782,train
168477,train
201567,train
144067,train
212322,train
185410,train
174453,train
192868,train
182612,train
197069,train
188253,train
223062,train
201511,train
186074,train
223776,train
202670,train
185506,train
213204,train
189103,train
182490,train
183827,train
202742,train
203336,train
178705,train
178376,train
199061,train
218444,train
101695,train
181874,train
145414,train
183406,train
205911,train
189945,train
184565,train
190300,train
221844,train
210971,train
180625,train
182123,train
125609,train
214389,train
218458,train
175588,train
182639,train
188423,train
179055,train
186029,train
211739,train
189517,train
105378,train
223549,train
188170,train
168127,train
200597,train
176961,train
168119,train
174443,train
195723,train
199529,train
199323,train
182110,train
198814,train
182118,train
175443,train
222357,train
200540,train
126021,train
199681,train
196061,train
176219,train
205621,train
120479,train
172666,train
199239,train
222963,train
212174,train
223519,train
226588,train
195773,train
223508,train
225135,train
175411,train
203627,train
126156,train
181966,train
126146,train
177722,train
199224,train
183088,train
187816,train
182709,train
196669,train
172767,train
224139,train
222496,train
198326,train
135792,train
185695,train
215018,train
223801,train
211249,train
223928,train
224046,train
195785,train
198798,train
97521,train
189573,train
225862,train
202830,train
172870,train
184819,train
191288,train
172113,train
182369,train
179946,train
219887,train
196547,train
212302,train
222835,train
187761,train
174185,train
223973,train
186454,train
207480,train
147918,train
122763,train
146468,train
195315,train
199374,train
176424,train
197885,train
123288,train
224587,train
217976,train
221541,train
197866,train
190103,train
173361,train
181821,train
139344,train
199626,train
179918,train
214605,train
221989,train
96946,train
184338,train
184230,train
201216,train
185594,train
180809,train
172003,train
175006,train
219367,train
176092,train
223447,train
188324,train
185510,train
184756,train
172424,train
176134,train
184636,train
180588,train
223198,train
173738,train
191766,train
193874,train
172396,train
124713,train
203624,train
203410,train
150321,train
221841,train
205437,train
201091,train
126157,train
205556,train
182436,train
186769,train
153169,train
195027,train
189312,train
204075,train
105403,train
125995,train
181338,train
224453,train
122689,train
211183,train
187099,train
195108,train
171977,train
197645,train
189583,train
203185,train
204163,train
139117,train
200644,train
143519,train
155203,train
185940,train
200003,train
178521,train
176746,train
177004,train
180867,train
202236,train
197291,train
171940,train
199617,train
202207,train
223691,train
203299,train
184398,train
175072,train
201152,train
214745,train
186359,train
209900,train
212213,train
199326,train
176178,train
224970,train
180456,train
211487,train
227377,train
197197,train
205740,train
171146,train
201344,train
204399,train
121588,train
177719,train
180751,train
218766,train
199321,train
183434,train
222620,train
174127,train
175303,train
207911,train
188025,train
179851,train
219961,train
137031,train
223872,train
189356,train
200566,train
199223,train
176810,train
184202,train
127578,train
220284,train
206458,train
192726,train
198246,train
197189,train
179145,train
127705,train
175789,train
178982,train
214848,train
119342,train
191291,train
222180,train
155424,train
136970,train
122772,train
220094,train
121617,train
224211,train
227177,train
200145,train
199206,train
183968,train
125805,train
209926,train
200139,train
177736,train
195245,train
199679,train
209869,train
214723,train
185880,train
221222,train
180469,train
186081,train
190685,train
227368,train
178565,train
193670,train
174724,train
169752,train
195184,train
183689,train
171872,train
180372,train
176450,train
223531,train
104034,train
198779,train
189367,train
172374,train
189471,train
185124,train
180549,train
181216,train
195180,train
190148,train
179867,train
178071,train
185785,train
222565,train
225007,train
185660,train
208188,train
225995,train
222174,train
184303,train
204921,train
168975,train
171023,train
219393,train
220113,train
184391,train
222555,train
128810,train
206351,train
196963,train
200543,train
188166,train
190699,train
196840,train
206778,train
205347,train
187150,train
171761,train
178871,train
196489,train
208963,train
142645,train
183012,train
200906,train
201122,train
195150,train
186118,train
170501,train
172368,train
177790,train
205882,train
223387,train
201274,train
219397,train
199011,train
170592,train
221103,train
179930,train
125161,train
177674,train
176222,train
179321,train
217073,train
186019,train
182097,train
200971,train
187612,train
177511,train
179524,train
211428,train
193596,train
183424,train
207211,train
194170,train
223424,train
178025,train
195346,train
222464,test
126163,test
173276,test
196643,test
180543,test
176855,test
105851,test
177735,test
180449,test
193368,test
181050,test
198287,test
175211,test
171158,test
178542,test
223730,test
171867,test
196504,test
120805,test
125547,test
187874,test
175888,test
171898,test
189097,test
188830,test
126077,test
186404,test
200591,test
223231,test
180001,test
194130,test
173076,test
118694,test
189435,test
173830,test
192550,test
176488,test
187175,test
222889,test
191488,test
189489,test
123435,test
195939,test
197535,test
171355,test
217908,test
199608,test
188899,test
155866,test
181181,test
172505,test
182409,test
176385,test
146400,test
118675,test
190319,test
228050,test
227822,test
214746,test
201096,test
214446,test
221394,test
171748,test
199135,test
217898,test
223921,test
189774,test
120891,test
189748,test
118433,test
118737,test
208184,test
221869,test
221864,test
195090,test
175656,test
214720,test
184189,test
173478,test
205448,test
197724,test
223143,test
180976,test
138047,test
191572,test
179471,test
177572,test
118746,test
179666,test
198315,test
193498,test
127531,test
201266,test
210820,test
221837,test
191154,test
183998,test
119851,test
181048,test
219950,test
202802,test
141902,test
199726,test
222887,test
201556,test
137424,test
120284,test
171946,test
189536,test
181370,test
171688,test
200595,test
199192,test
138665,test
200981,test
227018,test
178637,test
199728,test
202146,test
198203,test
123676,test
185523,test
170470,test
224912,test
199994,test
193131,test
179849,test
179765,test
188047,test
199734,test
214410,test
227030,test
175064,test
228189,test
206513,test
176163,test
189030,test
179821,test
173122,test
192789,test
174673,test
183135,test
226167,test
210577,test
195173,test
205392,test
220051,test
185246,test
222360,test
220403,test
194616,test
183850,test
197073,test
207478,test
212007,test
182165,test
174053,test
174107,test
178221,test
176526,test
205576,test
196602,test
205654,test
218895,test
180564,test
173591,test
221244,test
186354,test
218177,test
192037,test
205138,test
197116,test
186255,test
101717,test
121531,test
213483,test
180826,test
200072,test
196959,test
169760,test
190461,test
173733,test
177772,test
181264,test
192064,test
226538,test
190762,test
172376,test
179178,test
194994,test
196642,test
205824,test
195012,test
189025,test
182098,test
188733,test
181872,test
192383,test
174769,test
199190,test
176912,test
176420,test
203507,test
180545,test
188034,test
223111,test
227497,test
198517,test
205464,test
183016,test
200214,test
199519,test
198229,test
188097,test
191085,test
221701,test
176418,test
182594,test
189314,test
220650,test
150922,test
181619,test
140946,test
179021,test
183128,test
199018,test
186965,test
177508,test
188960,test
166922,test
171949,test
189605,test
185735,test
176417,test
122987,test
181962,test
223929,test
205872,test
181300,test
175602,test
173872,test
186319,test
189379,test
150898,test
190246,test
174856,test
187084,test
219526,test
188499,test
196051,test
179438,test
196104,test
188176,test
224338,test
185405,test
181554,test
206746,test
171529,test
200824,test
213216,test
218772,test
168175,test
174395,test
121256,test
200020,test
214291,test
179856,test
187770,test
214636,test
173505,test
174481,test
222519,test
222526,test
181252,test
204865,test
199725,test
129989,test
208839,test
180557,test
184128,test
181533,test
180707,test
222723,test
179722,test
193785,test
190752,test
211203,test
183011,test
176167,test
201609,test
186334,test
220288,test
206557,test
196397,test
179454,test
226909,test
167320,test
190899,test
169139,test
198946,test
206319,test
146463,test
203678,test
187884,test
179353,test
180529,test
137102,test
174068,test
223739,test
222576,test
182870,test
144217,test
120299,test
171881,test
221102,test
155831,test
177667,test
120759,test
189262,test
133593,test
220350,test
197818,test
98750,test
173293,test
203269,test
171543,test
195494,test
223704,test
170983,test
125807,test
125997,test
182493,test
213486,test
174860,test
127207,test
173471,test
224642,test
182777,test
171799,test
122824,test
134444,test
181418,test
221599,test
137268,test
219413,test
219598,test
176373,test
188409,test
223805,test
198004,test
172214,test
198828,test
214607,test
195095,test
165929,test
192253,test
221488,test
169208,test
172457,test
181245,test
191237,test
205004,test
207839,test
172778,test
222523,test
183387,test
222912,test
196243,test
221420,test
220459,test
198042,test
200939,test
168201,test
221630,test
126769,test
203467,test
187003,test
219745,test
180982,test
220525,test
186981,test
183606,test
181025,test
206037,test
208603,test
172244,test
221169,test
175358,test
123003,test
202745,test
222238,test
200138,test
188056,test
219586,test
192756,test
213472,test
183380,test
187244,test
185443,test
188449,test
187357,test
127300,test
189486,test
174449,test
206454,test
186056,test
182774,test
174792,test
199492,test
185470,test
178730,test
180679,test
174806,test
184413,test
191549,test
198812,test
174431,test
176866,test
200932,test
220066,test
219889,test
176664,test
222233,test
179780,test
184140,test
183295,test
225979,test
125047,test
202000,test
211455,test
172855,test
177654,test
196073,test
194206,test
209936,test
189953,test
177545,test
181796,test
170606,test
145258,test
219450,test
207579,test
176383,test
195054,test
206501,test
184219,test
190244,test
205513,test
203106,test
200114,test
99609,test
205460,test
182297,test
185413,test
173216,test
201188,test
167728,test
124338,test
126154,test
190000,test
193078,test
183433,test
187988,test
221386,test
175213,test
186829,test
182741,test
174311,test
219648,test
192386,test
227439,test
222578,test
118744,test
180698,test
189007,test
121934,test
196148,test
179249,test
180676,test
192097,test
200919,test
221832,test
197545,test
176369,test
207583,test
198461,test
188160,test
199247,test
180367,test
177835,test
191153,test
176687,test
218610,test
178766,test
222625,test
187349,test
201521,test
183836,test
182657,test
199606,test
201510,test
183448,test
203729,test
125919,test
199750,test
181140,test
175031,test
227089,test
224081,test
185691,test
177040,test
191165,test
202710,test
146390,test
176689,test
182386,test
118435,test
181513,test
210852,test
196599,test
193353,test
181964,test
188195,test
203289,test
176144,test
184165,test
198212,test
198363,test
227200,test
198815,test
187388,test
223172,test
177992,test
105771,test
171358,test
193844,test
205003,test
180765,test
130980,test
183926,test
223828,test
168152,test
183385,test
194588,test
193209,test
211799,test
182726,test
184159,test
119909,test
201457,test
222287,test
187650,test
218317,test
183277,test
215225,test
200010,test
193352,test
122698,test
180260,test
179723,test
203742,test
177214,test
217904,test
128939,test
198596,test
202233,test
219399,test
181581,test
126349,test
184974,test
220913,test
173033,test
198615,test
176245,test
227467,test
180966,test
203430,test
125422,test
211547,test
189149,test
180057,test
219414,test
193920,test
219812,test
183635,test
168005,test
182012,test
221298,test
180582,test
179212,test
176181,test
176088,test
227273,test
173262,test
180094,test
187049,test
185509,test
202449,test
202794,test
225064,test
221955,test
196676,test
188131,test
219312,test
187142,test
175289,test
172926,test
202860,test
177873,test
200546,test
184731,test
197676,test
208558,test
227488,test
211822,test
120402,test
191614,test
142876,test
207981,test
184471,test
179784,test
212277,test
211783,test
92728,test
199482,test
181139,test
219831,test
177813,test
177864,test
209292,test
184226,test
220418,test
187868,test
127892,test
190178,test
190447,test
126148,test
217722,test
219917,test
165984,test
197017,test
211530,test
223567,test
180805,test
122106,test
187743,test
175559,test
180048,test
219421,test
175806,test
187697,test
181336,test
202477,test
217635,test
172408,test
172885,test
181827,test
173179,test
220737,test
204612,test
174080,test
226905,test
223821,test
182023,test
181255,test
226820,test
137149,test
174614,test
227534,test
178645,test
220636,test
177731,test
155138,test
187507,test
181997,test
192053,test
202091,test
150709,test
194377,test
181032,test
185696,test
176684,test
181920,test
204574,test
220331,test
203419,test
135254,test
185400,test
193680,test
199964,test
180085,test
212619,test
195559,test
182202,test
191987,test
186306,test
121406,test
226405,test
216552,test
187015,test
208985,test
188235,test
223631,test
219730,test
127564,test
221828,test
137422,test
118235,test
179752,test
227648,test
207837,test
200480,test
180492,test
175256,test
219583,test
171873,test
198441,test
178492,test
199493,test
105339,test
205407,test
179425,test
221824,test
184285,test
199007,test
209860,test
219567,test
198792,test
193678,test
197601,test
172829,test
204608,test
188791,test
179449,test
196274,test
225844,test
127092,test
179054,test
182363,test
177270,test
178477,test
213291,test
133588,test
181361,test
123390,test
200087,test
168562,test
182825,test
169036,test
198197,test
174635,test
183483,test
199735,test
202170,test
176382,test
177714,test
192631,test
182373,test
127175,test
177830,test
181886,test
223428,test
179627,test
227356,test
201906,test
180184,test
182778,test
190359,test
169220,test
192635,test
187547,test
222047,test
211796,test
178635,test
222770,test
203150,test
197272,test
224768,test
199731,test
226418,test
121540,test
187559,test
198463,test
172675,test
202412,test
189043,test
172282,test
174023,test
200444,test
196461,test
178774,test
221884,test
218993,test
191968,test
190006,test
223368,test
125018,test
172825,test
206853,test
198424,test
181715,test
184052,test
195821,test
146490,test
150322,test
172850,test
183402,test
203359,test
196523,test
207154,test
172589,test
184806,test
105830,test
180493,test
202295,test
189944,test
202108,test
207057,test
176009,test
121940,test
199325,test
214613,test
184894,test
176189,test
210258,test
224682,test
188826,test
193125,test
222452,test
195118,test
178332,test
92710,test
183558,test
217979,test
180684,test
199189,test
225814,test
100587,test
178638,test
125886,test
174010,test
199641,test
206369,test
227390,test
190192,test
177558,test
191919,test
193621,test
179769,test
203252,test
137019,test
200510,test
174011,test
176028,test
209937,test
179852,test
184362,test
208344,test
205465,test
224064,test
192327,test
123385,test
172872,test
222605,test
140114,test
210569,test
200985,test
205877,test
125586,test
176698,test
223139,test
223419,test
205451,test
211737,test
205076,test
198671,test
181158,test
179388,test
184570,test
184904,test
203443,test
195147,test
222049,test
177672,test
199264,test
182335,test
175858,test
221851,test
206176,test
205681,test
173151,test
171755,test
171968,test
176839,test
183451,test
180576,test
200437,test
201557,test
213219,test
188500,test
206554,test
136967,test
173097,test
176018,test
222988,test
192276,test
134327,test
186030,test
125566,test
176695,test
181324,test
178576,test
181616,test
179349,test
185000,test
207568,test
198500,test
171328,test
171131,test
179345,test
192056,test
194627,test
212479,test
199782,test
181867,test
217684,test
189564,test
179815,test
207917,test
227462,test
200092,test
184419,test
207923,test
226593,test
152109,test
220603,test
176164,test
190967,test
119234,test
174455,test
183356,test
201214,test
151487,test
119519,test
172944,test
182167,test
223953,test
97525,test
206820,test
223734,test
227181,test
198757,test
204810,test
185207,test
219347,test
176039,test
171111,test
187303,test
183556,test
190015,test
194715,test
171993,test
173682,test
175239,test
119690,test
176052,test
227220,test
174541,test
197142,test
185197,test
205498,test
208108,test
191927,test
196900,test
172392,test
196648,test
184920,test
181147,test
150299,test
181498,test
224625,test
213000,test
180678,test
180527,test
212876,test
192343,test
193546,test
214447,test
186361,test
199454,test
175344,test
145452,test
131133,test
173606,test
198505,test
118742,test
189409,test
203270,test
220092,test
195300,test
195218,test
180455,test
187386,test
173719,test
189751,test
223864,test
173148,test
186382,test
166965,test
189175,test
103655,test
186064,test
186836,test
167681,test
195805,test
181709,test
198661,test
175012,test
181072,test
203540,test
190876,test
180322,test
92776,test
177683,test
179372,test
177015,test
184801,test
173711,test
208570,test
220447,test
173721,test
220541,test
180655,test
121847,test
215751,test
137307,test
89156,test
223104,test
214688,test
199149,test
212468,test
224337,test
185404,test
224443,test
181556,test
176328,test
179877,test
174637,test
224612,test
173839,test
189214,test
123148,test
197118,test
172398,test
197131,test
220178,test
197544,test
182002,test
225408,test
222575,test
175311,test
130976,test
189763,test
105616,test
220075,test
128819,test
120302,test
181942,test
224894,test
168120,test
184301,test
211412,test
189585,test
175768,test
174022,test
227271,test
211827,test
203483,test
200414,test
223706,test
182533,test
211642,test
187768,test
172761,test
176921,test
223532,test
179138,test
202006,test
167857,test
174407,test
185231,test
222518,test
172913,test
171758,test
178132,test
174665,test
179334,test
220324,test
190149,test
181258,test
214691,test
186903,test
166958,test
183932,test
212308,test
180377,test
205436,test
225948,test
96445,test
176413,test
188641,test
184095,test
183617,test
173381,test
176953,test
186773,test
180730,test
174467,test
184232,test
190791,test
179389,test
211247,test
188486,test
189035,test
181605,test
181747,test
196454,test
143594,test
167881,test
171958,test
188205,test
168945,test
181839,test
105654,test
180662,test
226636,test
202792,test
175497,test
112542,test
189768,test
199042,test
188769,test
207712,test
197949,test
135367,test
201097,test
207676,test
218948,test
214960,test
222044,test
182405,test
173078,test
179939,test
187810,test
129769,test
209696,test
221520,test
214692,test
201467,test
193563,test
122965,test
205082,test
205606,test
227748,test
225874,test
186806,test
196704,test
206819,test
97283,test
171967,test
122244,test
194615,test
222034,test
227328,test
220554,test
180326,test
173108,test
219589,test
173500,test
121371,test
126229,test
217961,test
218133,test
96401,test
153056,test
222572,test
207802,test
180697,test
183404,test
219179,test
188414,test
203328,test
196453,test
193315,test
173934,test
200098,test
180917,test
173789,test
168492,test
200598,test
190589,test
129996,test
94136,test
221276,test
219551,test
195120,test
214606,test
173160,test
178868,test
150897,test
127783,test
178630,test
213640,test
197759,test
180430,test
168952,test
174423,test
223533,test
166272,test
175539,test
174325,test
195071,test
201189,test
122437,test
208977,test
176197,test
177795,test
172586,test
183431,test
179650,test
199030,test
222541,test
223228,test
222001,test
177678,test
174720,test
201370,test
180426,test
197511,test
182399,test
212719,test
138103,test
222108,test
179726,test
188522,test
185342,test
127283,test
182518,test
193415,test
195734,test
133590,test
181768,test
180994,test
185615,test
176816,test
198247,test
173144,test
184861,test
199484,test
200272,test
218113,test
192730,test
197634,test
192188,test
222916,test
187673,test
180771,test
196574,test
222931,test
207687,test
172959,test
186480,test
200538,test
225556,test
187091,test
203563,test
184924,test
206788,test
175569,test
181727,test
192716,test
185481,test
221230,test
193018,test
220922,test
180960,test
126228,test
176252,test
190256,test
171790,test
187260,test
190120,test
136537,test
195828,test
197638,test
171059,test
191620,test
219523,test
184171,test
181888,test
175267,test
193123,test
222669,test
175934,test
178441,test
226300,test
174251,test
174411,test
126766,test
152083,test
217639,test
189594,test
204706,test
185489,test
196794,test
172515,test
220199,test
219156,test
176817,test
178679,test
176627,test
225941,test
221738,test
204028,test
177381,test
201004,test
182848,test
220125,test
184957,test
223958,test
198236,test
181933,test
211725,test
219360,test
210297,test
178396,test
185670,test
181034,test
171360,test
150327,test
173610,test
205065,test
209639,test
209420,test
207855,test
174274,test
204630,test
187414,test
222083,test
183405,test
195775,test
220416,test
174883,test
138024,test
211744,test
227564,test
176667,test
199599,test
178924,test
209695,test
198785,test
187931,test
225752,test
222704,test
195282,test
203470,test
221412,test
185140,test
223030,test
199408,test
172236,test
183619,test
223470,test
178978,test
206766,test
169159,test
196811,test
173853,test
179928,test
122111,test
123171,test
171760,test
208870,test
200976,test
179621,test
201416,test
225937,test
205732,test
134563,test
194083,test
207278,test
182000,test
187107,test
189131,test
200901,test
196605,test
201277,test
103651,test
192678,test
204614,test
176594,test
186989,test
172596,test
198380,test
205081,test
203524,test
222958,test
227102,test
222510,test
211348,test
221305,test
205459,test
198624,test
137092,test
197573,test
193198,test
172272,test
182952,test
174787,test
220296,test
177329,test
120282,test
195786,test
222127,test
181471,test
177619,test
129990,test
224168,test
223197,test
209932,test
137329,test
173318,test
178505,test
179066,test
122097,test
186809,test
120900,test
206738,test
222718,test
98752,test
214440,test
188010,test
205580,test
223728,test
178670,test
182532,test
206370,test
125494,test
227088,test
191528,test
221969,test
171140,test
227541,test
194991,test
122875,test
178971,test
211327,test
224374,test
183049,test
180458,test
179927,test
219919,test
220127,test
174741,test
185385,test
199639,test
188229,test
185297,test
219407,test
177307,test
206669,test
105377,test
130121,test
182474,test
223190,test
183590,test
199209,test
173143,test
181960,test
185381,test
200785,test
188114,test
221408,test
200317,test
195823,test
191556,test
178444,test
190225,test
181038,test
178430,test
222401,test
101906,test
221144,test
103643,test
199611,test
188222,test
199256,test
169133,test
173546,test
195630,test
220468,test
170812,test
106127,test
134652,test
219612,test
200922,test
205409,test
176278,test
221684,test
207800,test
172430,test
184767,test
224483,test
203670,test
190652,test
192200,test
176898,test
137260,test
174829,test
204567,test
220617,test
211641,test
194975,test
181757,test
201676,test
180323,test
190772,test
137722,test
133699,test
184063,test
120260,test
212082,test
126159,test
176928,test
197351,test
222244,test
92801,test
176309,test
219007,test
185836,test
181190,test
178440,test
189896,test
188820,test
184982,test
197083,test
199185,test
137993,test
175474,test
202441,test
130130,test
184683,test
211365,test
176430,test
198391,test
175733,test
180432,test
182173,test
220530,test
177240,test
188086,test
227935,test
218448,test
219973,test
205461,test
178683,test
177315,test
172494,test
212605,test
206344,test
121348,test
224414,test
174227,test
178605,test
118624,test
182509,test
208692,test
143308,test
193120,test
175025,test
196352,test
200021,test
192407,test
178849,test
195163,test
175291,test
202755,test
184984,test
172851,test
203151,test
224260,test
211619,test
201925,test
183218,test
196097,test
173433,test
197277,test
203656,test
176243,test
183326,test
96970,test
178699,test
218471,test
180622,test
200426,test
122610,test
187804,test
173915,test
147944,test
171621,test
209991,test
182617,test
178194,test
189723,test
122859,test
224169,test
144732,test
119828,test
223200,test
181992,test
207556,test
185610,test
184220,test
186819,test
210373,test
121971,test
139712,test
99819,test
222285,test
187806,test
174049,test
181155,test
210622,test
177817,test
222444,test
176753,test
138927,test
207932,test
144947,test
176376,test
184993,test
223193,test
186720,test
225836,test
187907,test
200483,test
201292,test
190790,test
219642,test
213663,test
144213,test
127142,test
205467,test
214451,test
168184,test
176579,test
175179,test
187054,test
222788,test
199133,test
145312,test
188536,test
187034,test
185963,test
214625,test
202939,test
187985,test
183344,test
192636,test
177325,test
142621,test
192872,test
176706,test
199092,test
210566,test
222290,test
190312,test
223396,test
214740,test
170946,test
173592,test
124353,test
211937,test
183480,test
205865,test
197181,test
122830,test
199230,test
197839,test
185870,test
199211,test
207821,test
223824,test
125985,test
189976,test
200067,test
105672,test
105017,test
220322,test
222876,test
183256,test
153259,test
228204,test
186845,test
191717,test
222927,test
194233,test
173387,test
123168,test
205862,test
196822,test
196570,test
173440,test
182868,test
205565,test
184118,test
198545,test
138077,test
199371,test
173466,test
185186,test
220190,test
189824,test
184695,test
175830,test
133697,test
203244,test
214743,test
183308,test
223571,test
179687,test
172856,test
181528,test
178642,test
181192,test
174084,test
193683,test
186831,test
184115,test
223977,test
176793,test
219376,test
200253,test
176731,test
187598,test
177470,test
222549,test
211446,test
200848,test
223881,test
172323,test
213043,test
179894,test
172263,test
220667,test
209274,test
167850,test
154836,test
145401,test
193682,test
190690,test
203414,test
196625,test
219378,test
205828,test
197087,test
215289,test
176784,test
171407,test
123368,test
221752,test
189394,test
223206,test
189601,test
224377,test
224586,test
169144,test
221747,test
222766,test
180973,test
173595,test
203232,test
183824,test
175880,test
206268,test
179500,test
205499,test
188774,test
211220,test
126904,test
190340,test
184793,test
182661,test
188140,test
172317,test
96026,test
222482,test
205921,test
185906,test
138138,test
178625,test
223054,test
169108,test
118399,test
227040,test
195033,test
118443,test
179052,test
220545,test
196880,test
227218,test
184578,test
175355,test
222837,test
102088,test
182964,test
174725,test
180466,test
208987,test
181820,test
224059,test
185424,test
126727,test
175318,test
171349,test
179998,test
175490,test
202288,test
224531,test
221496,test
199152,test
194641,test
138524,test
203278,test
168196,test
227022,test
121702,test
176469,test
227692,test
188637,test
188959,test
178933,test
92774,test
175112,test
175477,test
197973,test
175312,test
205468,test
211523,test
206045,test
221155,test
188837,test
220167,test
181378,test
196466,test
185176,test
187095,test
142865,test
188112,test
195179,test
189665,test
187360,test
174196,test
195656,test
189779,test
209706,test
184886,test
200230,test
175227,test
118563,test
176158,test
207454,test
119598,test
187377,test
174161,test
223472,test
202060,test
222202,test
180378,test
208179,test
174896,test
173023,test
131736,test
196604,test
208212,test
175707,test
200070,test
73604,test
172271,test
181267,test
214961,test
208695,test
179807,test
221114,test
130784,test
176279,test
180016,test
203164,test
184013,test
198780,test
223037,test
200907,test
222598,test
196740,test
220382,test
220552,test
205360,test
172769,test
167862,test
222852,test
193399,test
173605,test
196999,test
145318,test
202266,test
190760,test
187820,test
196463,test
225358,test
203283,test
190179,test
120748,test
184773,test
197534,test
199056,test
175575,test
201505,test
221527,test
219528,test
178628,test
220839,test
183366,test
184576,test
176853,test
205721,test
182613,test
180003,test
186497,test
183144,test
176470,test
181341,test
166871,test
196585,test
168140,test
198398,test
193729,test
184014,test
176338,test
219873,test
181782,test
219090,test
211335,test
214448,test
196903,test
184102,test
194830,test
184853,test
125617,test
182910,test
176216,test
218446,test
196500,test
194333,test
188133,test
173044,test
176736,test
205487,test
226022,test
175250,test
200212,test
185368,test
127576,test
188099,test
174072,test
205844,test
124784,test
178878,test
178980,test
173053,test
174210,test
189023,test
125556,test
177021,test
185525,test
203615,test
184156,test
183756,test
209055,test
122631,test
219736,test
179953,test
195165,test
176757,test
203334,test
179905,test
196920,test
125507,test
121436,test
189129,test
224561,test
208693,test
179664,test
179764,test
172983,test
206818,test
146391,test
175594,test
223585,test
177422,test
183746,test
203595,test
123244,test
209035,test
221929,test
221485,test
201923,test
183576,test
119891,test
194907,test
173759,test
178636,test
184776,test
210618,test
178445,test
200761,test
168017,test
176509,test
126577,test
202968,test
175261,test
119279,test
120971,test
203209,test
200924,test
175056,test
180407,test
219069,test
205395,test
167312,test
220872,test
178465,test
187832,test
213604,test
174837,test
182636,test
227034,test
219685,test
219645,test
121558,test
178875,test
191367,test
122011,test
191494,test
119861,test
179206,test
193319,test
185716,test
95961,test
191512,test
223807,test
130795,test
203675,test
227525,test
174270,test
121880,test
225980,test
207779,test
216533,test
185943,test
117947,test
203413,test
212181,test
206814,test
150891,test
223530,test
193107,test
178622,test
197267,test
221540,test
183213,test
193652,test
227209,test
171147,test
180300,test
102617,test
212674,test
190577,test
184312,test
184020,test
201993,test
227350,test
200116,test
185513,test
138662,test
187894,test
199196,test
179014,test
204991,test
150306,test
224299,test
193775,test
185890,test
184343,test
124493,test
171412,test
181665,test
121537,test
93584,test
200996,test
174557,test
222589,test
221390,test
180000,test
187781,test
181053,test
191689,test
194921,test
133579,test
175231,test
127735,test
189534,test
174496,test
184117,test
182364,test
221766,test
179537,test
122411,test
205773,test
173098,test
202401,test
177322,test
179870,test
174106,test
185483,test
182466,test
93678,test
175026,test
180110,test
182367,test
174351,test
183734,test
123179,test
178932,test
183155,test
209892,test
194609,test
172929,test
184929,test
219389,test
221939,test
171868,test
202332,test
105656,test
210997,test
181809,test
202952,test
189430,test
193286,test
200118,test
221563,test
204922,test
227117,test
174893,test
120129,test
192638,test
146471,test
224195,test
180879,test
186647,test
205764,test
188702,test
212360,test
178861,test
184505,test
184462,test
185985,test
100573,test
163713,test
185138,test
195704,test
176522,test
176162,test
192821,test
220621,test
185212,test
173104,test
176676,test
186504,test
193439,test
210935,test
187367,test
208775,test
199509,test
190591,test
168717,test
167776,test
224589,test
183332,test
174754,test
183260,test
177837,test
227643,test
214702,test
223610,test
122181,test
190703,test
181342,test
196737,test
180117,test
177446,test
202857,test
181172,test
183638,test
200938,test
192387,test
186518,test
172192,test
183919,test
227362,test
188703,test
223389,test
172826,test
186940,test
190193,test
187984,test
206494,test
179820,test
218216,test
222767,test
209210,test
185777,test
196612,test
174406,test
227297,test
210620,test
185601,test
198810,test
193804,test
150818,test
199381,test
139663,test
197001,test
134733,test
224336,test
187729,test
193590,test
186502,test
172435,test
155769,test
186541,test
118723,test
222677,test
174498,test
174400,test
222691,test
179381,test
121611,test
186016,test
199267,test
199931,test
173752,test
211659,test
150836,test
176361,test
201297,test
183629,test
185456,test
193011,test
181672,test
223241,test
172460,test
199134,test
171144,test
211781,test
175308,test
168612,test
227044,test
192493,test
177014,test
196805,test
174267,test
96957,test
188497,test
220182,test
198720,test
181905,test
126054,test
199322,test
178845,test
226719,test
205729,test
208650,test
175724,test
167354,test
200582,test
206717,test
191617,test
199934,test
172597,test
224132,test
125163,test
206954,test
187236,test
184005,test
197389,test
208697,test
179351,test
177760,test
222125,test
188135,test
171965,test
185750,test
188206,test
222391,test
208555,test
178760,test
199601,test
208182,test
223833,test
131569,test
224685,test
196582,test
179474,test
179294,test
169055,test
203273,test
173512,test
191143,test
223848,test
185811,test
181301,test
190378,test
171472,test
179921,test
204803,test
124750,test
203574,test
192805,test
177559,test
172273,test
222599,test
120470,test
214061,test
182603,test
177583,test
179729,test
185907,test
138691,test
96372,test
212219,test
93581,test
177530,test
121532,test
180560,test
197758,test
205918,test
203579,test
224280,test
201249,test
179618,test
222254,test
176888,test
220002,test
184928,test
223699,test
126558,test
122997,test
180961,test
185638,test
188711,test
169236,test
193847,test
122113,test
200137,test
133606,test
182370,test
211661,test
219690,test
175052,test
155793,test
198234,test
143513,test
176572,test
179878,test
172672,test
175742,test
105579,test
200081,test
218296,test
181062,test
173741,test
190180,test
227509,test
201966,test
172985,test
175059,test
173002,test
178039,test
188054,test
175307,test
188995,test
194118,test
218968,test
185844,test
222378,test
192890,test
180537,test
203689,test
219800,test
172394,test
182197,test
222481,test
138708,test
176742,test
96956,test
208014,test
196838,test
212924,test
224495,test
188825,test
185201,test
126000,test
198447,test
219416,test
223827,test
176006,test
218974,test
214434,test
179783,test
223607,test
179637,test
203519,test
196981,test
186498,test
173761,test
185036,test
196545,test
178265,test
185545,test
195181,test
184667,test
190056,test
220446,test
207915,test
192802,test
223029,test
180773,test
178992,test
203192,test
180882,test
222966,test
222309,test
198579,test
222140,test
200555,test
184774,test
175600,test
186108,test
108647,test
222344,test
137939,test
207333,test
179559,test
137342,test
191149,test
146605,test
171151,test
172574,test
179495,test
196128,test
182080,test
196471,test
222280,test
188000,test
200603,test
173750,test
176611,test
201550,test
192712,test
201559,test
195527,test
177238,test
189535,test
170557,test
167525,test
223596,test
193688,test
177024,test
189225,test
121939,test
219687,test
219467,test
174788,test
199044,test
200171,test
191703,test
201669,test
223075,test
186555,test
201001,test
175533,test
222955,test
188757,test
189106,test
117819,test
175687,test
179556,test
186437,test
172737,test
218939,test
207843,test
125416,test
127316,test
224527,test
177273,test
173380,test
227338,test
198998,test
195005,test
183601,test
125812,test
136914,test
212354,test
175763,test
183712,test
175131,test
180736,test
188976,test
185507,test
226758,test
142851,test
191161,test
176340,test
166406,test
173460,test
181197,test
224034,test
178860,test
172978,test
193287,test
177907,test
222733,test
228048,test
173473,test
193721,test
204701,test
208117,test
146290,test
171852,test
208382,test
201013,test
178677,test
124072,test
175793,test
125567,test
108780,test
189012,test
226160,test
181837,test
200592,test
202058,test
118649,test
81837,test
205189,test
184948,test
182467,test
224345,test
200176,test
200505,test
205711,test
214196,test
195134,test
227314,test
184010,test
223769,test
223936,test
224907,test
206728,test
179719,test
183490,test
199207,test
187494,test
125942,test
189703,test
197913,test
184321,test
196816,test
223183,test
185177,test
226739,test
219968,test
205720,test
173582,test
221539,test
117831,test
177274,test
224262,test
225256,test
219761,test
192602,test
221299,test
223147,test
219513,test
186302,test
211663,test
130994,test
198495,test
199695,test
176169,test
190925,test
205857,test
137258,test
133698,test
200891,test
181787,test
183581,test
191513,test
203141,test
219673,test
220186,test
222648,test
205390,test
181450,test
197874,test
194993,test
203188,test
219455,test
200563,test
192691,test
223646,test
184434,test
223548,test
194179,test
170153,test
146715,test
133670,test
178743,test
189366,test
190554,test
173788,test
179625,test
221843,test
211936,test
185882,test
223867,test
124853,test
210253,test
226977,test
206489,test
125705,test
207450,test
180235,test
188424,test
189159,test
220916,test
96418,test
196607,test
143330,test
205397,test
197933,test
203130,test
131345,test
173566,test
177908,test
175574,test
184071,test
222209,test
194078,test
170157,test
202349,test
194689,test
177919,test
177535,test
183324,test
198301,test
175991,test
181829,test
169175,test
220354,test
221979,test
176603,test
211454,test
201397,test
174437,test
199743,test
173207,test
176634,test
200084,test
182423,test
173779,test
182006,test
205492,test
223649,test
184518,test
173328,test
109482,test
176936,test
223524,test
222361,test
188059,test
180121,test
173288,test
226726,test
120788,test
124017,test
220831,test
184269,test
131124,test
201788,test
206188,test
183271,test
97398,test
223528,test
193291,test
171495,test
180104,test
181087,test
201721,test
187604,test
190786,test
181810,test
211515,test
227266,test
208544,test
184932,test
197872,test
133679,test
197671,test
193424,test
173083,test
180905,test
126299,test
179724,test
219436,test
194980,test
220100,test
182088,test
180450,test
175917,test
125879,test
221407,test
178948,test
226637,test
208203,test
200594,test
221183,test
193454,test
181055,test
193551,test
175651,test
134971,test
199741,test
221616,test
182255,test
224581,test
177347,test
221406,test
214500,test
180536,test
126772,test
192632,test
203258,test
193496,test
200132,test
173659,test
194644,test
219602,test
173823,test
182813,test
188163,test
182757,test
197071,test
96429,test
211445,test
210916,test
175584,test
186847,test
198606,test
187827,test
178261,test
204713,test
219308,test
221886,test
173514,test
172403,test
202749,test
197991,test
184595,test
226161,test
198242,test
220692,test
196698,test
176796,test
179794,test
189699,test
180624,test
170145,test
222009,test
176822,test
222732,test
174699,test
182294,test
199974,test
127912,test
149810,test
198623,test
131034,test
182077,test
173670,test
223009,test
189100,test
118201,test
186443,test
118681,test
186028,test
224343,test
209300,test
182744,test
223401,test
224238,test
184655,test
222663,test
126014,test
195186,test
92769,test
190314,test
185218,test
215424,test
198507,test
201169,test
182588,test
219495,test
193341,test
133637,test
189296,test
205542,test
176206,test
180172,test
134655,test
184704,test
180583,test
193491,test
201460,test
182105,test
183070,test
219699,test
125820,test
179576,test
171752,test
180528,test
198409,test
175351,test
124326,test
124227,test
190057,test
109129,test
205475,test
201570,test
223521,test
187031,test
128839,test
224368,test
206352,test
176146,test
176781,test
193981,test
184550,test
213485,test
189969,test
124855,test
170216,test
196782,test
118652,test
219419,test
190429,test
201479,test
190292,test
187750,test
188001,test
180795,test
211386,test
183060,test
219915,test
199144,test
203263,test
188539,test
187955,test
144981,test
206486,test
188537,test
173827,test
150759,test
118398,test
191986,test
221302,test
200082,test
198175,test
204717,test
199376,test
223430,test
224877,test
227210,test
183990,test
131790,test
184068,test
189259,test
209044,test
206587,test
195760,test
173322,test
169134,test
205419,test
187727,test
199644,test
200180,test
176076,test
183798,test
179445,test
182059,test
171776,test
206672,test
173904,test
136823,test
225057,test
221992,test
131028,test
178887,test
223057,test
195051,test
188488,test
125620,test
175567,test
210684,test
176221,test
105384,test
174075,test
224649,test
209309,test
203818,test
184163,test
178115,test
225085,test
85979,test
199447,test
200524,test
228043,test
174537,test
196064,test
203748,test
172764,test
185365,test
195933,test
185372,test
183951,test
214710,test
222630,test
175875,test
171149,test
199637,test
187927,test
186097,test
168740,test
184453,test
207853,test
186896,test
211733,test
192395,test
187048,test
187043,test
175421,test
220735,test
184368,test
194602,test
189146,test
195353,test
118586,test
127723,test
205038,test
217907,test
172186,test
197935,test
210372,test
192262,test
192123,test
212907,test
130483,test
93510,test
223106,test
178786,test
180566,test
208388,test
227008,test
177459,test
227096,test
202515,test
227305,test
196529,test
197722,test
174889,test
150820,test
221274,test
126899,test
121556,test
192098,test
194378,test
200197,test
181834,test
223961,test
187235,test
120448,test
211132,test
224356,test
169821,test
211558,test
171869,test
184416,test
180196,test
217718,test
223364,test
180839,test
201454,test
181228,test
169230,test
203294,test
183886,test
202681,test
204969,test
186022,test
193165,test
105620,test
176078,test
195089,test
190595,test
212535,test
181344,test
125876,test
216151,test
211121,test
172119,test
151020,test
145310,test
188146,test
185131,test
175459,test
201212,test
205559,test
209711,test
227222,test
188835,test
228154,test
201107,test
181069,test
180863,test
93578,test
179234,test
174721,test
177557,test
220825,test
168014,test
220732,test
171844,test
193838,test
194634,test
177925,test
179898,test
219604,test
181838,test
182714,test
175624,test
222029,test
195804,test
182253,test
185193,test
172110,test
221971,test
199217,test
171611,test
227054,test
223203,test
220189,test
181082,test
184791,test
93490,test
184062,test
182996,test
176401,test
182119,test
184713,test
122615,test
196661,test
205071,test
187040,test
227012,test
184824,test
182450,test
145380,test
203239,test
182011,test
178752,test
211363,test
200099,test
199995,test
209317,test
188141,test
186802,test
222082,test
208395,test
181687,test
178684,test
199172,test
173057,test
167909,test
206126,test
209793,test
168715,test
180705,test
93828,test
177282,test
219449,test
209319,test
196619,test
181868,test
209862,test
199846,test
194751,test
222331,test
188669,test
190252,test
221656,test
127331,test
184779,test
177842,test
197552,test
179461,test
202474,test
222709,test
224024,test
118778,test
199784,test
176168,test
197107,test
222499,test
125559,test
200885,test
166068,test
153150,test
206824,test
180927,test
142867,test
188845,test
222279,test
168481,test
171986,test
227888,test
212252,test
223179,test
173891,test
185871,test
206379,test
122255,test
202291,test
171525,test
203480,test
200430,test
225942,test
222998,test
200605,test
173256,test
207935,test
181963,test
188746,test
134730,test
177748,test
179111,test
202972,test
122047,test
190144,test
199129,test
197074,test
199502,test
193363,test
221817,test
192801,test
173769,test
127545,test
192600,test
192747,test
173382,test
220408,test
171132,test
221967,test
222961,test
183789,test
176217,test
221236,test
227452,test
184596,test
123393,test
215014,test
183465,test
179161,test
128817,test
201738,test
221415,test
219535,test
225845,test
194905,test
201294,test
222685,test
183724,test
174726,test
222147,test
185017,test
171718,test
199535,test
181635,test
191553,test
227835,test
187830,test
205719,test
225003,test
183779,test
127278,test
177715,test
228197,test
212460,test
223724,test
183893,test
188018,test
124354,test
198438,test
183680,test
174491,test
215777,test
182048,test
179569,test
196844,test
194121,test
228195,test
192517,test
197460,test
192347,test
208646,test
200843,test
174545,test
176427,test
227493,test
177230,test
183903,test
207551,test
175732,test
221400,test
221880,test
221241,test
172367,test
177330,test
224251,test
103656,test
192793,test
182254,test
212352,test
223601,test
217836,test
223839,test
223789,test
178270,test
190592,test
194031,test
169566,test
181343,test
180895,test
225056,test
187668,test
183437,test
194439,test
174975,test
221804,test
177421,test
184229,test
206512,test
183953,test
211647,test
167783,test
134729,test
197915,test
179538,test
193984,test
181503,test
174283,test
180916,test
203308,test
197265,test
201246,test
219813,test
218776,test
201534,test
174418,test
21421,test
166874,test
174378,test
227447,test
178655,test
202072,test
202483,test
192804,test
187046,test
203170,test
152993,test
200407,test
184061,test
173561,test
175695,test
214375,test
173304,test
205420,test
179571,test
174394,test
183097,test
208410,test
186944,test
155763,test
223107,test
211771,test
202728,test
174561,test
188823,test
176993,test
149807,test
187369,test
224562,test
174778,test
203474,test
183346,test
212257,test
180546,test
198590,test
189532,test
222168,test
200769,test
183471,test
196795,test
225025,test
168170,test
175463,test
201495,test
190488,test
192728,test
174088,test
211835,test
146387,test
202168,test
202817,test
183906,test
220027,test
223857,test
176832,test
185524,test
225351,test
166813,test
147468,test
172946,test
172280,test
221464,test
227542,test
187112,test
175194,test
190266,test
177737,test
168131,test
191658,test
207857,test
180153,test
192122,test
176352,test
189362,test
212416,test
169382,test
221303,test
180955,test
175730,test
183259,test
210854,test
179859,test
125471,test
201179,test
194695,test
200172,test
172442,test
180274,test
184319,test
169102,test
189639,test
149969,test
172805,test
174640,test
192363,test
205725,test
222460,test
183585,test
186025,test
225806,test
222928,test
190150,test
105393,test
177316,test
224777,test
190293,test
223292,test
222387,test
221129,test
129347,test
180439,test
196362,test
137025,test
193581,test
188446,test
178600,test
212185,test
220781,test
169611,test
188841,test
171521,test
130570,test
175024,test
212470,test
185868,test
198514,test
203262,test
176238,test
176530,test
144970,test
186415,test
172477,test
199996,test
202360,test
126918,test
206525,test
197943,test
228209,test
202274,test
96836,test
198306,test
203380,test
200422,test
192778,test
208405,test
200141,test
184947,test
182628,test
200199,test
221988,test
178490,test
198393,test
174052,test
197484,test
194667,test
172884,test
203006,test
181511,test
220043,test
227249,test
178619,test
199103,test
222010,test
221270,test
175230,test
212718,test
205665,test
181521,test
179008,test
227674,test
118668,test
199993,test
178656,test
197929,test
186467,test
218437,test
178157,test
222420,test
191147,test
183518,test
177520,test
202287,test
183015,test
181198,test
195239,test
201649,test
123235,test
119759,test
198585,test
221999,test
207744,test
187196,test
198519,test
168192,test
166925,test
175339,test
178806,test
176198,test
178404,test
129999,test
184196,test
184333,test
168136,test
218950,test
193645,test
189782,test
108822,test
215010,test
182663,test
183509,test
222700,test
179134,test
177779,test
188561,test
190612,test
216342,test
224142,test
199667,test
126335,test
201907,test
174403,test
122996,test
195770,test
206856,test
209045,test
183083,test
174784,test
120342,test
196843,test
96421,test
197343,test
186515,test
120486,test
184884,test
177229,test
173920,test
174717,test
196742,test
213119,test
221197,test
209867,test
120720,test
203667,test
173046,test
121530,test
178545,test
193276,test
175354,test
220145,test
203493,test
179734,test
197332,test
125426,test
176240,test
138168,test
176390,test
194636,test
180335,test
188749,test
175319,test
184965,test
176617,test
192594,test
184856,test
184990,test
170591,test
177540,test
199877,test
185693,test
196222,test
203140,test
181241,test
202162,test
202063,test
208534,test
198145,test
223412,test
174676,test
167171,test
220366,test
197323,test
192714,test
175684,test
171079,test
196888,test
192727,test
219522,test
193335,test
199986,test
198455,test
173724,test
193659,test
199427,test
219429,test
188754,test
183740,test
208539,test
213140,test
194625,test
178470,test
226014,test
185334,test
190886,test
209861,test
203587,test
186267,test
184566,test
211646,test
92779,test
109003,test
125288,test
192912,test
173271,test
176350,test
166908,test
206743,test
195928,test
97517,test
185634,test
214709,test
177250,test
214637,test
170943,test
224048,test
192817,test
178844,test
189044,test
185183,test
208554,test
210568,test
171524,test
179932,test
182447,test
199338,test
190022,test
180654,test
227180,test
174293,test
175891,test
219074,test
200146,test
187254,test
141696,test
221152,test
150757,test
191577,test
208635,test
209284,test
120279,test
200181,test
208167,test
177741,test
184952,test
185860,test
193524,test
214429,test
142489,test
222832,test
176195,test
207919,test
179542,test
185537,test
184709,test
222260,test
177594,test
133583,test
219245,test
193593,test
181133,test
178550,test
130055,test
228153,test
222066,test
168866,test
219497,test
172848,test
177818,test
182054,test
145411,test
219995,test
200993,test
190418,test
195754,test
224067,test
175272,test
137098,test
202958,test
200470,test
200896,test
184677,test
226336,test
124086,test
142382,test
179858,test
176828,test
212659,test
187520,test
177591,test
191141,test
188903,test
191600,test
176375,test
223155,test
224212,test
221956,test
183710,test
194266,test
199179,test
177532,test
221859,test
171563,test
117950,test
194702,test
191498,test
151703,test
168580,test
203655,test
188843,test
181971,test
224532,test
172568,test
174696,test
225680,test
173334,test
198802,test
220146,test
195783,test
189217,test
195654,test
173922,test
181365,test
183723,test
173748,test
177163,test
199930,test
221168,test
125034,test
175322,test
170239,test
219819,test
221749,test
170002,test
175653,test
200421,test
173024,test
187823,test
85334,test
182545,test
143472,test
174951,test
193488,test
172917,test
220628,test
166944,test
204697,test
177476,test
174193,test
198772,test
176145,test
185417,test
166824,test
198537,test
168143,test
206327,test
176103,test
178825,test
195009,test
226939,test
181530,test
200890,test
199768,test
185227,test
186098,test
179253,test
227039,test
223252,test
173771,test
171983,test
205403,test
201439,test
184690,test
212247,test
170408,test
179487,test
169335,test
198509,test
227491,test
181248,test
124083,test
126908,test
222761,test
221589,test
176223,test
225027,test
167778,test
180859,test
186393,test
222959,test
193827,test
192197,test
131016,test
172319,test
206544,test
200121,test
185572,test
220330,test
188972,test
196117,test
200914,test
223381,test
223247,test
187951,test
198503,test
145383,test
183470,test
178414,test
177528,test
179070,test
222780,test
175029,test
142462,test
196965,test
200834,test
184588,test
120229,test
219729,test
224671,test
173132,test
174029,test
192190,test
175795,test
196576,test
171097,test
205637,test
167690,test
194908,test
209716,test
175620,test
222664,test
177881,test
176777,test
205642,test
172647,test
205908,test
190154,test
192035,test
172846,test
197147,test
223877,test
206676,test
215242,test
196540,test
180669,test
193924,test
184888,test
118666,test
200752,test
219405,test
178558,test
218904,test
175011,test
118442,test
200586,test
196918,test
227268,test
93469,test
179915,test
165992,test
190968,test
205363,test
205713,test
226384,test
222185,test
222327,test
131287,test
202297,test
131272,test
194719,test
172363,test
220474,test
117859,test
182595,test
179019,test
172771,test
171103,test
201794,test
202411,test
180688,test
218992,test
184911,test
176615,test
178382,test
191619,test
207688,test
190845,test
181334,test
175924,test
184133,test
166000,test
200076,test
167861,test
110592,test
186274,test
223068,test
131286,test
172409,test
222092,test
226892,test
221655,test
219818,test
198381,test
225651,test
180091,test
180615,test
181328,test
170945,test
198460,test
223082,test
209710,test
224704,test
184935,test
152995,test
185464,test
223825,test
182425,test
98744,test
177764,test
170845,test
195167,test
182326,test
180722,test
176011,test
200002,test
182182,test
190234,test
222311,test
181302,test
180002,test
199624,test
171359,test
186355,test
167710,test
176904,test
137341,test
196804,test
203070,test
193465,test
220697,test
219969,test
219579,test
124329,test
219418,test
140352,test
174137,test
204777,test
181375,test
185179,test
178557,test
197340,test
187880,test
193982,test
212303,test
120893,test
119368,test
125465,test
183741,test
182721,test
182377,test
146495,test
219524,test
224355,test
198360,test
197533,test
201516,test
173124,test
96448,test
199142,test
200462,test
125810,test
214975,test
194039,test
180894,test
199610,test
224161,test
222569,test
188515,test
130119,test
222261,test
121033,test
222637,test
145460,test
129753,test
187904,test
179119,test
202407,test
195169,test
219240,test
202410,test
186450,test
188718,test
182084,test
227118,test
219790,test
172998,test
223069,test
169272,test
214979,test
197218,test
127572,test
176707,test
205866,test
205562,test
173366,test
222373,test
207449,test
203128,test
202346,test
183240,test
181549,test
200716,test
205532,test
211237,test
135746,test
142588,test
204543,test
220276,test
224618,test
173048,test
177479,test
189901,test
172066,test
137261,test
220171,test
184592,test
179728,test
209411,test
219501,test
180739,test
141641,test
186653,test
120076,test
178991,test
195286,test
179854,test
152816,test
153522,test
195519,test
168156,test
199327,test
187934,test
100585,test
203464,test
222256,test
126003,test
186558,test
222015,test
184641,test
219435,test
222608,test
202909,test
175714,test
194700,test
214623,test
200168,test
219881,test
185423,test
183591,test
201608,test
196929,test
181356,test
212298,test
128885,test
181076,test
153000,test
126708,test
108830,test
216040,test
228201,test
214639,test
188525,test
194930,test
166915,test
195285,test
184563,test
117820,test
178740,test
201417,test
176872,test
190805,test
179570,test
147005,test
184100,test
209476,test
193413,test
190321,test
224994,test
192764,test
207580,test
187392,test
180489,test
222557,test
183066,test
193343,test
184792,test
188051,test
183272,test
183386,test
171138,test
166183,test
222070,test
176714,test
218438,test
174978,test
130461,test
167310,test
186386,test
176721,test
175966,test
180592,test
186318,test
190489,test
181854,test
221765,test
133654,test
190641,test
202928,test
173746,test
205064,test
197799,test
174484,test
186837,test
176384,test
203276,test
203477,test
188415,test
178629,test
92713,test
191967,test
181348,test
207680,test
120455,test
206480,test
130978,test
193340,test
193690,test
127636,test
214350,test
189701,test
208286,test
122700,test
175921,test
201562,test
174440,test
189698,test
219538,test
121553,test
175033,test
102347,test
219519,test
195859,test
226165,test
221664,test
224686,test
223497,test
223105,test
190654,test
183589,test
204755,test
198340,test
186370,test
191711,test
177491,test
183793,test
219785,test
211508,test
127514,test
187266,test
220527,test
201805,test
222138,test
124802,test
222017,test
178496,test
223761,test
199385,test
224156,test
167707,test
192774,test
212089,test
186433,test
185366,test
221973,test
128065,test
204084,test
189111,test
193560,test
181901,test
186418,test
189631,test
193681,test
181314,test
177854,test
206958,test
214629,test
219693,test
187764,test
194086,test
224298,test
222850,test
118779,test
186481,test
125499,test
204692,test
95451,test
179235,test
185533,test
199619,test
210654,test
171759,test
223136,test
203399,test
178851,test
171088,test
211449,test
220285,test
207617,test
214987,test
196923,test
201201,test
199594,test
182822,test
183988,test
122179,test
172518,test
222468,test
221248,test
133622,test
179252,test
137390,test
171753,test
145413,test
197191,test
155362,test
199462,test
182997,test
204572,test
190318,test
170954,test
224352,test
193479,test
195154,test
221755,test
173903,test
220782,test
203506,test
203393,test
195316,test
193106,test
204344,test
176798,test
223870,test
193314,test
218725,test
198813,test
203043,test
197856,test
180481,test
197345,test
196697,test
169998,test
173378,test
203191,test
194098,test
179462,test
185422,test
174341,test
189898,test
175034,test
186090,test
200096,test
186877,test
224944,test
190137,test
118693,test
202075,test
192788,test
171150,test
214707,test
125433,test
179774,test
181096,test
199871,test
183435,test
182992,test
190353,test
176582,test
196568,test
172220,test
170723,test
218912,test
118411,test
143597,test
185137,test
191611,test
169268,test
222895,test
211425,test
180597,test
183229,test
92802,test
174740,test
201483,test
193358,test
184926,test
188573,test
208630,test
181249,test
203720,test
92806,test
221699,test
181555,test
184918,test
175018,test
101699,test
191329,test
188032,test
196989,test
200473,test
175265,test
223180,test
176241,test
172356,test
197076,test
185229,test
176867,test
207652,test
228143,test
181606,test
173938,test
190330,test
127534,test
180359,test
199588,test
192543,test
211521,test
101955,test
201314,test
180845,test
173447,test
199254,test
178660,test
221556,test
154462,test
180857,test
219364,test
200281,test
225114,test
181882,test
178271,test
221826,test
227461,test
122971,test
194801,test
198334,test
227346,test
206550,test
191160,test
226329,test
137312,test
122617,test
182149,test
168932,test
174764,test
196745,test
202255,test
176628,test
179767,test
200292,test
177620,test
184399,test
178604,test
118523,test
198617,test
219409,test
101711,test
101939,test
174413,test
177477,test
183355,test
212057,test
177356,test
179978,test
225020,test
172819,test
195885,test
212312,test
213976,test
174967,test
206582,test
221318,test
183436,test
222231,test
199558,test
187545,test
175285,test
183228,test
180726,test
174089,test
192797,test
188402,test
219024,test
175607,test
195104,test
121538,test
185738,test
172216,test
201140,test
224339,test
201003,test
182584,test
178591,test
184376,test
180884,test
205511,test
123208,test
177268,test
221658,test
208019,test
183656,test
177367,test
227543,test
206902,test
222386,test
169111,test
200775,test
172387,test
194981,test
207719,test
189607,test
191723,test
184978,test
185143,test
198498,test
175037,test
105297,test
171086,test
200093,test
179892,test
181531,test
171989,test
153153,test
173150,test
194738,test
129278,test
172102,test
182400,test
125380,test
186357,test
205692,test
109278,test
173703,test
197965,test
205424,test
100566,test
222372,test
201195,test
197912,test
200744,test
224287,test
224037,test
189640,test
174060,test
221293,test
179013,test
190228,test
199674,test
117850,test
206321,test
202302,test
203856,test
206355,test
193421,test
218730,test
100516,test
180950,test
200989,test
183902,test
222424,test
222132,test
193504,test
176537,test
200100,test
145303,test
224521,test
203773,test
189973,test
198414,test
227448,test
129859,test
212123,test
204799,test
186434,test
228149,test
179907,test
199554,test
212258,test
118525,test
180559,test
207461,test
209619,test
198786,test
185803,test
187838,test
171629,test
173141,test
199162,test
221523,test
208317,test
211823,test
182125,test
187905,test
193668,test
179522,test
197873,test
201980,test
182618,test
187863,test
214430,test
219241,test
218972,test
181608,test
133600,test
212255,test
194997,test
179888,test
133617,test
179711,test
179903,test
200235,test
180105,test
197187,test
181526,test
176330,test
185889,test
221902,test
189294,test
181678,test
176237,test
220412,test
143431,test
214383,test
205066,test
195941,test
140085,test
193599,test
145724,test
185257,test
118066,test
89475,test
221962,test
196550,test
218101,test
172640,test
118685,test
224471,test
223048,test
185697,test
179459,test
202268,test
139921,test
176691,test
175058,test
183943,test
146295,test
181740,test
101701,test
181955,test
192812,test
178668,test
223731,test
222166,test
189206,test
172789,test
165985,test
182857,test
210896,test
195522,test
224137,test
120607,test
211401,test
198052,test
178417,test
219342,test
205578,test
200559,test
213606,test
201986,test
224487,test
190952,test
167172,test
200405,test
218781,test
219400,test
224480,test
123147,test
185636,test
146409,test
225138,test
198513,test
175652,test
182328,test
125618,test
204659,test
188320,test
176583,test
191144,test
195511,test
223552,test
191930,test
218916,test
202492,test
184777,test
195778,test
203256,test
227287,test
220212,test
210382,test
191925,test
223227,test
168710,test
124650,test
183570,test
214496,test
168206,test
187854,test
175668,test
222165,test
198788,test
177928,test
220635,test
120458,test
183898,test
127164,test
207377,test
125012,test
191312,test
186050,test
206635,test
181093,test
227395,test
176261,test
219446,test
212310,test
214618,test
172678,test
188312,test
185408,test
225954,test
205325,test
184969,test
180791,test
143420,test
202008,test
196824,test
177768,test
227715,test
183055,test
199749,test
172362,test
183669,test
172613,test
197270,test
200539,test
221316,test
221176,test
207144,test
181894,test
181685,test
124876,test
175408,test
220458,test
185802,test
204083,test
196788,test
218964,test
197875,test
168414,test
176497,test
199410,test
185846,test
222245,test
167647,test
181830,test
189649,test
180634,test
219585,test
221879,test
184555,test
171565,test
178834,test
168644,test
207920,test
195703,test
190742,test
202984,test
212654,test
168134,test
220388,test
200536,test
193310,test
212569,test
179727,test
187679,test
183441,test
187052,test
219646,test
168190,test
195044,test
222400,test
182233,test
175671,test
193610,test
182093,test
181146,test
214953,test
174619,test
184236,test
222353,test
184495,test
197266,test
220279,test
221231,test
222018,test
197531,test
179090,test
186804,test
101956,test
172165,test
225137,test
202708,test
180318,test
178609,test
199659,test
199197,test
96442,test
176563,test
179501,test
183966,test
205867,test
205785,test
183672,test
202209,test
191933,test
186292,test
187042,test
224583,test
222787,test
223737,test
174890,test
228213,test
217593,test
101951,test
186873,test
174218,test
183085,test
181156,test
185396,test
212293,test
166826,test
180333,test
131277,test
202818,test
217802,test
128317,test
171403,test
174753,test
172796,test
172839,test
178169,test
213607,test
90827,test
196600,test
186810,test
177614,test
128814,test
137344,test
179391,test
208296,test
187267,test
187853,test
220415,test
182145,test
172922,test
183957,test
186287,test
202993,test
193410,test
206752,test
175508,test
196815,test
177587,test
185944,test
182410,test
127112,test
193441,test
130587,test
220555,test
174414,test
178517,test
211118,test
220522,test
126016,test
187389,test
169146,test
181537,test
184370,test
121240,test
217770,test
102608,test
224125,test
221156,test
152983,test
205727,test
178151,test
193500,test
120472,test
122893,test
217743,test
222693,test
182102,test
171582,test
177985,test
191964,test
188480,test
181185,test
212183,test
179423,test
182526,test
175772,test
178561,test
203332,test
124078,test
182535,test
153002,test
179162,test
180675,test
183389,test
186239,test
121234,test
138177,test
93783,test
178756,test
223011,test
201258,test
199941,test
220398,test
220564,test
168139,test
137384,test
186384,test
195983,test
183866,test
145371,test
191996,test
204785,test
195907,test
174985,test
178232,test
175284,test
145374,test
172942,test
184268,test
184664,test
174752,test
185457,test
182372,test
206053,test
176051,test
209921,test
177226,test
224361,test
171773,test
201488,test
175577,test
175258,test
202171,test
187947,test
137145,test
191492,test
197654,test
167689,test
226330,test
175787,test
178852,test
210815,test
177486,test
146096,test
215008,test
200861,test
172529,test
189545,test
213065,test
219731,test
172700,test
137104,test
220881,test
225661,test
172425,test
219083,test
177810,test
188074,test
199756,test
193932,test
206504,test
130565,test
190524,test
129758,test
212663,test
222342,test
119594,test
223662,test
190059,test
169297,test
224509,test
223089,test
170961,test
120481,test
227364,test
171764,test
211606,test
166916,test
179073,test
175852,test
175841,test
197506,test
206515,test
174578,test
185611,test
175700,test
225066,test
226397,test
218176,test
201492,test
221972,test
185336,test
181406,test
188967,test
122892,test
171410,test
185129,test
167347,test
176270,test
145432,test
204867,test
214659,test
123151,test
224058,test
177500,test
195528,test
212281,test
181946,test
222991,test
224009,test
179083,test
194106,test
185162,test
224513,test
193400,test
178839,test
166865,test
193789,test
222937,test
93037,test
178890,test
173506,test
203193,test
189608,test
174775,test
182431,test
203295,test
219695,test
167867,test
179606,test
175195,test
177773,test
175110,test
143571,test
199652,test
97400,test
220357,test
188421,test
192962,test
142866,test
204925,test
180977,test
177067,test
198795,test
215785,test
192557,test
203469,test
188894,test
202026,test
185276,test
216567,test
172663,test
204774,test
172325,test
221849,test
212029,test
174584,test
175606,test
130718,test
125482,test
172482,test
189122,test
175279,test
224206,test
170449,test
143314,test
182428,test
178597,test
134725,test
188031,test
156777,test
193005,test
182305,test
209618,test
182021,test
108743,test
192776,test
177080,test
195864,test
222200,test
204571,test
173110,test
182018,test
170088,test
187714,test
195589,test
123439,test
180741,test
197968,test
227103,test
210981,test
149554,test
200562,test
225507,test
198547,test
219728,test
194966,test
183938,test
178996,test
180249,test
134192,test
175445,test
223954,test
223394,test
192036,test
122989,test
208537,test
187344,test
179489,test
195006,test
212315,test
188049,test
174916,test
145323,test
223804,test
183089,test
208077,test
194172,test
196813,test
226907,test
173145,test
205577,test
168687,test
166955,test
167722,test
207459,test
211217,test
173854,test
130981,test
127537,test
213292,test
137407,test
204670,test
177989,test
176937,test
187108,test
192745,test
117936,test
199686,test
137411,test
130561,test
179358,test
194642,test
173047,test
124080,test
221279,test
209929,test
194803,test
205611,test
177472,test
194082,test
188797,test
210783,test
137408,test
182245,test
185266,test
190682,test
201350,test
197567,test
120707,test
179742,test
189822,test
173377,test
176847,test
180974,test
146460,test
126758,test
118621,test
187785,test
203460,test
223778,test
224332,test
181873,test
178504,test
185730,test
185369,test
124946,test
222645,test
227746,test
188503,test
197224,test
183073,test
202415,test
171849,test
202174,test
219423,test
177529,test
195111,test
170994,test
177793,test
189706,test
187059,test
175693,test
175149,test
200927,test
206465,test
125421,test
204036,test
121372,test
186557,test
165893,test
141635,test
202768,test
119515,test
227292,test
184747,test
227681,test
204764,test
171835,test
141705,test
179991,test
174046,test
225543,test
197930,test
178458,test
221024,test
190453,test
198204,test
174615,test
176058,test
206865,test
200722,test
175021,test
184461,test
174382,test
205631,test
200445,test
184638,test
194649,test
171951,test
189749,test
198048,test
227803,test
186451,test
186381,test
205609,test
186366,test
186748,test
200514,test
195122,test
170982,test
197485,test
188226,test
180006,test
181798,test
181200,test
225968,test
93574,test
176697,test
209537,test
199380,test
221986,test
179272,test
183086,test
218462,test
173259,test
219412,test
188531,test
178456,test
194617,test
173025,test
196618,test
171558,test
213331,test
138139,test
203259,test
174674,test
204793,test
202290,test
206551,test
137943,test
218175,test
207174,test
171841,test
189121,test
172608,test
187019,test
196510,test
181380,test
209038,test
92724,test
200466,test
206562,test
195850,test
80510,test
182913,test
118473,test
209473,test
145398,test
124325,test
212453,test
183697,test
173301,test
196948,test
218745,test
190145,test
152812,test
152994,test
221742,test
188073,test
210377,test
172862,test
200568,test
202206,test
173876,test
208354,test
196554,test
184144,test
145394,test
195170,test
125488,test
186262,test
105696,test
185446,test
198362,test
133574,test
221964,test
166941,test
227737,test
176668,test
175794,test
200917,test
177463,test
195299,test
192580,test
169119,test
183674,test
143425,test
181576,test
173740,test
130997,test
202678,test
194001,test
222296,test
202898,test
175115,test
172732,test
137898,test
181504,test
225843,test
227690,test
198842,test
200936,test
227675,test
221310,test
178486,test
191681,test
180683,test
176663,test
119967,test
177288,test
183616,test
202077,test
176172,test
184574,test
190013,test
194928,test
173106,test
178588,test
153270,test
177565,test
207830,test
172017,test
186389,test
208921,test
187496,test
178362,test
205491,test
199618,test
223647,test
186954,test
223520,test
190580,test
179387,test
180291,test
203206,test
220161,test
176573,test
175170,test
226484,test
174155,test
165837,test
202028,test
201991,test
191684,test
206627,test
212969,test
220163,test
176972,test
199966,test
124219,test
201611,test
178567,test
170960,test
194960,test
206845,test
189357,test
197652,test
181927,test
138680,test
192760,test
177563,test
122108,test
105852,test
137885,test
202164,test
204059,test
211250,test
187509,test
195791,test
214621,test
219111,test
145415,test
219456,test
122144,test
131789,test
208092,test
222671,test
218264,test
193978,test
182381,test
187517,test
184116,test
168144,test
182270,test
175884,test
185568,test
222609,test
209989,test
179115,test
209674,test
200630,test
200269,test
218828,test
215784,test
168669,test
204653,test
200457,test
192268,test
173228,test
200135,test
193912,test
183738,test
224187,test
127307,test
190808,test
221809,test
120527,test
201365,test
197401,test
194497,test
207942,test
222779,test
206585,test
193879,test
171976,test
193459,test
179023,test
220450,test
199763,test
177474,test
183266,test
145311,test
137343,test
174875,test
183620,test
221692,test
185191,test
224373,test
181150,test
155768,test
227458,test
223238,test
183543,test
173869,test
212572,test
212030,test
183364,test
223733,test
146475,test
138702,test
174140,test
181193,test
125846,test
212466,test
221052,test
167626,test
176248,test
227665,test
202045,test
103490,test
178478,test
186252,test
173587,test
177337,test
183790,test
184359,test
124626,test
222917,test
219432,test
182434,test
198948,test
222566,test
183092,test
169247,test
201498,test
203637,test
222619,test
121812,test
221017,test
206720,test
177629,test
188485,test
197280,test
125493,test
198935,test
127924,test
183678,test
173011,test
185074,test
175431,test
205685,test
187373,test
219401,test
173103,test
173133,test
188053,test
174508,test
199984,test
118667,test
183639,test
139102,test
137305,test
219555,test
197998,test
182527,test
93568,test
185595,test
205734,test
222585,test
202679,test
182770,test
184718,test
174229,test
117896,test
189702,test
182601,test
181802,test
175534,test
180504,test
212461,test
182074,test
192806,test
219463,test
222459,test
214287,test
187346,test
218544,test
220612,test
198417,test
184827,test
188129,test
167348,test
172221,test
174478,test
175331,test
121550,test
180668,test
181279,test
181353,test
210375,test
227463,test
223237,test
177239,test
177732,test
173258,test
221206,test
225504,test
206324,test
202707,test
181132,test
179553,test
108823,test
190848,test
223503,test
137141,test
174693,test
174874,test
201182,test
214495,test
220562,test
177434,test
182592,test
172045,test
210156,test
123152,test
220175,test
169080,test
144177,test
194691,test
186242,test
124237,test
179368,test
193943,test
154191,test
124316,test
182259,test
174598,test
176508,test
195856,test
198614,test
214954,test
189429,test
192206,test
223595,test
87258,test
202833,test
122116,test
221301,test
202279,test
224155,test
192786,test
190944,test
196820,test
167902,test
174117,test
223023,test
224456,test
192520,test
202014,test
135729,test
183603,test
188759,test
185382,test
172873,test
177340,test
182651,test
93790,test
201399,test
187239,test
179668,test
180813,test
194669,test
127672,test
218910,test
173156,test
208242,test
184278,test
222933,test
181088,test
185821,test
221172,test
189501,test
203735,test
205650,test
137946,test
204917,test
142835,test
176409,test
197352,test
186460,test
188727,test
210779,test
218242,test
183989,test
227712,test
181229,test
223681,test
221383,test
173192,test
170120,test
190951,test
173760,test
176235,test
219649,test
174750,test
203138,test
220333,test
133631,test
191159,test
179619,test
195308,test
185776,test
173673,test
224431,test
177465,test
181761,test
131128,test
182042,test
184414,test
183717,test
190222,test
131146,test
227334,test
122608,test
176825,test
225548,test
199141,test
183521,test
225289,test
190530,test
225861,test
187111,test
118490,test
217832,test
199255,test
181257,test
146472,test
123691,test
177218,test
193538,test
225177,test
198551,test
185168,test
222653,test
118629,test
189797,test
176823,test
126672,test
117953,test
175876,test
200434,test
117823,test
221388,test
182768,test
206821,test
212355,test
127171,test
209539,test
200018,test
181850,test
146396,test
179581,test
177489,test
174300,test
193226,test
169160,test
189823,test
205885,test
205818,test
198286,test
220203,test
169104,test
199201,test
195152,test
204707,test
176737,test
182469,test
199760,test
186305,test
176443,test
180413,test
105340,test
203589,test
195937,test
200026,test
180623,test
191548,test
181524,test
147915,test
221693,test
170706,test
202855,test
179383,test
225023,test
179005,test
208485,test
211206,test
193312,test
173274,test
222987,test
173056,test
174077,test
222042,test
181792,test
196967,test
152301,test
196358,test
184181,test
93567,test
222224,test
197088,test
181908,test
181108,test
199684,test
152627,test
121754,test
208951,test
221645,test
177564,test
127772,test
176571,test
188314,test
223127,test
205185,test
129572,test
172656,test
171316,test
145459,test
175622,test
205557,test
182146,test
178745,test
192447,test
219791,test
182427,test
167842,test
167895,test
184937,test
